ISO-10303-21;
HEADER;
FILE_DESCRIPTION((''),'2;1');
FILE_NAME('table mount 1', '2026-10-07T13:43:33', (''), (''), 'ImageToStl.com STEP Converter','', '');
FILE_SCHEMA(('AUTOMOTIVE_DESIGN_CC2'));
ENDSEC;
DATA;
#1=PRODUCT_DEFINITION_CONTEXT('',#4,'design');
#2=APPLICATION_PROTOCOL_DEFINITION('INTERNATIONAL STANDARD','automotive_design',1994,#4);
#3=(GEOMETRIC_REPRESENTATION_CONTEXT(3)GLOBAL_UNCERTAINTY_ASSIGNED_CONTEXT((#5))GLOBAL_UNIT_ASSIGNED_CONTEXT((#6,#7,#8))REPRESENTATION_CONTEXT('NONE','WORKSPACE'));
#4=APPLICATION_CONTEXT(' ');
#5=UNCERTAINTY_MEASURE_WITH_UNIT(LENGTH_MEASURE(1.0E-006),#6,'','');
#6=(CONVERSION_BASED_UNIT('METRE',#10)LENGTH_UNIT()NAMED_UNIT(#11));
#7=(NAMED_UNIT(#12)PLANE_ANGLE_UNIT()SI_UNIT($,.RADIAN.));
#8=(NAMED_UNIT(#12)SOLID_ANGLE_UNIT()SI_UNIT($,.STERADIAN.));
#9=AXIS2_PLACEMENT_3D('',#14,#15,#16);
#10=LENGTH_MEASURE_WITH_UNIT(LENGTH_MEASURE(1.0),#17);
#11=DIMENSIONAL_EXPONENTS(1.0,0.0,0.0,0.0,0.0,0.0,0.0);
#12=DIMENSIONAL_EXPONENTS(0.0,0.0,0.0,0.0,0.0,0.0,0.0);
#13=PRODUCT_CONTEXT('',#4,'mechanical');
#14=CARTESIAN_POINT('',(0.0,0.0,0.0));
#15=DIRECTION('',(0.0,0.0,1.0));
#16=DIRECTION('',(1.0,0.0,0.0));
#17=(NAMED_UNIT(#11)LENGTH_UNIT()SI_UNIT(.MILLI.,.METRE.));
#18=PRESENTATION_STYLE_ASSIGNMENT((#19));
#19=SURFACE_STYLE_USAGE(.BOTH.,#20);
#20=SURFACE_SIDE_STYLE('',(#21));
#21=SURFACE_STYLE_FILL_AREA(#22);
#22=FILL_AREA_STYLE('',(#23));
#23=FILL_AREA_STYLE_COLOUR('',#24);
#24=COLOUR_RGB('',0,0,0);
#25=SHAPE_DEFINITION_REPRESENTATION(#26,#27);
#26=PRODUCT_DEFINITION_SHAPE('productshape0','',#30);
#27=MANIFOLD_SURFACE_SHAPE_REPRESENTATION('',(#28,#9),#3);
#28=SHELL_BASED_SURFACE_MODEL('shell0',(#33));
#29=PRODUCT('product0','','',(#13));
#30=PRODUCT_DEFINITION('mesh0','',#31,#2);
#31=PRODUCT_DEFINITION_FORMATION_WITH_SPECIFIED_SOURCE('prodsource0','',#29,.NOT_KNOWN.);
#32=STYLED_ITEM('',(#18),#33);
#33=CLOSED_SHELL('',(#392,#414,#436,#458,#480,#502,#524,#546,#568,#590,#612,#634,#656,#678,#700,#722,#744,#766,#788,#810,#832,#854,#876,#898,#920,#942,#964,#986,#1008,#1030,#1052,#1074,#1096,#1118,#1140,#1162,#1184,#1206,#1228,#1250,#1272,#1294,#1316,#1338,#1360,#1382,#1404,#1426,#1448,#1470,#1492,#1514,#1536,#1558,#1580,#1602,#1624,#1646,#1668,#1690,#1712,#1734,#1756,#1778,#1800,#1822,#1844,#1866,#1888,#1910,#1932,#1954,#1976,#1998,#2020,#2042,#2064,#2086,#2108,#2130,#2152,#2174,#2196,#2218,#2240,#2262,#2284,#2306,#2328,#2350,#2372,#2394,#2416,#2438,#2460,#2482,#2504,#2526,#2548,#2570,#2592,#2614,#2636,#2658,#2680,#2702,#2724,#2746,#2768,#2790,#2812,#2834,#2856,#2878,#2900,#2922,#2944,#2966,#2988,#3010,#3032,#3054,#3076,#3098,#3120,#3142,#3164,#3186,#3208,#3230,#3252,#3274,#3296,#3318,#3340,#3362,#3384,#3406,#3428,#3450,#3472,#3494,#3516,#3538,#3560,#3582,#3604,#3626,#3648,#3670,#3692,#3714,#3736,#3758,#3780,#3802,#3824,#3846,#3868,#3890,#3912,#3934,#3956,#3978,#4000,#4022,#4044,#4066,#4088,#4110,#4132,#4154,#4176,#4198,#4220,#4242,#4264,#4286,#4308));
#34=CARTESIAN_POINT('',(-48.44146483891291,110.44209164111271,12.845646790842004));
#35=VERTEX_POINT('',#34);
#36=CARTESIAN_POINT('',(-48.44146483891291,-8.239120735480356,12.84564679084201));
#37=VERTEX_POINT('',#36);
#38=CARTESIAN_POINT('',(-48.44146483891291,-8.239120735480356,42.81019900114603));
#39=VERTEX_POINT('',#38);
#40=CARTESIAN_POINT('',(-48.44146483891291,211.1665315080918,42.81019900114602));
#41=VERTEX_POINT('',#40);
#42=CARTESIAN_POINT('',(-48.44146483891291,211.1665315080918,12.845646790841997));
#43=VERTEX_POINT('',#42);
#44=CARTESIAN_POINT('',(-48.44146483891291,154.45499451742035,12.845646790842004));
#45=VERTEX_POINT('',#44);
#46=CARTESIAN_POINT('',(-48.44146483891291,154.45499451742035,40.433614639301126));
#47=VERTEX_POINT('',#46);
#48=CARTESIAN_POINT('',(-48.44146483891291,110.44209164111271,40.43361463930113));
#49=VERTEX_POINT('',#48);
#50=CARTESIAN_POINT('',(51.69801891255156,211.1665315080918,42.81019900114602));
#51=VERTEX_POINT('',#50);
#52=CARTESIAN_POINT('',(51.69801891255156,211.1665315080918,12.845646790841997));
#53=VERTEX_POINT('',#52);
#54=CARTESIAN_POINT('',(51.69801891255156,154.4550071849228,40.43360915262825));
#55=VERTEX_POINT('',#54);
#56=CARTESIAN_POINT('',(51.69801891255156,154.4550071849228,12.845646790842004));
#57=VERTEX_POINT('',#56);
#58=CARTESIAN_POINT('',(51.69801891255156,-8.239120735480356,42.81019900114603));
#59=VERTEX_POINT('',#58);
#60=CARTESIAN_POINT('',(51.69801891255156,-8.239120735480356,12.84564679084201));
#61=VERTEX_POINT('',#60);
#62=CARTESIAN_POINT('',(51.69801891255156,110.44210050836443,12.845646790842004));
#63=VERTEX_POINT('',#62);
#64=CARTESIAN_POINT('',(51.69801891255156,110.44210050836443,40.43360915262826));
#65=VERTEX_POINT('',#64);
#66=CARTESIAN_POINT('',(-48.44146483891291,-8.239120735480356,42.81019900114603));
#67=VERTEX_POINT('',#66);
#68=CARTESIAN_POINT('',(-48.44146483891291,-8.239120735480356,12.84564679084201));
#69=VERTEX_POINT('',#68);
#70=CARTESIAN_POINT('',(-48.44146483891291,211.1665315080918,12.845646790841997));
#71=VERTEX_POINT('',#70);
#72=CARTESIAN_POINT('',(-9.912303415829001,129.2955067106251,12.845646790842004));
#73=VERTEX_POINT('',#72);
#74=CARTESIAN_POINT('',(-10.098982650972403,127.16175649382723,12.845646790842004));
#75=VERTEX_POINT('',#74);
#76=CARTESIAN_POINT('',(-9.912303415829001,125.02800635620125,12.845646790842004));
#77=VERTEX_POINT('',#76);
#78=CARTESIAN_POINT('',(-47.40556353474494,154.45499451742035,12.845646790842004));
#79=VERTEX_POINT('',#78);
#80=CARTESIAN_POINT('',(-48.44146483891291,154.45499451742035,12.845646790842004));
#81=VERTEX_POINT('',#80);
#82=CARTESIAN_POINT('',(-48.44146483891291,-8.239120735480356,12.84564679084201));
#83=VERTEX_POINT('',#82);
#84=CARTESIAN_POINT('',(-48.44146483891291,110.44209164111271,12.845646790842004));
#85=VERTEX_POINT('',#84);
#86=CARTESIAN_POINT('',(-47.40556353474494,110.44209164111271,12.845646790842004));
#87=VERTEX_POINT('',#86);
#88=CARTESIAN_POINT('',(-9.357940627304288,122.95909372151195,12.845646790842004));
#89=VERTEX_POINT('',#88);
#90=CARTESIAN_POINT('',(48.52748430851989,110.44210050836443,12.845646790842004));
#91=VERTEX_POINT('',#90);
#92=CARTESIAN_POINT('',(-8.452734645217902,121.01787465779552,12.845646790842004));
#93=VERTEX_POINT('',#92);
#94=CARTESIAN_POINT('',(-7.224192809000101,119.26333372764873,12.845646790842004));
#95=VERTEX_POINT('',#94);
#96=CARTESIAN_POINT('',(48.52748430851989,154.4550071849228,12.845646790842004));
#97=VERTEX_POINT('',#96);
#98=CARTESIAN_POINT('',(14.476549624719837,127.16175649382723,12.845646790842004));
#99=VERTEX_POINT('',#98);
#100=CARTESIAN_POINT('',(14.289870389576436,129.2955067106251,12.845646790842004));
#101=VERTEX_POINT('',#100);
#102=CARTESIAN_POINT('',(14.289870389576436,125.02800635620125,12.845646790842004));
#103=VERTEX_POINT('',#102);
#104=CARTESIAN_POINT('',(13.735507601051722,122.95909372151195,12.845646790842004));
#105=VERTEX_POINT('',#104);
#106=CARTESIAN_POINT('',(-5.70964042905689,117.74878179848827,12.845646790842004));
#107=VERTEX_POINT('',#106);
#108=CARTESIAN_POINT('',(-3.9550995820493426,116.52024054012759,12.845646790842004));
#109=VERTEX_POINT('',#108);
#110=CARTESIAN_POINT('',(12.830302969814397,121.01787465779552,12.845646790842004));
#111=VERTEX_POINT('',#110);
#112=CARTESIAN_POINT('',(-2.013879499898394,115.61503094831528,12.845646790842004));
#113=VERTEX_POINT('',#112);
#114=CARTESIAN_POINT('',(-1.3826797413563554,115.4459020559666,12.845646790842004));
#115=VERTEX_POINT('',#114);
#116=CARTESIAN_POINT('',(11.601761133596597,119.26333372764873,12.845646790842004));
#117=VERTEX_POINT('',#116);
#118=CARTESIAN_POINT('',(10.087208753653385,117.74878179848827,12.845646790842004));
#119=VERTEX_POINT('',#118);
#120=CARTESIAN_POINT('',(0.0550358374256632,115.06067063864589,12.845646790842004));
#121=VERTEX_POINT('',#120);
#122=CARTESIAN_POINT('',(2.1887839913105114,114.87398965488819,12.845646790842004));
#123=VERTEX_POINT('',#122);
#124=CARTESIAN_POINT('',(8.332667231221308,116.52024054012759,12.845646790842004));
#125=VERTEX_POINT('',#124);
#126=CARTESIAN_POINT('',(6.39144782449489,115.61503094831528,12.845646790842004));
#127=VERTEX_POINT('',#126);
#128=CARTESIAN_POINT('',(6.982288941064326,115.89054659332669,12.845646790842004));
#129=VERTEX_POINT('',#128);
#130=CARTESIAN_POINT('',(4.322532487170832,115.06067063864589,12.845646790842004));
#131=VERTEX_POINT('',#130);
#132=CARTESIAN_POINT('',(13.735507601051722,131.36441894945494,12.845646790842004));
#133=VERTEX_POINT('',#132);
#134=CARTESIAN_POINT('',(12.830302294389867,133.30563896323406,12.845646790842004));
#135=VERTEX_POINT('',#134);
#136=CARTESIAN_POINT('',(-9.357940627304288,131.36441894945494,12.845646790842004));
#137=VERTEX_POINT('',#136);
#138=CARTESIAN_POINT('',(-8.452733969793371,133.30563896323406,12.845646790842004));
#139=VERTEX_POINT('',#138);
#140=CARTESIAN_POINT('',(11.601760458172066,135.06017926000573,12.845646790842004));
#141=VERTEX_POINT('',#140);
#142=CARTESIAN_POINT('',(10.087208753653385,136.5747311891662,12.845646790842004));
#143=VERTEX_POINT('',#142);
#144=CARTESIAN_POINT('',(-7.2241921335755706,135.06017926000573,12.845646790842004));
#145=VERTEX_POINT('',#144);
#146=CARTESIAN_POINT('',(-5.70964042905689,136.5747311891662,12.845646790842004));
#147=VERTEX_POINT('',#146);
#148=CARTESIAN_POINT('',(8.332667231221308,137.80327118077662,12.845646790842004));
#149=VERTEX_POINT('',#148);
#150=CARTESIAN_POINT('',(-3.955098906624812,137.80327118077662,12.845646790842004));
#151=VERTEX_POINT('',#150);
#152=CARTESIAN_POINT('',(-2.60472061646783,138.432967661078,12.845646790842004));
#153=VERTEX_POINT('',#152);
#154=CARTESIAN_POINT('',(6.39144782449489,138.70848077258893,12.845646790842004));
#155=VERTEX_POINT('',#154);
#156=CARTESIAN_POINT('',(5.760248065952851,138.87760713143712,12.845646790842004));
#157=VERTEX_POINT('',#156);
#158=CARTESIAN_POINT('',(4.322532824883098,139.26284108225832,12.845646790842004));
#159=VERTEX_POINT('',#158);
#160=CARTESIAN_POINT('',(-2.013879499898394,138.70848077258893,12.845646790842004));
#161=VERTEX_POINT('',#160);
#162=CARTESIAN_POINT('',(0.0550358374256632,139.26284108225832,12.845646790842004));
#163=VERTEX_POINT('',#162);
#164=CARTESIAN_POINT('',(2.188784320600711,139.4495245995165,12.845646790842004));
#165=VERTEX_POINT('',#164);
#166=CARTESIAN_POINT('',(-9.912304766678062,129.2955067106251,42.810199001146025));
#167=VERTEX_POINT('',#166);
#168=CARTESIAN_POINT('',(-48.44146483891291,211.1665315080918,42.81019900114602));
#169=VERTEX_POINT('',#168);
#170=CARTESIAN_POINT('',(-48.44146483891291,-8.239120735480356,42.81019900114603));
#171=VERTEX_POINT('',#170);
#172=CARTESIAN_POINT('',(14.289871740425497,129.2955067106251,42.810199001146025));
#173=VERTEX_POINT('',#172);
#174=CARTESIAN_POINT('',(14.476549624719837,127.16175649382723,42.810199001146025));
#175=VERTEX_POINT('',#174);
#176=CARTESIAN_POINT('',(-10.098982650972403,127.16175649382723,42.810199001146025));
#177=VERTEX_POINT('',#176);
#178=CARTESIAN_POINT('',(-9.912304766678062,125.02801142320223,42.810199001146025));
#179=VERTEX_POINT('',#178);
#180=CARTESIAN_POINT('',(14.289871740425497,125.02801142320223,42.810199001146025));
#181=VERTEX_POINT('',#180);
#182=CARTESIAN_POINT('',(13.735507601051722,122.95909372151195,42.810199001146025));
#183=VERTEX_POINT('',#182);
#184=CARTESIAN_POINT('',(-9.357940627304288,122.95909372151195,42.810199001146025));
#185=VERTEX_POINT('',#184);
#186=CARTESIAN_POINT('',(-8.452735320642432,121.01787465779552,42.810199001146025));
#187=VERTEX_POINT('',#186);
#188=CARTESIAN_POINT('',(12.830303645238928,121.01787465779552,42.810199001146025));
#189=VERTEX_POINT('',#188);
#190=CARTESIAN_POINT('',(11.601762484445658,119.26333372764873,42.810199001146025));
#191=VERTEX_POINT('',#190);
#192=CARTESIAN_POINT('',(-7.224194159849162,119.26333372764873,42.810199001146025));
#193=VERTEX_POINT('',#192);
#194=CARTESIAN_POINT('',(10.087210104502446,117.74878179848827,42.810199001146025));
#195=VERTEX_POINT('',#194);
#196=CARTESIAN_POINT('',(8.332667231221308,116.52024054012759,42.810199001146025));
#197=VERTEX_POINT('',#196);
#198=CARTESIAN_POINT('',(-5.709641779905951,117.74878179848827,42.810199001146025));
#199=VERTEX_POINT('',#198);
#200=CARTESIAN_POINT('',(-3.9551009328984037,116.52024054012759,42.810199001146025));
#201=VERTEX_POINT('',#200);
#202=CARTESIAN_POINT('',(8.299737583659976,116.50488499364519,42.810199001146025));
#203=VERTEX_POINT('',#202);
#204=CARTESIAN_POINT('',(6.391447149070359,115.61503094831528,42.810199001146025));
#205=VERTEX_POINT('',#204);
#206=CARTESIAN_POINT('',(-2.0138801753229245,115.61503094831528,42.810199001146025));
#207=VERTEX_POINT('',#206);
#208=CARTESIAN_POINT('',(0.0550358374256632,115.06067063864589,42.810199001146025));
#209=VERTEX_POINT('',#208);
#210=CARTESIAN_POINT('',(0.021433129319660793,115.06967469939468,42.810199001146025));
#211=VERTEX_POINT('',#210);
#212=CARTESIAN_POINT('',(4.322531811746302,115.06067063864589,42.810199001146025));
#213=VERTEX_POINT('',#212);
#214=CARTESIAN_POINT('',(2.188783265664866,114.87398965488819,42.810199001146025));
#215=VERTEX_POINT('',#214);
#216=CARTESIAN_POINT('',(-8.519845501995633,157.49672027519273,42.810199001146025));
#217=VERTEX_POINT('',#216);
#218=CARTESIAN_POINT('',(-9.13055220485694,157.7889798249562,42.810199001146025));
#219=VERTEX_POINT('',#218);
#220=CARTESIAN_POINT('',(0.0550358374256632,139.26284108225832,42.810199001146025));
#221=VERTEX_POINT('',#220);
#222=CARTESIAN_POINT('',(2.188784320600711,139.4495245995165,42.810199001146025));
#223=VERTEX_POINT('',#222);
#224=CARTESIAN_POINT('',(2.188784191158637,155.6377541551392,42.810199001146025));
#225=VERTEX_POINT('',#224);
#226=CARTESIAN_POINT('',(-3.2735334162658773,156.10577276803906,42.810199001146025));
#227=VERTEX_POINT('',#226);
#228=CARTESIAN_POINT('',(4.322532824883098,139.26284108225832,42.810199001146025));
#229=VERTEX_POINT('',#228);
#230=CARTESIAN_POINT('',(4.3561355329891,139.25383702150953,42.810199001146025));
#231=VERTEX_POINT('',#230);
#232=CARTESIAN_POINT('',(6.39144782449489,138.70848077258893,42.810199001146025));
#233=VERTEX_POINT('',#232);
#234=CARTESIAN_POINT('',(7.651101065437842,156.10577276803906,42.810199001146025));
#235=VERTEX_POINT('',#234);
#236=CARTESIAN_POINT('',(8.332667231221308,137.80327118077662,42.810199001146025));
#237=VERTEX_POINT('',#236);
#238=CARTESIAN_POINT('',(12.897413151167598,157.49672027519273,42.810199001146025));
#239=VERTEX_POINT('',#238);
#240=CARTESIAN_POINT('',(10.087209429077916,136.5747311891662,42.810199001146025));
#241=VERTEX_POINT('',#240);
#242=CARTESIAN_POINT('',(17.70516533498062,159.79750354605721,42.810199001146025));
#243=VERTEX_POINT('',#242);
#244=CARTESIAN_POINT('',(11.601760458172066,135.06017926000573,42.810199001146025));
#245=VERTEX_POINT('',#244);
#246=CARTESIAN_POINT('',(21.83545253075954,163.01140093026925,42.810199001146025));
#247=VERTEX_POINT('',#246);
#248=CARTESIAN_POINT('',(12.830302969814397,133.30563896323406,42.810199001146025));
#249=VERTEX_POINT('',#248);
#250=CARTESIAN_POINT('',(25.04934938965107,167.1416755764626,42.810199001146025));
#251=VERTEX_POINT('',#250);
#252=CARTESIAN_POINT('',(13.735507601051722,131.36441894945494,42.810199001146025));
#253=VERTEX_POINT('',#252);
#254=CARTESIAN_POINT('',(27.35013442232639,171.94943865623964,42.81019900114602));
#255=VERTEX_POINT('',#254);
#256=CARTESIAN_POINT('',(-9.357940627304288,131.36441894945494,42.810199001146025));
#257=VERTEX_POINT('',#256);
#258=CARTESIAN_POINT('',(-8.452734645217902,133.30563896323406,42.810199001146025));
#259=VERTEX_POINT('',#258);
#260=CARTESIAN_POINT('',(28.741076683513256,177.1957405371909,42.81019900114602));
#261=VERTEX_POINT('',#260);
#262=CARTESIAN_POINT('',(-7.2241921335755706,135.06017926000573,42.810199001146025));
#263=VERTEX_POINT('',#262);
#264=CARTESIAN_POINT('',(-5.70964110448142,136.5747311891662,42.810199001146025));
#265=VERTEX_POINT('',#264);
#266=CARTESIAN_POINT('',(29.20909184920629,182.65805880409744,42.81019900114602));
#267=VERTEX_POINT('',#266);
#268=CARTESIAN_POINT('',(28.741076683513256,188.120377071004,42.81019900114602));
#269=VERTEX_POINT('',#268);
#270=CARTESIAN_POINT('',(-3.955098906624812,137.80327118077662,42.810199001146025));
#271=VERTEX_POINT('',#270);
#272=CARTESIAN_POINT('',(-3.9221692590634802,137.81862419375852,42.810199001146025));
#273=VERTEX_POINT('',#272);
#274=CARTESIAN_POINT('',(-2.013879499898394,138.70848077258893,42.810199001146025));
#275=VERTEX_POINT('',#274);
#276=CARTESIAN_POINT('',(-13.327601062931308,159.79750354605721,42.810199001146025));
#277=VERTEX_POINT('',#276);
#278=CARTESIAN_POINT('',(27.35013442232639,193.3666890859572,42.81019900114602));
#279=VERTEX_POINT('',#278);
#280=CARTESIAN_POINT('',(25.04934938965107,198.17444203173227,42.81019900114602));
#281=VERTEX_POINT('',#280);
#282=CARTESIAN_POINT('',(-17.457885557012105,163.01140093026925,42.810199001146025));
#283=VERTEX_POINT('',#282);
#284=CARTESIAN_POINT('',(21.83545253075954,202.3047268119276,42.81019900114602));
#285=VERTEX_POINT('',#284);
#286=CARTESIAN_POINT('',(17.70516533498062,205.51862419613963,42.81019900114602));
#287=VERTEX_POINT('',#286);
#288=CARTESIAN_POINT('',(-20.671779714205513,167.1416755764626,42.810199001146025));
#289=VERTEX_POINT('',#288);
#290=CARTESIAN_POINT('',(12.897413151167598,207.8194074670041,42.81019900114602));
#291=VERTEX_POINT('',#290);
#292=CARTESIAN_POINT('',(7.651101065437842,209.2103499071568,42.81019900114602));
#293=VERTEX_POINT('',#292);
#294=CARTESIAN_POINT('',(-22.972564746880835,171.94943865623964,42.81019900114602));
#295=VERTEX_POINT('',#294);
#296=CARTESIAN_POINT('',(-24.36350970976582,177.1957405371909,42.81019900114602));
#297=VERTEX_POINT('',#296);
#298=CARTESIAN_POINT('',(2.188784191158637,209.67836852005667,42.81019900114602));
#299=VERTEX_POINT('',#298);
#300=CARTESIAN_POINT('',(-24.83152217376073,182.65805880409744,42.81019900114602));
#301=VERTEX_POINT('',#300);
#302=CARTESIAN_POINT('',(-24.3635070080677,188.120377071004,42.81019900114602));
#303=VERTEX_POINT('',#302);
#304=CARTESIAN_POINT('',(-3.2735334162658773,209.2103499071568,42.81019900114602));
#305=VERTEX_POINT('',#304);
#306=CARTESIAN_POINT('',(-8.519845501995633,207.8194074670041,42.81019900114602));
#307=VERTEX_POINT('',#306);
#308=CARTESIAN_POINT('',(-22.972564746880835,193.3666890859572,42.81019900114602));
#309=VERTEX_POINT('',#308);
#310=CARTESIAN_POINT('',(-20.671779714205513,198.17444203173227,42.81019900114602));
#311=VERTEX_POINT('',#310);
#312=CARTESIAN_POINT('',(-13.327601062931308,205.51862419613963,42.81019900114602));
#313=VERTEX_POINT('',#312);
#314=CARTESIAN_POINT('',(-17.457885557012105,202.3047268119276,42.81019900114602));
#315=VERTEX_POINT('',#314);
#316=CARTESIAN_POINT('',(48.52748430851989,154.4550071849228,-65.54803402201014));
#317=VERTEX_POINT('',#316);
#318=CARTESIAN_POINT('',(48.52748430851989,110.44210050836443,-65.54803402201014));
#319=VERTEX_POINT('',#318);
#320=CARTESIAN_POINT('',(48.52748430851989,110.44210050836443,12.845646790842004));
#321=VERTEX_POINT('',#320);
#322=CARTESIAN_POINT('',(48.52748430851989,154.4550071849228,12.845646790842004));
#323=VERTEX_POINT('',#322);
#324=CARTESIAN_POINT('',(51.69801891255156,154.4550071849228,12.845646790842004));
#325=VERTEX_POINT('',#324);
#326=CARTESIAN_POINT('',(51.69801891255156,154.4550071849228,40.43360915262825));
#327=VERTEX_POINT('',#326);
#328=CARTESIAN_POINT('',(64.23167740328336,154.4550071849228,40.43360915262825));
#329=VERTEX_POINT('',#328);
#330=CARTESIAN_POINT('',(64.23167740328336,154.4550071849228,-65.54803402201014));
#331=VERTEX_POINT('',#330);
#332=CARTESIAN_POINT('',(64.23167740328336,110.44210050836443,40.43360915262826));
#333=VERTEX_POINT('',#332);
#334=CARTESIAN_POINT('',(64.23167740328336,110.44210050836443,-65.54803402201014));
#335=VERTEX_POINT('',#334);
#336=CARTESIAN_POINT('',(51.69801891255156,110.44210050836443,12.845646790842004));
#337=VERTEX_POINT('',#336);
#338=CARTESIAN_POINT('',(48.52748430851989,110.44210050836443,12.845646790842004));
#339=VERTEX_POINT('',#338);
#340=CARTESIAN_POINT('',(48.52748430851989,110.44210050836443,-65.54803402201014));
#341=VERTEX_POINT('',#340);
#342=CARTESIAN_POINT('',(51.69801891255156,110.44210050836443,40.43360915262826));
#343=VERTEX_POINT('',#342);
#344=CARTESIAN_POINT('',(48.52748430851989,154.4550071849228,-65.54803402201014));
#345=VERTEX_POINT('',#344);
#346=CARTESIAN_POINT('',(48.52748430851989,110.44210050836443,-65.54803402201014));
#347=VERTEX_POINT('',#346);
#348=CARTESIAN_POINT('',(51.69801891255156,154.4550071849228,40.43360915262825));
#349=VERTEX_POINT('',#348);
#350=CARTESIAN_POINT('',(51.69801891255156,110.44210050836443,40.43360915262826));
#351=VERTEX_POINT('',#350);
#352=CARTESIAN_POINT('',(-63.10974582271592,110.44209164111271,-65.54801939088247));
#353=VERTEX_POINT('',#352);
#354=CARTESIAN_POINT('',(-63.10974582271592,110.44209164111271,40.43361463930113));
#355=VERTEX_POINT('',#354);
#356=CARTESIAN_POINT('',(-63.10974582271592,154.45499451742035,40.433614639301126));
#357=VERTEX_POINT('',#356);
#358=CARTESIAN_POINT('',(-63.10974582271592,154.45499451742035,-65.54801939088247));
#359=VERTEX_POINT('',#358);
#360=CARTESIAN_POINT('',(-47.40556353474494,154.45499451742035,12.845646790842004));
#361=VERTEX_POINT('',#360);
#362=CARTESIAN_POINT('',(-47.40556353474494,154.45499451742035,-65.54801939088247));
#363=VERTEX_POINT('',#362);
#364=CARTESIAN_POINT('',(-48.44146483891291,154.45499451742035,40.433614639301126));
#365=VERTEX_POINT('',#364);
#366=CARTESIAN_POINT('',(-48.44146483891291,154.45499451742035,12.845646790842004));
#367=VERTEX_POINT('',#366);
#368=CARTESIAN_POINT('',(-47.40556353474494,110.44209164111271,12.845646790842004));
#369=VERTEX_POINT('',#368);
#370=CARTESIAN_POINT('',(-47.40556353474494,110.44209164111271,-65.54801939088247));
#371=VERTEX_POINT('',#370);
#372=CARTESIAN_POINT('',(-48.44146483891291,110.44209164111271,40.43361463930113));
#373=VERTEX_POINT('',#372);
#374=CARTESIAN_POINT('',(-63.10974582271592,110.44209164111271,40.43361463930113));
#375=VERTEX_POINT('',#374);
#376=CARTESIAN_POINT('',(-63.10974582271592,110.44209164111271,-65.54801939088247));
#377=VERTEX_POINT('',#376);
#378=CARTESIAN_POINT('',(-48.44146483891291,110.44209164111271,12.845646790842004));
#379=VERTEX_POINT('',#378);
#380=CARTESIAN_POINT('',(-63.10974582271592,154.45499451742035,-65.54801939088247));
#381=VERTEX_POINT('',#380);
#382=CARTESIAN_POINT('',(-63.10974582271592,110.44209164111271,-65.54801939088247));
#383=VERTEX_POINT('',#382);
#384=CARTESIAN_POINT('',(-48.44146483891291,154.45499451742035,40.433614639301126));
#385=VERTEX_POINT('',#384);
#386=CARTESIAN_POINT('',(-63.10974582271592,154.45499451742035,40.433614639301126));
#387=VERTEX_POINT('',#386);
#388=CARTESIAN_POINT('',(-63.10974582271592,110.44209164111271,40.43361463930113));
#389=VERTEX_POINT('',#388);
#390=CARTESIAN_POINT('',(-48.44146483891291,110.44209164111271,40.43361463930113));
#391=VERTEX_POINT('',#390);
#392=FACE_SURFACE('',(#397),#393,.T.);
#393=PLANE('',#394);
#394=AXIS2_PLACEMENT_3D('',#34,#395,#396);
#395=DIRECTION('',(-1,0,0));
#396=DIRECTION('',(0,-1,5.98698582135682E-17));
#397=FACE_BOUND('',#398,.T.);
#398=EDGE_LOOP('',(#399,#400,#401));
#399=ORIENTED_EDGE('',*,*,#402,.T.);
#400=ORIENTED_EDGE('',*,*,#403,.T.);
#401=ORIENTED_EDGE('',*,*,#404,.T.);
#402=EDGE_CURVE('',#35,#37,#405,.F.);
#403=EDGE_CURVE('',#37,#39,#406,.T.);
#404=EDGE_CURVE('',#39,#35,#407,.T.);
#405=LINE('',#34,#408);
#406=LINE('',#36,#409);
#407=LINE('',#38,#410);
#408=VECTOR('',#411,1.0);
#409=VECTOR('',#412,1.0);
#410=VECTOR('',#413,1.0);
#411=DIRECTION('',(0,-1,5.98698582135682E-17));
#412=DIRECTION('',(0,0,1));
#413=DIRECTION('',(0,0.9695742412094713,-0.24479744848155152));
#414=FACE_SURFACE('',(#419),#415,.T.);
#415=PLANE('',#416);
#416=AXIS2_PLACEMENT_3D('',#40,#417,#418);
#417=DIRECTION('',(-1,0,-0));
#418=DIRECTION('',(0,0,-1));
#419=FACE_BOUND('',#420,.T.);
#420=EDGE_LOOP('',(#421,#422,#423));
#421=ORIENTED_EDGE('',*,*,#424,.T.);
#422=ORIENTED_EDGE('',*,*,#425,.T.);
#423=ORIENTED_EDGE('',*,*,#426,.T.);
#424=EDGE_CURVE('',#41,#43,#427,.F.);
#425=EDGE_CURVE('',#43,#45,#428,.T.);
#426=EDGE_CURVE('',#45,#41,#429,.T.);
#427=LINE('',#40,#430);
#428=LINE('',#42,#431);
#429=LINE('',#44,#432);
#430=VECTOR('',#433,1.0);
#431=VECTOR('',#434,1.0);
#432=VECTOR('',#435,1.0);
#433=DIRECTION('',(0,0,-1));
#434=DIRECTION('',(0,-1,1.2529068571655503E-16));
#435=DIRECTION('',(0,0.8841692984175143,0.4671666209564637));
#436=FACE_SURFACE('',(#441),#437,.T.);
#437=PLANE('',#438);
#438=AXIS2_PLACEMENT_3D('',#40,#439,#440);
#439=DIRECTION('',(-1,0,0));
#440=DIRECTION('',(0,-0.8841692984175143,-0.4671666209564637));
#441=FACE_BOUND('',#442,.T.);
#442=EDGE_LOOP('',(#443,#444,#445));
#443=ORIENTED_EDGE('',*,*,#446,.T.);
#444=ORIENTED_EDGE('',*,*,#447,.T.);
#445=ORIENTED_EDGE('',*,*,#448,.T.);
#446=EDGE_CURVE('',#41,#45,#449,.F.);
#447=EDGE_CURVE('',#45,#47,#450,.T.);
#448=EDGE_CURVE('',#47,#41,#451,.T.);
#449=LINE('',#40,#452);
#450=LINE('',#44,#453);
#451=LINE('',#46,#454);
#452=VECTOR('',#455,1.0);
#453=VECTOR('',#456,1.0);
#454=VECTOR('',#457,1.0);
#455=DIRECTION('',(0,-0.8841692984175143,-0.4671666209564637));
#456=DIRECTION('',(0,0,1));
#457=DIRECTION('',(0,0.9991230757464111,0.04186979234521317));
#458=FACE_SURFACE('',(#463),#459,.T.);
#459=PLANE('',#460);
#460=AXIS2_PLACEMENT_3D('',#48,#461,#462);
#461=DIRECTION('',(-1,-0,-0));
#462=DIRECTION('',(0,0,-1));
#463=FACE_BOUND('',#464,.T.);
#464=EDGE_LOOP('',(#465,#466,#467));
#465=ORIENTED_EDGE('',*,*,#468,.T.);
#466=ORIENTED_EDGE('',*,*,#469,.T.);
#467=ORIENTED_EDGE('',*,*,#470,.T.);
#468=EDGE_CURVE('',#49,#35,#471,.F.);
#469=EDGE_CURVE('',#35,#39,#472,.T.);
#470=EDGE_CURVE('',#39,#49,#473,.T.);
#471=LINE('',#48,#474);
#472=LINE('',#34,#475);
#473=LINE('',#38,#476);
#474=VECTOR('',#477,1.0);
#475=VECTOR('',#478,1.0);
#476=VECTOR('',#479,1.0);
#477=DIRECTION('',(0,0,-1));
#478=DIRECTION('',(0,-0.9695742412094713,0.24479744848155152));
#479=DIRECTION('',(0,0.9997995611341477,-0.020020927949666246));
#480=FACE_SURFACE('',(#485),#481,.T.);
#481=PLANE('',#482);
#482=AXIS2_PLACEMENT_3D('',#40,#483,#484);
#483=DIRECTION('',(-1,0,0));
#484=DIRECTION('',(0,-0.9991230757464111,-0.04186979234521317));
#485=FACE_BOUND('',#486,.T.);
#486=EDGE_LOOP('',(#487,#488,#489));
#487=ORIENTED_EDGE('',*,*,#490,.T.);
#488=ORIENTED_EDGE('',*,*,#491,.T.);
#489=ORIENTED_EDGE('',*,*,#492,.T.);
#490=EDGE_CURVE('',#41,#47,#493,.F.);
#491=EDGE_CURVE('',#47,#49,#494,.T.);
#492=EDGE_CURVE('',#49,#41,#495,.T.);
#493=LINE('',#40,#496);
#494=LINE('',#46,#497);
#495=LINE('',#48,#498);
#496=VECTOR('',#499,1.0);
#497=VECTOR('',#500,1.0);
#498=VECTOR('',#501,1.0);
#499=DIRECTION('',(0,-0.9991230757464111,-0.04186979234521317));
#500=DIRECTION('',(0,-1,1.6143964367835162E-16));
#501=DIRECTION('',(0,0.9997217562206758,0.023588347526855503));
#502=FACE_SURFACE('',(#507),#503,.T.);
#503=PLANE('',#504);
#504=AXIS2_PLACEMENT_3D('',#38,#505,#506);
#505=DIRECTION('',(-1,0,0));
#506=DIRECTION('',(0,1,-6.476977493463063E-17));
#507=FACE_BOUND('',#508,.T.);
#508=EDGE_LOOP('',(#509,#510,#511));
#509=ORIENTED_EDGE('',*,*,#512,.T.);
#510=ORIENTED_EDGE('',*,*,#513,.T.);
#511=ORIENTED_EDGE('',*,*,#514,.T.);
#512=EDGE_CURVE('',#39,#41,#515,.F.);
#513=EDGE_CURVE('',#41,#49,#516,.T.);
#514=EDGE_CURVE('',#49,#39,#517,.T.);
#515=LINE('',#38,#518);
#516=LINE('',#40,#519);
#517=LINE('',#48,#520);
#518=VECTOR('',#521,1.0);
#519=VECTOR('',#522,1.0);
#520=VECTOR('',#523,1.0);
#521=DIRECTION('',(0,1,-6.476977493463063E-17));
#522=DIRECTION('',(0,-0.9997217562206758,-0.023588347526855503));
#523=DIRECTION('',(0,-0.9997995611341477,0.020020927949666246));
#524=FACE_SURFACE('',(#529),#525,.T.);
#525=PLANE('',#526);
#526=AXIS2_PLACEMENT_3D('',#42,#527,#528);
#527=DIRECTION('',(0,1,0));
#528=DIRECTION('',(0,0,1));
#529=FACE_BOUND('',#530,.T.);
#530=EDGE_LOOP('',(#531,#532,#533));
#531=ORIENTED_EDGE('',*,*,#534,.T.);
#532=ORIENTED_EDGE('',*,*,#535,.T.);
#533=ORIENTED_EDGE('',*,*,#536,.T.);
#534=EDGE_CURVE('',#43,#41,#537,.F.);
#535=EDGE_CURVE('',#41,#51,#538,.T.);
#536=EDGE_CURVE('',#51,#43,#539,.T.);
#537=LINE('',#42,#540);
#538=LINE('',#40,#541);
#539=LINE('',#50,#542);
#540=VECTOR('',#543,1.0);
#541=VECTOR('',#544,1.0);
#542=VECTOR('',#545,1.0);
#543=DIRECTION('',(0,0,1));
#544=DIRECTION('',(1,0,0));
#545=DIRECTION('',(-0.9580295654029999,0,-0.2866694120650811));
#546=FACE_SURFACE('',(#551),#547,.T.);
#547=PLANE('',#548);
#548=AXIS2_PLACEMENT_3D('',#42,#549,#550);
#549=DIRECTION('',(0,1,0));
#550=DIRECTION('',(0.9580295654029999,0,0.2866694120650811));
#551=FACE_BOUND('',#552,.T.);
#552=EDGE_LOOP('',(#553,#554,#555));
#553=ORIENTED_EDGE('',*,*,#556,.T.);
#554=ORIENTED_EDGE('',*,*,#557,.T.);
#555=ORIENTED_EDGE('',*,*,#558,.T.);
#556=EDGE_CURVE('',#43,#51,#559,.F.);
#557=EDGE_CURVE('',#51,#53,#560,.T.);
#558=EDGE_CURVE('',#53,#43,#561,.T.);
#559=LINE('',#42,#562);
#560=LINE('',#50,#563);
#561=LINE('',#52,#564);
#562=VECTOR('',#565,1.0);
#563=VECTOR('',#566,1.0);
#564=VECTOR('',#567,1.0);
#565=DIRECTION('',(0.9580295654029999,0,0.2866694120650811));
#566=DIRECTION('',(0,0,-1));
#567=DIRECTION('',(-1,0,0));
#568=FACE_SURFACE('',(#573),#569,.T.);
#569=PLANE('',#570);
#570=AXIS2_PLACEMENT_3D('',#54,#571,#572);
#571=DIRECTION('',(1,0,0));
#572=DIRECTION('',(0,0,-1));
#573=FACE_BOUND('',#574,.T.);
#574=EDGE_LOOP('',(#575,#576,#577));
#575=ORIENTED_EDGE('',*,*,#578,.T.);
#576=ORIENTED_EDGE('',*,*,#579,.T.);
#577=ORIENTED_EDGE('',*,*,#580,.T.);
#578=EDGE_CURVE('',#55,#57,#581,.F.);
#579=EDGE_CURVE('',#57,#53,#582,.T.);
#580=EDGE_CURVE('',#53,#55,#583,.T.);
#581=LINE('',#54,#584);
#582=LINE('',#56,#585);
#583=LINE('',#52,#586);
#584=VECTOR('',#587,1.0);
#585=VECTOR('',#588,1.0);
#586=VECTOR('',#589,1.0);
#587=DIRECTION('',(0,0,-1));
#588=DIRECTION('',(0,1,-1.252907137024025E-16));
#589=DIRECTION('',(0,-0.8992439950359242,0.4374474110014033));
#590=FACE_SURFACE('',(#595),#591,.T.);
#591=PLANE('',#592);
#592=AXIS2_PLACEMENT_3D('',#58,#593,#594);
#593=DIRECTION('',(1,0,0));
#594=DIRECTION('',(0,0,-1));
#595=FACE_BOUND('',#596,.T.);
#596=EDGE_LOOP('',(#597,#598,#599));
#597=ORIENTED_EDGE('',*,*,#600,.T.);
#598=ORIENTED_EDGE('',*,*,#601,.T.);
#599=ORIENTED_EDGE('',*,*,#602,.T.);
#600=EDGE_CURVE('',#59,#61,#603,.F.);
#601=EDGE_CURVE('',#61,#63,#604,.T.);
#602=EDGE_CURVE('',#63,#59,#605,.T.);
#603=LINE('',#58,#606);
#604=LINE('',#60,#607);
#605=LINE('',#62,#608);
#606=VECTOR('',#609,1.0);
#607=VECTOR('',#610,1.0);
#608=VECTOR('',#611,1.0);
#609=DIRECTION('',(0,0,-1));
#610=DIRECTION('',(0,1,-5.986985374039967E-17));
#611=DIRECTION('',(0,-0.9695742455505921,0.24479743128758574));
#612=FACE_SURFACE('',(#617),#613,.T.);
#613=PLANE('',#614);
#614=AXIS2_PLACEMENT_3D('',#58,#615,#616);
#615=DIRECTION('',(1,0,0));
#616=DIRECTION('',(0,0.9695742455505921,-0.24479743128758574));
#617=FACE_BOUND('',#618,.T.);
#618=EDGE_LOOP('',(#619,#620,#621));
#619=ORIENTED_EDGE('',*,*,#622,.T.);
#620=ORIENTED_EDGE('',*,*,#623,.T.);
#621=ORIENTED_EDGE('',*,*,#624,.T.);
#622=EDGE_CURVE('',#59,#63,#625,.F.);
#623=EDGE_CURVE('',#63,#65,#626,.T.);
#624=EDGE_CURVE('',#65,#59,#627,.T.);
#625=LINE('',#58,#628);
#626=LINE('',#62,#629);
#627=LINE('',#64,#630);
#628=VECTOR('',#631,1.0);
#629=VECTOR('',#632,1.0);
#630=VECTOR('',#633,1.0);
#631=DIRECTION('',(0,0.9695742455505921,-0.24479743128758574));
#632=DIRECTION('',(0,0,1));
#633=DIRECTION('',(0,-0.9997995602388859,0.020020972656948494));
#634=FACE_SURFACE('',(#639),#635,.T.);
#635=PLANE('',#636);
#636=AXIS2_PLACEMENT_3D('',#54,#637,#638);
#637=DIRECTION('',(1,-0,0));
#638=DIRECTION('',(0,0.8992439950359242,-0.4374474110014033));
#639=FACE_BOUND('',#640,.T.);
#640=EDGE_LOOP('',(#641,#642,#643));
#641=ORIENTED_EDGE('',*,*,#644,.T.);
#642=ORIENTED_EDGE('',*,*,#645,.T.);
#643=ORIENTED_EDGE('',*,*,#646,.T.);
#644=EDGE_CURVE('',#55,#53,#647,.F.);
#645=EDGE_CURVE('',#53,#51,#648,.T.);
#646=EDGE_CURVE('',#51,#55,#649,.T.);
#647=LINE('',#54,#650);
#648=LINE('',#52,#651);
#649=LINE('',#50,#652);
#650=VECTOR('',#653,1.0);
#651=VECTOR('',#654,1.0);
#652=VECTOR('',#655,1.0);
#653=DIRECTION('',(0,0.8992439950359242,-0.4374474110014033));
#654=DIRECTION('',(0,0,1));
#655=DIRECTION('',(0,-0.9991230713114906,-0.04186989817391839));
#656=FACE_SURFACE('',(#661),#657,.T.);
#657=PLANE('',#658);
#658=AXIS2_PLACEMENT_3D('',#58,#659,#660);
#659=DIRECTION('',(1,0,0));
#660=DIRECTION('',(0,0.9997995602388859,-0.020020972656948494));
#661=FACE_BOUND('',#662,.T.);
#662=EDGE_LOOP('',(#663,#664,#665));
#663=ORIENTED_EDGE('',*,*,#666,.T.);
#664=ORIENTED_EDGE('',*,*,#667,.T.);
#665=ORIENTED_EDGE('',*,*,#668,.T.);
#666=EDGE_CURVE('',#59,#65,#669,.F.);
#667=EDGE_CURVE('',#65,#55,#670,.T.);
#668=EDGE_CURVE('',#55,#59,#671,.T.);
#669=LINE('',#58,#672);
#670=LINE('',#64,#673);
#671=LINE('',#54,#674);
#672=VECTOR('',#675,1.0);
#673=VECTOR('',#676,1.0);
#674=VECTOR('',#677,1.0);
#675=DIRECTION('',(0,0.9997995602388859,-0.020020972656948494));
#676=DIRECTION('',(0,1,-1.6143962973900585E-16));
#677=DIRECTION('',(0,-0.9998933243676764,0.014606159144572944));
#678=FACE_SURFACE('',(#683),#679,.T.);
#679=PLANE('',#680);
#680=AXIS2_PLACEMENT_3D('',#50,#681,#682);
#681=DIRECTION('',(1,0,0));
#682=DIRECTION('',(0,-1,6.476977493463063E-17));
#683=FACE_BOUND('',#684,.T.);
#684=EDGE_LOOP('',(#685,#686,#687));
#685=ORIENTED_EDGE('',*,*,#688,.T.);
#686=ORIENTED_EDGE('',*,*,#689,.T.);
#687=ORIENTED_EDGE('',*,*,#690,.T.);
#688=EDGE_CURVE('',#51,#59,#691,.F.);
#689=EDGE_CURVE('',#59,#55,#692,.T.);
#690=EDGE_CURVE('',#55,#51,#693,.T.);
#691=LINE('',#50,#694);
#692=LINE('',#58,#695);
#693=LINE('',#54,#696);
#694=VECTOR('',#697,1.0);
#695=VECTOR('',#698,1.0);
#696=VECTOR('',#699,1.0);
#697=DIRECTION('',(0,-1,6.476977493463063E-17));
#698=DIRECTION('',(0,0.9998933243676764,-0.014606159144572944));
#699=DIRECTION('',(0,0.9991230713114906,0.04186989817391839));
#700=FACE_SURFACE('',(#705),#701,.T.);
#701=PLANE('',#702);
#702=AXIS2_PLACEMENT_3D('',#60,#703,#704);
#703=DIRECTION('',(0,-1,0));
#704=DIRECTION('',(0,0,1));
#705=FACE_BOUND('',#706,.T.);
#706=EDGE_LOOP('',(#707,#708,#709));
#707=ORIENTED_EDGE('',*,*,#710,.T.);
#708=ORIENTED_EDGE('',*,*,#711,.T.);
#709=ORIENTED_EDGE('',*,*,#712,.T.);
#710=EDGE_CURVE('',#61,#59,#713,.F.);
#711=EDGE_CURVE('',#59,#67,#714,.T.);
#712=EDGE_CURVE('',#67,#61,#715,.T.);
#713=LINE('',#60,#716);
#714=LINE('',#58,#717);
#715=LINE('',#66,#718);
#716=VECTOR('',#719,1.0);
#717=VECTOR('',#720,1.0);
#718=VECTOR('',#721,1.0);
#719=DIRECTION('',(0,0,1));
#720=DIRECTION('',(-1,0,0));
#721=DIRECTION('',(0.9580295654029999,0,-0.2866694120650811));
#722=FACE_SURFACE('',(#727),#723,.T.);
#723=PLANE('',#724);
#724=AXIS2_PLACEMENT_3D('',#60,#725,#726);
#725=DIRECTION('',(0,-1,0));
#726=DIRECTION('',(-0.9580295654029999,0,0.2866694120650811));
#727=FACE_BOUND('',#728,.T.);
#728=EDGE_LOOP('',(#729,#730,#731));
#729=ORIENTED_EDGE('',*,*,#732,.T.);
#730=ORIENTED_EDGE('',*,*,#733,.T.);
#731=ORIENTED_EDGE('',*,*,#734,.T.);
#732=EDGE_CURVE('',#61,#67,#735,.F.);
#733=EDGE_CURVE('',#67,#69,#736,.T.);
#734=EDGE_CURVE('',#69,#61,#737,.T.);
#735=LINE('',#60,#738);
#736=LINE('',#66,#739);
#737=LINE('',#68,#740);
#738=VECTOR('',#741,1.0);
#739=VECTOR('',#742,1.0);
#740=VECTOR('',#743,1.0);
#741=DIRECTION('',(-0.9580295654029999,0,0.2866694120650811));
#742=DIRECTION('',(0,0,-1));
#743=DIRECTION('',(1,0,0));
#744=FACE_SURFACE('',(#749),#745,.T.);
#745=PLANE('',#746);
#746=AXIS2_PLACEMENT_3D('',#70,#747,#748);
#747=DIRECTION('',(1.555071736105818E-16,-1.36051352217323E-17,-1));
#748=DIRECTION('',(0.42581169707963495,-0.9048118028795608,7.85268604315754E-17));
#749=FACE_BOUND('',#750,.T.);
#750=EDGE_LOOP('',(#751,#752,#753));
#751=ORIENTED_EDGE('',*,*,#754,.T.);
#752=ORIENTED_EDGE('',*,*,#755,.T.);
#753=ORIENTED_EDGE('',*,*,#756,.T.);
#754=EDGE_CURVE('',#71,#73,#757,.F.);
#755=EDGE_CURVE('',#73,#75,#758,.T.);
#756=EDGE_CURVE('',#75,#71,#759,.T.);
#757=LINE('',#70,#760);
#758=LINE('',#72,#761);
#759=LINE('',#74,#762);
#760=VECTOR('',#763,1.0);
#761=VECTOR('',#764,1.0);
#762=VECTOR('',#765,1.0);
#763=DIRECTION('',(0.42581169707963495,-0.9048118028795608,7.85268604315754E-17));
#764=DIRECTION('',(-0.08715587265461677,-0.9961946867263507,0));
#765=DIRECTION('',(-0.41522492279243306,0.9097187826422064,-7.694730120772055E-17));
#766=FACE_SURFACE('',(#771),#767,.T.);
#767=PLANE('',#768);
#768=AXIS2_PLACEMENT_3D('',#70,#769,#770);
#769=DIRECTION('',(2.2925906249582404E-16,2.0057599848139124E-17,-1));
#770=DIRECTION('',(0.41522492279243306,-0.9097187826422064,7.694730120772055E-17));
#771=FACE_BOUND('',#772,.T.);
#772=EDGE_LOOP('',(#773,#774,#775));
#773=ORIENTED_EDGE('',*,*,#776,.T.);
#774=ORIENTED_EDGE('',*,*,#777,.T.);
#775=ORIENTED_EDGE('',*,*,#778,.T.);
#776=EDGE_CURVE('',#71,#75,#779,.F.);
#777=EDGE_CURVE('',#75,#77,#780,.T.);
#778=EDGE_CURVE('',#77,#71,#781,.T.);
#779=LINE('',#70,#782);
#780=LINE('',#74,#783);
#781=LINE('',#76,#784);
#782=VECTOR('',#785,1.0);
#783=VECTOR('',#786,1.0);
#784=VECTOR('',#787,1.0);
#785=DIRECTION('',(0.41522492279243306,-0.9097187826422064,7.694730120772055E-17));
#786=DIRECTION('',(0.087155875863933,-0.9961946864455716,0));
#787=DIRECTION('',(-0.4083087113088444,0.9128439057524077,-7.529901457814956E-17));
#788=FACE_SURFACE('',(#793),#789,.T.);
#789=PLANE('',#790);
#790=AXIS2_PLACEMENT_3D('',#78,#791,#792);
#791=DIRECTION('',(-0,-1.2529068571655503E-16,-1));
#792=DIRECTION('',(-1,0,0));
#793=FACE_BOUND('',#794,.T.);
#794=EDGE_LOOP('',(#795,#796,#797));
#795=ORIENTED_EDGE('',*,*,#798,.T.);
#796=ORIENTED_EDGE('',*,*,#799,.T.);
#797=ORIENTED_EDGE('',*,*,#800,.T.);
#798=EDGE_CURVE('',#79,#81,#801,.F.);
#799=EDGE_CURVE('',#81,#71,#802,.T.);
#800=EDGE_CURVE('',#71,#79,#803,.T.);
#801=LINE('',#78,#804);
#802=LINE('',#80,#805);
#803=LINE('',#70,#806);
#804=VECTOR('',#807,1.0);
#805=VECTOR('',#808,1.0);
#806=VECTOR('',#809,1.0);
#807=DIRECTION('',(-1,0,0));
#808=DIRECTION('',(0,1,-1.2529068571655503E-16));
#809=DIRECTION('',(0.018263101072787818,-0.9998332156610946,1.252697891923668E-16));
#810=FACE_SURFACE('',(#815),#811,.T.);
#811=PLANE('',#812);
#812=AXIS2_PLACEMENT_3D('',#82,#813,#814);
#813=DIRECTION('',(0,-5.98698582135682E-17,-1));
#814=DIRECTION('',(0,1,-5.98698582135682E-17));
#815=FACE_BOUND('',#816,.T.);
#816=EDGE_LOOP('',(#817,#818,#819));
#817=ORIENTED_EDGE('',*,*,#820,.T.);
#818=ORIENTED_EDGE('',*,*,#821,.T.);
#819=ORIENTED_EDGE('',*,*,#822,.T.);
#820=EDGE_CURVE('',#83,#85,#823,.F.);
#821=EDGE_CURVE('',#85,#87,#824,.T.);
#822=EDGE_CURVE('',#87,#83,#825,.T.);
#823=LINE('',#82,#826);
#824=LINE('',#84,#827);
#825=LINE('',#86,#828);
#826=VECTOR('',#829,1.0);
#827=VECTOR('',#830,1.0);
#828=VECTOR('',#831,1.0);
#829=DIRECTION('',(0,1,-5.98698582135682E-17));
#830=DIRECTION('',(1,0,0));
#831=DIRECTION('',(-0.008728103002198513,-0.999961909383544,5.98675777337617E-17));
#832=FACE_SURFACE('',(#837),#833,.T.);
#833=PLANE('',#834);
#834=AXIS2_PLACEMENT_3D('',#78,#835,#836);
#835=DIRECTION('',(-9.976602511067629E-17,-1.2711302665471023E-16,-1));
#836=DIRECTION('',(-0.018263101072787818,0.9998332156610946,-1.252697891923668E-16));
#837=FACE_BOUND('',#838,.T.);
#838=EDGE_LOOP('',(#839,#840,#841));
#839=ORIENTED_EDGE('',*,*,#842,.T.);
#840=ORIENTED_EDGE('',*,*,#843,.T.);
#841=ORIENTED_EDGE('',*,*,#844,.T.);
#842=EDGE_CURVE('',#79,#71,#845,.F.);
#843=EDGE_CURVE('',#71,#77,#846,.T.);
#844=EDGE_CURVE('',#77,#79,#847,.T.);
#845=LINE('',#78,#848);
#846=LINE('',#70,#849);
#847=LINE('',#76,#850);
#848=VECTOR('',#851,1.0);
#849=VECTOR('',#852,1.0);
#850=VECTOR('',#853,1.0);
#851=DIRECTION('',(-0.018263101072787818,0.9998332156610946,-1.252697891923668E-16));
#852=DIRECTION('',(0.4083087113088444,-0.9128439057524077,7.529901457814956E-17));
#853=DIRECTION('',(-0.7866444134308473,0.6174063223016413,0));
#854=FACE_SURFACE('',(#859),#855,.T.);
#855=PLANE('',#856);
#856=AXIS2_PLACEMENT_3D('',#60,#857,#858);
#857=DIRECTION('',(-0,-5.98698582135682E-17,-1));
#858=DIRECTION('',(-1,0,0));
#859=FACE_BOUND('',#860,.T.);
#860=EDGE_LOOP('',(#861,#862,#863));
#861=ORIENTED_EDGE('',*,*,#864,.T.);
#862=ORIENTED_EDGE('',*,*,#865,.T.);
#863=ORIENTED_EDGE('',*,*,#866,.T.);
#864=EDGE_CURVE('',#61,#83,#867,.F.);
#865=EDGE_CURVE('',#83,#87,#868,.T.);
#866=EDGE_CURVE('',#87,#61,#869,.T.);
#867=LINE('',#60,#870);
#868=LINE('',#82,#871);
#869=LINE('',#86,#872);
#870=VECTOR('',#873,1.0);
#871=VECTOR('',#874,1.0);
#872=VECTOR('',#875,1.0);
#873=DIRECTION('',(-1,0,0));
#874=DIRECTION('',(0.008728103002198513,0.999961909383544,-5.98675777337617E-17));
#875=DIRECTION('',(0.6409572758552662,-0.7675765567864851,4.595469962286574E-17));
#876=FACE_SURFACE('',(#881),#877,.T.);
#877=PLANE('',#878);
#878=AXIS2_PLACEMENT_3D('',#86,#879,#880);
#879=DIRECTION('',(0,0,-1));
#880=DIRECTION('',(0,1,0));
#881=FACE_BOUND('',#882,.T.);
#882=EDGE_LOOP('',(#883,#884,#885));
#883=ORIENTED_EDGE('',*,*,#886,.T.);
#884=ORIENTED_EDGE('',*,*,#887,.T.);
#885=ORIENTED_EDGE('',*,*,#888,.T.);
#886=EDGE_CURVE('',#87,#79,#889,.F.);
#887=EDGE_CURVE('',#79,#77,#890,.T.);
#888=EDGE_CURVE('',#77,#87,#891,.T.);
#889=LINE('',#86,#892);
#890=LINE('',#78,#893);
#891=LINE('',#76,#894);
#892=VECTOR('',#895,1.0);
#893=VECTOR('',#896,1.0);
#894=VECTOR('',#897,1.0);
#895=DIRECTION('',(0,1,0));
#896=DIRECTION('',(0.7866444134308473,-0.6174063223016413,0));
#897=DIRECTION('',(-0.9319609816299186,-0.36255858660277046,0));
#898=FACE_SURFACE('',(#903),#899,.T.);
#899=PLANE('',#900);
#900=AXIS2_PLACEMENT_3D('',#86,#901,#902);
#901=DIRECTION('',(0,0,-1));
#902=DIRECTION('',(0.9319609816299186,0.36255858660277046,0));
#903=FACE_BOUND('',#904,.T.);
#904=EDGE_LOOP('',(#905,#906,#907));
#905=ORIENTED_EDGE('',*,*,#908,.T.);
#906=ORIENTED_EDGE('',*,*,#909,.T.);
#907=ORIENTED_EDGE('',*,*,#910,.T.);
#908=EDGE_CURVE('',#87,#77,#911,.F.);
#909=EDGE_CURVE('',#77,#89,#912,.T.);
#910=EDGE_CURVE('',#89,#87,#913,.T.);
#911=LINE('',#86,#914);
#912=LINE('',#76,#915);
#913=LINE('',#88,#916);
#914=VECTOR('',#917,1.0);
#915=VECTOR('',#918,1.0);
#916=VECTOR('',#919,1.0);
#917=DIRECTION('',(0.9319609816299186,0.36255858660277046,0));
#918=DIRECTION('',(0.25881874839228647,-0.9659259057922871,0));
#919=DIRECTION('',(-0.9499158838596161,-0.31250570169391184,0));
#920=FACE_SURFACE('',(#925),#921,.T.);
#921=PLANE('',#922);
#922=AXIS2_PLACEMENT_3D('',#62,#923,#924);
#923=DIRECTION('',(5.356830203096544E-24,-5.986985374039967E-17,-1));
#924=DIRECTION('',(0,-1,5.986985374039967E-17));
#925=FACE_BOUND('',#926,.T.);
#926=EDGE_LOOP('',(#927,#928,#929));
#927=ORIENTED_EDGE('',*,*,#930,.T.);
#928=ORIENTED_EDGE('',*,*,#931,.T.);
#929=ORIENTED_EDGE('',*,*,#932,.T.);
#930=EDGE_CURVE('',#63,#61,#933,.F.);
#931=EDGE_CURVE('',#61,#87,#934,.T.);
#932=EDGE_CURVE('',#87,#63,#935,.T.);
#933=LINE('',#62,#936);
#934=LINE('',#60,#937);
#935=LINE('',#86,#938);
#936=VECTOR('',#939,1.0);
#937=VECTOR('',#940,1.0);
#938=VECTOR('',#941,1.0);
#939=DIRECTION('',(0,-1,5.986985374039967E-17));
#940=DIRECTION('',(-0.6409572758552662,0.7675765567864851,-4.595469962286574E-17));
#941=DIRECTION('',(0.999999999999996,8.947458309025028E-08,0));
#942=FACE_SURFACE('',(#947),#943,.T.);
#943=PLANE('',#944);
#944=AXIS2_PLACEMENT_3D('',#90,#945,#946);
#945=DIRECTION('',(0,-0,-1));
#946=DIRECTION('',(1,0,0));
#947=FACE_BOUND('',#948,.T.);
#948=EDGE_LOOP('',(#949,#950,#951));
#949=ORIENTED_EDGE('',*,*,#952,.T.);
#950=ORIENTED_EDGE('',*,*,#953,.T.);
#951=ORIENTED_EDGE('',*,*,#954,.T.);
#952=EDGE_CURVE('',#91,#63,#955,.F.);
#953=EDGE_CURVE('',#63,#87,#956,.T.);
#954=EDGE_CURVE('',#87,#91,#957,.T.);
#955=LINE('',#90,#958);
#956=LINE('',#62,#959);
#957=LINE('',#86,#960);
#958=VECTOR('',#961,1.0);
#959=VECTOR('',#962,1.0);
#960=VECTOR('',#963,1.0);
#961=DIRECTION('',(1,0,0));
#962=DIRECTION('',(-0.999999999999996,-8.947458309025028E-08,0));
#963=DIRECTION('',(0.9999999999999957,9.243166897719534E-08,0));
#964=FACE_SURFACE('',(#969),#965,.T.);
#965=PLANE('',#966);
#966=AXIS2_PLACEMENT_3D('',#86,#967,#968);
#967=DIRECTION('',(0,0,-1));
#968=DIRECTION('',(0.9499158838596161,0.31250570169391184,0));
#969=FACE_BOUND('',#970,.T.);
#970=EDGE_LOOP('',(#971,#972,#973));
#971=ORIENTED_EDGE('',*,*,#974,.T.);
#972=ORIENTED_EDGE('',*,*,#975,.T.);
#973=ORIENTED_EDGE('',*,*,#976,.T.);
#974=EDGE_CURVE('',#87,#89,#977,.F.);
#975=EDGE_CURVE('',#89,#93,#978,.T.);
#976=EDGE_CURVE('',#93,#87,#979,.T.);
#977=LINE('',#86,#980);
#978=LINE('',#88,#981);
#979=LINE('',#92,#982);
#980=VECTOR('',#983,1.0);
#981=VECTOR('',#984,1.0);
#982=VECTOR('',#985,1.0);
#983=DIRECTION('',(0.9499158838596161,0.31250570169391184,0));
#984=DIRECTION('',(0.42261851734313904,-0.906307667847231,0));
#985=DIRECTION('',(-0.9650632822524821,-0.26201691023303464,0));
#986=FACE_SURFACE('',(#991),#987,.T.);
#987=PLANE('',#988);
#988=AXIS2_PLACEMENT_3D('',#86,#989,#990);
#989=DIRECTION('',(0,0,-1));
#990=DIRECTION('',(0.9650632822524821,0.26201691023303464,0));
#991=FACE_BOUND('',#992,.T.);
#992=EDGE_LOOP('',(#993,#994,#995));
#993=ORIENTED_EDGE('',*,*,#996,.T.);
#994=ORIENTED_EDGE('',*,*,#997,.T.);
#995=ORIENTED_EDGE('',*,*,#998,.T.);
#996=EDGE_CURVE('',#87,#93,#999,.F.);
#997=EDGE_CURVE('',#93,#95,#1000,.T.);
#998=EDGE_CURVE('',#95,#87,#1001,.T.);
#999=LINE('',#86,#1002);
#1000=LINE('',#92,#1003);
#1001=LINE('',#94,#1004);
#1002=VECTOR('',#1005,1.0);
#1003=VECTOR('',#1006,1.0);
#1004=VECTOR('',#1007,1.0);
#1005=DIRECTION('',(0.9650632822524821,0.26201691023303464,0));
#1006=DIRECTION('',(0.5735761389972296,-0.819152252498295,0));
#1007=DIRECTION('',(-0.9767395516172482,-0.21442912187139362,0));
#1008=FACE_SURFACE('',(#1013),#1009,.T.);
#1009=PLANE('',#1010);
#1010=AXIS2_PLACEMENT_3D('',#52,#1011,#1012);
#1011=DIRECTION('',(0,-1.252907137024025E-16,-1));
#1012=DIRECTION('',(0,-1,1.252907137024025E-16));
#1013=FACE_BOUND('',#1014,.T.);
#1014=EDGE_LOOP('',(#1015,#1016,#1017));
#1015=ORIENTED_EDGE('',*,*,#1018,.T.);
#1016=ORIENTED_EDGE('',*,*,#1019,.T.);
#1017=ORIENTED_EDGE('',*,*,#1020,.T.);
#1018=EDGE_CURVE('',#53,#57,#1021,.F.);
#1019=EDGE_CURVE('',#57,#97,#1022,.T.);
#1020=EDGE_CURVE('',#97,#53,#1023,.T.);
#1021=LINE('',#52,#1024);
#1022=LINE('',#56,#1025);
#1023=LINE('',#96,#1026);
#1024=VECTOR('',#1027,1.0);
#1025=VECTOR('',#1028,1.0);
#1026=VECTOR('',#1029,1.0);
#1027=DIRECTION('',(0,-1,1.252907137024025E-16));
#1028=DIRECTION('',(-1,0,0));
#1029=DIRECTION('',(0.055819190911924936,0.998440893556518,-1.2509537214336064E-16));
#1030=FACE_SURFACE('',(#1035),#1031,.T.);
#1031=PLANE('',#1032);
#1032=AXIS2_PLACEMENT_3D('',#98,#1033,#1034);
#1033=DIRECTION('',(-1.5941836608052125E-16,-1.3947320737655832E-17,-1));
#1034=DIRECTION('',(-0.08715587265461677,0.9961946867263507,0));
#1035=FACE_BOUND('',#1036,.T.);
#1036=EDGE_LOOP('',(#1037,#1038,#1039));
#1037=ORIENTED_EDGE('',*,*,#1040,.T.);
#1038=ORIENTED_EDGE('',*,*,#1041,.T.);
#1039=ORIENTED_EDGE('',*,*,#1042,.T.);
#1040=EDGE_CURVE('',#99,#101,#1043,.F.);
#1041=EDGE_CURVE('',#101,#53,#1044,.T.);
#1042=EDGE_CURVE('',#53,#99,#1045,.T.);
#1043=LINE('',#98,#1046);
#1044=LINE('',#100,#1047);
#1045=LINE('',#52,#1048);
#1046=VECTOR('',#1049,1.0);
#1047=VECTOR('',#1050,1.0);
#1048=VECTOR('',#1051,1.0);
#1049=DIRECTION('',(-0.08715587265461677,0.9961946867263507,0));
#1050=DIRECTION('',(0.4155887813318521,0.9095526179562708,-7.893830657172955E-17));
#1051=DIRECTION('',(-0.4051022593671873,-0.9142713817327982,7.733237648613165E-17));
#1052=FACE_SURFACE('',(#1057),#1053,.T.);
#1053=PLANE('',#1054);
#1054=AXIS2_PLACEMENT_3D('',#102,#1055,#1056);
#1055=DIRECTION('',(-2.3786251828097577E-16,2.081030585492075E-17,-1));
#1056=DIRECTION('',(0.087155875863933,0.9961946864455716,0));
#1057=FACE_BOUND('',#1058,.T.);
#1058=EDGE_LOOP('',(#1059,#1060,#1061));
#1059=ORIENTED_EDGE('',*,*,#1062,.T.);
#1060=ORIENTED_EDGE('',*,*,#1063,.T.);
#1061=ORIENTED_EDGE('',*,*,#1064,.T.);
#1062=EDGE_CURVE('',#103,#99,#1065,.F.);
#1063=EDGE_CURVE('',#99,#53,#1066,.T.);
#1064=EDGE_CURVE('',#53,#103,#1067,.T.);
#1065=LINE('',#102,#1068);
#1066=LINE('',#98,#1069);
#1067=LINE('',#52,#1070);
#1068=VECTOR('',#1071,1.0);
#1069=VECTOR('',#1072,1.0);
#1070=VECTOR('',#1073,1.0);
#1071=DIRECTION('',(0.087155875863933,0.9961946864455716,0));
#1072=DIRECTION('',(0.4051022593671873,0.9142713817327982,-7.733237648613165E-17));
#1073=DIRECTION('',(-0.39833754866221033,-0.9172388987203831,7.566155042626223E-17));
#1074=FACE_SURFACE('',(#1079),#1075,.T.);
#1075=PLANE('',#1076);
#1076=AXIS2_PLACEMENT_3D('',#102,#1077,#1078);
#1077=DIRECTION('',(1.1312218258706424E-16,-1.3161496258578774E-16,-1));
#1078=DIRECTION('',(0.39833754866221033,0.9172388987203831,-7.566155042626223E-17));
#1079=FACE_BOUND('',#1080,.T.);
#1080=EDGE_LOOP('',(#1081,#1082,#1083));
#1081=ORIENTED_EDGE('',*,*,#1084,.T.);
#1082=ORIENTED_EDGE('',*,*,#1085,.T.);
#1083=ORIENTED_EDGE('',*,*,#1086,.T.);
#1084=EDGE_CURVE('',#103,#53,#1087,.F.);
#1085=EDGE_CURVE('',#53,#97,#1088,.T.);
#1086=EDGE_CURVE('',#97,#103,#1089,.T.);
#1087=LINE('',#102,#1090);
#1088=LINE('',#52,#1091);
#1089=LINE('',#96,#1092);
#1090=VECTOR('',#1093,1.0);
#1091=VECTOR('',#1094,1.0);
#1092=VECTOR('',#1095,1.0);
#1093=DIRECTION('',(0.39833754866221033,0.9172388987203831,-7.566155042626223E-17));
#1094=DIRECTION('',(-0.055819190911924936,-0.998440893556518,1.2509537214336064E-16));
#1095=DIRECTION('',(-0.7583751221258218,-0.65181835977567,0));
#1096=FACE_SURFACE('',(#1101),#1097,.T.);
#1097=PLANE('',#1098);
#1098=AXIS2_PLACEMENT_3D('',#104,#1099,#1100);
#1099=DIRECTION('',(0,0,-1));
#1100=DIRECTION('',(0.25881874839228647,0.9659259057922871,0));
#1101=FACE_BOUND('',#1102,.T.);
#1102=EDGE_LOOP('',(#1103,#1104,#1105));
#1103=ORIENTED_EDGE('',*,*,#1106,.T.);
#1104=ORIENTED_EDGE('',*,*,#1107,.T.);
#1105=ORIENTED_EDGE('',*,*,#1108,.T.);
#1106=EDGE_CURVE('',#105,#103,#1109,.F.);
#1107=EDGE_CURVE('',#103,#97,#1110,.T.);
#1108=EDGE_CURVE('',#97,#105,#1111,.T.);
#1109=LINE('',#104,#1112);
#1110=LINE('',#102,#1113);
#1111=LINE('',#96,#1114);
#1112=VECTOR('',#1115,1.0);
#1113=VECTOR('',#1116,1.0);
#1114=VECTOR('',#1117,1.0);
#1115=DIRECTION('',(0.25881874839228647,0.9659259057922871,0));
#1116=DIRECTION('',(0.7583751221258218,0.65181835977567,0));
#1117=DIRECTION('',(-0.7413506765585001,-0.6711178543044837,0));
#1118=FACE_SURFACE('',(#1123),#1119,.T.);
#1119=PLANE('',#1120);
#1120=AXIS2_PLACEMENT_3D('',#86,#1121,#1122);
#1121=DIRECTION('',(0,0,-1));
#1122=DIRECTION('',(0.9767395516172482,0.21442912187139362,0));
#1123=FACE_BOUND('',#1124,.T.);
#1124=EDGE_LOOP('',(#1125,#1126,#1127));
#1125=ORIENTED_EDGE('',*,*,#1128,.T.);
#1126=ORIENTED_EDGE('',*,*,#1129,.T.);
#1127=ORIENTED_EDGE('',*,*,#1130,.T.);
#1128=EDGE_CURVE('',#87,#95,#1131,.F.);
#1129=EDGE_CURVE('',#95,#107,#1132,.T.);
#1130=EDGE_CURVE('',#107,#87,#1133,.T.);
#1131=LINE('',#86,#1134);
#1132=LINE('',#94,#1135);
#1133=LINE('',#106,#1136);
#1134=VECTOR('',#1137,1.0);
#1135=VECTOR('',#1138,1.0);
#1136=VECTOR('',#1139,1.0);
#1137=DIRECTION('',(0.9767395516172482,0.21442912187139362,0));
#1138=DIRECTION('',(0.7071068864161743,-0.7071066759569052,0));
#1139=DIRECTION('',(-0.9849907154763641,-0.17260733016115085,0));
#1140=FACE_SURFACE('',(#1145),#1141,.T.);
#1141=PLANE('',#1142);
#1142=AXIS2_PLACEMENT_3D('',#86,#1143,#1144);
#1143=DIRECTION('',(0,0,-1));
#1144=DIRECTION('',(0.9849907154763641,0.17260733016115085,0));
#1145=FACE_BOUND('',#1146,.T.);
#1146=EDGE_LOOP('',(#1147,#1148,#1149));
#1147=ORIENTED_EDGE('',*,*,#1150,.T.);
#1148=ORIENTED_EDGE('',*,*,#1151,.T.);
#1149=ORIENTED_EDGE('',*,*,#1152,.T.);
#1150=EDGE_CURVE('',#87,#107,#1153,.F.);
#1151=EDGE_CURVE('',#107,#109,#1154,.T.);
#1152=EDGE_CURVE('',#109,#87,#1155,.T.);
#1153=LINE('',#86,#1156);
#1154=LINE('',#106,#1157);
#1155=LINE('',#108,#1158);
#1156=VECTOR('',#1159,1.0);
#1157=VECTOR('',#1160,1.0);
#1158=VECTOR('',#1161,1.0);
#1159=DIRECTION('',(0.9849907154763641,0.17260733016115085,0));
#1160=DIRECTION('',(0.8191523664869078,-0.5735759762044597,0));
#1161=DIRECTION('',(-0.9903571261010333,-0.13853794707913794,0));
#1162=FACE_SURFACE('',(#1167),#1163,.T.);
#1163=PLANE('',#1164);
#1164=AXIS2_PLACEMENT_3D('',#104,#1165,#1166);
#1165=DIRECTION('',(0,0,-1));
#1166=DIRECTION('',(0.7413506765585001,0.6711178543044837,0));
#1167=FACE_BOUND('',#1168,.T.);
#1168=EDGE_LOOP('',(#1169,#1170,#1171));
#1169=ORIENTED_EDGE('',*,*,#1172,.T.);
#1170=ORIENTED_EDGE('',*,*,#1173,.T.);
#1171=ORIENTED_EDGE('',*,*,#1174,.T.);
#1172=EDGE_CURVE('',#105,#97,#1175,.F.);
#1173=EDGE_CURVE('',#97,#91,#1176,.T.);
#1174=EDGE_CURVE('',#91,#105,#1177,.T.);
#1175=LINE('',#104,#1178);
#1176=LINE('',#96,#1179);
#1177=LINE('',#90,#1180);
#1178=VECTOR('',#1181,1.0);
#1179=VECTOR('',#1182,1.0);
#1180=VECTOR('',#1183,1.0);
#1181=DIRECTION('',(0.7413506765585001,0.6711178543044837,0));
#1182=DIRECTION('',(0,-1,0));
#1183=DIRECTION('',(-0.9409573661921008,0.3385250877096479,0));
#1184=FACE_SURFACE('',(#1189),#1185,.T.);
#1185=PLANE('',#1186);
#1186=AXIS2_PLACEMENT_3D('',#110,#1187,#1188);
#1187=DIRECTION('',(0,0,-1));
#1188=DIRECTION('',(0.4226179993077677,0.9063079094110896,0));
#1189=FACE_BOUND('',#1190,.T.);
#1190=EDGE_LOOP('',(#1191,#1192,#1193));
#1191=ORIENTED_EDGE('',*,*,#1194,.T.);
#1192=ORIENTED_EDGE('',*,*,#1195,.T.);
#1193=ORIENTED_EDGE('',*,*,#1196,.T.);
#1194=EDGE_CURVE('',#111,#105,#1197,.F.);
#1195=EDGE_CURVE('',#105,#91,#1198,.T.);
#1196=EDGE_CURVE('',#91,#111,#1199,.T.);
#1197=LINE('',#110,#1200);
#1198=LINE('',#104,#1201);
#1199=LINE('',#90,#1202);
#1200=VECTOR('',#1203,1.0);
#1201=VECTOR('',#1204,1.0);
#1202=VECTOR('',#1205,1.0);
#1203=DIRECTION('',(0.4226179993077677,0.9063079094110896,0));
#1204=DIRECTION('',(0.9409573661921008,-0.3385250877096479,0));
#1205=DIRECTION('',(-0.9588066608751744,0.28405947803479215,0));
#1206=FACE_SURFACE('',(#1211),#1207,.T.);
#1207=PLANE('',#1208);
#1208=AXIS2_PLACEMENT_3D('',#86,#1209,#1210);
#1209=DIRECTION('',(0,0,-1));
#1210=DIRECTION('',(0.9903571261010333,0.13853794707913794,0));
#1211=FACE_BOUND('',#1212,.T.);
#1212=EDGE_LOOP('',(#1213,#1214,#1215));
#1213=ORIENTED_EDGE('',*,*,#1216,.T.);
#1214=ORIENTED_EDGE('',*,*,#1217,.T.);
#1215=ORIENTED_EDGE('',*,*,#1218,.T.);
#1216=EDGE_CURVE('',#87,#109,#1219,.F.);
#1217=EDGE_CURVE('',#109,#113,#1220,.T.);
#1218=EDGE_CURVE('',#113,#87,#1221,.T.);
#1219=LINE('',#86,#1222);
#1220=LINE('',#108,#1223);
#1221=LINE('',#112,#1224);
#1222=VECTOR('',#1225,1.0);
#1223=VECTOR('',#1226,1.0);
#1224=VECTOR('',#1227,1.0);
#1225=DIRECTION('',(0.9903571261010333,0.13853794707913794,0));
#1226=DIRECTION('',(0.9063071072663821,-0.42261971950968213,0));
#1227=DIRECTION('',(-0.9935688759391069,-0.11322936352863283,0));
#1228=FACE_SURFACE('',(#1233),#1229,.T.);
#1229=PLANE('',#1230);
#1230=AXIS2_PLACEMENT_3D('',#86,#1231,#1232);
#1231=DIRECTION('',(0,0,-1));
#1232=DIRECTION('',(0.9935688759391069,0.11322936352863283,0));
#1233=FACE_BOUND('',#1234,.T.);
#1234=EDGE_LOOP('',(#1235,#1236,#1237));
#1235=ORIENTED_EDGE('',*,*,#1238,.T.);
#1236=ORIENTED_EDGE('',*,*,#1239,.T.);
#1237=ORIENTED_EDGE('',*,*,#1240,.T.);
#1238=EDGE_CURVE('',#87,#113,#1241,.F.);
#1239=EDGE_CURVE('',#113,#115,#1242,.T.);
#1240=EDGE_CURVE('',#115,#87,#1243,.T.);
#1241=LINE('',#86,#1244);
#1242=LINE('',#112,#1245);
#1243=LINE('',#114,#1246);
#1244=VECTOR('',#1247,1.0);
#1245=VECTOR('',#1248,1.0);
#1246=VECTOR('',#1249,1.0);
#1247=DIRECTION('',(0.9935688759391069,0.11322936352863283,0));
#1248=DIRECTION('',(0.9659260455868344,-0.25881822667072896,0));
#1249=DIRECTION('',(-0.9941413925122011,-0.108087426160038,0));
#1250=FACE_SURFACE('',(#1255),#1251,.T.);
#1251=PLANE('',#1252);
#1252=AXIS2_PLACEMENT_3D('',#116,#1253,#1254);
#1253=DIRECTION('',(0,0,-1));
#1254=DIRECTION('',(0.5735761389972296,0.819152252498295,0));
#1255=FACE_BOUND('',#1256,.T.);
#1256=EDGE_LOOP('',(#1257,#1258,#1259));
#1257=ORIENTED_EDGE('',*,*,#1260,.T.);
#1258=ORIENTED_EDGE('',*,*,#1261,.T.);
#1259=ORIENTED_EDGE('',*,*,#1262,.T.);
#1260=EDGE_CURVE('',#117,#111,#1263,.F.);
#1261=EDGE_CURVE('',#111,#91,#1264,.T.);
#1262=EDGE_CURVE('',#91,#117,#1265,.T.);
#1263=LINE('',#116,#1266);
#1264=LINE('',#110,#1267);
#1265=LINE('',#90,#1268);
#1266=VECTOR('',#1269,1.0);
#1267=VECTOR('',#1270,1.0);
#1268=VECTOR('',#1271,1.0);
#1269=DIRECTION('',(0.5735761389972296,0.819152252498295,0));
#1270=DIRECTION('',(0.9588066608751744,-0.28405947803479215,0));
#1271=DIRECTION('',(-0.9726314823775011,0.23235317834741265,0));
#1272=FACE_SURFACE('',(#1277),#1273,.T.);
#1273=PLANE('',#1274);
#1274=AXIS2_PLACEMENT_3D('',#118,#1275,#1276);
#1275=DIRECTION('',(0,0,-1));
#1276=DIRECTION('',(0.7071068864161743,0.7071066759569052,0));
#1277=FACE_BOUND('',#1278,.T.);
#1278=EDGE_LOOP('',(#1279,#1280,#1281));
#1279=ORIENTED_EDGE('',*,*,#1282,.T.);
#1280=ORIENTED_EDGE('',*,*,#1283,.T.);
#1281=ORIENTED_EDGE('',*,*,#1284,.T.);
#1282=EDGE_CURVE('',#119,#117,#1285,.F.);
#1283=EDGE_CURVE('',#117,#91,#1286,.T.);
#1284=EDGE_CURVE('',#91,#119,#1287,.T.);
#1285=LINE('',#118,#1288);
#1286=LINE('',#116,#1289);
#1287=LINE('',#90,#1290);
#1288=VECTOR('',#1291,1.0);
#1289=VECTOR('',#1292,1.0);
#1290=VECTOR('',#1293,1.0);
#1291=DIRECTION('',(0.7071068864161743,0.7071066759569052,0));
#1292=DIRECTION('',(0.9726314823775011,-0.23235317834741265,0));
#1293=DIRECTION('',(-0.9824102534409667,0.18673535801785315,0));
#1294=FACE_SURFACE('',(#1299),#1295,.T.);
#1295=PLANE('',#1296);
#1296=AXIS2_PLACEMENT_3D('',#86,#1297,#1298);
#1297=DIRECTION('',(0,0,-1));
#1298=DIRECTION('',(0.9941413925122011,0.108087426160038,0));
#1299=FACE_BOUND('',#1300,.T.);
#1300=EDGE_LOOP('',(#1301,#1302,#1303));
#1301=ORIENTED_EDGE('',*,*,#1304,.T.);
#1302=ORIENTED_EDGE('',*,*,#1305,.T.);
#1303=ORIENTED_EDGE('',*,*,#1306,.T.);
#1304=EDGE_CURVE('',#87,#115,#1307,.F.);
#1305=EDGE_CURVE('',#115,#121,#1308,.T.);
#1306=EDGE_CURVE('',#121,#87,#1309,.T.);
#1307=LINE('',#86,#1310);
#1308=LINE('',#114,#1311);
#1309=LINE('',#120,#1312);
#1310=VECTOR('',#1313,1.0);
#1311=VECTOR('',#1314,1.0);
#1312=VECTOR('',#1315,1.0);
#1313=DIRECTION('',(0.9941413925122011,0.108087426160038,0));
#1314=DIRECTION('',(0.9659263824022574,-0.2588169696509253,0));
#1315=DIRECTION('',(-0.995298363500947,-0.09685642783180003,0));
#1316=FACE_SURFACE('',(#1321),#1317,.T.);
#1317=PLANE('',#1318);
#1318=AXIS2_PLACEMENT_3D('',#86,#1319,#1320);
#1319=DIRECTION('',(0,0,-1));
#1320=DIRECTION('',(0.995298363500947,0.09685642783180003,0));
#1321=FACE_BOUND('',#1322,.T.);
#1322=EDGE_LOOP('',(#1323,#1324,#1325));
#1323=ORIENTED_EDGE('',*,*,#1326,.T.);
#1324=ORIENTED_EDGE('',*,*,#1327,.T.);
#1325=ORIENTED_EDGE('',*,*,#1328,.T.);
#1326=EDGE_CURVE('',#87,#121,#1329,.F.);
#1327=EDGE_CURVE('',#121,#123,#1330,.T.);
#1328=EDGE_CURVE('',#123,#87,#1331,.T.);
#1329=LINE('',#86,#1332);
#1330=LINE('',#120,#1333);
#1331=LINE('',#122,#1334);
#1332=VECTOR('',#1335,1.0);
#1333=VECTOR('',#1336,1.0);
#1334=VECTOR('',#1337,1.0);
#1335=DIRECTION('',(0.995298363500947,0.09685642783180003,0));
#1336=DIRECTION('',(0.9961946085279292,-0.0871567664607074,0));
#1337=DIRECTION('',(-0.9960308865872561,-0.08900827469513417,0));
#1338=FACE_SURFACE('',(#1343),#1339,.T.);
#1339=PLANE('',#1340);
#1340=AXIS2_PLACEMENT_3D('',#124,#1341,#1342);
#1341=DIRECTION('',(0,0,-1));
#1342=DIRECTION('',(0.8191524702301398,0.5735758280435639,0));
#1343=FACE_BOUND('',#1344,.T.);
#1344=EDGE_LOOP('',(#1345,#1346,#1347));
#1345=ORIENTED_EDGE('',*,*,#1348,.T.);
#1346=ORIENTED_EDGE('',*,*,#1349,.T.);
#1347=ORIENTED_EDGE('',*,*,#1350,.T.);
#1348=EDGE_CURVE('',#125,#119,#1351,.F.);
#1349=EDGE_CURVE('',#119,#91,#1352,.T.);
#1350=EDGE_CURVE('',#91,#125,#1353,.T.);
#1351=LINE('',#124,#1354);
#1352=LINE('',#118,#1355);
#1353=LINE('',#90,#1356);
#1354=VECTOR('',#1357,1.0);
#1355=VECTOR('',#1358,1.0);
#1356=VECTOR('',#1359,1.0);
#1357=DIRECTION('',(0.8191524702301398,0.5735758280435639,0));
#1358=DIRECTION('',(0.9824102534409667,-0.18673535801785315,0));
#1359=DIRECTION('',(-0.9887591251294612,0.14951719791790632,0));
#1360=FACE_SURFACE('',(#1365),#1361,.T.);
#1361=PLANE('',#1362);
#1362=AXIS2_PLACEMENT_3D('',#126,#1363,#1364);
#1363=DIRECTION('',(0,0,-1));
#1364=DIRECTION('',(0.9063066662640838,0.4226206652369033,0));
#1365=FACE_BOUND('',#1366,.T.);
#1366=EDGE_LOOP('',(#1367,#1368,#1369));
#1367=ORIENTED_EDGE('',*,*,#1370,.T.);
#1368=ORIENTED_EDGE('',*,*,#1371,.T.);
#1369=ORIENTED_EDGE('',*,*,#1372,.T.);
#1370=EDGE_CURVE('',#127,#129,#1373,.F.);
#1371=EDGE_CURVE('',#129,#125,#1374,.T.);
#1372=EDGE_CURVE('',#125,#127,#1375,.T.);
#1373=LINE('',#126,#1376);
#1374=LINE('',#128,#1377);
#1375=LINE('',#124,#1378);
#1376=VECTOR('',#1379,1.0);
#1377=VECTOR('',#1380,1.0);
#1378=VECTOR('',#1381,1.0);
#1379=DIRECTION('',(0.9063066662640838,0.4226206652369033,0));
#1380=DIRECTION('',(0.9063072192564707,0.4226194793470878,0));
#1381=DIRECTION('',(-0.9063070509445025,-0.42261984029181476,0));
#1382=FACE_SURFACE('',(#1387),#1383,.T.);
#1383=PLANE('',#1384);
#1384=AXIS2_PLACEMENT_3D('',#86,#1385,#1386);
#1385=DIRECTION('',(0,0,-1));
#1386=DIRECTION('',(0.9960308865872561,0.08900827469513417,0));
#1387=FACE_BOUND('',#1388,.T.);
#1388=EDGE_LOOP('',(#1389,#1390,#1391));
#1389=ORIENTED_EDGE('',*,*,#1392,.T.);
#1390=ORIENTED_EDGE('',*,*,#1393,.T.);
#1391=ORIENTED_EDGE('',*,*,#1394,.T.);
#1392=EDGE_CURVE('',#87,#123,#1395,.F.);
#1393=EDGE_CURVE('',#123,#131,#1396,.T.);
#1394=EDGE_CURVE('',#131,#87,#1397,.T.);
#1395=LINE('',#86,#1398);
#1396=LINE('',#122,#1399);
#1397=LINE('',#130,#1400);
#1398=VECTOR('',#1401,1.0);
#1399=VECTOR('',#1402,1.0);
#1400=VECTOR('',#1403,1.0);
#1401=DIRECTION('',(0.9960308865872561,0.08900827469513417,0));
#1402=DIRECTION('',(0.9961946097407539,0.08715675259821838,0));
#1403=DIRECTION('',(-0.9960377070276287,-0.08893191878703399,0));
#1404=FACE_SURFACE('',(#1409),#1405,.T.);
#1405=PLANE('',#1406);
#1406=AXIS2_PLACEMENT_3D('',#126,#1407,#1408);
#1407=DIRECTION('',(0,0,-1));
#1408=DIRECTION('',(0.9063070509445025,0.42261984029181476,0));
#1409=FACE_BOUND('',#1410,.T.);
#1410=EDGE_LOOP('',(#1411,#1412,#1413));
#1411=ORIENTED_EDGE('',*,*,#1414,.T.);
#1412=ORIENTED_EDGE('',*,*,#1415,.T.);
#1413=ORIENTED_EDGE('',*,*,#1416,.T.);
#1414=EDGE_CURVE('',#127,#125,#1417,.F.);
#1415=EDGE_CURVE('',#125,#91,#1418,.T.);
#1416=EDGE_CURVE('',#91,#127,#1419,.T.);
#1417=LINE('',#126,#1420);
#1418=LINE('',#124,#1421);
#1419=LINE('',#90,#1422);
#1420=VECTOR('',#1423,1.0);
#1421=VECTOR('',#1424,1.0);
#1422=VECTOR('',#1425,1.0);
#1423=DIRECTION('',(0.9063070509445025,0.42261984029181476,0));
#1424=DIRECTION('',(0.9887591251294612,-0.14951719791790632,0));
#1425=DIRECTION('',(-0.9925482152645435,0.12185253536619271,0));
#1426=FACE_SURFACE('',(#1431),#1427,.T.);
#1427=PLANE('',#1428);
#1428=AXIS2_PLACEMENT_3D('',#90,#1429,#1430);
#1429=DIRECTION('',(-0,0,-1));
#1430=DIRECTION('',(-0.9999999999999957,-9.243166897719534E-08,0));
#1431=FACE_BOUND('',#1432,.T.);
#1432=EDGE_LOOP('',(#1433,#1434,#1435));
#1433=ORIENTED_EDGE('',*,*,#1436,.T.);
#1434=ORIENTED_EDGE('',*,*,#1437,.T.);
#1435=ORIENTED_EDGE('',*,*,#1438,.T.);
#1436=EDGE_CURVE('',#91,#87,#1439,.F.);
#1437=EDGE_CURVE('',#87,#131,#1440,.T.);
#1438=EDGE_CURVE('',#131,#91,#1441,.T.);
#1439=LINE('',#90,#1442);
#1440=LINE('',#86,#1443);
#1441=LINE('',#130,#1444);
#1442=VECTOR('',#1445,1.0);
#1443=VECTOR('',#1446,1.0);
#1444=VECTOR('',#1447,1.0);
#1445=DIRECTION('',(-0.9999999999999957,-9.243166897719534E-08,0));
#1446=DIRECTION('',(0.9960377070276287,0.08893191878703399,0));
#1447=DIRECTION('',(0.9945861618882976,-0.10391518936279162,0));
#1448=FACE_SURFACE('',(#1453),#1449,.T.);
#1449=PLANE('',#1450);
#1450=AXIS2_PLACEMENT_3D('',#130,#1451,#1452);
#1451=DIRECTION('',(0,0,-1));
#1452=DIRECTION('',(0.9659262796443036,0.258817353151821,0));
#1453=FACE_BOUND('',#1454,.T.);
#1454=EDGE_LOOP('',(#1455,#1456,#1457));
#1455=ORIENTED_EDGE('',*,*,#1458,.T.);
#1456=ORIENTED_EDGE('',*,*,#1459,.T.);
#1457=ORIENTED_EDGE('',*,*,#1460,.T.);
#1458=EDGE_CURVE('',#131,#127,#1461,.F.);
#1459=EDGE_CURVE('',#127,#91,#1462,.T.);
#1460=EDGE_CURVE('',#91,#131,#1463,.T.);
#1461=LINE('',#130,#1464);
#1462=LINE('',#126,#1465);
#1463=LINE('',#90,#1466);
#1464=VECTOR('',#1467,1.0);
#1465=VECTOR('',#1468,1.0);
#1466=VECTOR('',#1469,1.0);
#1467=DIRECTION('',(0.9659262796443036,0.258817353151821,0));
#1468=DIRECTION('',(0.9925482152645435,-0.12185253536619271,0));
#1469=DIRECTION('',(-0.9945861618882976,0.10391518936279162,0));
#1470=FACE_SURFACE('',(#1475),#1471,.T.);
#1471=PLANE('',#1472);
#1472=AXIS2_PLACEMENT_3D('',#52,#1473,#1474);
#1473=DIRECTION('',(-1.1973004257344018E-16,-3.208153493680092E-17,-1));
#1474=DIRECTION('',(-0.4155887813318521,-0.9095526179562708,7.893830657172955E-17));
#1475=FACE_BOUND('',#1476,.T.);
#1476=EDGE_LOOP('',(#1477,#1478,#1479));
#1477=ORIENTED_EDGE('',*,*,#1480,.T.);
#1478=ORIENTED_EDGE('',*,*,#1481,.T.);
#1479=ORIENTED_EDGE('',*,*,#1482,.T.);
#1480=EDGE_CURVE('',#53,#101,#1483,.F.);
#1481=EDGE_CURVE('',#101,#133,#1484,.T.);
#1482=EDGE_CURVE('',#133,#53,#1485,.T.);
#1483=LINE('',#52,#1486);
#1484=LINE('',#100,#1487);
#1485=LINE('',#132,#1488);
#1486=VECTOR('',#1489,1.0);
#1487=VECTOR('',#1490,1.0);
#1488=VECTOR('',#1491,1.0);
#1489=DIRECTION('',(-0.4155887813318521,-0.9095526179562708,7.893830657172955E-17));
#1490=DIRECTION('',(-0.2588187945965758,0.9659258934118992,0));
#1491=DIRECTION('',(0.4295784644709841,0.9030295359858123,-8.040402144743587E-17));
#1492=FACE_SURFACE('',(#1497),#1493,.T.);
#1493=PLANE('',#1494);
#1494=AXIS2_PLACEMENT_3D('',#52,#1495,#1496);
#1495=DIRECTION('',(-9.451870335142954E-17,-4.407477320715854E-17,-1));
#1496=DIRECTION('',(-0.4295784644709841,-0.9030295359858123,8.040402144743587E-17));
#1497=FACE_BOUND('',#1498,.T.);
#1498=EDGE_LOOP('',(#1499,#1500,#1501));
#1499=ORIENTED_EDGE('',*,*,#1502,.T.);
#1500=ORIENTED_EDGE('',*,*,#1503,.T.);
#1501=ORIENTED_EDGE('',*,*,#1504,.T.);
#1502=EDGE_CURVE('',#53,#133,#1505,.F.);
#1503=EDGE_CURVE('',#133,#135,#1506,.T.);
#1504=EDGE_CURVE('',#135,#53,#1507,.T.);
#1505=LINE('',#52,#1508);
#1506=LINE('',#132,#1509);
#1507=LINE('',#134,#1510);
#1508=VECTOR('',#1511,1.0);
#1509=VECTOR('',#1512,1.0);
#1510=VECTOR('',#1513,1.0);
#1511=DIRECTION('',(-0.4295784644709841,-0.9030295359858123,8.040402144743587E-17));
#1512=DIRECTION('',(-0.4226180884318195,0.9063078678518877,0));
#1513=DIRECTION('',(0.44663683118428366,0.8947153407814475,-8.164990988243772E-17));
#1514=FACE_SURFACE('',(#1519),#1515,.T.);
#1515=PLANE('',#1516);
#1516=AXIS2_PLACEMENT_3D('',#136,#1517,#1518);
#1517=DIRECTION('',(1.175103157173762E-16,-3.148676153530237E-17,-1));
#1518=DIRECTION('',(-0.2588187945965758,-0.9659258934118992,0));
#1519=FACE_BOUND('',#1520,.T.);
#1520=EDGE_LOOP('',(#1521,#1522,#1523));
#1521=ORIENTED_EDGE('',*,*,#1524,.T.);
#1522=ORIENTED_EDGE('',*,*,#1525,.T.);
#1523=ORIENTED_EDGE('',*,*,#1526,.T.);
#1524=EDGE_CURVE('',#137,#73,#1527,.F.);
#1525=EDGE_CURVE('',#73,#71,#1528,.T.);
#1526=EDGE_CURVE('',#71,#137,#1529,.T.);
#1527=LINE('',#136,#1530);
#1528=LINE('',#72,#1531);
#1529=LINE('',#70,#1532);
#1530=VECTOR('',#1533,1.0);
#1531=VECTOR('',#1534,1.0);
#1532=VECTOR('',#1535,1.0);
#1533=DIRECTION('',(-0.2588187945965758,-0.9659258934118992,0));
#1534=DIRECTION('',(-0.42581169707963495,0.9048118028795608,-7.85268604315754E-17));
#1535=DIRECTION('',(0.43983817910543616,-0.8980770435776735,7.996306100269521E-17));
#1536=FACE_SURFACE('',(#1541),#1537,.T.);
#1537=PLANE('',#1538);
#1538=AXIS2_PLACEMENT_3D('',#138,#1539,#1540);
#1539=DIRECTION('',(9.312987461704445E-17,-4.342721686265179E-17,-1));
#1540=DIRECTION('',(-0.42261860646686616,-0.9063076262881186,0));
#1541=FACE_BOUND('',#1542,.T.);
#1542=EDGE_LOOP('',(#1543,#1544,#1545));
#1543=ORIENTED_EDGE('',*,*,#1546,.T.);
#1544=ORIENTED_EDGE('',*,*,#1547,.T.);
#1545=ORIENTED_EDGE('',*,*,#1548,.T.);
#1546=EDGE_CURVE('',#139,#137,#1549,.F.);
#1547=EDGE_CURVE('',#137,#71,#1550,.T.);
#1548=EDGE_CURVE('',#71,#139,#1551,.T.);
#1549=LINE('',#138,#1552);
#1550=LINE('',#136,#1553);
#1551=LINE('',#70,#1554);
#1552=VECTOR('',#1555,1.0);
#1553=VECTOR('',#1556,1.0);
#1554=VECTOR('',#1557,1.0);
#1555=DIRECTION('',(-0.42261860646686616,-0.9063076262881186,0));
#1556=DIRECTION('',(-0.43983817910543616,0.8980770435776735,-7.996306100269521E-17));
#1557=DIRECTION('',(0.45685992625499877,-0.8895386488412278,8.117749546061847E-17));
#1558=FACE_SURFACE('',(#1563),#1559,.T.);
#1559=PLANE('',#1560);
#1560=AXIS2_PLACEMENT_3D('',#52,#1561,#1562);
#1561=DIRECTION('',(-7.608625471779756E-17,-5.327614717879752E-17,-1));
#1562=DIRECTION('',(-0.44663683118428366,-0.8947153407814475,8.164990988243772E-17));
#1563=FACE_BOUND('',#1564,.T.);
#1564=EDGE_LOOP('',(#1565,#1566,#1567));
#1565=ORIENTED_EDGE('',*,*,#1568,.T.);
#1566=ORIENTED_EDGE('',*,*,#1569,.T.);
#1567=ORIENTED_EDGE('',*,*,#1570,.T.);
#1568=EDGE_CURVE('',#53,#135,#1571,.F.);
#1569=EDGE_CURVE('',#135,#141,#1572,.T.);
#1570=EDGE_CURVE('',#141,#53,#1573,.T.);
#1571=LINE('',#52,#1574);
#1572=LINE('',#134,#1575);
#1573=LINE('',#140,#1576);
#1574=VECTOR('',#1577,1.0);
#1575=VECTOR('',#1578,1.0);
#1576=VECTOR('',#1579,1.0);
#1577=DIRECTION('',(-0.44663683118428366,-0.8947153407814475,8.164990988243772E-17));
#1578=DIRECTION('',(-0.5735762779342284,0.819152155213619,0));
#1579=DIRECTION('',(0.466113102098974,0.8847251415279616,-8.259954706643144E-17));
#1580=FACE_SURFACE('',(#1585),#1581,.T.);
#1581=PLANE('',#1582);
#1582=AXIS2_PLACEMENT_3D('',#52,#1583,#1584);
#1583=DIRECTION('',(-6.114688822299106E-17,-6.114687915354577E-17,-1));
#1584=DIRECTION('',(-0.466113102098974,-0.8847251415279616,8.259954706643144E-17));
#1585=FACE_BOUND('',#1586,.T.);
#1586=EDGE_LOOP('',(#1587,#1588,#1589));
#1587=ORIENTED_EDGE('',*,*,#1590,.T.);
#1588=ORIENTED_EDGE('',*,*,#1591,.T.);
#1589=ORIENTED_EDGE('',*,*,#1592,.T.);
#1590=EDGE_CURVE('',#53,#141,#1593,.F.);
#1591=EDGE_CURVE('',#141,#143,#1594,.T.);
#1592=EDGE_CURVE('',#143,#53,#1595,.T.);
#1593=LINE('',#52,#1596);
#1594=LINE('',#140,#1597);
#1595=LINE('',#142,#1598);
#1596=VECTOR('',#1599,1.0);
#1597=VECTOR('',#1600,1.0);
#1598=VECTOR('',#1601,1.0);
#1599=DIRECTION('',(-0.466113102098974,-0.8847251415279616,8.259954706643144E-17));
#1600=DIRECTION('',(-0.7071067287467001,0.707106833626391,0));
#1601=DIRECTION('',(0.4871713391449708,0.8733064103255488,-8.318897295633551E-17));
#1602=FACE_SURFACE('',(#1607),#1603,.T.);
#1603=PLANE('',#1604);
#1604=AXIS2_PLACEMENT_3D('',#144,#1605,#1606);
#1605=DIRECTION('',(7.518374663355635E-17,-5.264420447502763E-17,-1));
#1606=DIRECTION('',(-0.5735762779342284,-0.819152155213619,0));
#1607=FACE_BOUND('',#1608,.T.);
#1608=EDGE_LOOP('',(#1609,#1610,#1611));
#1609=ORIENTED_EDGE('',*,*,#1612,.T.);
#1610=ORIENTED_EDGE('',*,*,#1613,.T.);
#1611=ORIENTED_EDGE('',*,*,#1614,.T.);
#1612=EDGE_CURVE('',#145,#139,#1615,.F.);
#1613=EDGE_CURVE('',#139,#71,#1616,.T.);
#1614=EDGE_CURVE('',#71,#145,#1617,.T.);
#1615=LINE('',#144,#1618);
#1616=LINE('',#138,#1619);
#1617=LINE('',#70,#1620);
#1618=VECTOR('',#1621,1.0);
#1619=VECTOR('',#1622,1.0);
#1620=VECTOR('',#1623,1.0);
#1621=DIRECTION('',(-0.5735762779342284,-0.819152155213619,0));
#1622=DIRECTION('',(-0.45685992625499877,0.8895386488412278,-8.117749546061847E-17));
#1623=DIRECTION('',(0.47622060388616794,-0.8793258420143772,8.209545865143757E-17));
#1624=FACE_SURFACE('',(#1629),#1625,.T.);
#1625=PLANE('',#1626);
#1626=AXIS2_PLACEMENT_3D('',#146,#1627,#1628);
#1627=DIRECTION('',(6.056263641759288E-17,-6.056262743480514E-17,-1));
#1628=DIRECTION('',(-0.7071067287467001,-0.707106833626391,0));
#1629=FACE_BOUND('',#1630,.T.);
#1630=EDGE_LOOP('',(#1631,#1632,#1633));
#1631=ORIENTED_EDGE('',*,*,#1634,.T.);
#1632=ORIENTED_EDGE('',*,*,#1635,.T.);
#1633=ORIENTED_EDGE('',*,*,#1636,.T.);
#1634=EDGE_CURVE('',#147,#145,#1637,.F.);
#1635=EDGE_CURVE('',#145,#71,#1638,.T.);
#1636=EDGE_CURVE('',#71,#147,#1639,.T.);
#1637=LINE('',#146,#1640);
#1638=LINE('',#144,#1641);
#1639=LINE('',#70,#1642);
#1640=VECTOR('',#1643,1.0);
#1641=VECTOR('',#1644,1.0);
#1642=VECTOR('',#1645,1.0);
#1643=DIRECTION('',(-0.7071067287467001,-0.707106833626391,0));
#1644=DIRECTION('',(-0.47622060388616794,0.8793258420143772,-8.209545865143757E-17));
#1645=DIRECTION('',(0.49708518258426626,-0.8677017467166738,8.265508679235526E-17));
#1646=FACE_SURFACE('',(#1651),#1647,.T.);
#1647=PLANE('',#1648);
#1648=AXIS2_PLACEMENT_3D('',#70,#1649,#1650);
#1649=DIRECTION('',(0,-9.525748577217537E-17,-1));
#1650=DIRECTION('',(1,0,0));
#1651=FACE_BOUND('',#1652,.T.);
#1652=EDGE_LOOP('',(#1653,#1654,#1655));
#1653=ORIENTED_EDGE('',*,*,#1656,.T.);
#1654=ORIENTED_EDGE('',*,*,#1657,.T.);
#1655=ORIENTED_EDGE('',*,*,#1658,.T.);
#1656=EDGE_CURVE('',#71,#53,#1659,.F.);
#1657=EDGE_CURVE('',#53,#143,#1660,.T.);
#1658=EDGE_CURVE('',#143,#71,#1661,.T.);
#1659=LINE('',#70,#1662);
#1660=LINE('',#52,#1663);
#1661=LINE('',#142,#1664);
#1662=VECTOR('',#1665,1.0);
#1663=VECTOR('',#1666,1.0);
#1664=VECTOR('',#1667,1.0);
#1665=DIRECTION('',(1,0,0));
#1666=DIRECTION('',(-0.4871713391449708,-0.8733064103255488,8.318897295633551E-17));
#1667=DIRECTION('',(-0.6173051379259372,0.7867238185603888,-7.494133295314771E-17));
#1668=FACE_SURFACE('',(#1673),#1669,.T.);
#1669=PLANE('',#1670);
#1670=AXIS2_PLACEMENT_3D('',#70,#1671,#1672);
#1671=DIRECTION('',(-1.4803055212673292E-16,-2.1141009008134717E-16,-1));
#1672=DIRECTION('',(0.6173051379259372,-0.7867238185603888,7.494133295314771E-17));
#1673=FACE_BOUND('',#1674,.T.);
#1674=EDGE_LOOP('',(#1675,#1676,#1677));
#1675=ORIENTED_EDGE('',*,*,#1678,.T.);
#1676=ORIENTED_EDGE('',*,*,#1679,.T.);
#1677=ORIENTED_EDGE('',*,*,#1680,.T.);
#1678=EDGE_CURVE('',#71,#143,#1681,.F.);
#1679=EDGE_CURVE('',#143,#149,#1682,.T.);
#1680=EDGE_CURVE('',#149,#71,#1683,.T.);
#1681=LINE('',#70,#1684);
#1682=LINE('',#142,#1685);
#1683=LINE('',#148,#1686);
#1684=VECTOR('',#1687,1.0);
#1685=VECTOR('',#1688,1.0);
#1686=VECTOR('',#1689,1.0);
#1687=DIRECTION('',(0.6173051379259372,-0.7867238185603888,7.494133295314771E-17));
#1688=DIRECTION('',(-0.8191527481039876,0.5735754311977499,0));
#1689=DIRECTION('',(-0.6120166048025206,0.7908449123854787,-7.659543824814353E-17));
#1690=FACE_SURFACE('',(#1695),#1691,.T.);
#1691=PLANE('',#1692);
#1692=AXIS2_PLACEMENT_3D('',#150,#1693,#1694);
#1693=DIRECTION('',(4.760428941978607E-17,-6.798614860180628E-17,-1));
#1694=DIRECTION('',(-0.8191527481039876,-0.5735754311977499,0));
#1695=FACE_BOUND('',#1696,.T.);
#1696=EDGE_LOOP('',(#1697,#1698,#1699));
#1697=ORIENTED_EDGE('',*,*,#1700,.T.);
#1698=ORIENTED_EDGE('',*,*,#1701,.T.);
#1699=ORIENTED_EDGE('',*,*,#1702,.T.);
#1700=EDGE_CURVE('',#151,#147,#1703,.F.);
#1701=EDGE_CURVE('',#147,#71,#1704,.T.);
#1702=EDGE_CURVE('',#71,#151,#1705,.T.);
#1703=LINE('',#150,#1706);
#1704=LINE('',#146,#1707);
#1705=LINE('',#70,#1708);
#1706=VECTOR('',#1709,1.0);
#1707=VECTOR('',#1710,1.0);
#1708=VECTOR('',#1711,1.0);
#1709=DIRECTION('',(-0.8191527481039876,-0.5735754311977499,0));
#1710=DIRECTION('',(-0.49708518258426626,0.8677017467166738,-8.265508679235526E-17));
#1711=DIRECTION('',(0.5185044427653797,-0.8550749340452936,8.281628709053106E-17));
#1712=FACE_SURFACE('',(#1717),#1713,.T.);
#1713=PLANE('',#1714);
#1714=AXIS2_PLACEMENT_3D('',#152,#1715,#1716);
#1715=DIRECTION('',(3.5207941486562515E-17,-7.550310556256473E-17,-1));
#1716=DIRECTION('',(-0.9063065679785717,-0.4226208760093409,0));
#1717=FACE_BOUND('',#1718,.T.);
#1718=EDGE_LOOP('',(#1719,#1720,#1721));
#1719=ORIENTED_EDGE('',*,*,#1722,.T.);
#1720=ORIENTED_EDGE('',*,*,#1723,.T.);
#1721=ORIENTED_EDGE('',*,*,#1724,.T.);
#1722=EDGE_CURVE('',#153,#151,#1725,.F.);
#1723=EDGE_CURVE('',#151,#71,#1726,.T.);
#1724=EDGE_CURVE('',#71,#153,#1727,.T.);
#1725=LINE('',#152,#1728);
#1726=LINE('',#150,#1729);
#1727=LINE('',#70,#1730);
#1728=VECTOR('',#1731,1.0);
#1729=VECTOR('',#1732,1.0);
#1730=VECTOR('',#1733,1.0);
#1731=DIRECTION('',(-0.9063065679785717,-0.4226208760093409,0));
#1732=DIRECTION('',(-0.5185044427653797,0.8550749340452936,-8.281628709053106E-17));
#1733=DIRECTION('',(0.533159213723911,-0.8460149247036372,8.26481925672171E-17));
#1734=FACE_SURFACE('',(#1739),#1735,.T.);
#1735=PLANE('',#1736);
#1736=AXIS2_PLACEMENT_3D('',#70,#1737,#1738);
#1737=DIRECTION('',(-7.066338353198225E-17,-1.5153742591547593E-16,-1));
#1738=DIRECTION('',(0.6120166048025206,-0.7908449123854787,7.659543824814353E-17));
#1739=FACE_BOUND('',#1740,.T.);
#1740=EDGE_LOOP('',(#1741,#1742,#1743));
#1741=ORIENTED_EDGE('',*,*,#1744,.T.);
#1742=ORIENTED_EDGE('',*,*,#1745,.T.);
#1743=ORIENTED_EDGE('',*,*,#1746,.T.);
#1744=EDGE_CURVE('',#71,#149,#1747,.F.);
#1745=EDGE_CURVE('',#149,#155,#1748,.T.);
#1746=EDGE_CURVE('',#155,#71,#1749,.T.);
#1747=LINE('',#70,#1750);
#1748=LINE('',#148,#1751);
#1749=LINE('',#154,#1752);
#1750=VECTOR('',#1753,1.0);
#1751=VECTOR('',#1754,1.0);
#1752=VECTOR('',#1755,1.0);
#1753=DIRECTION('',(0.6120166048025206,-0.7908449123854787,7.659543824814353E-17));
#1754=DIRECTION('',(-0.9063070509445025,0.42261984029181476,0));
#1755=DIRECTION('',(-0.6034412229829277,0.7974074807806036,-7.819587846458611E-17));
#1756=FACE_SURFACE('',(#1761),#1757,.T.);
#1757=PLANE('',#1758);
#1758=AXIS2_PLACEMENT_3D('',#154,#1759,#1760);
#1759=DIRECTION('',(0,0,-1));
#1760=DIRECTION('',(-0.9659270148331982,0.25881460935470096,0));
#1761=FACE_BOUND('',#1762,.T.);
#1762=EDGE_LOOP('',(#1763,#1764,#1765));
#1763=ORIENTED_EDGE('',*,*,#1766,.T.);
#1764=ORIENTED_EDGE('',*,*,#1767,.T.);
#1765=ORIENTED_EDGE('',*,*,#1768,.T.);
#1766=EDGE_CURVE('',#155,#157,#1769,.F.);
#1767=EDGE_CURVE('',#157,#159,#1770,.T.);
#1768=EDGE_CURVE('',#159,#155,#1771,.T.);
#1769=LINE('',#154,#1772);
#1770=LINE('',#156,#1773);
#1771=LINE('',#158,#1774);
#1772=VECTOR('',#1775,1.0);
#1773=VECTOR('',#1776,1.0);
#1774=VECTOR('',#1777,1.0);
#1775=DIRECTION('',(-0.9659270148331982,0.25881460935470096,0));
#1776=DIRECTION('',(-0.9659259416736989,0.25881861448083243,0));
#1777=DIRECTION('',(0.9659262690825757,-0.2588173925689995,0));
#1778=FACE_SURFACE('',(#1783),#1779,.T.);
#1779=PLANE('',#1780);
#1780=AXIS2_PLACEMENT_3D('',#70,#1781,#1782);
#1781=DIRECTION('',(-3.295865792075693E-17,-1.2300422766556692E-16,-1));
#1782=DIRECTION('',(0.6034412229829277,-0.7974074807806036,7.819587846458611E-17));
#1783=FACE_BOUND('',#1784,.T.);
#1784=EDGE_LOOP('',(#1785,#1786,#1787));
#1785=ORIENTED_EDGE('',*,*,#1788,.T.);
#1786=ORIENTED_EDGE('',*,*,#1789,.T.);
#1787=ORIENTED_EDGE('',*,*,#1790,.T.);
#1788=EDGE_CURVE('',#71,#155,#1791,.F.);
#1789=EDGE_CURVE('',#155,#159,#1792,.T.);
#1790=EDGE_CURVE('',#159,#71,#1793,.T.);
#1791=LINE('',#70,#1794);
#1792=LINE('',#154,#1795);
#1793=LINE('',#158,#1796);
#1794=VECTOR('',#1797,1.0);
#1795=VECTOR('',#1798,1.0);
#1796=VECTOR('',#1799,1.0);
#1797=DIRECTION('',(0.6034412229829277,-0.7974074807806036,7.819587846458611E-17));
#1798=DIRECTION('',(-0.9659262690825757,0.2588173925689995,0));
#1799=DIRECTION('',(-0.5916160957858957,0.8062198181681307,-7.96695735410237E-17));
#1800=FACE_SURFACE('',(#1805),#1801,.T.);
#1801=PLANE('',#1802);
#1802=AXIS2_PLACEMENT_3D('',#160,#1803,#1804);
#1803=DIRECTION('',(3.5207674742493444E-17,-7.550327366486881E-17,-1));
#1804=DIRECTION('',(-0.9063081547695507,-0.42261747313405296,0));
#1805=FACE_BOUND('',#1806,.T.);
#1806=EDGE_LOOP('',(#1807,#1808,#1809));
#1807=ORIENTED_EDGE('',*,*,#1810,.T.);
#1808=ORIENTED_EDGE('',*,*,#1811,.T.);
#1809=ORIENTED_EDGE('',*,*,#1812,.T.);
#1810=EDGE_CURVE('',#161,#153,#1813,.F.);
#1811=EDGE_CURVE('',#153,#71,#1814,.T.);
#1812=EDGE_CURVE('',#71,#161,#1815,.T.);
#1813=LINE('',#160,#1816);
#1814=LINE('',#152,#1817);
#1815=LINE('',#70,#1818);
#1816=VECTOR('',#1819,1.0);
#1817=VECTOR('',#1820,1.0);
#1818=VECTOR('',#1821,1.0);
#1819=DIRECTION('',(-0.9063081547695507,-0.42261747313405296,0));
#1820=DIRECTION('',(-0.533159213723911,0.8460149247036372,-8.26481925672171E-17));
#1821=DIRECTION('',(0.5395023473036572,-0.8419840956062318,8.256717875870329E-17));
#1822=FACE_SURFACE('',(#1827),#1823,.T.);
#1823=PLANE('',#1824);
#1824=AXIS2_PLACEMENT_3D('',#162,#1825,#1826);
#1825=DIRECTION('',(2.242544879774615E-17,-8.369350069759168E-17,-1));
#1826=DIRECTION('',(-0.9659262796443036,-0.258817353151821,0));
#1827=FACE_BOUND('',#1828,.T.);
#1828=EDGE_LOOP('',(#1829,#1830,#1831));
#1829=ORIENTED_EDGE('',*,*,#1832,.T.);
#1830=ORIENTED_EDGE('',*,*,#1833,.T.);
#1831=ORIENTED_EDGE('',*,*,#1834,.T.);
#1832=EDGE_CURVE('',#163,#161,#1835,.F.);
#1833=EDGE_CURVE('',#161,#71,#1836,.T.);
#1834=EDGE_CURVE('',#71,#163,#1837,.T.);
#1835=LINE('',#162,#1838);
#1836=LINE('',#160,#1839);
#1837=LINE('',#70,#1840);
#1838=VECTOR('',#1841,1.0);
#1839=VECTOR('',#1842,1.0);
#1840=VECTOR('',#1843,1.0);
#1841=DIRECTION('',(-0.9659262796443036,-0.258817353151821,0));
#1842=DIRECTION('',(-0.5395023473036572,0.8419840956062318,-8.256717875870329E-17));
#1843=DIRECTION('',(0.5591679333607082,-0.829054414559813,8.192605808222526E-17));
#1844=FACE_SURFACE('',(#1849),#1845,.T.);
#1845=PLANE('',#1846);
#1846=AXIS2_PLACEMENT_3D('',#70,#1847,#1848);
#1847=DIRECTION('',(-9.238888018320209E-18,-1.0559830765915412E-16,-1));
#1848=DIRECTION('',(0.5916160957858957,-0.8062198181681307,7.96695735410237E-17));
#1849=FACE_BOUND('',#1850,.T.);
#1850=EDGE_LOOP('',(#1851,#1852,#1853));
#1851=ORIENTED_EDGE('',*,*,#1854,.T.);
#1852=ORIENTED_EDGE('',*,*,#1855,.T.);
#1853=ORIENTED_EDGE('',*,*,#1856,.T.);
#1854=EDGE_CURVE('',#71,#159,#1857,.F.);
#1855=EDGE_CURVE('',#159,#165,#1858,.T.);
#1856=EDGE_CURVE('',#165,#71,#1859,.T.);
#1857=LINE('',#70,#1860);
#1858=LINE('',#158,#1861);
#1859=LINE('',#164,#1862);
#1860=VECTOR('',#1863,1.0);
#1861=VECTOR('',#1864,1.0);
#1862=VECTOR('',#1865,1.0);
#1863=DIRECTION('',(0.5916160957858957,-0.8062198181681307,7.96695735410237E-17));
#1864=DIRECTION('',(-0.9961945070707144,0.08715792610047741,0));
#1865=DIRECTION('',(-0.5767324595587833,0.8169330878910931,-8.093838494167228E-17));
#1866=FACE_SURFACE('',(#1871),#1867,.T.);
#1867=PLANE('',#1868);
#1868=AXIS2_PLACEMENT_3D('',#70,#1869,#1870);
#1869=DIRECTION('',(8.163979662107294E-18,-9.331235813712027E-17,-1));
#1870=DIRECTION('',(0.5767324595587833,-0.8169330878910931,8.093838494167228E-17));
#1871=FACE_BOUND('',#1872,.T.);
#1872=EDGE_LOOP('',(#1873,#1874,#1875));
#1873=ORIENTED_EDGE('',*,*,#1876,.T.);
#1874=ORIENTED_EDGE('',*,*,#1877,.T.);
#1875=ORIENTED_EDGE('',*,*,#1878,.T.);
#1876=EDGE_CURVE('',#71,#165,#1879,.F.);
#1877=EDGE_CURVE('',#165,#163,#1880,.T.);
#1878=EDGE_CURVE('',#163,#71,#1881,.T.);
#1879=LINE('',#70,#1882);
#1880=LINE('',#164,#1883);
#1881=LINE('',#162,#1884);
#1882=VECTOR('',#1885,1.0);
#1883=VECTOR('',#1886,1.0);
#1884=VECTOR('',#1887,1.0);
#1885=DIRECTION('',(0.5767324595587833,-0.8169330878910931,8.093838494167228E-17));
#1886=DIRECTION('',(-0.9961945069958548,-0.08715792695610629,0));
#1887=DIRECTION('',(-0.5591679333607082,0.829054414559813,-8.192605808222526E-17));
#1888=FACE_SURFACE('',(#1893),#1889,.T.);
#1889=PLANE('',#1890);
#1890=AXIS2_PLACEMENT_3D('',#166,#1891,#1892);
#1891=DIRECTION('',(-4.6786888279471357E-17,6.476977493463063E-17,1));
#1892=DIRECTION('',(-0.425811684857379,0.9048118086314525,-7.852686093077091E-17));
#1893=FACE_BOUND('',#1894,.T.);
#1894=EDGE_LOOP('',(#1895,#1896,#1897));
#1895=ORIENTED_EDGE('',*,*,#1898,.T.);
#1896=ORIENTED_EDGE('',*,*,#1899,.T.);
#1897=ORIENTED_EDGE('',*,*,#1900,.T.);
#1898=EDGE_CURVE('',#167,#169,#1901,.F.);
#1899=EDGE_CURVE('',#169,#171,#1902,.T.);
#1900=EDGE_CURVE('',#171,#167,#1903,.T.);
#1901=LINE('',#166,#1904);
#1902=LINE('',#168,#1905);
#1903=LINE('',#170,#1906);
#1904=VECTOR('',#1907,1.0);
#1905=VECTOR('',#1908,1.0);
#1906=VECTOR('',#1909,1.0);
#1907=DIRECTION('',(-0.425811684857379,0.9048118086314525,-7.852686093077091E-17));
#1908=DIRECTION('',(0,-1,6.476977493463063E-17));
#1909=DIRECTION('',(0.2697562928830247,0.9629286279107127,-4.9747612970087106E-17));
#1910=FACE_SURFACE('',(#1915),#1911,.T.);
#1911=PLANE('',#1912);
#1912=AXIS2_PLACEMENT_3D('',#58,#1913,#1914);
#1913=DIRECTION('',(4.818895465490298E-17,6.476977493463063E-17,1));
#1914=DIRECTION('',(0,1,-6.476977493463063E-17));
#1915=FACE_BOUND('',#1916,.T.);
#1916=EDGE_LOOP('',(#1917,#1918,#1919));
#1917=ORIENTED_EDGE('',*,*,#1920,.T.);
#1918=ORIENTED_EDGE('',*,*,#1921,.T.);
#1919=ORIENTED_EDGE('',*,*,#1922,.T.);
#1920=EDGE_CURVE('',#59,#51,#1923,.F.);
#1921=EDGE_CURVE('',#51,#173,#1924,.T.);
#1922=EDGE_CURVE('',#173,#59,#1925,.T.);
#1923=LINE('',#58,#1926);
#1924=LINE('',#50,#1927);
#1925=LINE('',#172,#1928);
#1926=VECTOR('',#1929,1.0);
#1927=VECTOR('',#1930,1.0);
#1928=VECTOR('',#1931,1.0);
#1929=DIRECTION('',(0,1,-6.476977493463063E-17));
#1930=DIRECTION('',(-0.41558876891647006,-0.9095526236290524,7.893830706405926E-17));
#1931=DIRECTION('',(0.26245584786808007,-0.9649440024788212,4.9851732913245884E-17));
#1932=FACE_SURFACE('',(#1937),#1933,.T.);
#1933=PLANE('',#1934);
#1934=AXIS2_PLACEMENT_3D('',#58,#1935,#1936);
#1935=DIRECTION('',(-2.800113746710865E-16,-2.4497680464395308E-17,1));
#1936=DIRECTION('',(-0.26245584786808007,0.9649440024788212,-4.9851732913245884E-17));
#1937=FACE_BOUND('',#1938,.T.);
#1938=EDGE_LOOP('',(#1939,#1940,#1941));
#1939=ORIENTED_EDGE('',*,*,#1942,.T.);
#1940=ORIENTED_EDGE('',*,*,#1943,.T.);
#1941=ORIENTED_EDGE('',*,*,#1944,.T.);
#1942=EDGE_CURVE('',#59,#173,#1945,.F.);
#1943=EDGE_CURVE('',#173,#175,#1946,.T.);
#1944=EDGE_CURVE('',#175,#59,#1947,.T.);
#1945=LINE('',#58,#1948);
#1946=LINE('',#172,#1949);
#1947=LINE('',#174,#1950);
#1948=VECTOR('',#1951,1.0);
#1949=VECTOR('',#1952,1.0);
#1950=VECTOR('',#1953,1.0);
#1951=DIRECTION('',(-0.26245584786808007,0.9649440024788212,-4.9851732913245884E-17));
#1952=DIRECTION('',(0.08715524676759534,-0.9961947414842539,0));
#1953=DIRECTION('',(0.26506530302404663,-0.964230462665835,5.05998901089478E-17));
#1954=FACE_SURFACE('',(#1959),#1955,.T.);
#1955=PLANE('',#1956);
#1956=AXIS2_PLACEMENT_3D('',#176,#1957,#1958);
#1957=DIRECTION('',(2.681646679539997E-16,-2.3461233869854284E-17,1));
#1958=DIRECTION('',(0.08715524676759534,0.9961947414842539,0));
#1959=FACE_BOUND('',#1960,.T.);
#1960=EDGE_LOOP('',(#1961,#1962,#1963));
#1961=ORIENTED_EDGE('',*,*,#1964,.T.);
#1962=ORIENTED_EDGE('',*,*,#1965,.T.);
#1963=ORIENTED_EDGE('',*,*,#1966,.T.);
#1964=EDGE_CURVE('',#177,#167,#1967,.F.);
#1965=EDGE_CURVE('',#167,#171,#1968,.T.);
#1966=EDGE_CURVE('',#171,#177,#1969,.T.);
#1967=LINE('',#176,#1970);
#1968=LINE('',#166,#1971);
#1969=LINE('',#170,#1972);
#1970=VECTOR('',#1973,1.0);
#1971=VECTOR('',#1974,1.0);
#1972=VECTOR('',#1975,1.0);
#1973=DIRECTION('',(0.08715524676759534,0.9961947414842539,0));
#1974=DIRECTION('',(-0.2697562928830247,-0.9629286279107127,4.9747612970087106E-17));
#1975=DIRECTION('',(0.27246377607886574,0.9621660411409486,-5.049155552884233E-17));
#1976=FACE_SURFACE('',(#1981),#1977,.T.);
#1977=PLANE('',#1978);
#1978=AXIS2_PLACEMENT_3D('',#178,#1979,#1980);
#1979=DIRECTION('',(1.4157485350704123E-16,1.238615356905515E-17,1));
#1980=DIRECTION('',(-0.08715545537218271,0.9961947232337999,0));
#1981=FACE_BOUND('',#1982,.T.);
#1982=EDGE_LOOP('',(#1983,#1984,#1985));
#1983=ORIENTED_EDGE('',*,*,#1986,.T.);
#1984=ORIENTED_EDGE('',*,*,#1987,.T.);
#1985=ORIENTED_EDGE('',*,*,#1988,.T.);
#1986=EDGE_CURVE('',#179,#177,#1989,.F.);
#1987=EDGE_CURVE('',#177,#171,#1990,.T.);
#1988=EDGE_CURVE('',#171,#179,#1991,.T.);
#1989=LINE('',#178,#1992);
#1990=LINE('',#176,#1993);
#1991=LINE('',#170,#1994);
#1992=VECTOR('',#1995,1.0);
#1993=VECTOR('',#1996,1.0);
#1994=VECTOR('',#1997,1.0);
#1995=DIRECTION('',(-0.08715545537218271,0.9961947232337999,0));
#1996=DIRECTION('',(-0.27246377607886574,-0.9621660411409486,5.049155552884233E-17));
#1997=DIRECTION('',(0.27773768973532553,0.9606569500609903,-5.1219517248298364E-17));
#1998=FACE_SURFACE('',(#2003),#1999,.T.);
#1999=PLANE('',#2000);
#2000=AXIS2_PLACEMENT_3D('',#58,#2001,#2002);
#2001=DIRECTION('',(-1.4480932293361673E-16,1.2669132036202108E-17,1));
#2002=DIRECTION('',(-0.26506530302404663,0.964230462665835,-5.05998901089478E-17));
#2003=FACE_BOUND('',#2004,.T.);
#2004=EDGE_LOOP('',(#2005,#2006,#2007));
#2005=ORIENTED_EDGE('',*,*,#2008,.T.);
#2006=ORIENTED_EDGE('',*,*,#2009,.T.);
#2007=ORIENTED_EDGE('',*,*,#2010,.T.);
#2008=EDGE_CURVE('',#59,#175,#2011,.F.);
#2009=EDGE_CURVE('',#175,#181,#2012,.T.);
#2010=EDGE_CURVE('',#181,#59,#2013,.T.);
#2011=LINE('',#58,#2014);
#2012=LINE('',#174,#2015);
#2013=LINE('',#180,#2016);
#2014=VECTOR('',#2017,1.0);
#2015=VECTOR('',#2018,1.0);
#2016=VECTOR('',#2019,1.0);
#2017=DIRECTION('',(-0.26506530302404663,0.964230462665835,-5.05998901089478E-17));
#2018=DIRECTION('',(-0.08715545537218271,-0.9961947232337999,0));
#2019=DIRECTION('',(0.27025524746841306,-0.9627887105776568,5.1333176702430984E-17));
#2020=FACE_SURFACE('',(#2025),#2021,.T.);
#2021=PLANE('',#2022);
#2022=AXIS2_PLACEMENT_3D('',#58,#2023,#2024);
#2023=DIRECTION('',(-9.717897085124433E-17,2.6038994444856813E-17,1));
#2024=DIRECTION('',(-0.27025524746841306,0.9627887105776568,-5.1333176702430984E-17));
#2025=FACE_BOUND('',#2026,.T.);
#2026=EDGE_LOOP('',(#2027,#2028,#2029));
#2027=ORIENTED_EDGE('',*,*,#2030,.T.);
#2028=ORIENTED_EDGE('',*,*,#2031,.T.);
#2029=ORIENTED_EDGE('',*,*,#2032,.T.);
#2030=EDGE_CURVE('',#59,#181,#2033,.F.);
#2031=EDGE_CURVE('',#181,#183,#2034,.T.);
#2032=EDGE_CURVE('',#183,#59,#2035,.T.);
#2033=LINE('',#58,#2036);
#2034=LINE('',#180,#2037);
#2035=LINE('',#182,#2038);
#2036=VECTOR('',#2039,1.0);
#2037=VECTOR('',#2040,1.0);
#2038=VECTOR('',#2041,1.0);
#2039=DIRECTION('',(-0.27025524746841306,0.9627887105776568,-5.1333176702430984E-17));
#2040=DIRECTION('',(-0.258818745409255,-0.9659259065915871,0));
#2041=DIRECTION('',(0.277950530752864,-0.9605953895653472,5.202388453876739E-17));
#2042=FACE_SURFACE('',(#2047),#2043,.T.);
#2043=PLANE('',#2044);
#2044=AXIS2_PLACEMENT_3D('',#184,#2045,#2046);
#2045=DIRECTION('',(9.571154212777458E-17,2.564579859143352E-17,1));
#2046=DIRECTION('',(-0.258818745409255,0.9659259065915871,0));
#2047=FACE_BOUND('',#2048,.T.);
#2048=EDGE_LOOP('',(#2049,#2050,#2051));
#2049=ORIENTED_EDGE('',*,*,#2052,.T.);
#2050=ORIENTED_EDGE('',*,*,#2053,.T.);
#2051=ORIENTED_EDGE('',*,*,#2054,.T.);
#2052=EDGE_CURVE('',#185,#179,#2055,.F.);
#2053=EDGE_CURVE('',#179,#171,#2056,.T.);
#2054=EDGE_CURVE('',#171,#185,#2057,.T.);
#2055=LINE('',#184,#2058);
#2056=LINE('',#178,#2059);
#2057=LINE('',#170,#2060);
#2058=VECTOR('',#2061,1.0);
#2059=VECTOR('',#2062,1.0);
#2060=VECTOR('',#2063,1.0);
#2061=DIRECTION('',(-0.258818745409255,0.9659259065915871,0));
#2062=DIRECTION('',(-0.27773768973532553,-0.9606569500609903,5.1219517248298364E-17));
#2063=DIRECTION('',(0.28549809055241754,0.9583792778910256,-5.190386445630365E-17));
#2064=FACE_SURFACE('',(#2069),#2065,.T.);
#2065=PLANE('',#2066);
#2066=AXIS2_PLACEMENT_3D('',#186,#2067,#2068);
#2067=DIRECTION('',(7.086841707921535E-17,3.304648528024262E-17,1));
#2068=DIRECTION('',(-0.42261825832550515,0.9063077886291812,0));
#2069=FACE_BOUND('',#2070,.T.);
#2070=EDGE_LOOP('',(#2071,#2072,#2073));
#2071=ORIENTED_EDGE('',*,*,#2074,.T.);
#2072=ORIENTED_EDGE('',*,*,#2075,.T.);
#2073=ORIENTED_EDGE('',*,*,#2076,.T.);
#2074=EDGE_CURVE('',#187,#185,#2077,.F.);
#2075=EDGE_CURVE('',#185,#171,#2078,.T.);
#2076=EDGE_CURVE('',#171,#187,#2079,.T.);
#2077=LINE('',#186,#2080);
#2078=LINE('',#184,#2081);
#2079=LINE('',#170,#2082);
#2080=VECTOR('',#2083,1.0);
#2081=VECTOR('',#2084,1.0);
#2082=VECTOR('',#2085,1.0);
#2083=DIRECTION('',(-0.42261825832550515,0.9063077886291812,0));
#2084=DIRECTION('',(-0.28549809055241754,-0.9583792778910256,5.190386445630365E-17));
#2085=DIRECTION('',(0.29555295781950847,0.9553263573900491,-5.251554869106673E-17));
#2086=FACE_SURFACE('',(#2091),#2087,.T.);
#2087=PLANE('',#2088);
#2088=AXIS2_PLACEMENT_3D('',#58,#2089,#2090);
#2089=DIRECTION('',(-7.166980861686977E-17,3.342013041440712E-17,1));
#2090=DIRECTION('',(-0.277950530752864,0.9605953895653472,-5.202388453876739E-17));
#2091=FACE_BOUND('',#2092,.T.);
#2092=EDGE_LOOP('',(#2093,#2094,#2095));
#2093=ORIENTED_EDGE('',*,*,#2096,.T.);
#2094=ORIENTED_EDGE('',*,*,#2097,.T.);
#2095=ORIENTED_EDGE('',*,*,#2098,.T.);
#2096=EDGE_CURVE('',#59,#183,#2099,.F.);
#2097=EDGE_CURVE('',#183,#189,#2100,.T.);
#2098=EDGE_CURVE('',#189,#59,#2101,.T.);
#2099=LINE('',#58,#2102);
#2100=LINE('',#182,#2103);
#2101=LINE('',#188,#2104);
#2102=VECTOR('',#2105,1.0);
#2103=VECTOR('',#2106,1.0);
#2104=VECTOR('',#2107,1.0);
#2105=DIRECTION('',(-0.277950530752864,0.9605953895653472,-5.202388453876739E-17));
#2106=DIRECTION('',(-0.42261774028992666,-0.9063080301929561,0));
#2107=DIRECTION('',(0.28796375467903157,-0.9576413086282121,5.2642804611019914E-17));
#2108=FACE_SURFACE('',(#2113),#2109,.T.);
#2109=PLANE('',#2110);
#2110=AXIS2_PLACEMENT_3D('',#58,#2111,#2112);
#2111=DIRECTION('',(-5.492146710891144E-17,3.845637442542108E-17,1));
#2112=DIRECTION('',(-0.28796375467903157,0.9576413086282121,-5.2642804611019914E-17));
#2113=FACE_BOUND('',#2114,.T.);
#2114=EDGE_LOOP('',(#2115,#2116,#2117));
#2115=ORIENTED_EDGE('',*,*,#2118,.T.);
#2116=ORIENTED_EDGE('',*,*,#2119,.T.);
#2117=ORIENTED_EDGE('',*,*,#2120,.T.);
#2118=EDGE_CURVE('',#59,#189,#2121,.F.);
#2119=EDGE_CURVE('',#189,#191,#2122,.T.);
#2120=EDGE_CURVE('',#191,#59,#2123,.T.);
#2121=LINE('',#58,#2124);
#2122=LINE('',#188,#2125);
#2123=LINE('',#190,#2126);
#2124=VECTOR('',#2127,1.0);
#2125=VECTOR('',#2128,1.0);
#2126=VECTOR('',#2129,1.0);
#2127=DIRECTION('',(-0.28796375467903157,0.9576413086282121,-5.2642804611019914E-17));
#2128=DIRECTION('',(-0.5735759274012885,-0.819152400659213,0));
#2129=DIRECTION('',(0.29999039694778734,-0.953942221384036,5.316107196471969E-17));
#2130=FACE_SURFACE('',(#2135),#2131,.T.);
#2131=PLANE('',#2132);
#2132=AXIS2_PLACEMENT_3D('',#186,#2133,#2134);
#2133=DIRECTION('',(0,5.4971317691410886E-17,1));
#2134=DIRECTION('',(-0.29555295781950847,-0.9553263573900491,5.251554869106673E-17));
#2135=FACE_BOUND('',#2136,.T.);
#2136=EDGE_LOOP('',(#2137,#2138,#2139));
#2137=ORIENTED_EDGE('',*,*,#2140,.T.);
#2138=ORIENTED_EDGE('',*,*,#2141,.T.);
#2139=ORIENTED_EDGE('',*,*,#2142,.T.);
#2140=EDGE_CURVE('',#187,#171,#2143,.F.);
#2141=EDGE_CURVE('',#171,#59,#2144,.T.);
#2142=EDGE_CURVE('',#59,#187,#2145,.T.);
#2143=LINE('',#186,#2146);
#2144=LINE('',#170,#2147);
#2145=LINE('',#58,#2148);
#2146=VECTOR('',#2149,1.0);
#2147=VECTOR('',#2150,1.0);
#2148=VECTOR('',#2151,1.0);
#2149=DIRECTION('',(-0.29555295781950847,-0.9553263573900491,5.251554869106673E-17));
#2150=DIRECTION('',(1,0,0));
#2151=DIRECTION('',(-0.4219107862341584,0.9066373522303582,-4.9839049920354617E-17));
#2152=FACE_SURFACE('',(#2157),#2153,.T.);
#2153=PLANE('',#2154);
#2154=AXIS2_PLACEMENT_3D('',#192,#2155,#2156);
#2155=DIRECTION('',(2.3407111577286653E-16,1.6389814300639597E-16,1));
#2156=DIRECTION('',(-0.5735759274012885,0.819152400659213,0));
#2157=FACE_BOUND('',#2158,.T.);
#2158=EDGE_LOOP('',(#2159,#2160,#2161));
#2159=ORIENTED_EDGE('',*,*,#2162,.T.);
#2160=ORIENTED_EDGE('',*,*,#2163,.T.);
#2161=ORIENTED_EDGE('',*,*,#2164,.T.);
#2162=EDGE_CURVE('',#193,#187,#2165,.F.);
#2163=EDGE_CURVE('',#187,#59,#2166,.T.);
#2164=EDGE_CURVE('',#59,#193,#2167,.T.);
#2165=LINE('',#192,#2168);
#2166=LINE('',#186,#2169);
#2167=LINE('',#58,#2170);
#2168=VECTOR('',#2171,1.0);
#2169=VECTOR('',#2172,1.0);
#2170=VECTOR('',#2173,1.0);
#2171=DIRECTION('',(-0.5735759274012885,0.819152400659213,0));
#2172=DIRECTION('',(0.4219107862341584,-0.9066373522303582,4.9839049920354617E-17));
#2173=DIRECTION('',(-0.4194978910438613,0.9077563105865762,-5.058723418647606E-17));
#2174=FACE_SURFACE('',(#2179),#2175,.T.);
#2175=PLANE('',#2176);
#2176=AXIS2_PLACEMENT_3D('',#58,#2177,#2178);
#2177=DIRECTION('',(-4.2395467786990443E-17,4.239548040533992E-17,1));
#2178=DIRECTION('',(-0.29999039694778734,0.953942221384036,-5.316107196471969E-17));
#2179=FACE_BOUND('',#2180,.T.);
#2180=EDGE_LOOP('',(#2181,#2182,#2183));
#2181=ORIENTED_EDGE('',*,*,#2184,.T.);
#2182=ORIENTED_EDGE('',*,*,#2185,.T.);
#2183=ORIENTED_EDGE('',*,*,#2186,.T.);
#2184=EDGE_CURVE('',#59,#191,#2187,.F.);
#2185=EDGE_CURVE('',#191,#195,#2188,.T.);
#2186=EDGE_CURVE('',#195,#59,#2189,.T.);
#2187=LINE('',#58,#2190);
#2188=LINE('',#190,#2191);
#2189=LINE('',#194,#2192);
#2190=VECTOR('',#2193,1.0);
#2191=VECTOR('',#2194,1.0);
#2192=VECTOR('',#2195,1.0);
#2193=DIRECTION('',(-0.29999039694778734,0.953942221384036,-5.316107196471969E-17));
#2194=DIRECTION('',(-0.7071068864161743,-0.7071066759569052,0));
#2195=DIRECTION('',(0.31361397557621373,-0.9495505643846892,5.355246354534189E-17));
#2196=FACE_SURFACE('',(#2201),#2197,.T.);
#2197=PLANE('',#2198);
#2198=AXIS2_PLACEMENT_3D('',#58,#2199,#2200);
#2199=DIRECTION('',(-3.207279948745404E-17,4.580481232024415E-17,1));
#2200=DIRECTION('',(-0.31361397557621373,0.9495505643846892,-5.355246354534189E-17));
#2201=FACE_BOUND('',#2202,.T.);
#2202=EDGE_LOOP('',(#2203,#2204,#2205));
#2203=ORIENTED_EDGE('',*,*,#2206,.T.);
#2204=ORIENTED_EDGE('',*,*,#2207,.T.);
#2205=ORIENTED_EDGE('',*,*,#2208,.T.);
#2206=EDGE_CURVE('',#59,#195,#2209,.F.);
#2207=EDGE_CURVE('',#195,#197,#2210,.T.);
#2208=EDGE_CURVE('',#197,#59,#2211,.T.);
#2209=LINE('',#58,#2212);
#2210=LINE('',#194,#2213);
#2211=LINE('',#196,#2214);
#2212=VECTOR('',#2215,1.0);
#2213=VECTOR('',#2216,1.0);
#2214=VECTOR('',#2217,1.0);
#2215=DIRECTION('',(-0.31361397557621373,0.9495505643846892,-5.355246354534189E-17));
#2216=DIRECTION('',(-0.8191526777163627,-0.5735755317219456,0));
#2217=DIRECTION('',(0.328323342334896,-0.9445653936483396,5.3795889306017665E-17));
#2218=FACE_SURFACE('',(#2223),#2219,.T.);
#2219=PLANE('',#2220);
#2220=AXIS2_PLACEMENT_3D('',#198,#2221,#2222);
#2221=DIRECTION('',(1.0360744263508442E-16,1.0360747347222311E-16,1));
#2222=DIRECTION('',(-0.7071068864161743,0.7071066759569052,0));
#2223=FACE_BOUND('',#2224,.T.);
#2224=EDGE_LOOP('',(#2225,#2226,#2227));
#2225=ORIENTED_EDGE('',*,*,#2228,.T.);
#2226=ORIENTED_EDGE('',*,*,#2229,.T.);
#2227=ORIENTED_EDGE('',*,*,#2230,.T.);
#2228=EDGE_CURVE('',#199,#193,#2231,.F.);
#2229=EDGE_CURVE('',#193,#59,#2232,.T.);
#2230=EDGE_CURVE('',#59,#199,#2233,.T.);
#2231=LINE('',#198,#2234);
#2232=LINE('',#192,#2235);
#2233=LINE('',#58,#2236);
#2234=VECTOR('',#2237,1.0);
#2235=VECTOR('',#2238,1.0);
#2236=VECTOR('',#2239,1.0);
#2237=DIRECTION('',(-0.7071068864161743,0.7071066759569052,0));
#2238=DIRECTION('',(0.4194978910438613,-0.9077563105865762,5.058723418647606E-17));
#2239=DIRECTION('',(-0.414643396805864,0.9099839852905627,-5.1320999667559735E-17));
#2240=FACE_SURFACE('',(#2245),#2241,.T.);
#2241=PLANE('',#2242);
#2242=AXIS2_PLACEMENT_3D('',#200,#2243,#2244);
#2243=DIRECTION('',(5.799310843338242E-17,8.282284123455534E-17,1));
#2244=DIRECTION('',(-0.8191523664869078,0.5735759762044597,0));
#2245=FACE_BOUND('',#2246,.T.);
#2246=EDGE_LOOP('',(#2247,#2248,#2249));
#2247=ORIENTED_EDGE('',*,*,#2250,.T.);
#2248=ORIENTED_EDGE('',*,*,#2251,.T.);
#2249=ORIENTED_EDGE('',*,*,#2252,.T.);
#2250=EDGE_CURVE('',#201,#199,#2253,.F.);
#2251=EDGE_CURVE('',#199,#59,#2254,.T.);
#2252=EDGE_CURVE('',#59,#201,#2255,.T.);
#2253=LINE('',#200,#2256);
#2254=LINE('',#198,#2257);
#2255=LINE('',#58,#2258);
#2256=VECTOR('',#2259,1.0);
#2257=VECTOR('',#2260,1.0);
#2258=VECTOR('',#2261,1.0);
#2259=DIRECTION('',(-0.8191523664869078,0.5735759762044597,0));
#2260=DIRECTION('',(0.414643396805864,-0.9099839852905627,5.1320999667559735E-17));
#2261=DIRECTION('',(-0.4073882213951963,0.9132550777676841,-5.201267101474997E-17));
#2262=FACE_SURFACE('',(#2267),#2263,.T.);
#2263=PLANE('',#2264);
#2264=AXIS2_PLACEMENT_3D('',#58,#2265,#2266);
#2265=DIRECTION('',(-2.2853706672131786E-17,4.9009294918034016E-17,1));
#2266=DIRECTION('',(-0.328323342334896,0.9445653936483396,-5.3795889306017665E-17));
#2267=FACE_BOUND('',#2268,.T.);
#2268=EDGE_LOOP('',(#2269,#2270,#2271));
#2269=ORIENTED_EDGE('',*,*,#2272,.T.);
#2270=ORIENTED_EDGE('',*,*,#2273,.T.);
#2271=ORIENTED_EDGE('',*,*,#2274,.T.);
#2272=EDGE_CURVE('',#59,#197,#2275,.F.);
#2273=EDGE_CURVE('',#197,#203,#2276,.T.);
#2274=EDGE_CURVE('',#203,#59,#2277,.T.);
#2275=LINE('',#58,#2278);
#2276=LINE('',#196,#2279);
#2277=LINE('',#202,#2280);
#2278=VECTOR('',#2281,1.0);
#2279=VECTOR('',#2282,1.0);
#2280=VECTOR('',#2283,1.0);
#2281=DIRECTION('',(-0.328323342334896,0.9445653936483396,-5.3795889306017665E-17));
#2282=DIRECTION('',(-0.9063056824315738,-0.4226227750515102,0));
#2283=DIRECTION('',(0.32858183016817055,-0.9444755057085045,5.379739136658468E-17));
#2284=FACE_SURFACE('',(#2289),#2285,.T.);
#2285=PLANE('',#2286);
#2286=AXIS2_PLACEMENT_3D('',#58,#2287,#2288);
#2287=DIRECTION('',(-2.2853530604170898E-17,4.900935617185582E-17,1));
#2288=DIRECTION('',(-0.32858183016817055,0.9444755057085045,-5.379739136658468E-17));
#2289=FACE_BOUND('',#2290,.T.);
#2290=EDGE_LOOP('',(#2291,#2292,#2293));
#2291=ORIENTED_EDGE('',*,*,#2294,.T.);
#2292=ORIENTED_EDGE('',*,*,#2295,.T.);
#2293=ORIENTED_EDGE('',*,*,#2296,.T.);
#2294=EDGE_CURVE('',#59,#203,#2297,.F.);
#2295=EDGE_CURVE('',#203,#205,#2298,.T.);
#2296=EDGE_CURVE('',#205,#59,#2299,.T.);
#2297=LINE('',#58,#2300);
#2298=LINE('',#202,#2301);
#2299=LINE('',#204,#2302);
#2300=VECTOR('',#2303,1.0);
#2301=VECTOR('',#2304,1.0);
#2302=VECTOR('',#2305,1.0);
#2303=DIRECTION('',(-0.32858183016817055,0.9444755057085045,-5.379739136658468E-17));
#2304=DIRECTION('',(-0.9063071318534208,-0.42261966678282514,0));
#2305=DIRECTION('',(0.3435419225739209,-0.9391373421572662,5.387766233743447E-17));
#2306=FACE_SURFACE('',(#2311),#2307,.T.);
#2307=PLANE('',#2308);
#2308=AXIS2_PLACEMENT_3D('',#206,#2309,#2310);
#2309=DIRECTION('',(3.35330656495742E-17,7.191161438509359E-17,1));
#2310=DIRECTION('',(-0.9063071635882137,0.42261959872761107,0));
#2311=FACE_BOUND('',#2312,.T.);
#2312=EDGE_LOOP('',(#2313,#2314,#2315));
#2313=ORIENTED_EDGE('',*,*,#2316,.T.);
#2314=ORIENTED_EDGE('',*,*,#2317,.T.);
#2315=ORIENTED_EDGE('',*,*,#2318,.T.);
#2316=EDGE_CURVE('',#207,#201,#2319,.F.);
#2317=EDGE_CURVE('',#201,#59,#2320,.T.);
#2318=EDGE_CURVE('',#59,#207,#2321,.T.);
#2319=LINE('',#206,#2322);
#2320=LINE('',#200,#2323);
#2321=LINE('',#58,#2324);
#2322=VECTOR('',#2325,1.0);
#2323=VECTOR('',#2326,1.0);
#2324=VECTOR('',#2327,1.0);
#2325=DIRECTION('',(-0.9063071635882137,0.42261959872761107,0));
#2326=DIRECTION('',(0.4073882213951963,-0.9132550777676841,5.201267101474997E-17));
#2327=DIRECTION('',(-0.397867894946595,0.9174427165609661,-5.263305661264285E-17));
#2328=FACE_SURFACE('',(#2333),#2329,.T.);
#2329=PLANE('',#2330);
#2330=AXIS2_PLACEMENT_3D('',#208,#2331,#2332);
#2331=DIRECTION('',(0,0,1));
#2332=DIRECTION('',(-0.965924085384767,0.2588255421584228,0));
#2333=FACE_BOUND('',#2334,.T.);
#2334=EDGE_LOOP('',(#2335,#2336,#2337));
#2335=ORIENTED_EDGE('',*,*,#2338,.T.);
#2336=ORIENTED_EDGE('',*,*,#2339,.T.);
#2337=ORIENTED_EDGE('',*,*,#2340,.T.);
#2338=EDGE_CURVE('',#209,#211,#2341,.F.);
#2339=EDGE_CURVE('',#211,#207,#2342,.T.);
#2340=EDGE_CURVE('',#207,#209,#2343,.T.);
#2341=LINE('',#208,#2344);
#2342=LINE('',#210,#2345);
#2343=LINE('',#206,#2346);
#2344=VECTOR('',#2347,1.0);
#2345=VECTOR('',#2348,1.0);
#2346=VECTOR('',#2349,1.0);
#2347=DIRECTION('',(-0.965924085384767,0.2588255421584228,0));
#2348=DIRECTION('',(-0.9659263373428671,0.2588171378162455,0));
#2349=DIRECTION('',(0.9659263007677451,-0.25881727431749874,0));
#2350=FACE_SURFACE('',(#2355),#2351,.T.);
#2351=PLANE('',#2352);
#2352=AXIS2_PLACEMENT_3D('',#208,#2353,#2354);
#2353=DIRECTION('',(1.7393032564342066E-17,6.491215722872629E-17,1));
#2354=DIRECTION('',(-0.9659263007677451,0.25881727431749874,0));
#2355=FACE_BOUND('',#2356,.T.);
#2356=EDGE_LOOP('',(#2357,#2358,#2359));
#2357=ORIENTED_EDGE('',*,*,#2360,.T.);
#2358=ORIENTED_EDGE('',*,*,#2361,.T.);
#2359=ORIENTED_EDGE('',*,*,#2362,.T.);
#2360=EDGE_CURVE('',#209,#207,#2363,.F.);
#2361=EDGE_CURVE('',#207,#59,#2364,.T.);
#2362=EDGE_CURVE('',#59,#209,#2365,.T.);
#2363=LINE('',#208,#2366);
#2364=LINE('',#206,#2367);
#2365=LINE('',#58,#2368);
#2366=VECTOR('',#2369,1.0);
#2367=VECTOR('',#2370,1.0);
#2368=VECTOR('',#2371,1.0);
#2369=DIRECTION('',(-0.9659263007677451,0.25881727431749874,0));
#2370=DIRECTION('',(0.397867894946595,-0.9174427165609661,5.263305661264285E-17));
#2371=DIRECTION('',(-0.38632341740915993,0.922363386719848,-5.315326140141381E-17));
#2372=FACE_SURFACE('',(#2377),#2373,.T.);
#2373=PLANE('',#2374);
#2374=AXIS2_PLACEMENT_3D('',#58,#2375,#2376);
#2375=DIRECTION('',(-1.399974424933964E-17,5.224812291007401E-17,1));
#2376=DIRECTION('',(-0.3435419225739209,0.9391373421572662,-5.387766233743447E-17));
#2377=FACE_BOUND('',#2378,.T.);
#2378=EDGE_LOOP('',(#2379,#2380,#2381));
#2379=ORIENTED_EDGE('',*,*,#2382,.T.);
#2380=ORIENTED_EDGE('',*,*,#2383,.T.);
#2381=ORIENTED_EDGE('',*,*,#2384,.T.);
#2382=EDGE_CURVE('',#59,#205,#2385,.F.);
#2383=EDGE_CURVE('',#205,#213,#2386,.T.);
#2384=EDGE_CURVE('',#213,#59,#2387,.T.);
#2385=LINE('',#58,#2388);
#2386=LINE('',#204,#2389);
#2387=LINE('',#212,#2390);
#2388=VECTOR('',#2391,1.0);
#2389=VECTOR('',#2392,1.0);
#2390=VECTOR('',#2393,1.0);
#2391=DIRECTION('',(-0.3435419225739209,0.9391373421572662,-5.387766233743447E-17));
#2392=DIRECTION('',(-0.9659262796443036,-0.258817353151821,0));
#2393=DIRECTION('',(0.35866572879634084,-0.9334660652573235,5.379307818409965E-17));
#2394=FACE_SURFACE('',(#2399),#2395,.T.);
#2395=PLANE('',#2396);
#2396=AXIS2_PLACEMENT_3D('',#214,#2397,#2398);
#2397=DIRECTION('',(5.233572518809283E-18,5.981927927381768E-17,1));
#2398=DIRECTION('',(-0.9961946059544059,0.08715679587585717,0));
#2399=FACE_BOUND('',#2400,.T.);
#2400=EDGE_LOOP('',(#2401,#2402,#2403));
#2401=ORIENTED_EDGE('',*,*,#2404,.T.);
#2402=ORIENTED_EDGE('',*,*,#2405,.T.);
#2403=ORIENTED_EDGE('',*,*,#2406,.T.);
#2404=EDGE_CURVE('',#215,#209,#2407,.F.);
#2405=EDGE_CURVE('',#209,#59,#2408,.T.);
#2406=EDGE_CURVE('',#59,#215,#2409,.T.);
#2407=LINE('',#214,#2410);
#2408=LINE('',#208,#2411);
#2409=LINE('',#58,#2412);
#2410=VECTOR('',#2413,1.0);
#2411=VECTOR('',#2414,1.0);
#2412=VECTOR('',#2415,1.0);
#2413=DIRECTION('',(-0.9961946059544059,0.08715679587585717,0));
#2414=DIRECTION('',(0.38632341740915993,-0.922363386719848,5.315326140141381E-17));
#2415=DIRECTION('',(-0.3731050931892521,0.9277890867197347,-5.3547001923345014E-17));
#2416=FACE_SURFACE('',(#2421),#2417,.T.);
#2417=PLANE('',#2418);
#2418=AXIS2_PLACEMENT_3D('',#58,#2419,#2420);
#2419=DIRECTION('',(-4.877815969314128E-18,5.575304202428019E-17,1));
#2420=DIRECTION('',(-0.35866572879634084,0.9334660652573235,-5.379307818409965E-17));
#2421=FACE_BOUND('',#2422,.T.);
#2422=EDGE_LOOP('',(#2423,#2424,#2425));
#2423=ORIENTED_EDGE('',*,*,#2426,.T.);
#2424=ORIENTED_EDGE('',*,*,#2427,.T.);
#2425=ORIENTED_EDGE('',*,*,#2428,.T.);
#2426=EDGE_CURVE('',#59,#213,#2429,.F.);
#2427=EDGE_CURVE('',#213,#215,#2430,.T.);
#2428=EDGE_CURVE('',#215,#59,#2431,.T.);
#2429=LINE('',#58,#2432);
#2430=LINE('',#212,#2433);
#2431=LINE('',#214,#2434);
#2432=VECTOR('',#2435,1.0);
#2433=VECTOR('',#2436,1.0);
#2434=VECTOR('',#2437,1.0);
#2435=DIRECTION('',(-0.35866572879634084,0.9334660652573235,-5.379307818409965E-17));
#2436=DIRECTION('',(-0.9961946099188643,-0.08715675056243048,0));
#2437=DIRECTION('',(0.3731050931892521,-0.9277890867197347,5.3547001923345014E-17));
#2438=FACE_SURFACE('',(#2443),#2439,.T.);
#2439=PLANE('',#2440);
#2440=AXIS2_PLACEMENT_3D('',#216,#2441,#2442);
#2441=DIRECTION('',(0,0,1));
#2442=DIRECTION('',(-0.9020293147167155,0.43167477965673723,0));
#2443=FACE_BOUND('',#2444,.T.);
#2444=EDGE_LOOP('',(#2445,#2446,#2447));
#2445=ORIENTED_EDGE('',*,*,#2448,.T.);
#2446=ORIENTED_EDGE('',*,*,#2449,.T.);
#2447=ORIENTED_EDGE('',*,*,#2450,.T.);
#2448=EDGE_CURVE('',#217,#219,#2451,.F.);
#2449=EDGE_CURVE('',#219,#221,#2452,.T.);
#2450=EDGE_CURVE('',#221,#217,#2453,.T.);
#2451=LINE('',#216,#2454);
#2452=LINE('',#218,#2455);
#2453=LINE('',#220,#2456);
#2454=VECTOR('',#2457,1.0);
#2455=VECTOR('',#2458,1.0);
#2456=VECTOR('',#2459,1.0);
#2457=DIRECTION('',(-0.9020293147167155,0.43167477965673723,0));
#2458=DIRECTION('',(0.4442134967011213,-0.8959209615521689,0));
#2459=DIRECTION('',(-0.4255626743731499,0.9049289531119955,0));
#2460=FACE_SURFACE('',(#2465),#2461,.T.);
#2461=PLANE('',#2462);
#2462=AXIS2_PLACEMENT_3D('',#220,#2463,#2464);
#2463=DIRECTION('',(0,0,1));
#2464=DIRECTION('',(0.9961945069958548,0.08715792695610629,0));
#2465=FACE_BOUND('',#2466,.T.);
#2466=EDGE_LOOP('',(#2467,#2468,#2469));
#2467=ORIENTED_EDGE('',*,*,#2470,.T.);
#2468=ORIENTED_EDGE('',*,*,#2471,.T.);
#2469=ORIENTED_EDGE('',*,*,#2472,.T.);
#2470=EDGE_CURVE('',#221,#223,#2473,.F.);
#2471=EDGE_CURVE('',#223,#225,#2474,.T.);
#2472=EDGE_CURVE('',#225,#221,#2475,.T.);
#2473=LINE('',#220,#2476);
#2474=LINE('',#222,#2477);
#2475=LINE('',#224,#2478);
#2476=VECTOR('',#2479,1.0);
#2477=VECTOR('',#2480,1.0);
#2478=VECTOR('',#2481,1.0);
#2479=DIRECTION('',(0.9961945069958548,0.08715792695610629,0));
#2480=DIRECTION('',(-7.996061181590007E-09,1,0));
#2481=DIRECTION('',(-0.12921355266717657,-0.9916167897969089,0));
#2482=FACE_SURFACE('',(#2487),#2483,.T.);
#2483=PLANE('',#2484);
#2484=AXIS2_PLACEMENT_3D('',#226,#2485,#2486);
#2485=DIRECTION('',(0,0,1));
#2486=DIRECTION('',(-0.9666040699499552,0.25627440753259406,0));
#2487=FACE_BOUND('',#2488,.T.);
#2488=EDGE_LOOP('',(#2489,#2490,#2491));
#2489=ORIENTED_EDGE('',*,*,#2492,.T.);
#2490=ORIENTED_EDGE('',*,*,#2493,.T.);
#2491=ORIENTED_EDGE('',*,*,#2494,.T.);
#2492=EDGE_CURVE('',#227,#217,#2495,.F.);
#2493=EDGE_CURVE('',#217,#221,#2496,.T.);
#2494=EDGE_CURVE('',#221,#227,#2497,.T.);
#2495=LINE('',#226,#2498);
#2496=LINE('',#216,#2499);
#2497=LINE('',#220,#2500);
#2498=VECTOR('',#2501,1.0);
#2499=VECTOR('',#2502,1.0);
#2500=VECTOR('',#2503,1.0);
#2501=DIRECTION('',(-0.9666040699499552,0.25627440753259406,0));
#2502=DIRECTION('',(0.4255626743731499,-0.9049289531119955,0));
#2503=DIRECTION('',(-0.19387445146976706,0.9810263488139841,0));
#2504=FACE_SURFACE('',(#2509),#2505,.T.);
#2505=PLANE('',#2506);
#2506=AXIS2_PLACEMENT_3D('',#220,#2507,#2508);
#2507=DIRECTION('',(0,-0,1));
#2508=DIRECTION('',(0.12921355266717657,0.9916167897969089,0));
#2509=FACE_BOUND('',#2510,.T.);
#2510=EDGE_LOOP('',(#2511,#2512,#2513));
#2511=ORIENTED_EDGE('',*,*,#2514,.T.);
#2512=ORIENTED_EDGE('',*,*,#2515,.T.);
#2513=ORIENTED_EDGE('',*,*,#2516,.T.);
#2514=EDGE_CURVE('',#221,#225,#2517,.F.);
#2515=EDGE_CURVE('',#225,#227,#2518,.T.);
#2516=EDGE_CURVE('',#227,#221,#2519,.T.);
#2517=LINE('',#220,#2520);
#2518=LINE('',#224,#2521);
#2519=LINE('',#226,#2522);
#2520=VECTOR('',#2523,1.0);
#2521=VECTOR('',#2524,1.0);
#2522=VECTOR('',#2525,1.0);
#2523=DIRECTION('',(0.12921355266717657,0.9916167897969089,0));
#2524=DIRECTION('',(-0.996349442826635,0.08536854092143205,0));
#2525=DIRECTION('',(0.19387445146976706,-0.9810263488139841,0));
#2526=FACE_SURFACE('',(#2531),#2527,.T.);
#2527=PLANE('',#2528);
#2528=AXIS2_PLACEMENT_3D('',#224,#2529,#2530);
#2529=DIRECTION('',(0,0,1));
#2530=DIRECTION('',(7.996061181590007E-09,-1,0));
#2531=FACE_BOUND('',#2532,.T.);
#2532=EDGE_LOOP('',(#2533,#2534,#2535));
#2533=ORIENTED_EDGE('',*,*,#2536,.T.);
#2534=ORIENTED_EDGE('',*,*,#2537,.T.);
#2535=ORIENTED_EDGE('',*,*,#2538,.T.);
#2536=EDGE_CURVE('',#225,#223,#2539,.F.);
#2537=EDGE_CURVE('',#223,#229,#2540,.T.);
#2538=EDGE_CURVE('',#229,#225,#2541,.T.);
#2539=LINE('',#224,#2542);
#2540=LINE('',#222,#2543);
#2541=LINE('',#228,#2544);
#2542=VECTOR('',#2545,1.0);
#2543=VECTOR('',#2546,1.0);
#2544=VECTOR('',#2547,1.0);
#2545=DIRECTION('',(7.996061181590007E-09,-1,0));
#2546=DIRECTION('',(0.9961945070707144,-0.08715792610047741,0));
#2547=DIRECTION('',(-0.12921356933955028,0.9916167876243995,0));
#2548=FACE_SURFACE('',(#2553),#2549,.T.);
#2549=PLANE('',#2550);
#2550=AXIS2_PLACEMENT_3D('',#228,#2551,#2552);
#2551=DIRECTION('',(0,0,1));
#2552=DIRECTION('',(0.965924085384767,-0.2588255421584228,0));
#2553=FACE_BOUND('',#2554,.T.);
#2554=EDGE_LOOP('',(#2555,#2556,#2557));
#2555=ORIENTED_EDGE('',*,*,#2558,.T.);
#2556=ORIENTED_EDGE('',*,*,#2559,.T.);
#2557=ORIENTED_EDGE('',*,*,#2560,.T.);
#2558=EDGE_CURVE('',#229,#231,#2561,.F.);
#2559=EDGE_CURVE('',#231,#233,#2562,.T.);
#2560=EDGE_CURVE('',#233,#229,#2563,.T.);
#2561=LINE('',#228,#2564);
#2562=LINE('',#230,#2565);
#2563=LINE('',#232,#2566);
#2564=VECTOR('',#2567,1.0);
#2565=VECTOR('',#2568,1.0);
#2566=VECTOR('',#2569,1.0);
#2567=DIRECTION('',(0.965924085384767,-0.2588255421584228,0));
#2568=DIRECTION('',(0.9659263051346128,-0.2588172580200068,0));
#2569=DIRECTION('',(-0.9659262690825757,0.2588173925689995,0));
#2570=FACE_SURFACE('',(#2575),#2571,.T.);
#2571=PLANE('',#2572);
#2572=AXIS2_PLACEMENT_3D('',#224,#2573,#2574);
#2573=DIRECTION('',(0,0,1));
#2574=DIRECTION('',(0.12921356933955028,-0.9916167876243995,0));
#2575=FACE_BOUND('',#2576,.T.);
#2576=EDGE_LOOP('',(#2577,#2578,#2579));
#2577=ORIENTED_EDGE('',*,*,#2580,.T.);
#2578=ORIENTED_EDGE('',*,*,#2581,.T.);
#2579=ORIENTED_EDGE('',*,*,#2582,.T.);
#2580=EDGE_CURVE('',#225,#229,#2583,.F.);
#2581=EDGE_CURVE('',#229,#233,#2584,.T.);
#2582=EDGE_CURVE('',#233,#225,#2585,.T.);
#2583=LINE('',#224,#2586);
#2584=LINE('',#228,#2587);
#2585=LINE('',#232,#2588);
#2586=VECTOR('',#2589,1.0);
#2587=VECTOR('',#2590,1.0);
#2588=VECTOR('',#2591,1.0);
#2589=DIRECTION('',(0.12921356933955028,-0.9916167876243995,0));
#2590=DIRECTION('',(0.9659262690825757,-0.2588173925689995,0));
#2591=DIRECTION('',(-0.2409352198094117,0.9705411994631606,0));
#2592=FACE_SURFACE('',(#2597),#2593,.T.);
#2593=PLANE('',#2594);
#2594=AXIS2_PLACEMENT_3D('',#234,#2595,#2596);
#2595=DIRECTION('',(0,0,1));
#2596=DIRECTION('',(-0.996349441852048,-0.08536855229598647,0));
#2597=FACE_BOUND('',#2598,.T.);
#2598=EDGE_LOOP('',(#2599,#2600,#2601));
#2599=ORIENTED_EDGE('',*,*,#2602,.T.);
#2600=ORIENTED_EDGE('',*,*,#2603,.T.);
#2601=ORIENTED_EDGE('',*,*,#2604,.T.);
#2602=EDGE_CURVE('',#235,#225,#2605,.F.);
#2603=EDGE_CURVE('',#225,#233,#2606,.T.);
#2604=EDGE_CURVE('',#233,#235,#2607,.T.);
#2605=LINE('',#234,#2608);
#2606=LINE('',#224,#2609);
#2607=LINE('',#232,#2610);
#2608=VECTOR('',#2611,1.0);
#2609=VECTOR('',#2612,1.0);
#2610=VECTOR('',#2613,1.0);
#2611=DIRECTION('',(-0.996349441852048,-0.08536855229598647,0));
#2612=DIRECTION('',(0.2409352198094117,-0.9705411994631606,0));
#2613=DIRECTION('',(0.07221608392997611,0.9973890099764579,0));
#2614=FACE_SURFACE('',(#2619),#2615,.T.);
#2615=PLANE('',#2616);
#2616=AXIS2_PLACEMENT_3D('',#234,#2617,#2618);
#2617=DIRECTION('',(0,0,1));
#2618=DIRECTION('',(-0.07221608392997611,-0.9973890099764579,0));
#2619=FACE_BOUND('',#2620,.T.);
#2620=EDGE_LOOP('',(#2621,#2622,#2623));
#2621=ORIENTED_EDGE('',*,*,#2624,.T.);
#2622=ORIENTED_EDGE('',*,*,#2625,.T.);
#2623=ORIENTED_EDGE('',*,*,#2626,.T.);
#2624=EDGE_CURVE('',#235,#233,#2627,.F.);
#2625=EDGE_CURVE('',#233,#237,#2628,.T.);
#2626=EDGE_CURVE('',#237,#235,#2629,.T.);
#2627=LINE('',#234,#2630);
#2628=LINE('',#232,#2631);
#2629=LINE('',#236,#2632);
#2630=VECTOR('',#2633,1.0);
#2631=VECTOR('',#2634,1.0);
#2632=VECTOR('',#2635,1.0);
#2633=DIRECTION('',(-0.07221608392997611,-0.9973890099764579,0));
#2634=DIRECTION('',(0.9063070509445025,-0.42261984029181476,0));
#2635=DIRECTION('',(-0.037213168693784,0.9993073501559807,0));
#2636=FACE_SURFACE('',(#2641),#2637,.T.);
#2637=PLANE('',#2638);
#2638=AXIS2_PLACEMENT_3D('',#238,#2639,#2640);
#2639=DIRECTION('',(0,0,1));
#2640=DIRECTION('',(-0.9666040699499552,-0.25627440753259406,0));
#2641=FACE_BOUND('',#2642,.T.);
#2642=EDGE_LOOP('',(#2643,#2644,#2645));
#2643=ORIENTED_EDGE('',*,*,#2646,.T.);
#2644=ORIENTED_EDGE('',*,*,#2647,.T.);
#2645=ORIENTED_EDGE('',*,*,#2648,.T.);
#2646=EDGE_CURVE('',#239,#235,#2649,.F.);
#2647=EDGE_CURVE('',#235,#237,#2650,.T.);
#2648=EDGE_CURVE('',#237,#239,#2651,.T.);
#2649=LINE('',#238,#2652);
#2650=LINE('',#234,#2653);
#2651=LINE('',#236,#2654);
#2652=VECTOR('',#2655,1.0);
#2653=VECTOR('',#2656,1.0);
#2654=VECTOR('',#2657,1.0);
#2655=DIRECTION('',(-0.9666040699499552,-0.25627440753259406,0));
#2656=DIRECTION('',(0.037213168693784,-0.9993073501559807,0));
#2657=DIRECTION('',(0.22580359146902546,0.9741728481535961,0));
#2658=FACE_SURFACE('',(#2663),#2659,.T.);
#2659=PLANE('',#2660);
#2660=AXIS2_PLACEMENT_3D('',#238,#2661,#2662);
#2661=DIRECTION('',(0,0,1));
#2662=DIRECTION('',(-0.22580359146902546,-0.9741728481535961,0));
#2663=FACE_BOUND('',#2664,.T.);
#2664=EDGE_LOOP('',(#2665,#2666,#2667));
#2665=ORIENTED_EDGE('',*,*,#2668,.T.);
#2666=ORIENTED_EDGE('',*,*,#2669,.T.);
#2667=ORIENTED_EDGE('',*,*,#2670,.T.);
#2668=EDGE_CURVE('',#239,#237,#2671,.F.);
#2669=EDGE_CURVE('',#237,#241,#2672,.T.);
#2670=EDGE_CURVE('',#241,#239,#2673,.T.);
#2671=LINE('',#238,#2674);
#2672=LINE('',#236,#2675);
#2673=LINE('',#240,#2676);
#2674=VECTOR('',#2677,1.0);
#2675=VECTOR('',#2678,1.0);
#2676=VECTOR('',#2679,1.0);
#2677=DIRECTION('',(-0.22580359146902546,-0.9741728481535961,0));
#2678=DIRECTION('',(0.8191528518470309,-0.573575283036914,0));
#2679=DIRECTION('',(0.13312270040407215,0.9910995644420028,0));
#2680=FACE_SURFACE('',(#2685),#2681,.T.);
#2681=PLANE('',#2682);
#2682=AXIS2_PLACEMENT_3D('',#242,#2683,#2684);
#2683=DIRECTION('',(0,0,1));
#2684=DIRECTION('',(-0.9020302386141528,-0.43167284907171827,0));
#2685=FACE_BOUND('',#2686,.T.);
#2686=EDGE_LOOP('',(#2687,#2688,#2689));
#2687=ORIENTED_EDGE('',*,*,#2690,.T.);
#2688=ORIENTED_EDGE('',*,*,#2691,.T.);
#2689=ORIENTED_EDGE('',*,*,#2692,.T.);
#2690=EDGE_CURVE('',#243,#239,#2693,.F.);
#2691=EDGE_CURVE('',#239,#241,#2694,.T.);
#2692=EDGE_CURVE('',#241,#243,#2695,.T.);
#2693=LINE('',#242,#2696);
#2694=LINE('',#238,#2697);
#2695=LINE('',#240,#2698);
#2696=VECTOR('',#2699,1.0);
#2697=VECTOR('',#2700,1.0);
#2698=VECTOR('',#2701,1.0);
#2699=DIRECTION('',(-0.9020302386141528,-0.43167284907171827,0));
#2700=DIRECTION('',(-0.13312270040407215,-0.9910995644420028,0));
#2701=DIRECTION('',(0.3116959380242823,0.9501818995430099,0));
#2702=FACE_SURFACE('',(#2707),#2703,.T.);
#2703=PLANE('',#2704);
#2704=AXIS2_PLACEMENT_3D('',#242,#2705,#2706);
#2705=DIRECTION('',(0,0,1));
#2706=DIRECTION('',(-0.3116959380242823,-0.9501818995430099,0));
#2707=FACE_BOUND('',#2708,.T.);
#2708=EDGE_LOOP('',(#2709,#2710,#2711));
#2709=ORIENTED_EDGE('',*,*,#2712,.T.);
#2710=ORIENTED_EDGE('',*,*,#2713,.T.);
#2711=ORIENTED_EDGE('',*,*,#2714,.T.);
#2712=EDGE_CURVE('',#243,#241,#2715,.F.);
#2713=EDGE_CURVE('',#241,#245,#2716,.T.);
#2714=EDGE_CURVE('',#245,#243,#2717,.T.);
#2715=LINE('',#242,#2718);
#2716=LINE('',#240,#2719);
#2717=LINE('',#244,#2720);
#2718=VECTOR('',#2721,1.0);
#2719=VECTOR('',#2722,1.0);
#2720=VECTOR('',#2723,1.0);
#2721=DIRECTION('',(-0.3116959380242823,-0.9501818995430099,0));
#2722=DIRECTION('',(0.7071065710771205,-0.707106991295912,0));
#2723=DIRECTION('',(0.23954513336680444,0.9708852296127899,0));
#2724=FACE_SURFACE('',(#2729),#2725,.T.);
#2725=PLANE('',#2726);
#2726=AXIS2_PLACEMENT_3D('',#246,#2727,#2728);
#2727=DIRECTION('',(0,0,1));
#2728=DIRECTION('',(-0.7892177620599446,-0.614113445585661,0));
#2729=FACE_BOUND('',#2730,.T.);
#2730=EDGE_LOOP('',(#2731,#2732,#2733));
#2731=ORIENTED_EDGE('',*,*,#2734,.T.);
#2732=ORIENTED_EDGE('',*,*,#2735,.T.);
#2733=ORIENTED_EDGE('',*,*,#2736,.T.);
#2734=EDGE_CURVE('',#247,#243,#2737,.F.);
#2735=EDGE_CURVE('',#243,#245,#2738,.T.);
#2736=EDGE_CURVE('',#245,#247,#2739,.T.);
#2737=LINE('',#246,#2740);
#2738=LINE('',#242,#2741);
#2739=LINE('',#244,#2742);
#2740=VECTOR('',#2743,1.0);
#2741=VECTOR('',#2744,1.0);
#2742=VECTOR('',#2745,1.0);
#2743=DIRECTION('',(-0.7892177620599446,-0.614113445585661,0));
#2744=DIRECTION('',(-0.23954513336680444,-0.9708852296127899,0));
#2745=DIRECTION('',(0.34380775529932234,0.9390400563320189,0));
#2746=FACE_SURFACE('',(#2751),#2747,.T.);
#2747=PLANE('',#2748);
#2748=AXIS2_PLACEMENT_3D('',#246,#2749,#2750);
#2749=DIRECTION('',(0,0,1));
#2750=DIRECTION('',(-0.34380775529932234,-0.9390400563320189,0));
#2751=FACE_BOUND('',#2752,.T.);
#2752=EDGE_LOOP('',(#2753,#2754,#2755));
#2753=ORIENTED_EDGE('',*,*,#2756,.T.);
#2754=ORIENTED_EDGE('',*,*,#2757,.T.);
#2755=ORIENTED_EDGE('',*,*,#2758,.T.);
#2756=EDGE_CURVE('',#247,#245,#2759,.F.);
#2757=EDGE_CURVE('',#245,#249,#2760,.T.);
#2758=EDGE_CURVE('',#249,#247,#2761,.T.);
#2759=LINE('',#246,#2762);
#2760=LINE('',#244,#2763);
#2761=LINE('',#248,#2764);
#2762=VECTOR('',#2765,1.0);
#2763=VECTOR('',#2766,1.0);
#2764=VECTOR('',#2767,1.0);
#2765=DIRECTION('',(-0.34380775529932234,-0.9390400563320189,0));
#2766=DIRECTION('',(0.5735764895300557,-0.8191520070526458,0));
#2767=DIRECTION('',(0.29010781863092944,0.9569939673630151,0));
#2768=FACE_SURFACE('',(#2773),#2769,.T.);
#2769=PLANE('',#2770);
#2770=AXIS2_PLACEMENT_3D('',#250,#2771,#2772);
#2771=DIRECTION('',(0,0,1));
#2772=DIRECTION('',(-0.6141145452932417,-0.7892169063440514,0));
#2773=FACE_BOUND('',#2774,.T.);
#2774=EDGE_LOOP('',(#2775,#2776,#2777));
#2775=ORIENTED_EDGE('',*,*,#2778,.T.);
#2776=ORIENTED_EDGE('',*,*,#2779,.T.);
#2777=ORIENTED_EDGE('',*,*,#2780,.T.);
#2778=EDGE_CURVE('',#251,#247,#2781,.F.);
#2779=EDGE_CURVE('',#247,#249,#2782,.T.);
#2780=EDGE_CURVE('',#249,#251,#2783,.T.);
#2781=LINE('',#250,#2784);
#2782=LINE('',#246,#2785);
#2783=LINE('',#248,#2786);
#2784=VECTOR('',#2787,1.0);
#2785=VECTOR('',#2788,1.0);
#2786=VECTOR('',#2789,1.0);
#2787=DIRECTION('',(-0.6141145452932417,-0.7892169063440514,0));
#2788=DIRECTION('',(-0.29010781863092944,-0.9569939673630151,0));
#2789=DIRECTION('',(0.33965620928842194,0.9405496581743144,0));
#2790=FACE_SURFACE('',(#2795),#2791,.T.);
#2791=PLANE('',#2792);
#2792=AXIS2_PLACEMENT_3D('',#252,#2793,#2794);
#2793=DIRECTION('',(1.197299374511451E-16,3.208158494432807E-17,1));
#2794=DIRECTION('',(0.2588193830282948,-0.9659257357420667,0));
#2795=FACE_BOUND('',#2796,.T.);
#2796=EDGE_LOOP('',(#2797,#2798,#2799));
#2797=ORIENTED_EDGE('',*,*,#2800,.T.);
#2798=ORIENTED_EDGE('',*,*,#2801,.T.);
#2799=ORIENTED_EDGE('',*,*,#2802,.T.);
#2800=EDGE_CURVE('',#253,#173,#2803,.F.);
#2801=EDGE_CURVE('',#173,#51,#2804,.T.);
#2802=EDGE_CURVE('',#51,#253,#2805,.T.);
#2803=LINE('',#252,#2806);
#2804=LINE('',#172,#2807);
#2805=LINE('',#50,#2808);
#2806=VECTOR('',#2809,1.0);
#2807=VECTOR('',#2810,1.0);
#2808=VECTOR('',#2811,1.0);
#2809=DIRECTION('',(0.2588193830282948,-0.9659257357420667,0));
#2810=DIRECTION('',(0.41558876891647006,0.9095526236290524,-7.893830706405926E-17));
#2811=DIRECTION('',(-0.4295784644709841,-0.9030295359858123,8.040402144743587E-17));
#2812=FACE_SURFACE('',(#2817),#2813,.T.);
#2813=PLANE('',#2814);
#2814=AXIS2_PLACEMENT_3D('',#250,#2815,#2816);
#2815=DIRECTION('',(0,0,1));
#2816=DIRECTION('',(-0.33965620928842194,-0.9405496581743144,0));
#2817=FACE_BOUND('',#2818,.T.);
#2818=EDGE_LOOP('',(#2819,#2820,#2821));
#2819=ORIENTED_EDGE('',*,*,#2822,.T.);
#2820=ORIENTED_EDGE('',*,*,#2823,.T.);
#2821=ORIENTED_EDGE('',*,*,#2824,.T.);
#2822=EDGE_CURVE('',#251,#249,#2825,.F.);
#2823=EDGE_CURVE('',#249,#253,#2826,.T.);
#2824=EDGE_CURVE('',#253,#251,#2827,.T.);
#2825=LINE('',#250,#2828);
#2826=LINE('',#248,#2829);
#2827=LINE('',#252,#2830);
#2828=VECTOR('',#2831,1.0);
#2829=VECTOR('',#2832,1.0);
#2830=VECTOR('',#2833,1.0);
#2831=DIRECTION('',(-0.33965620928842194,-0.9405496581743144,0));
#2832=DIRECTION('',(0.4226178294141409,-0.9063079886337094,0));
#2833=DIRECTION('',(0.3015132791507815,0.9534619774777298,0));
#2834=FACE_SURFACE('',(#2839),#2835,.T.);
#2835=PLANE('',#2836);
#2836=AXIS2_PLACEMENT_3D('',#254,#2837,#2838);
#2837=DIRECTION('',(9.104548322132771E-15,-2.8791312969342996E-15,1));
#2838=DIRECTION('',(-0.4316723220145842,-0.9020304908408235,1.3331172981402172E-15));
#2839=FACE_BOUND('',#2840,.T.);
#2840=EDGE_LOOP('',(#2841,#2842,#2843));
#2841=ORIENTED_EDGE('',*,*,#2844,.T.);
#2842=ORIENTED_EDGE('',*,*,#2845,.T.);
#2843=ORIENTED_EDGE('',*,*,#2846,.T.);
#2844=EDGE_CURVE('',#255,#251,#2847,.F.);
#2845=EDGE_CURVE('',#251,#253,#2848,.T.);
#2846=EDGE_CURVE('',#253,#255,#2849,.T.);
#2847=LINE('',#254,#2850);
#2848=LINE('',#250,#2851);
#2849=LINE('',#252,#2852);
#2850=VECTOR('',#2853,1.0);
#2851=VECTOR('',#2854,1.0);
#2852=VECTOR('',#2855,1.0);
#2853=DIRECTION('',(-0.4316723220145842,-0.9020304908408235,1.3331172981402172E-15));
#2854=DIRECTION('',(-0.3015132791507815,-0.9534619774777298,0));
#2855=DIRECTION('',(0.3180413046891896,0.9480768579137442,-1.6598467345828494E-16));
#2856=FACE_SURFACE('',(#2861),#2857,.T.);
#2857=PLANE('',#2858);
#2858=AXIS2_PLACEMENT_3D('',#168,#2859,#2860);
#2859=DIRECTION('',(-1.175102144567629E-16,3.148681112824545E-17,1));
#2860=DIRECTION('',(0.425811684857379,-0.9048118086314525,7.852686093077091E-17));
#2861=FACE_BOUND('',#2862,.T.);
#2862=EDGE_LOOP('',(#2863,#2864,#2865));
#2863=ORIENTED_EDGE('',*,*,#2866,.T.);
#2864=ORIENTED_EDGE('',*,*,#2867,.T.);
#2865=ORIENTED_EDGE('',*,*,#2868,.T.);
#2866=EDGE_CURVE('',#169,#167,#2869,.F.);
#2867=EDGE_CURVE('',#167,#257,#2870,.T.);
#2868=EDGE_CURVE('',#257,#169,#2871,.T.);
#2869=LINE('',#168,#2872);
#2870=LINE('',#166,#2873);
#2871=LINE('',#256,#2874);
#2872=VECTOR('',#2875,1.0);
#2873=VECTOR('',#2876,1.0);
#2874=VECTOR('',#2877,1.0);
#2875=DIRECTION('',(0.425811684857379,-0.9048118086314525,7.852686093077091E-17));
#2876=DIRECTION('',(0.2588193830282948,0.9659257357420667,0));
#2877=DIRECTION('',(-0.43983817910543616,0.8980770435776735,-7.996306100269521E-17));
#2878=FACE_SURFACE('',(#2883),#2879,.T.);
#2879=PLANE('',#2880);
#2880=AXIS2_PLACEMENT_3D('',#168,#2881,#2882);
#2881=DIRECTION('',(-9.31299085096102E-17,4.3427200263580914E-17,1));
#2882=DIRECTION('',(0.43983817910543616,-0.8980770435776735,7.996306100269521E-17));
#2883=FACE_BOUND('',#2884,.T.);
#2884=EDGE_LOOP('',(#2885,#2886,#2887));
#2885=ORIENTED_EDGE('',*,*,#2888,.T.);
#2886=ORIENTED_EDGE('',*,*,#2889,.T.);
#2887=ORIENTED_EDGE('',*,*,#2890,.T.);
#2888=EDGE_CURVE('',#169,#257,#2891,.F.);
#2889=EDGE_CURVE('',#257,#259,#2892,.T.);
#2890=EDGE_CURVE('',#259,#169,#2893,.T.);
#2891=LINE('',#168,#2894);
#2892=LINE('',#256,#2895);
#2893=LINE('',#258,#2896);
#2894=VECTOR('',#2897,1.0);
#2895=VECTOR('',#2898,1.0);
#2896=VECTOR('',#2899,1.0);
#2897=DIRECTION('',(0.43983817910543616,-0.8980770435776735,7.996306100269521E-17));
#2898=DIRECTION('',(0.42261834744939464,0.9063077470700242,0));
#2899=DIRECTION('',(-0.4568599201490674,0.8895386519771853,-8.11774957467996E-17));
#2900=FACE_SURFACE('',(#2905),#2901,.T.);
#2901=PLANE('',#2902);
#2902=AXIS2_PLACEMENT_3D('',#254,#2903,#2904);
#2903=DIRECTION('',(-6.134605543111475E-16,3.808662404452527E-16,1));
#2904=DIRECTION('',(-0.3180413046891896,-0.9480768579137442,1.6598467345828494E-16));
#2905=FACE_BOUND('',#2906,.T.);
#2906=EDGE_LOOP('',(#2907,#2908,#2909));
#2907=ORIENTED_EDGE('',*,*,#2910,.T.);
#2908=ORIENTED_EDGE('',*,*,#2911,.T.);
#2909=ORIENTED_EDGE('',*,*,#2912,.T.);
#2910=EDGE_CURVE('',#255,#253,#2913,.F.);
#2911=EDGE_CURVE('',#253,#51,#2914,.T.);
#2912=EDGE_CURVE('',#51,#255,#2915,.T.);
#2913=LINE('',#254,#2916);
#2914=LINE('',#252,#2917);
#2915=LINE('',#50,#2918);
#2916=VECTOR('',#2919,1.0);
#2917=VECTOR('',#2920,1.0);
#2918=VECTOR('',#2921,1.0);
#2919=DIRECTION('',(-0.3180413046891896,-0.9480768579137442,1.6598467345828494E-16));
#2920=DIRECTION('',(0.4295784644709841,0.9030295359858123,-8.040402144743587E-17));
#2921=DIRECTION('',(-0.5274604535415525,-0.8495795842354851,0));
#2922=FACE_SURFACE('',(#2927),#2923,.T.);
#2923=PLANE('',#2924);
#2924=AXIS2_PLACEMENT_3D('',#260,#2925,#2926);
#2925=DIRECTION('',(-0,0,1));
#2926=DIRECTION('',(-0.2562739702192821,-0.9666041858941261,0));
#2927=FACE_BOUND('',#2928,.T.);
#2928=EDGE_LOOP('',(#2929,#2930,#2931));
#2929=ORIENTED_EDGE('',*,*,#2932,.T.);
#2930=ORIENTED_EDGE('',*,*,#2933,.T.);
#2931=ORIENTED_EDGE('',*,*,#2934,.T.);
#2932=EDGE_CURVE('',#261,#255,#2935,.F.);
#2933=EDGE_CURVE('',#255,#51,#2936,.T.);
#2934=EDGE_CURVE('',#51,#261,#2937,.T.);
#2935=LINE('',#260,#2938);
#2936=LINE('',#254,#2939);
#2937=LINE('',#50,#2940);
#2938=VECTOR('',#2941,1.0);
#2939=VECTOR('',#2942,1.0);
#2940=VECTOR('',#2943,1.0);
#2941=DIRECTION('',(-0.2562739702192821,-0.9666041858941261,0));
#2942=DIRECTION('',(0.5274604535415525,0.8495795842354851,0));
#2943=DIRECTION('',(-0.5599194520478239,-0.8285470458691314,0));
#2944=FACE_SURFACE('',(#2949),#2945,.T.);
#2945=PLANE('',#2946);
#2946=AXIS2_PLACEMENT_3D('',#168,#2947,#2948);
#2947=DIRECTION('',(-7.518372332625574E-17,5.2644217097671394E-17,1));
#2948=DIRECTION('',(0.4568599201490674,-0.8895386519771853,8.11774957467996E-17));
#2949=FACE_BOUND('',#2950,.T.);
#2950=EDGE_LOOP('',(#2951,#2952,#2953));
#2951=ORIENTED_EDGE('',*,*,#2954,.T.);
#2952=ORIENTED_EDGE('',*,*,#2955,.T.);
#2953=ORIENTED_EDGE('',*,*,#2956,.T.);
#2954=EDGE_CURVE('',#169,#259,#2957,.F.);
#2955=EDGE_CURVE('',#259,#263,#2958,.T.);
#2956=EDGE_CURVE('',#263,#169,#2959,.T.);
#2957=LINE('',#168,#2960);
#2958=LINE('',#258,#2961);
#2959=LINE('',#262,#2962);
#2960=VECTOR('',#2963,1.0);
#2961=VECTOR('',#2964,1.0);
#2962=VECTOR('',#2965,1.0);
#2963=DIRECTION('',(0.4568599201490674,-0.8895386519771853,8.11774957467996E-17));
#2964=DIRECTION('',(0.5735764895300557,0.8191520070526458,0));
#2965=DIRECTION('',(-0.47622060388616794,0.8793258420143772,-8.209545865143757E-17));
#2966=FACE_SURFACE('',(#2971),#2967,.T.);
#2967=PLANE('',#2968);
#2968=AXIS2_PLACEMENT_3D('',#168,#2969,#2970);
#2969=DIRECTION('',(-6.056265393754976E-17,6.056261794644013E-17,1));
#2970=DIRECTION('',(0.47622060388616794,-0.8793258420143772,8.209545865143757E-17));
#2971=FACE_BOUND('',#2972,.T.);
#2972=EDGE_LOOP('',(#2973,#2974,#2975));
#2973=ORIENTED_EDGE('',*,*,#2976,.T.);
#2974=ORIENTED_EDGE('',*,*,#2977,.T.);
#2975=ORIENTED_EDGE('',*,*,#2978,.T.);
#2976=EDGE_CURVE('',#169,#263,#2979,.F.);
#2977=EDGE_CURVE('',#263,#265,#2980,.T.);
#2978=EDGE_CURVE('',#265,#169,#2981,.T.);
#2979=LINE('',#168,#2982);
#2980=LINE('',#262,#2983);
#2981=LINE('',#264,#2984);
#2982=VECTOR('',#2985,1.0);
#2983=VECTOR('',#2986,1.0);
#2984=VECTOR('',#2987,1.0);
#2985=DIRECTION('',(0.47622060388616794,-0.8793258420143772,8.209545865143757E-17));
#2986=DIRECTION('',(0.7071065710771205,0.707106991295912,0));
#2987=DIRECTION('',(-0.4970851766686886,0.8677017501055639,-8.265508711517243E-17));
#2988=FACE_SURFACE('',(#2993),#2989,.T.);
#2989=PLANE('',#2990);
#2990=AXIS2_PLACEMENT_3D('',#266,#2991,#2992);
#2991=DIRECTION('',(-0,0,1));
#2992=DIRECTION('',(-0.0853679064873606,-0.9963494971855835,0));
#2993=FACE_BOUND('',#2994,.T.);
#2994=EDGE_LOOP('',(#2995,#2996,#2997));
#2995=ORIENTED_EDGE('',*,*,#2998,.T.);
#2996=ORIENTED_EDGE('',*,*,#2999,.T.);
#2997=ORIENTED_EDGE('',*,*,#3000,.T.);
#2998=EDGE_CURVE('',#267,#261,#3001,.F.);
#2999=EDGE_CURVE('',#261,#51,#3002,.T.);
#3000=EDGE_CURVE('',#51,#267,#3003,.T.);
#3001=LINE('',#266,#3004);
#3002=LINE('',#260,#3005);
#3003=LINE('',#50,#3006);
#3004=VECTOR('',#3007,1.0);
#3005=VECTOR('',#3008,1.0);
#3006=VECTOR('',#3009,1.0);
#3007=DIRECTION('',(-0.0853679064873606,-0.9963494971855835,0));
#3008=DIRECTION('',(0.5599194520478239,0.8285470458691314,0));
#3009=DIRECTION('',(-0.6193428994544115,-0.7851206104130771,0));
#3010=FACE_SURFACE('',(#3015),#3011,.T.);
#3011=PLANE('',#3012);
#3012=AXIS2_PLACEMENT_3D('',#268,#3013,#3014);
#3013=DIRECTION('',(-0,0,1));
#3014=DIRECTION('',(0.0853679064873606,-0.9963494971855835,0));
#3015=FACE_BOUND('',#3016,.T.);
#3016=EDGE_LOOP('',(#3017,#3018,#3019));
#3017=ORIENTED_EDGE('',*,*,#3020,.T.);
#3018=ORIENTED_EDGE('',*,*,#3021,.T.);
#3019=ORIENTED_EDGE('',*,*,#3022,.T.);
#3020=EDGE_CURVE('',#269,#267,#3023,.F.);
#3021=EDGE_CURVE('',#267,#51,#3024,.T.);
#3022=EDGE_CURVE('',#51,#269,#3025,.T.);
#3023=LINE('',#268,#3026);
#3024=LINE('',#266,#3027);
#3025=LINE('',#50,#3028);
#3026=VECTOR('',#3029,1.0);
#3027=VECTOR('',#3030,1.0);
#3028=VECTOR('',#3031,1.0);
#3029=DIRECTION('',(0.0853679064873606,-0.9963494971855835,0));
#3030=DIRECTION('',(0.6193428994544115,0.7851206104130771,0));
#3031=DIRECTION('',(-0.705734186514277,-0.7084767166146193,0));
#3032=FACE_SURFACE('',(#3037),#3033,.T.);
#3033=PLANE('',#3034);
#3034=AXIS2_PLACEMENT_3D('',#168,#3035,#3036);
#3035=DIRECTION('',(-4.7604276556023797E-17,6.79861564021963E-17,1));
#3036=DIRECTION('',(0.4970851766686886,-0.8677017501055639,8.265508711517243E-17));
#3037=FACE_BOUND('',#3038,.T.);
#3038=EDGE_LOOP('',(#3039,#3040,#3041));
#3039=ORIENTED_EDGE('',*,*,#3042,.T.);
#3040=ORIENTED_EDGE('',*,*,#3043,.T.);
#3041=ORIENTED_EDGE('',*,*,#3044,.T.);
#3042=EDGE_CURVE('',#169,#265,#3045,.F.);
#3043=EDGE_CURVE('',#265,#271,#3046,.T.);
#3044=EDGE_CURVE('',#271,#169,#3047,.T.);
#3045=LINE('',#168,#3048);
#3046=LINE('',#264,#3049);
#3047=LINE('',#270,#3050);
#3048=VECTOR('',#3051,1.0);
#3049=VECTOR('',#3052,1.0);
#3050=VECTOR('',#3053,1.0);
#3051=DIRECTION('',(0.4970851766686886,-0.8677017501055639,8.265508711517243E-17));
#3052=DIRECTION('',(0.8191528518470309,0.573575283036914,0));
#3053=DIRECTION('',(-0.5185044427653797,0.8550749340452936,-8.281628709053106E-17));
#3054=FACE_SURFACE('',(#3059),#3055,.T.);
#3055=PLANE('',#3056);
#3056=AXIS2_PLACEMENT_3D('',#270,#3057,#3058);
#3057=DIRECTION('',(0,0,1));
#3058=DIRECTION('',(0.9063323890918136,0.4225654984533467,0));
#3059=FACE_BOUND('',#3060,.T.);
#3060=EDGE_LOOP('',(#3061,#3062,#3063));
#3061=ORIENTED_EDGE('',*,*,#3064,.T.);
#3062=ORIENTED_EDGE('',*,*,#3065,.T.);
#3063=ORIENTED_EDGE('',*,*,#3066,.T.);
#3064=EDGE_CURVE('',#271,#273,#3067,.F.);
#3065=EDGE_CURVE('',#273,#275,#3068,.T.);
#3066=EDGE_CURVE('',#275,#271,#3069,.T.);
#3067=LINE('',#270,#3070);
#3068=LINE('',#272,#3071);
#3069=LINE('',#274,#3072);
#3070=VECTOR('',#3073,1.0);
#3071=VECTOR('',#3074,1.0);
#3072=VECTOR('',#3075,1.0);
#3073=DIRECTION('',(0.9063323890918136,0.4225654984533467,0));
#3074=DIRECTION('',(0.9063066136906222,0.4226207779802568,0));
#3075=DIRECTION('',(-0.9063070509445025,-0.42261984029181476,0));
#3076=FACE_SURFACE('',(#3081),#3077,.T.);
#3077=PLANE('',#3078);
#3078=AXIS2_PLACEMENT_3D('',#274,#3079,#3080);
#3079=DIRECTION('',(0,-0,1));
#3080=DIRECTION('',(0.9659262796443036,0.258817353151821,0));
#3081=FACE_BOUND('',#3082,.T.);
#3082=EDGE_LOOP('',(#3083,#3084,#3085));
#3083=ORIENTED_EDGE('',*,*,#3086,.T.);
#3084=ORIENTED_EDGE('',*,*,#3087,.T.);
#3085=ORIENTED_EDGE('',*,*,#3088,.T.);
#3086=EDGE_CURVE('',#275,#221,#3089,.F.);
#3087=EDGE_CURVE('',#221,#219,#3090,.T.);
#3088=EDGE_CURVE('',#219,#275,#3091,.T.);
#3089=LINE('',#274,#3092);
#3090=LINE('',#220,#3093);
#3091=LINE('',#218,#3094);
#3092=VECTOR('',#3095,1.0);
#3093=VECTOR('',#3096,1.0);
#3094=VECTOR('',#3097,1.0);
#3095=DIRECTION('',(0.9659262796443036,0.258817353151821,0));
#3096=DIRECTION('',(-0.4442134967011213,0.8959209615521689,0));
#3097=DIRECTION('',(0.3494648046839929,-0.9369494918549124,0));
#3098=FACE_SURFACE('',(#3103),#3099,.T.);
#3099=PLANE('',#3100);
#3100=AXIS2_PLACEMENT_3D('',#274,#3101,#3102);
#3101=DIRECTION('',(0,0,1));
#3102=DIRECTION('',(-0.3494648046839929,0.9369494918549124,0));
#3103=FACE_BOUND('',#3104,.T.);
#3104=EDGE_LOOP('',(#3105,#3106,#3107));
#3105=ORIENTED_EDGE('',*,*,#3108,.T.);
#3106=ORIENTED_EDGE('',*,*,#3109,.T.);
#3107=ORIENTED_EDGE('',*,*,#3110,.T.);
#3108=EDGE_CURVE('',#275,#219,#3111,.F.);
#3109=EDGE_CURVE('',#219,#277,#3112,.T.);
#3110=EDGE_CURVE('',#277,#275,#3113,.T.);
#3111=LINE('',#274,#3114);
#3112=LINE('',#218,#3115);
#3113=LINE('',#276,#3116);
#3114=VECTOR('',#3117,1.0);
#3115=VECTOR('',#3118,1.0);
#3116=VECTOR('',#3119,1.0);
#3117=DIRECTION('',(-0.3494648046839929,0.9369494918549124,0));
#3118=DIRECTION('',(-0.9020305082977023,0.4316722855363649,0));
#3119=DIRECTION('',(0.472741803413575,-0.8812009914345765,0));
#3120=FACE_SURFACE('',(#3125),#3121,.T.);
#3121=PLANE('',#3122);
#3122=AXIS2_PLACEMENT_3D('',#278,#3123,#3124);
#3123=DIRECTION('',(-0,0,1));
#3124=DIRECTION('',(0.2562735077011201,-0.966604308520588,0));
#3125=FACE_BOUND('',#3126,.T.);
#3126=EDGE_LOOP('',(#3127,#3128,#3129));
#3127=ORIENTED_EDGE('',*,*,#3130,.T.);
#3128=ORIENTED_EDGE('',*,*,#3131,.T.);
#3129=ORIENTED_EDGE('',*,*,#3132,.T.);
#3130=EDGE_CURVE('',#279,#269,#3133,.F.);
#3131=EDGE_CURVE('',#269,#51,#3134,.T.);
#3132=EDGE_CURVE('',#51,#279,#3135,.T.);
#3133=LINE('',#278,#3136);
#3134=LINE('',#268,#3137);
#3135=LINE('',#50,#3138);
#3136=VECTOR('',#3139,1.0);
#3137=VECTOR('',#3140,1.0);
#3138=VECTOR('',#3141,1.0);
#3139=DIRECTION('',(0.2562735077011201,-0.966604308520588,0));
#3140=DIRECTION('',(0.705734186514277,0.7084767166146193,0));
#3141=DIRECTION('',(-0.8072780555866468,-0.5901712810432604,0));
#3142=FACE_SURFACE('',(#3147),#3143,.T.);
#3143=PLANE('',#3144);
#3144=AXIS2_PLACEMENT_3D('',#280,#3145,#3146);
#3145=DIRECTION('',(-0,0,1));
#3146=DIRECTION('',(0.43167306236142117,-0.9020301365428499,0));
#3147=FACE_BOUND('',#3148,.T.);
#3148=EDGE_LOOP('',(#3149,#3150,#3151));
#3149=ORIENTED_EDGE('',*,*,#3152,.T.);
#3150=ORIENTED_EDGE('',*,*,#3153,.T.);
#3151=ORIENTED_EDGE('',*,*,#3154,.T.);
#3152=EDGE_CURVE('',#281,#279,#3155,.F.);
#3153=EDGE_CURVE('',#279,#51,#3156,.T.);
#3154=EDGE_CURVE('',#51,#281,#3157,.T.);
#3155=LINE('',#280,#3158);
#3156=LINE('',#278,#3159);
#3157=LINE('',#50,#3160);
#3158=VECTOR('',#3161,1.0);
#3159=VECTOR('',#3162,1.0);
#3160=VECTOR('',#3163,1.0);
#3161=DIRECTION('',(0.43167306236142117,-0.9020301365428499,0));
#3162=DIRECTION('',(0.8072780555866468,0.5901712810432604,0));
#3163=DIRECTION('',(-0.8988649372733488,-0.4382257689143563,0));
#3164=FACE_SURFACE('',(#3169),#3165,.T.);
#3165=PLANE('',#3166);
#3166=AXIS2_PLACEMENT_3D('',#270,#3167,#3168);
#3167=DIRECTION('',(0,-0,1));
#3168=DIRECTION('',(0.9063070509445025,0.42261984029181476,0));
#3169=FACE_BOUND('',#3170,.T.);
#3170=EDGE_LOOP('',(#3171,#3172,#3173));
#3171=ORIENTED_EDGE('',*,*,#3174,.T.);
#3172=ORIENTED_EDGE('',*,*,#3175,.T.);
#3173=ORIENTED_EDGE('',*,*,#3176,.T.);
#3174=EDGE_CURVE('',#271,#275,#3177,.F.);
#3175=EDGE_CURVE('',#275,#277,#3178,.T.);
#3176=EDGE_CURVE('',#277,#271,#3179,.T.);
#3177=LINE('',#270,#3180);
#3178=LINE('',#274,#3181);
#3179=LINE('',#276,#3182);
#3180=VECTOR('',#3183,1.0);
#3181=VECTOR('',#3184,1.0);
#3182=VECTOR('',#3185,1.0);
#3183=DIRECTION('',(0.9063070509445025,0.42261984029181476,0));
#3184=DIRECTION('',(-0.472741803413575,0.8812009914345765,0));
#3185=DIRECTION('',(0.392024507064619,-0.9199547738126819,0));
#3186=FACE_SURFACE('',(#3191),#3187,.T.);
#3187=PLANE('',#3188);
#3188=AXIS2_PLACEMENT_3D('',#270,#3189,#3190);
#3189=DIRECTION('',(0,0,1));
#3190=DIRECTION('',(-0.392024507064619,0.9199547738126819,0));
#3191=FACE_BOUND('',#3192,.T.);
#3192=EDGE_LOOP('',(#3193,#3194,#3195));
#3193=ORIENTED_EDGE('',*,*,#3196,.T.);
#3194=ORIENTED_EDGE('',*,*,#3197,.T.);
#3195=ORIENTED_EDGE('',*,*,#3198,.T.);
#3196=EDGE_CURVE('',#271,#277,#3199,.F.);
#3197=EDGE_CURVE('',#277,#283,#3200,.T.);
#3198=EDGE_CURVE('',#283,#271,#3201,.T.);
#3199=LINE('',#270,#3202);
#3200=LINE('',#276,#3203);
#3201=LINE('',#282,#3204);
#3202=VECTOR('',#3205,1.0);
#3203=VECTOR('',#3206,1.0);
#3204=VECTOR('',#3207,1.0);
#3205=DIRECTION('',(-0.392024507064619,0.9199547738126819,0));
#3206=DIRECTION('',(-0.789217567366693,0.6141136957923992,0));
#3207=DIRECTION('',(0.47217879204841223,-0.8815028010957777,0));
#3208=FACE_SURFACE('',(#3213),#3209,.T.);
#3209=PLANE('',#3210);
#3210=AXIS2_PLACEMENT_3D('',#284,#3211,#3212);
#3211=DIRECTION('',(-0,0,1));
#3212=DIRECTION('',(0.6141136067728052,-0.7892176366354824,0));
#3213=FACE_BOUND('',#3214,.T.);
#3214=EDGE_LOOP('',(#3215,#3216,#3217));
#3215=ORIENTED_EDGE('',*,*,#3218,.T.);
#3216=ORIENTED_EDGE('',*,*,#3219,.T.);
#3217=ORIENTED_EDGE('',*,*,#3220,.T.);
#3218=EDGE_CURVE('',#285,#281,#3221,.F.);
#3219=EDGE_CURVE('',#281,#51,#3222,.T.);
#3220=EDGE_CURVE('',#51,#285,#3223,.T.);
#3221=LINE('',#284,#3224);
#3222=LINE('',#280,#3225);
#3223=LINE('',#50,#3226);
#3224=VECTOR('',#3227,1.0);
#3225=VECTOR('',#3228,1.0);
#3226=VECTOR('',#3229,1.0);
#3227=DIRECTION('',(0.6141136067728052,-0.7892176366354824,0));
#3228=DIRECTION('',(0.8988649372733488,0.4382257689143563,0));
#3229=DIRECTION('',(-0.958678782867493,-0.2844907578106927,0));
#3230=FACE_SURFACE('',(#3235),#3231,.T.);
#3231=PLANE('',#3232);
#3232=AXIS2_PLACEMENT_3D('',#286,#3233,#3234);
#3233=DIRECTION('',(-0,0,1));
#3234=DIRECTION('',(0.7892177620599446,-0.614113445585661,0));
#3235=FACE_BOUND('',#3236,.T.);
#3236=EDGE_LOOP('',(#3237,#3238,#3239));
#3237=ORIENTED_EDGE('',*,*,#3240,.T.);
#3238=ORIENTED_EDGE('',*,*,#3241,.T.);
#3239=ORIENTED_EDGE('',*,*,#3242,.T.);
#3240=EDGE_CURVE('',#287,#285,#3243,.F.);
#3241=EDGE_CURVE('',#285,#51,#3244,.T.);
#3242=EDGE_CURVE('',#51,#287,#3245,.T.);
#3243=LINE('',#286,#3246);
#3244=LINE('',#284,#3247);
#3245=LINE('',#50,#3248);
#3246=VECTOR('',#3249,1.0);
#3247=VECTOR('',#3250,1.0);
#3248=VECTOR('',#3251,1.0);
#3249=DIRECTION('',(0.7892177620599446,-0.614113445585661,0));
#3250=DIRECTION('',(0.958678782867493,0.2844907578106927,0));
#3251=DIRECTION('',(-0.9864764748202398,-0.16390291219570394,0));
#3252=FACE_SURFACE('',(#3257),#3253,.T.);
#3253=PLANE('',#3254);
#3254=AXIS2_PLACEMENT_3D('',#270,#3255,#3256);
#3255=DIRECTION('',(0,0,1));
#3256=DIRECTION('',(-0.47217879204841223,0.8815028010957777,0));
#3257=FACE_BOUND('',#3258,.T.);
#3258=EDGE_LOOP('',(#3259,#3260,#3261));
#3259=ORIENTED_EDGE('',*,*,#3262,.T.);
#3260=ORIENTED_EDGE('',*,*,#3263,.T.);
#3261=ORIENTED_EDGE('',*,*,#3264,.T.);
#3262=EDGE_CURVE('',#271,#283,#3265,.F.);
#3263=EDGE_CURVE('',#283,#289,#3266,.T.);
#3264=EDGE_CURVE('',#289,#271,#3267,.T.);
#3265=LINE('',#270,#3268);
#3266=LINE('',#282,#3269);
#3267=LINE('',#288,#3270);
#3268=VECTOR('',#3271,1.0);
#3269=VECTOR('',#3272,1.0);
#3270=VECTOR('',#3273,1.0);
#3271=DIRECTION('',(-0.47217879204841223,0.8815028010957777,0));
#3272=DIRECTION('',(-0.6141142237441878,0.7892171565513979,0));
#3273=DIRECTION('',(0.49506423468122673,-0.8688563768192595,0));
#3274=FACE_SURFACE('',(#3279),#3275,.T.);
#3275=PLANE('',#3276);
#3276=AXIS2_PLACEMENT_3D('',#168,#3277,#3278);
#3277=DIRECTION('',(-2.6465038592592955E-15,-1.507947046969379E-15,1));
#3278=DIRECTION('',(0.5185044427653797,-0.8550749340452936,8.281628709053106E-17));
#3279=FACE_BOUND('',#3280,.T.);
#3280=EDGE_LOOP('',(#3281,#3282,#3283));
#3281=ORIENTED_EDGE('',*,*,#3284,.T.);
#3282=ORIENTED_EDGE('',*,*,#3285,.T.);
#3283=ORIENTED_EDGE('',*,*,#3286,.T.);
#3284=EDGE_CURVE('',#169,#271,#3287,.F.);
#3285=EDGE_CURVE('',#271,#289,#3288,.T.);
#3286=EDGE_CURVE('',#289,#169,#3289,.T.);
#3287=LINE('',#168,#3290);
#3288=LINE('',#270,#3291);
#3289=LINE('',#288,#3292);
#3290=VECTOR('',#3293,1.0);
#3291=VECTOR('',#3294,1.0);
#3292=VECTOR('',#3295,1.0);
#3293=DIRECTION('',(0.5185044427653797,-0.8550749340452936,8.281628709053106E-17));
#3294=DIRECTION('',(-0.49506423468122673,0.8688563768192595,0));
#3295=DIRECTION('',(-0.5335055384901525,0.8457965715231602,-1.3650802418522298E-16));
#3296=FACE_SURFACE('',(#3301),#3297,.T.);
#3297=PLANE('',#3298);
#3298=AXIS2_PLACEMENT_3D('',#290,#3299,#3300);
#3299=DIRECTION('',(-0,0,1));
#3300=DIRECTION('',(0.9020302386141528,-0.43167284907171827,0));
#3301=FACE_BOUND('',#3302,.T.);
#3302=EDGE_LOOP('',(#3303,#3304,#3305));
#3303=ORIENTED_EDGE('',*,*,#3306,.T.);
#3304=ORIENTED_EDGE('',*,*,#3307,.T.);
#3305=ORIENTED_EDGE('',*,*,#3308,.T.);
#3306=EDGE_CURVE('',#291,#287,#3309,.F.);
#3307=EDGE_CURVE('',#287,#51,#3310,.T.);
#3308=EDGE_CURVE('',#51,#291,#3311,.T.);
#3309=LINE('',#290,#3312);
#3310=LINE('',#286,#3313);
#3311=LINE('',#50,#3314);
#3312=VECTOR('',#3315,1.0);
#3313=VECTOR('',#3316,1.0);
#3314=VECTOR('',#3317,1.0);
#3315=DIRECTION('',(0.9020302386141528,-0.43167284907171827,0));
#3316=DIRECTION('',(0.9864764748202398,0.16390291219570394,0));
#3317=DIRECTION('',(-0.9962998362065065,-0.08594554307751023,0));
#3318=FACE_SURFACE('',(#3323),#3319,.T.);
#3319=PLANE('',#3320);
#3320=AXIS2_PLACEMENT_3D('',#292,#3321,#3322);
#3321=DIRECTION('',(-0,0,1));
#3322=DIRECTION('',(0.96660430120899,-0.25627353527877217,0));
#3323=FACE_BOUND('',#3324,.T.);
#3324=EDGE_LOOP('',(#3325,#3326,#3327));
#3325=ORIENTED_EDGE('',*,*,#3328,.T.);
#3326=ORIENTED_EDGE('',*,*,#3329,.T.);
#3327=ORIENTED_EDGE('',*,*,#3330,.T.);
#3328=EDGE_CURVE('',#293,#291,#3331,.F.);
#3329=EDGE_CURVE('',#291,#51,#3332,.T.);
#3330=EDGE_CURVE('',#51,#293,#3333,.T.);
#3331=LINE('',#292,#3334);
#3332=LINE('',#290,#3335);
#3333=LINE('',#50,#3336);
#3334=VECTOR('',#3337,1.0);
#3335=VECTOR('',#3338,1.0);
#3336=VECTOR('',#3339,1.0);
#3337=DIRECTION('',(0.96660430120899,-0.25627353527877217,0));
#3338=DIRECTION('',(0.9962998362065065,0.08594554307751023,0));
#3339=DIRECTION('',(-0.9990152739321065,-0.04436758332790088,0));
#3340=FACE_SURFACE('',(#3345),#3341,.T.);
#3341=PLANE('',#3342);
#3342=AXIS2_PLACEMENT_3D('',#168,#3343,#3344);
#3343=DIRECTION('',(8.64893187869644E-15,5.616907473316383E-15,1));
#3344=DIRECTION('',(0.5335055384901525,-0.8457965715231602,1.3650802418522298E-16));
#3345=FACE_BOUND('',#3346,.T.);
#3346=EDGE_LOOP('',(#3347,#3348,#3349));
#3347=ORIENTED_EDGE('',*,*,#3350,.T.);
#3348=ORIENTED_EDGE('',*,*,#3351,.T.);
#3349=ORIENTED_EDGE('',*,*,#3352,.T.);
#3350=EDGE_CURVE('',#169,#289,#3353,.F.);
#3351=EDGE_CURVE('',#289,#295,#3354,.T.);
#3352=EDGE_CURVE('',#295,#169,#3355,.T.);
#3353=LINE('',#168,#3356);
#3354=LINE('',#288,#3357);
#3355=LINE('',#294,#3358);
#3356=VECTOR('',#3359,1.0);
#3357=VECTOR('',#3360,1.0);
#3358=VECTOR('',#3361,1.0);
#3359=DIRECTION('',(0.5335055384901525,-0.8457965715231602,1.3650802418522298E-16));
#3360=DIRECTION('',(-0.4316723220145842,0.9020304908408235,-1.3331172981402172E-15));
#3361=DIRECTION('',(-0.5446544105970743,0.8386605827253082,0));
#3362=FACE_SURFACE('',(#3367),#3363,.T.);
#3363=PLANE('',#3364);
#3364=AXIS2_PLACEMENT_3D('',#168,#3365,#3366);
#3365=DIRECTION('',(0,0,1));
#3366=DIRECTION('',(0.5446544105970743,-0.8386605827253082,0));
#3367=FACE_BOUND('',#3368,.T.);
#3368=EDGE_LOOP('',(#3369,#3370,#3371));
#3369=ORIENTED_EDGE('',*,*,#3372,.T.);
#3370=ORIENTED_EDGE('',*,*,#3373,.T.);
#3371=ORIENTED_EDGE('',*,*,#3374,.T.);
#3372=EDGE_CURVE('',#169,#295,#3375,.F.);
#3373=EDGE_CURVE('',#295,#297,#3376,.T.);
#3374=EDGE_CURVE('',#297,#169,#3377,.T.);
#3375=LINE('',#168,#3378);
#3376=LINE('',#294,#3379);
#3377=LINE('',#296,#3380);
#3378=VECTOR('',#3381,1.0);
#3379=VECTOR('',#3382,1.0);
#3380=VECTOR('',#3383,1.0);
#3381=DIRECTION('',(0.5446544105970743,-0.8386605827253082,0));
#3382=DIRECTION('',(-0.2562744353012221,0.9666040625876966,0));
#3383=DIRECTION('',(-0.5782621816136906,0.8158509970058105,0));
#3384=FACE_SURFACE('',(#3389),#3385,.T.);
#3385=PLANE('',#3386);
#3386=AXIS2_PLACEMENT_3D('',#298,#3387,#3388);
#3387=DIRECTION('',(-0,0,1));
#3388=DIRECTION('',(0.996349441852048,-0.08536855229598647,0));
#3389=FACE_BOUND('',#3390,.T.);
#3390=EDGE_LOOP('',(#3391,#3392,#3393));
#3391=ORIENTED_EDGE('',*,*,#3394,.T.);
#3392=ORIENTED_EDGE('',*,*,#3395,.T.);
#3393=ORIENTED_EDGE('',*,*,#3396,.T.);
#3394=EDGE_CURVE('',#299,#293,#3397,.F.);
#3395=EDGE_CURVE('',#293,#51,#3398,.T.);
#3396=EDGE_CURVE('',#51,#299,#3399,.T.);
#3397=LINE('',#298,#3400);
#3398=LINE('',#292,#3401);
#3399=LINE('',#50,#3402);
#3400=VECTOR('',#3403,1.0);
#3401=VECTOR('',#3404,1.0);
#3402=VECTOR('',#3405,1.0);
#3403=DIRECTION('',(0.996349441852048,-0.08536855229598647,0));
#3404=DIRECTION('',(0.9990152739321065,0.04436758332790088,0));
#3405=DIRECTION('',(-0.9995485554562774,-0.030044721421057748,0));
#3406=FACE_SURFACE('',(#3411),#3407,.T.);
#3407=PLANE('',#3408);
#3408=AXIS2_PLACEMENT_3D('',#298,#3409,#3410);
#3409=DIRECTION('',(0,-0,1));
#3410=DIRECTION('',(0.9995485554562774,0.030044721421057748,0));
#3411=FACE_BOUND('',#3412,.T.);
#3412=EDGE_LOOP('',(#3413,#3414,#3415));
#3413=ORIENTED_EDGE('',*,*,#3416,.T.);
#3414=ORIENTED_EDGE('',*,*,#3417,.T.);
#3415=ORIENTED_EDGE('',*,*,#3418,.T.);
#3416=EDGE_CURVE('',#299,#51,#3419,.F.);
#3417=EDGE_CURVE('',#51,#169,#3420,.T.);
#3418=EDGE_CURVE('',#169,#299,#3421,.T.);
#3419=LINE('',#298,#3422);
#3420=LINE('',#50,#3423);
#3421=LINE('',#168,#3424);
#3422=VECTOR('',#3425,1.0);
#3423=VECTOR('',#3426,1.0);
#3424=VECTOR('',#3427,1.0);
#3425=DIRECTION('',(0.9995485554562774,0.030044721421057748,0));
#3426=DIRECTION('',(-1,0,0));
#3427=DIRECTION('',(0.9995683123887973,-0.02938007604162166,0));
#3428=FACE_SURFACE('',(#3433),#3429,.T.);
#3429=PLANE('',#3430);
#3430=AXIS2_PLACEMENT_3D('',#168,#3431,#3432);
#3431=DIRECTION('',(0,0,1));
#3432=DIRECTION('',(0.5782621816136906,-0.8158509970058105,0));
#3433=FACE_BOUND('',#3434,.T.);
#3434=EDGE_LOOP('',(#3435,#3436,#3437));
#3435=ORIENTED_EDGE('',*,*,#3438,.T.);
#3436=ORIENTED_EDGE('',*,*,#3439,.T.);
#3437=ORIENTED_EDGE('',*,*,#3440,.T.);
#3438=EDGE_CURVE('',#169,#297,#3441,.F.);
#3439=EDGE_CURVE('',#297,#301,#3442,.T.);
#3440=EDGE_CURVE('',#301,#169,#3443,.T.);
#3441=LINE('',#168,#3444);
#3442=LINE('',#296,#3445);
#3443=LINE('',#300,#3446);
#3444=VECTOR('',#3447,1.0);
#3445=VECTOR('',#3448,1.0);
#3446=VECTOR('',#3449,1.0);
#3447=DIRECTION('',(0.5782621816136906,-0.8158509970058105,0));
#3448=DIRECTION('',(-0.08536741727776702,0.9963495391012752,0));
#3449=DIRECTION('',(-0.6378358249498374,0.7701723575996223,0));
#3450=FACE_SURFACE('',(#3455),#3451,.T.);
#3451=PLANE('',#3452);
#3452=AXIS2_PLACEMENT_3D('',#168,#3453,#3454);
#3453=DIRECTION('',(0,0,1));
#3454=DIRECTION('',(0.6378358249498374,-0.7701723575996223,0));
#3455=FACE_BOUND('',#3456,.T.);
#3456=EDGE_LOOP('',(#3457,#3458,#3459));
#3457=ORIENTED_EDGE('',*,*,#3460,.T.);
#3458=ORIENTED_EDGE('',*,*,#3461,.T.);
#3459=ORIENTED_EDGE('',*,*,#3462,.T.);
#3460=EDGE_CURVE('',#169,#301,#3463,.F.);
#3461=EDGE_CURVE('',#301,#303,#3464,.T.);
#3462=EDGE_CURVE('',#303,#169,#3465,.T.);
#3463=LINE('',#168,#3466);
#3464=LINE('',#300,#3467);
#3465=LINE('',#302,#3468);
#3466=VECTOR('',#3469,1.0);
#3467=VECTOR('',#3470,1.0);
#3468=VECTOR('',#3471,1.0);
#3469=DIRECTION('',(0.6378358249498374,-0.7701723575996223,0));
#3470=DIRECTION('',(0.0853679064873606,0.9963494971855835,0));
#3471=DIRECTION('',(-0.7224160524341182,0.6914586373641632,0));
#3472=FACE_SURFACE('',(#3477),#3473,.T.);
#3473=PLANE('',#3474);
#3474=AXIS2_PLACEMENT_3D('',#304,#3475,#3476);
#3475=DIRECTION('',(0,-0,1));
#3476=DIRECTION('',(0.996349442826635,0.08536854092143205,0));
#3477=FACE_BOUND('',#3478,.T.);
#3478=EDGE_LOOP('',(#3479,#3480,#3481));
#3479=ORIENTED_EDGE('',*,*,#3482,.T.);
#3480=ORIENTED_EDGE('',*,*,#3483,.T.);
#3481=ORIENTED_EDGE('',*,*,#3484,.T.);
#3482=EDGE_CURVE('',#305,#299,#3485,.F.);
#3483=EDGE_CURVE('',#299,#169,#3486,.T.);
#3484=EDGE_CURVE('',#169,#305,#3487,.T.);
#3485=LINE('',#304,#3488);
#3486=LINE('',#298,#3489);
#3487=LINE('',#168,#3490);
#3488=VECTOR('',#3491,1.0);
#3489=VECTOR('',#3492,1.0);
#3490=VECTOR('',#3493,1.0);
#3491=DIRECTION('',(0.996349442826635,0.08536854092143205,0));
#3492=DIRECTION('',(-0.9995683123887973,0.02938007604162166,0));
#3493=DIRECTION('',(0.9990634790032163,-0.043268521144014485,0));
#3494=FACE_SURFACE('',(#3499),#3495,.T.);
#3495=PLANE('',#3496);
#3496=AXIS2_PLACEMENT_3D('',#306,#3497,#3498);
#3497=DIRECTION('',(0,-0,1));
#3498=DIRECTION('',(0.96660430120899,0.25627353527877217,0));
#3499=FACE_BOUND('',#3500,.T.);
#3500=EDGE_LOOP('',(#3501,#3502,#3503));
#3501=ORIENTED_EDGE('',*,*,#3504,.T.);
#3502=ORIENTED_EDGE('',*,*,#3505,.T.);
#3503=ORIENTED_EDGE('',*,*,#3506,.T.);
#3504=EDGE_CURVE('',#307,#305,#3507,.F.);
#3505=EDGE_CURVE('',#305,#169,#3508,.T.);
#3506=EDGE_CURVE('',#169,#307,#3509,.T.);
#3507=LINE('',#306,#3510);
#3508=LINE('',#304,#3511);
#3509=LINE('',#168,#3512);
#3510=VECTOR('',#3513,1.0);
#3511=VECTOR('',#3514,1.0);
#3512=VECTOR('',#3515,1.0);
#3513=DIRECTION('',(0.96660430120899,0.25627353527877217,0));
#3514=DIRECTION('',(-0.9990634790032163,0.043268521144014485,0));
#3515=DIRECTION('',(0.9965036492469022,-0.08354924917440666,0));
#3516=FACE_SURFACE('',(#3521),#3517,.T.);
#3517=PLANE('',#3518);
#3518=AXIS2_PLACEMENT_3D('',#168,#3519,#3520);
#3519=DIRECTION('',(0,0,1));
#3520=DIRECTION('',(0.7224160524341182,-0.6914586373641632,0));
#3521=FACE_BOUND('',#3522,.T.);
#3522=EDGE_LOOP('',(#3523,#3524,#3525));
#3523=ORIENTED_EDGE('',*,*,#3526,.T.);
#3524=ORIENTED_EDGE('',*,*,#3527,.T.);
#3525=ORIENTED_EDGE('',*,*,#3528,.T.);
#3526=EDGE_CURVE('',#169,#303,#3529,.F.);
#3527=EDGE_CURVE('',#303,#309,#3530,.T.);
#3528=EDGE_CURVE('',#309,#169,#3531,.T.);
#3529=LINE('',#168,#3532);
#3530=LINE('',#302,#3533);
#3531=LINE('',#308,#3534);
#3532=VECTOR('',#3535,1.0);
#3533=VECTOR('',#3536,1.0);
#3534=VECTOR('',#3537,1.0);
#3535=DIRECTION('',(0.7224160524341182,-0.6914586373641632,0));
#3536=DIRECTION('',(0.2562735077011201,0.966604308520588,0));
#3537=DIRECTION('',(-0.8196608964099582,0.5728490332508415,0));
#3538=FACE_SURFACE('',(#3543),#3539,.T.);
#3539=PLANE('',#3540);
#3540=AXIS2_PLACEMENT_3D('',#168,#3541,#3542);
#3541=DIRECTION('',(0,0,1));
#3542=DIRECTION('',(0.8196608964099582,-0.5728490332508415,0));
#3543=FACE_BOUND('',#3544,.T.);
#3544=EDGE_LOOP('',(#3545,#3546,#3547));
#3545=ORIENTED_EDGE('',*,*,#3548,.T.);
#3546=ORIENTED_EDGE('',*,*,#3549,.T.);
#3547=ORIENTED_EDGE('',*,*,#3550,.T.);
#3548=EDGE_CURVE('',#169,#309,#3551,.F.);
#3549=EDGE_CURVE('',#309,#311,#3552,.T.);
#3550=EDGE_CURVE('',#311,#169,#3553,.T.);
#3551=LINE('',#168,#3554);
#3552=LINE('',#308,#3555);
#3553=LINE('',#310,#3556);
#3554=VECTOR('',#3557,1.0);
#3555=VECTOR('',#3558,1.0);
#3556=VECTOR('',#3559,1.0);
#3557=DIRECTION('',(0.8196608964099582,-0.5728490332508415,0));
#3558=DIRECTION('',(0.43167306236142117,0.9020301365428499,0));
#3559=DIRECTION('',(-0.9057714452553166,0.4237665500722005,0));
#3560=FACE_SURFACE('',(#3565),#3561,.T.);
#3561=PLANE('',#3562);
#3562=AXIS2_PLACEMENT_3D('',#312,#3563,#3564);
#3563=DIRECTION('',(0,-0,1));
#3564=DIRECTION('',(0.9020303566828992,0.4316726023533597,0));
#3565=FACE_BOUND('',#3566,.T.);
#3566=EDGE_LOOP('',(#3567,#3568,#3569));
#3567=ORIENTED_EDGE('',*,*,#3570,.T.);
#3568=ORIENTED_EDGE('',*,*,#3571,.T.);
#3569=ORIENTED_EDGE('',*,*,#3572,.T.);
#3570=EDGE_CURVE('',#313,#307,#3573,.F.);
#3571=EDGE_CURVE('',#307,#169,#3574,.T.);
#3572=EDGE_CURVE('',#169,#313,#3575,.T.);
#3573=LINE('',#312,#3576);
#3574=LINE('',#306,#3577);
#3575=LINE('',#168,#3578);
#3576=VECTOR('',#3579,1.0);
#3577=VECTOR('',#3580,1.0);
#3578=VECTOR('',#3581,1.0);
#3579=DIRECTION('',(0.9020303566828992,0.4316726023533597,0));
#3580=DIRECTION('',(-0.9965036492469022,0.08354924917440666,0));
#3581=DIRECTION('',(0.9873100655457429,-0.15880439059440682,0));
#3582=FACE_SURFACE('',(#3587),#3583,.T.);
#3583=PLANE('',#3584);
#3584=AXIS2_PLACEMENT_3D('',#168,#3585,#3586);
#3585=DIRECTION('',(0,0,1));
#3586=DIRECTION('',(0.9057714452553166,-0.4237665500722005,0));
#3587=FACE_BOUND('',#3588,.T.);
#3588=EDGE_LOOP('',(#3589,#3590,#3591));
#3589=ORIENTED_EDGE('',*,*,#3592,.T.);
#3590=ORIENTED_EDGE('',*,*,#3593,.T.);
#3591=ORIENTED_EDGE('',*,*,#3594,.T.);
#3592=EDGE_CURVE('',#169,#311,#3595,.F.);
#3593=EDGE_CURVE('',#311,#315,#3596,.T.);
#3594=EDGE_CURVE('',#315,#169,#3597,.T.);
#3595=LINE('',#168,#3598);
#3596=LINE('',#310,#3599);
#3597=LINE('',#314,#3600);
#3598=VECTOR('',#3601,1.0);
#3599=VECTOR('',#3602,1.0);
#3600=VECTOR('',#3603,1.0);
#3601=DIRECTION('',(0.9057714452553166,-0.4237665500722005,0));
#3602=DIRECTION('',(0.6141132852236477,0.7892178868422957,0));
#3603=DIRECTION('',(-0.9614472413513098,0.27498945815786496,0));
#3604=FACE_SURFACE('',(#3609),#3605,.T.);
#3605=PLANE('',#3606);
#3606=AXIS2_PLACEMENT_3D('',#168,#3607,#3608);
#3607=DIRECTION('',(0,0,1));
#3608=DIRECTION('',(0.9614472413513098,-0.27498945815786496,0));
#3609=FACE_BOUND('',#3610,.T.);
#3610=EDGE_LOOP('',(#3611,#3612,#3613));
#3611=ORIENTED_EDGE('',*,*,#3614,.T.);
#3612=ORIENTED_EDGE('',*,*,#3615,.T.);
#3613=ORIENTED_EDGE('',*,*,#3616,.T.);
#3614=EDGE_CURVE('',#169,#315,#3617,.F.);
#3615=EDGE_CURVE('',#315,#313,#3618,.T.);
#3616=EDGE_CURVE('',#313,#169,#3619,.T.);
#3617=LINE('',#168,#3620);
#3618=LINE('',#314,#3621);
#3619=LINE('',#312,#3622);
#3620=VECTOR('',#3623,1.0);
#3621=VECTOR('',#3624,1.0);
#3622=VECTOR('',#3625,1.0);
#3623=DIRECTION('',(0.9614472413513098,-0.27498945815786496,0));
#3624=DIRECTION('',(0.789217567366693,0.6141136957923992,0));
#3625=DIRECTION('',(-0.9873100655457429,0.15880439059440682,0));
#3626=FACE_SURFACE('',(#3631),#3627,.T.);
#3627=PLANE('',#3628);
#3628=AXIS2_PLACEMENT_3D('',#316,#3629,#3630);
#3629=DIRECTION('',(-1,0,0));
#3630=DIRECTION('',(0,-1,0));
#3631=FACE_BOUND('',#3632,.T.);
#3632=EDGE_LOOP('',(#3633,#3634,#3635));
#3633=ORIENTED_EDGE('',*,*,#3636,.T.);
#3634=ORIENTED_EDGE('',*,*,#3637,.T.);
#3635=ORIENTED_EDGE('',*,*,#3638,.T.);
#3636=EDGE_CURVE('',#317,#319,#3639,.F.);
#3637=EDGE_CURVE('',#319,#321,#3640,.T.);
#3638=EDGE_CURVE('',#321,#317,#3641,.T.);
#3639=LINE('',#316,#3642);
#3640=LINE('',#318,#3643);
#3641=LINE('',#320,#3644);
#3642=VECTOR('',#3645,1.0);
#3643=VECTOR('',#3646,1.0);
#3644=VECTOR('',#3647,1.0);
#3645=DIRECTION('',(0,-1,0));
#3646=DIRECTION('',(0,0,1));
#3647=DIRECTION('',(0,0.489555216811986,-0.8719722986954168));
#3648=FACE_SURFACE('',(#3653),#3649,.T.);
#3649=PLANE('',#3650);
#3650=AXIS2_PLACEMENT_3D('',#316,#3651,#3652);
#3651=DIRECTION('',(-1,0,0));
#3652=DIRECTION('',(0,-0.489555216811986,0.8719722986954168));
#3653=FACE_BOUND('',#3654,.T.);
#3654=EDGE_LOOP('',(#3655,#3656,#3657));
#3655=ORIENTED_EDGE('',*,*,#3658,.T.);
#3656=ORIENTED_EDGE('',*,*,#3659,.T.);
#3657=ORIENTED_EDGE('',*,*,#3660,.T.);
#3658=EDGE_CURVE('',#317,#321,#3661,.F.);
#3659=EDGE_CURVE('',#321,#323,#3662,.T.);
#3660=EDGE_CURVE('',#323,#317,#3663,.T.);
#3661=LINE('',#316,#3664);
#3662=LINE('',#320,#3665);
#3663=LINE('',#322,#3666);
#3664=VECTOR('',#3667,1.0);
#3665=VECTOR('',#3668,1.0);
#3666=VECTOR('',#3669,1.0);
#3667=DIRECTION('',(0,-0.489555216811986,0.8719722986954168));
#3668=DIRECTION('',(0,1,0));
#3669=DIRECTION('',(0,0,-1));
#3670=FACE_SURFACE('',(#3675),#3671,.T.);
#3671=PLANE('',#3672);
#3672=AXIS2_PLACEMENT_3D('',#324,#3673,#3674);
#3673=DIRECTION('',(0,1,0));
#3674=DIRECTION('',(0,0,1));
#3675=FACE_BOUND('',#3676,.T.);
#3676=EDGE_LOOP('',(#3677,#3678,#3679));
#3677=ORIENTED_EDGE('',*,*,#3680,.T.);
#3678=ORIENTED_EDGE('',*,*,#3681,.T.);
#3679=ORIENTED_EDGE('',*,*,#3682,.T.);
#3680=EDGE_CURVE('',#325,#327,#3683,.F.);
#3681=EDGE_CURVE('',#327,#329,#3684,.T.);
#3682=EDGE_CURVE('',#329,#325,#3685,.T.);
#3683=LINE('',#324,#3686);
#3684=LINE('',#326,#3687);
#3685=LINE('',#328,#3688);
#3686=VECTOR('',#3689,1.0);
#3687=VECTOR('',#3690,1.0);
#3688=VECTOR('',#3691,1.0);
#3689=DIRECTION('',(0,0,1));
#3690=DIRECTION('',(1,0,0));
#3691=DIRECTION('',(-0.41362996075417463,0,-0.9104450865189508));
#3692=FACE_SURFACE('',(#3697),#3693,.T.);
#3693=PLANE('',#3694);
#3694=AXIS2_PLACEMENT_3D('',#328,#3695,#3696);
#3695=DIRECTION('',(0,1,0));
#3696=DIRECTION('',(0,0,-1));
#3697=FACE_BOUND('',#3698,.T.);
#3698=EDGE_LOOP('',(#3699,#3700,#3701));
#3699=ORIENTED_EDGE('',*,*,#3702,.T.);
#3700=ORIENTED_EDGE('',*,*,#3703,.T.);
#3701=ORIENTED_EDGE('',*,*,#3704,.T.);
#3702=EDGE_CURVE('',#329,#331,#3705,.F.);
#3703=EDGE_CURVE('',#331,#317,#3706,.T.);
#3704=EDGE_CURVE('',#317,#329,#3707,.T.);
#3705=LINE('',#328,#3708);
#3706=LINE('',#330,#3709);
#3707=LINE('',#316,#3710);
#3708=VECTOR('',#3711,1.0);
#3709=VECTOR('',#3712,1.0);
#3710=VECTOR('',#3713,1.0);
#3711=DIRECTION('',(0,0,-1));
#3712=DIRECTION('',(-1,0,0));
#3713=DIRECTION('',(0.1465779688318665,0,0.989199120022417));
#3714=FACE_SURFACE('',(#3719),#3715,.T.);
#3715=PLANE('',#3716);
#3716=AXIS2_PLACEMENT_3D('',#316,#3717,#3718);
#3717=DIRECTION('',(0,1,0));
#3718=DIRECTION('',(0,0,1));
#3719=FACE_BOUND('',#3720,.T.);
#3720=EDGE_LOOP('',(#3721,#3722,#3723));
#3721=ORIENTED_EDGE('',*,*,#3724,.T.);
#3722=ORIENTED_EDGE('',*,*,#3725,.T.);
#3723=ORIENTED_EDGE('',*,*,#3726,.T.);
#3724=EDGE_CURVE('',#317,#323,#3727,.F.);
#3725=EDGE_CURVE('',#323,#325,#3728,.T.);
#3726=EDGE_CURVE('',#325,#317,#3729,.T.);
#3727=LINE('',#316,#3730);
#3728=LINE('',#322,#3731);
#3729=LINE('',#324,#3732);
#3730=VECTOR('',#3733,1.0);
#3731=VECTOR('',#3734,1.0);
#3732=VECTOR('',#3735,1.0);
#3733=DIRECTION('',(0,0,1));
#3734=DIRECTION('',(1,0,0));
#3735=DIRECTION('',(-0.04041071589923639,0,-0.9991831534010724));
#3736=FACE_SURFACE('',(#3741),#3737,.T.);
#3737=PLANE('',#3738);
#3738=AXIS2_PLACEMENT_3D('',#328,#3739,#3740);
#3739=DIRECTION('',(0,1,0));
#3740=DIRECTION('',(-0.1465779688318665,0,-0.989199120022417));
#3741=FACE_BOUND('',#3742,.T.);
#3742=EDGE_LOOP('',(#3743,#3744,#3745));
#3743=ORIENTED_EDGE('',*,*,#3746,.T.);
#3744=ORIENTED_EDGE('',*,*,#3747,.T.);
#3745=ORIENTED_EDGE('',*,*,#3748,.T.);
#3746=EDGE_CURVE('',#329,#317,#3749,.F.);
#3747=EDGE_CURVE('',#317,#325,#3750,.T.);
#3748=EDGE_CURVE('',#325,#329,#3751,.T.);
#3749=LINE('',#328,#3752);
#3750=LINE('',#316,#3753);
#3751=LINE('',#324,#3754);
#3752=VECTOR('',#3755,1.0);
#3753=VECTOR('',#3756,1.0);
#3754=VECTOR('',#3757,1.0);
#3755=DIRECTION('',(-0.1465779688318665,0,-0.989199120022417));
#3756=DIRECTION('',(0.04041071589923639,0,0.9991831534010724));
#3757=DIRECTION('',(0.41362996075417463,0,0.9104450865189508));
#3758=FACE_SURFACE('',(#3763),#3759,.T.);
#3759=PLANE('',#3760);
#3760=AXIS2_PLACEMENT_3D('',#330,#3761,#3762);
#3761=DIRECTION('',(1,0,-0));
#3762=DIRECTION('',(0,0,1));
#3763=FACE_BOUND('',#3764,.T.);
#3764=EDGE_LOOP('',(#3765,#3766,#3767));
#3765=ORIENTED_EDGE('',*,*,#3768,.T.);
#3766=ORIENTED_EDGE('',*,*,#3769,.T.);
#3767=ORIENTED_EDGE('',*,*,#3770,.T.);
#3768=EDGE_CURVE('',#331,#329,#3771,.F.);
#3769=EDGE_CURVE('',#329,#333,#3772,.T.);
#3770=EDGE_CURVE('',#333,#331,#3773,.T.);
#3771=LINE('',#330,#3774);
#3772=LINE('',#328,#3775);
#3773=LINE('',#332,#3776);
#3774=VECTOR('',#3777,1.0);
#3775=VECTOR('',#3778,1.0);
#3776=VECTOR('',#3779,1.0);
#3777=DIRECTION('',(0,0,1));
#3778=DIRECTION('',(0,-1,1.6143962973900585E-16));
#3779=DIRECTION('',(0,0.38353024524197216,-0.9235283162873962));
#3780=FACE_SURFACE('',(#3785),#3781,.T.);
#3781=PLANE('',#3782);
#3782=AXIS2_PLACEMENT_3D('',#330,#3783,#3784);
#3783=DIRECTION('',(1,0,0));
#3784=DIRECTION('',(0,-0.38353024524197216,0.9235283162873962));
#3785=FACE_BOUND('',#3786,.T.);
#3786=EDGE_LOOP('',(#3787,#3788,#3789));
#3787=ORIENTED_EDGE('',*,*,#3790,.T.);
#3788=ORIENTED_EDGE('',*,*,#3791,.T.);
#3789=ORIENTED_EDGE('',*,*,#3792,.T.);
#3790=EDGE_CURVE('',#331,#333,#3793,.F.);
#3791=EDGE_CURVE('',#333,#335,#3794,.T.);
#3792=EDGE_CURVE('',#335,#331,#3795,.T.);
#3793=LINE('',#330,#3796);
#3794=LINE('',#332,#3797);
#3795=LINE('',#334,#3798);
#3796=VECTOR('',#3799,1.0);
#3797=VECTOR('',#3800,1.0);
#3798=VECTOR('',#3801,1.0);
#3799=DIRECTION('',(0,-0.38353024524197216,0.9235283162873962));
#3800=DIRECTION('',(0,0,-1));
#3801=DIRECTION('',(0,1,0));
#3802=FACE_SURFACE('',(#3807),#3803,.T.);
#3803=PLANE('',#3804);
#3804=AXIS2_PLACEMENT_3D('',#336,#3805,#3806);
#3805=DIRECTION('',(-0,-1,0));
#3806=DIRECTION('',(-1,0,0));
#3807=FACE_BOUND('',#3808,.T.);
#3808=EDGE_LOOP('',(#3809,#3810,#3811));
#3809=ORIENTED_EDGE('',*,*,#3812,.T.);
#3810=ORIENTED_EDGE('',*,*,#3813,.T.);
#3811=ORIENTED_EDGE('',*,*,#3814,.T.);
#3812=EDGE_CURVE('',#337,#339,#3815,.F.);
#3813=EDGE_CURVE('',#339,#341,#3816,.T.);
#3814=EDGE_CURVE('',#341,#337,#3817,.T.);
#3815=LINE('',#336,#3818);
#3816=LINE('',#338,#3819);
#3817=LINE('',#340,#3820);
#3818=VECTOR('',#3821,1.0);
#3819=VECTOR('',#3822,1.0);
#3820=VECTOR('',#3823,1.0);
#3821=DIRECTION('',(-1,0,0));
#3822=DIRECTION('',(0,0,-1));
#3823=DIRECTION('',(0.04041071589923639,0,0.9991831534010724));
#3824=FACE_SURFACE('',(#3829),#3825,.T.);
#3825=PLANE('',#3826);
#3826=AXIS2_PLACEMENT_3D('',#340,#3827,#3828);
#3827=DIRECTION('',(0,-1,0));
#3828=DIRECTION('',(1,0,0));
#3829=FACE_BOUND('',#3830,.T.);
#3830=EDGE_LOOP('',(#3831,#3832,#3833));
#3831=ORIENTED_EDGE('',*,*,#3834,.T.);
#3832=ORIENTED_EDGE('',*,*,#3835,.T.);
#3833=ORIENTED_EDGE('',*,*,#3836,.T.);
#3834=EDGE_CURVE('',#341,#335,#3837,.F.);
#3835=EDGE_CURVE('',#335,#333,#3838,.T.);
#3836=EDGE_CURVE('',#333,#341,#3839,.T.);
#3837=LINE('',#340,#3840);
#3838=LINE('',#334,#3841);
#3839=LINE('',#332,#3842);
#3840=VECTOR('',#3843,1.0);
#3841=VECTOR('',#3844,1.0);
#3842=VECTOR('',#3845,1.0);
#3843=DIRECTION('',(1,0,0));
#3844=DIRECTION('',(0,0,1));
#3845=DIRECTION('',(-0.14657796883186647,0,-0.989199120022417));
#3846=FACE_SURFACE('',(#3851),#3847,.T.);
#3847=PLANE('',#3848);
#3848=AXIS2_PLACEMENT_3D('',#332,#3849,#3850);
#3849=DIRECTION('',(-0,-1,0));
#3850=DIRECTION('',(-1,0,0));
#3851=FACE_BOUND('',#3852,.T.);
#3852=EDGE_LOOP('',(#3853,#3854,#3855));
#3853=ORIENTED_EDGE('',*,*,#3856,.T.);
#3854=ORIENTED_EDGE('',*,*,#3857,.T.);
#3855=ORIENTED_EDGE('',*,*,#3858,.T.);
#3856=EDGE_CURVE('',#333,#343,#3859,.F.);
#3857=EDGE_CURVE('',#343,#337,#3860,.T.);
#3858=EDGE_CURVE('',#337,#333,#3861,.T.);
#3859=LINE('',#332,#3862);
#3860=LINE('',#342,#3863);
#3861=LINE('',#336,#3864);
#3862=VECTOR('',#3865,1.0);
#3863=VECTOR('',#3866,1.0);
#3864=VECTOR('',#3867,1.0);
#3865=DIRECTION('',(-1,0,0));
#3866=DIRECTION('',(0,0,-1));
#3867=DIRECTION('',(0.4136299607541746,0,0.9104450865189508));
#3868=FACE_SURFACE('',(#3873),#3869,.T.);
#3869=PLANE('',#3870);
#3870=AXIS2_PLACEMENT_3D('',#336,#3871,#3872);
#3871=DIRECTION('',(0,-1,-0));
#3872=DIRECTION('',(-0.04041071589923639,0,-0.9991831534010724));
#3873=FACE_BOUND('',#3874,.T.);
#3874=EDGE_LOOP('',(#3875,#3876,#3877));
#3875=ORIENTED_EDGE('',*,*,#3878,.T.);
#3876=ORIENTED_EDGE('',*,*,#3879,.T.);
#3877=ORIENTED_EDGE('',*,*,#3880,.T.);
#3878=EDGE_CURVE('',#337,#341,#3881,.F.);
#3879=EDGE_CURVE('',#341,#333,#3882,.T.);
#3880=EDGE_CURVE('',#333,#337,#3883,.T.);
#3881=LINE('',#336,#3884);
#3882=LINE('',#340,#3885);
#3883=LINE('',#332,#3886);
#3884=VECTOR('',#3887,1.0);
#3885=VECTOR('',#3888,1.0);
#3886=VECTOR('',#3889,1.0);
#3887=DIRECTION('',(-0.04041071589923639,0,-0.9991831534010724));
#3888=DIRECTION('',(0.14657796883186647,0,0.989199120022417));
#3889=DIRECTION('',(-0.4136299607541746,0,-0.9104450865189508));
#3890=FACE_SURFACE('',(#3895),#3891,.T.);
#3891=PLANE('',#3892);
#3892=AXIS2_PLACEMENT_3D('',#344,#3893,#3894);
#3893=DIRECTION('',(0,0,-1));
#3894=DIRECTION('',(1,0,0));
#3895=FACE_BOUND('',#3896,.T.);
#3896=EDGE_LOOP('',(#3897,#3898,#3899));
#3897=ORIENTED_EDGE('',*,*,#3900,.T.);
#3898=ORIENTED_EDGE('',*,*,#3901,.T.);
#3899=ORIENTED_EDGE('',*,*,#3902,.T.);
#3900=EDGE_CURVE('',#345,#331,#3903,.F.);
#3901=EDGE_CURVE('',#331,#335,#3904,.T.);
#3902=EDGE_CURVE('',#335,#345,#3905,.T.);
#3903=LINE('',#344,#3906);
#3904=LINE('',#330,#3907);
#3905=LINE('',#334,#3908);
#3906=VECTOR('',#3909,1.0);
#3907=VECTOR('',#3910,1.0);
#3908=VECTOR('',#3911,1.0);
#3909=DIRECTION('',(1,0,0));
#3910=DIRECTION('',(0,-1,0));
#3911=DIRECTION('',(-0.33605735773699746,0.9418415218659814,0));
#3912=FACE_SURFACE('',(#3917),#3913,.T.);
#3913=PLANE('',#3914);
#3914=AXIS2_PLACEMENT_3D('',#344,#3915,#3916);
#3915=DIRECTION('',(0,0,-1));
#3916=DIRECTION('',(0.33605735773699746,-0.9418415218659814,0));
#3917=FACE_BOUND('',#3918,.T.);
#3918=EDGE_LOOP('',(#3919,#3920,#3921));
#3919=ORIENTED_EDGE('',*,*,#3922,.T.);
#3920=ORIENTED_EDGE('',*,*,#3923,.T.);
#3921=ORIENTED_EDGE('',*,*,#3924,.T.);
#3922=EDGE_CURVE('',#345,#335,#3925,.F.);
#3923=EDGE_CURVE('',#335,#347,#3926,.T.);
#3924=EDGE_CURVE('',#347,#345,#3927,.T.);
#3925=LINE('',#344,#3928);
#3926=LINE('',#334,#3929);
#3927=LINE('',#346,#3930);
#3928=VECTOR('',#3931,1.0);
#3929=VECTOR('',#3932,1.0);
#3930=VECTOR('',#3933,1.0);
#3931=DIRECTION('',(0.33605735773699746,-0.9418415218659814,0));
#3932=DIRECTION('',(-1,0,0));
#3933=DIRECTION('',(0,1,0));
#3934=FACE_SURFACE('',(#3939),#3935,.T.);
#3935=PLANE('',#3936);
#3936=AXIS2_PLACEMENT_3D('',#332,#3937,#3938);
#3937=DIRECTION('',(0,1.6143962973900585E-16,1));
#3938=DIRECTION('',(0,1,-1.6143962973900585E-16));
#3939=FACE_BOUND('',#3940,.T.);
#3940=EDGE_LOOP('',(#3941,#3942,#3943));
#3941=ORIENTED_EDGE('',*,*,#3944,.T.);
#3942=ORIENTED_EDGE('',*,*,#3945,.T.);
#3943=ORIENTED_EDGE('',*,*,#3946,.T.);
#3944=EDGE_CURVE('',#333,#329,#3947,.F.);
#3945=EDGE_CURVE('',#329,#349,#3948,.T.);
#3946=EDGE_CURVE('',#349,#333,#3949,.T.);
#3947=LINE('',#332,#3950);
#3948=LINE('',#328,#3951);
#3949=LINE('',#348,#3952);
#3950=VECTOR('',#3953,1.0);
#3951=VECTOR('',#3954,1.0);
#3952=VECTOR('',#3955,1.0);
#3953=DIRECTION('',(0,1,-1.6143962973900585E-16));
#3954=DIRECTION('',(-1,0,0));
#3955=DIRECTION('',(0.27388346854120516,-0.9617628843222423,1.552666439417011E-16));
#3956=FACE_SURFACE('',(#3961),#3957,.T.);
#3957=PLANE('',#3958);
#3958=AXIS2_PLACEMENT_3D('',#332,#3959,#3960);
#3959=DIRECTION('',(0,1.6143962973900585E-16,1));
#3960=DIRECTION('',(-0.27388346854120516,0.9617628843222423,-1.552666439417011E-16));
#3961=FACE_BOUND('',#3962,.T.);
#3962=EDGE_LOOP('',(#3963,#3964,#3965));
#3963=ORIENTED_EDGE('',*,*,#3966,.T.);
#3964=ORIENTED_EDGE('',*,*,#3967,.T.);
#3965=ORIENTED_EDGE('',*,*,#3968,.T.);
#3966=EDGE_CURVE('',#333,#349,#3969,.F.);
#3967=EDGE_CURVE('',#349,#351,#3970,.T.);
#3968=EDGE_CURVE('',#351,#333,#3971,.T.);
#3969=LINE('',#332,#3972);
#3970=LINE('',#348,#3973);
#3971=LINE('',#350,#3974);
#3972=VECTOR('',#3975,1.0);
#3973=VECTOR('',#3976,1.0);
#3974=VECTOR('',#3977,1.0);
#3975=DIRECTION('',(-0.27388346854120516,0.9617628843222423,-1.552666439417011E-16));
#3976=DIRECTION('',(0,-1,1.6143962973900585E-16));
#3977=DIRECTION('',(1,0,0));
#3978=FACE_SURFACE('',(#3983),#3979,.T.);
#3979=PLANE('',#3980);
#3980=AXIS2_PLACEMENT_3D('',#352,#3981,#3982);
#3981=DIRECTION('',(-1,0,0));
#3982=DIRECTION('',(0,0,1));
#3983=FACE_BOUND('',#3984,.T.);
#3984=EDGE_LOOP('',(#3985,#3986,#3987));
#3985=ORIENTED_EDGE('',*,*,#3988,.T.);
#3986=ORIENTED_EDGE('',*,*,#3989,.T.);
#3987=ORIENTED_EDGE('',*,*,#3990,.T.);
#3988=EDGE_CURVE('',#353,#355,#3991,.F.);
#3989=EDGE_CURVE('',#355,#357,#3992,.T.);
#3990=EDGE_CURVE('',#357,#353,#3993,.T.);
#3991=LINE('',#352,#3994);
#3992=LINE('',#354,#3995);
#3993=LINE('',#356,#3996);
#3994=VECTOR('',#3997,1.0);
#3995=VECTOR('',#3998,1.0);
#3996=VECTOR('',#3999,1.0);
#3997=DIRECTION('',(0,0,1));
#3998=DIRECTION('',(0,1,-1.6143964367835162E-16));
#3999=DIRECTION('',(0,-0.38353024522214135,-0.9235283162956317));
#4000=FACE_SURFACE('',(#4005),#4001,.T.);
#4001=PLANE('',#4002);
#4002=AXIS2_PLACEMENT_3D('',#352,#4003,#4004);
#4003=DIRECTION('',(-1,0,0));
#4004=DIRECTION('',(0,0.38353024522214135,0.9235283162956317));
#4005=FACE_BOUND('',#4006,.T.);
#4006=EDGE_LOOP('',(#4007,#4008,#4009));
#4007=ORIENTED_EDGE('',*,*,#4010,.T.);
#4008=ORIENTED_EDGE('',*,*,#4011,.T.);
#4009=ORIENTED_EDGE('',*,*,#4012,.T.);
#4010=EDGE_CURVE('',#353,#357,#4013,.F.);
#4011=EDGE_CURVE('',#357,#359,#4014,.T.);
#4012=EDGE_CURVE('',#359,#353,#4015,.T.);
#4013=LINE('',#352,#4016);
#4014=LINE('',#356,#4017);
#4015=LINE('',#358,#4018);
#4016=VECTOR('',#4019,1.0);
#4017=VECTOR('',#4020,1.0);
#4018=VECTOR('',#4021,1.0);
#4019=DIRECTION('',(0,0.38353024522214135,0.9235283162956317));
#4020=DIRECTION('',(0,0,-1));
#4021=DIRECTION('',(0,-1,0));
#4022=FACE_SURFACE('',(#4027),#4023,.T.);
#4023=PLANE('',#4024);
#4024=AXIS2_PLACEMENT_3D('',#360,#4025,#4026);
#4025=DIRECTION('',(0,1,0));
#4026=DIRECTION('',(0,0,-1));
#4027=FACE_BOUND('',#4028,.T.);
#4028=EDGE_LOOP('',(#4029,#4030,#4031));
#4029=ORIENTED_EDGE('',*,*,#4032,.T.);
#4030=ORIENTED_EDGE('',*,*,#4033,.T.);
#4031=ORIENTED_EDGE('',*,*,#4034,.T.);
#4032=EDGE_CURVE('',#361,#363,#4035,.F.);
#4033=EDGE_CURVE('',#363,#359,#4036,.T.);
#4034=EDGE_CURVE('',#359,#361,#4037,.T.);
#4035=LINE('',#360,#4038);
#4036=LINE('',#362,#4039);
#4037=LINE('',#358,#4040);
#4038=VECTOR('',#4041,1.0);
#4039=VECTOR('',#4042,1.0);
#4040=VECTOR('',#4043,1.0);
#4041=DIRECTION('',(0,0,-1));
#4042=DIRECTION('',(-1,0,0));
#4043=DIRECTION('',(0.19642219045599163,0,0.9805194149513156));
#4044=FACE_SURFACE('',(#4049),#4045,.T.);
#4045=PLANE('',#4046);
#4046=AXIS2_PLACEMENT_3D('',#358,#4047,#4048);
#4047=DIRECTION('',(0,1,0));
#4048=DIRECTION('',(0,0,1));
#4049=FACE_BOUND('',#4050,.T.);
#4050=EDGE_LOOP('',(#4051,#4052,#4053));
#4051=ORIENTED_EDGE('',*,*,#4054,.T.);
#4052=ORIENTED_EDGE('',*,*,#4055,.T.);
#4053=ORIENTED_EDGE('',*,*,#4056,.T.);
#4054=EDGE_CURVE('',#359,#357,#4057,.F.);
#4055=EDGE_CURVE('',#357,#365,#4058,.T.);
#4056=EDGE_CURVE('',#365,#359,#4059,.T.);
#4057=LINE('',#358,#4060);
#4058=LINE('',#356,#4061);
#4059=LINE('',#364,#4062);
#4060=VECTOR('',#4063,1.0);
#4061=VECTOR('',#4064,1.0);
#4062=VECTOR('',#4065,1.0);
#4063=DIRECTION('',(0,0,1));
#4064=DIRECTION('',(1,0,0));
#4065=DIRECTION('',(-0.13709712521046077,0,-0.990557609762818));
#4066=FACE_SURFACE('',(#4071),#4067,.T.);
#4067=PLANE('',#4068);
#4068=AXIS2_PLACEMENT_3D('',#366,#4069,#4070);
#4069=DIRECTION('',(-0,1,0));
#4070=DIRECTION('',(1,0,0));
#4071=FACE_BOUND('',#4072,.T.);
#4072=EDGE_LOOP('',(#4073,#4074,#4075));
#4073=ORIENTED_EDGE('',*,*,#4076,.T.);
#4074=ORIENTED_EDGE('',*,*,#4077,.T.);
#4075=ORIENTED_EDGE('',*,*,#4078,.T.);
#4076=EDGE_CURVE('',#367,#361,#4079,.F.);
#4077=EDGE_CURVE('',#361,#359,#4080,.T.);
#4078=EDGE_CURVE('',#359,#367,#4081,.T.);
#4079=LINE('',#366,#4082);
#4080=LINE('',#360,#4083);
#4081=LINE('',#358,#4084);
#4082=VECTOR('',#4085,1.0);
#4083=VECTOR('',#4086,1.0);
#4084=VECTOR('',#4087,1.0);
#4085=DIRECTION('',(1,0,0));
#4086=DIRECTION('',(-0.19642219045599163,0,-0.9805194149513156));
#4087=DIRECTION('',(0.18391870417355785,0,0.9829414582034472));
#4088=FACE_SURFACE('',(#4093),#4089,.T.);
#4089=PLANE('',#4090);
#4090=AXIS2_PLACEMENT_3D('',#358,#4091,#4092);
#4091=DIRECTION('',(0,1,0));
#4092=DIRECTION('',(0.13709712521046077,0,0.990557609762818));
#4093=FACE_BOUND('',#4094,.T.);
#4094=EDGE_LOOP('',(#4095,#4096,#4097));
#4095=ORIENTED_EDGE('',*,*,#4098,.T.);
#4096=ORIENTED_EDGE('',*,*,#4099,.T.);
#4097=ORIENTED_EDGE('',*,*,#4100,.T.);
#4098=EDGE_CURVE('',#359,#365,#4101,.F.);
#4099=EDGE_CURVE('',#365,#367,#4102,.T.);
#4100=EDGE_CURVE('',#367,#359,#4103,.T.);
#4101=LINE('',#358,#4104);
#4102=LINE('',#364,#4105);
#4103=LINE('',#366,#4106);
#4104=VECTOR('',#4107,1.0);
#4105=VECTOR('',#4108,1.0);
#4106=VECTOR('',#4109,1.0);
#4107=DIRECTION('',(0.13709712521046077,0,0.990557609762818));
#4108=DIRECTION('',(0,0,-1));
#4109=DIRECTION('',(-0.18391870417355785,0,-0.9829414582034472));
#4110=FACE_SURFACE('',(#4115),#4111,.T.);
#4111=PLANE('',#4112);
#4112=AXIS2_PLACEMENT_3D('',#368,#4113,#4114);
#4113=DIRECTION('',(1,0,0));
#4114=DIRECTION('',(0,0,-1));
#4115=FACE_BOUND('',#4116,.T.);
#4116=EDGE_LOOP('',(#4117,#4118,#4119));
#4117=ORIENTED_EDGE('',*,*,#4120,.T.);
#4118=ORIENTED_EDGE('',*,*,#4121,.T.);
#4119=ORIENTED_EDGE('',*,*,#4122,.T.);
#4120=EDGE_CURVE('',#369,#371,#4123,.F.);
#4121=EDGE_CURVE('',#371,#363,#4124,.T.);
#4122=EDGE_CURVE('',#363,#369,#4125,.T.);
#4123=LINE('',#368,#4126);
#4124=LINE('',#370,#4127);
#4125=LINE('',#362,#4128);
#4126=VECTOR('',#4129,1.0);
#4127=VECTOR('',#4130,1.0);
#4128=VECTOR('',#4131,1.0);
#4129=DIRECTION('',(0,0,-1));
#4130=DIRECTION('',(0,1,0));
#4131=DIRECTION('',(0,-0.48955525414352136,0.8719722777362088));
#4132=FACE_SURFACE('',(#4137),#4133,.T.);
#4133=PLANE('',#4134);
#4134=AXIS2_PLACEMENT_3D('',#368,#4135,#4136);
#4135=DIRECTION('',(1,-0,0));
#4136=DIRECTION('',(0,0.48955525414352136,-0.8719722777362088));
#4137=FACE_BOUND('',#4138,.T.);
#4138=EDGE_LOOP('',(#4139,#4140,#4141));
#4139=ORIENTED_EDGE('',*,*,#4142,.T.);
#4140=ORIENTED_EDGE('',*,*,#4143,.T.);
#4141=ORIENTED_EDGE('',*,*,#4144,.T.);
#4142=EDGE_CURVE('',#369,#363,#4145,.F.);
#4143=EDGE_CURVE('',#363,#361,#4146,.T.);
#4144=EDGE_CURVE('',#361,#369,#4147,.T.);
#4145=LINE('',#368,#4148);
#4146=LINE('',#362,#4149);
#4147=LINE('',#360,#4150);
#4148=VECTOR('',#4151,1.0);
#4149=VECTOR('',#4152,1.0);
#4150=VECTOR('',#4153,1.0);
#4151=DIRECTION('',(0,0.48955525414352136,-0.8719722777362088));
#4152=DIRECTION('',(0,0,1));
#4153=DIRECTION('',(0,-1,0));
#4154=FACE_SURFACE('',(#4159),#4155,.T.);
#4155=PLANE('',#4156);
#4156=AXIS2_PLACEMENT_3D('',#372,#4157,#4158);
#4157=DIRECTION('',(-0,-1,0));
#4158=DIRECTION('',(-1,0,0));
#4159=FACE_BOUND('',#4160,.T.);
#4160=EDGE_LOOP('',(#4161,#4162,#4163));
#4161=ORIENTED_EDGE('',*,*,#4164,.T.);
#4162=ORIENTED_EDGE('',*,*,#4165,.T.);
#4163=ORIENTED_EDGE('',*,*,#4166,.T.);
#4164=EDGE_CURVE('',#373,#375,#4167,.F.);
#4165=EDGE_CURVE('',#375,#377,#4168,.T.);
#4166=EDGE_CURVE('',#377,#373,#4169,.T.);
#4167=LINE('',#372,#4170);
#4168=LINE('',#374,#4171);
#4169=LINE('',#376,#4172);
#4170=VECTOR('',#4173,1.0);
#4171=VECTOR('',#4174,1.0);
#4172=VECTOR('',#4175,1.0);
#4173=DIRECTION('',(-1,0,0));
#4174=DIRECTION('',(0,0,-1));
#4175=DIRECTION('',(0.13709712521046075,0,0.990557609762818));
#4176=FACE_SURFACE('',(#4181),#4177,.T.);
#4177=PLANE('',#4178);
#4178=AXIS2_PLACEMENT_3D('',#376,#4179,#4180);
#4179=DIRECTION('',(0,-1,0));
#4180=DIRECTION('',(1,0,0));
#4181=FACE_BOUND('',#4182,.T.);
#4182=EDGE_LOOP('',(#4183,#4184,#4185));
#4183=ORIENTED_EDGE('',*,*,#4186,.T.);
#4184=ORIENTED_EDGE('',*,*,#4187,.T.);
#4185=ORIENTED_EDGE('',*,*,#4188,.T.);
#4186=EDGE_CURVE('',#377,#371,#4189,.F.);
#4187=EDGE_CURVE('',#371,#369,#4190,.T.);
#4188=EDGE_CURVE('',#369,#377,#4191,.T.);
#4189=LINE('',#376,#4192);
#4190=LINE('',#370,#4193);
#4191=LINE('',#368,#4194);
#4192=VECTOR('',#4195,1.0);
#4193=VECTOR('',#4196,1.0);
#4194=VECTOR('',#4197,1.0);
#4195=DIRECTION('',(1,0,0));
#4196=DIRECTION('',(0,0,1));
#4197=DIRECTION('',(-0.19642219045599163,0,-0.9805194149513156));
#4198=FACE_SURFACE('',(#4203),#4199,.T.);
#4199=PLANE('',#4200);
#4200=AXIS2_PLACEMENT_3D('',#378,#4201,#4202);
#4201=DIRECTION('',(-0,-1,0));
#4202=DIRECTION('',(0,0,1));
#4203=FACE_BOUND('',#4204,.T.);
#4204=EDGE_LOOP('',(#4205,#4206,#4207));
#4205=ORIENTED_EDGE('',*,*,#4208,.T.);
#4206=ORIENTED_EDGE('',*,*,#4209,.T.);
#4207=ORIENTED_EDGE('',*,*,#4210,.T.);
#4208=EDGE_CURVE('',#379,#373,#4211,.F.);
#4209=EDGE_CURVE('',#373,#377,#4212,.T.);
#4210=EDGE_CURVE('',#377,#379,#4213,.T.);
#4211=LINE('',#378,#4214);
#4212=LINE('',#372,#4215);
#4213=LINE('',#376,#4216);
#4214=VECTOR('',#4217,1.0);
#4215=VECTOR('',#4218,1.0);
#4216=VECTOR('',#4219,1.0);
#4217=DIRECTION('',(0,0,1));
#4218=DIRECTION('',(-0.13709712521046075,0,-0.990557609762818));
#4219=DIRECTION('',(0.18391870417355785,0,0.9829414582034472));
#4220=FACE_SURFACE('',(#4225),#4221,.T.);
#4221=PLANE('',#4222);
#4222=AXIS2_PLACEMENT_3D('',#376,#4223,#4224);
#4223=DIRECTION('',(0,-1,0));
#4224=DIRECTION('',(0.19642219045599163,0,0.9805194149513156));
#4225=FACE_BOUND('',#4226,.T.);
#4226=EDGE_LOOP('',(#4227,#4228,#4229));
#4227=ORIENTED_EDGE('',*,*,#4230,.T.);
#4228=ORIENTED_EDGE('',*,*,#4231,.T.);
#4229=ORIENTED_EDGE('',*,*,#4232,.T.);
#4230=EDGE_CURVE('',#377,#369,#4233,.F.);
#4231=EDGE_CURVE('',#369,#379,#4234,.T.);
#4232=EDGE_CURVE('',#379,#377,#4235,.T.);
#4233=LINE('',#376,#4236);
#4234=LINE('',#368,#4237);
#4235=LINE('',#378,#4238);
#4236=VECTOR('',#4239,1.0);
#4237=VECTOR('',#4240,1.0);
#4238=VECTOR('',#4241,1.0);
#4239=DIRECTION('',(0.19642219045599163,0,0.9805194149513156));
#4240=DIRECTION('',(-1,0,0));
#4241=DIRECTION('',(-0.18391870417355785,0,-0.9829414582034472));
#4242=FACE_SURFACE('',(#4247),#4243,.T.);
#4243=PLANE('',#4244);
#4244=AXIS2_PLACEMENT_3D('',#380,#4245,#4246);
#4245=DIRECTION('',(0,0,-1));
#4246=DIRECTION('',(1,0,0));
#4247=FACE_BOUND('',#4248,.T.);
#4248=EDGE_LOOP('',(#4249,#4250,#4251));
#4249=ORIENTED_EDGE('',*,*,#4252,.T.);
#4250=ORIENTED_EDGE('',*,*,#4253,.T.);
#4251=ORIENTED_EDGE('',*,*,#4254,.T.);
#4252=EDGE_CURVE('',#381,#363,#4255,.F.);
#4253=EDGE_CURVE('',#363,#371,#4256,.T.);
#4254=EDGE_CURVE('',#371,#381,#4257,.T.);
#4255=LINE('',#380,#4258);
#4256=LINE('',#362,#4259);
#4257=LINE('',#370,#4260);
#4258=VECTOR('',#4261,1.0);
#4259=VECTOR('',#4262,1.0);
#4260=VECTOR('',#4263,1.0);
#4261=DIRECTION('',(1,0,0));
#4262=DIRECTION('',(0,-1,0));
#4263=DIRECTION('',(-0.33605717833657617,0.9418415858776138,0));
#4264=FACE_SURFACE('',(#4269),#4265,.T.);
#4265=PLANE('',#4266);
#4266=AXIS2_PLACEMENT_3D('',#380,#4267,#4268);
#4267=DIRECTION('',(0,0,-1));
#4268=DIRECTION('',(0.33605717833657617,-0.9418415858776138,0));
#4269=FACE_BOUND('',#4270,.T.);
#4270=EDGE_LOOP('',(#4271,#4272,#4273));
#4271=ORIENTED_EDGE('',*,*,#4274,.T.);
#4272=ORIENTED_EDGE('',*,*,#4275,.T.);
#4273=ORIENTED_EDGE('',*,*,#4276,.T.);
#4274=EDGE_CURVE('',#381,#371,#4277,.F.);
#4275=EDGE_CURVE('',#371,#383,#4278,.T.);
#4276=EDGE_CURVE('',#383,#381,#4279,.T.);
#4277=LINE('',#380,#4280);
#4278=LINE('',#370,#4281);
#4279=LINE('',#382,#4282);
#4280=VECTOR('',#4283,1.0);
#4281=VECTOR('',#4284,1.0);
#4282=VECTOR('',#4285,1.0);
#4283=DIRECTION('',(0.33605717833657617,-0.9418415858776138,0));
#4284=DIRECTION('',(-1,0,0));
#4285=DIRECTION('',(0,1,0));
#4286=FACE_SURFACE('',(#4291),#4287,.T.);
#4287=PLANE('',#4288);
#4288=AXIS2_PLACEMENT_3D('',#384,#4289,#4290);
#4289=DIRECTION('',(0,1.6143964367835162E-16,1));
#4290=DIRECTION('',(-1,0,0));
#4291=FACE_BOUND('',#4292,.T.);
#4292=EDGE_LOOP('',(#4293,#4294,#4295));
#4293=ORIENTED_EDGE('',*,*,#4296,.T.);
#4294=ORIENTED_EDGE('',*,*,#4297,.T.);
#4295=ORIENTED_EDGE('',*,*,#4298,.T.);
#4296=EDGE_CURVE('',#385,#387,#4299,.F.);
#4297=EDGE_CURVE('',#387,#389,#4300,.T.);
#4298=EDGE_CURVE('',#389,#385,#4301,.T.);
#4299=LINE('',#384,#4302);
#4300=LINE('',#386,#4303);
#4301=LINE('',#388,#4304);
#4302=VECTOR('',#4305,1.0);
#4303=VECTOR('',#4306,1.0);
#4304=VECTOR('',#4307,1.0);
#4305=DIRECTION('',(-1,0,0));
#4306=DIRECTION('',(0,-1,1.6143964367835162E-16));
#4307=DIRECTION('',(0.3161756458952481,0.9487006698336008,-1.5315789809535001E-16));
#4308=FACE_SURFACE('',(#4313),#4309,.T.);
#4309=PLANE('',#4310);
#4310=AXIS2_PLACEMENT_3D('',#384,#4311,#4312);
#4311=DIRECTION('',(0,1.6143964367835162E-16,1));
#4312=DIRECTION('',(-0.3161756458952481,-0.9487006698336008,1.5315789809535001E-16));
#4313=FACE_BOUND('',#4314,.T.);
#4314=EDGE_LOOP('',(#4315,#4316,#4317));
#4315=ORIENTED_EDGE('',*,*,#4318,.T.);
#4316=ORIENTED_EDGE('',*,*,#4319,.T.);
#4317=ORIENTED_EDGE('',*,*,#4320,.T.);
#4318=EDGE_CURVE('',#385,#389,#4321,.F.);
#4319=EDGE_CURVE('',#389,#391,#4322,.T.);
#4320=EDGE_CURVE('',#391,#385,#4323,.T.);
#4321=LINE('',#384,#4324);
#4322=LINE('',#388,#4325);
#4323=LINE('',#390,#4326);
#4324=VECTOR('',#4327,1.0);
#4325=VECTOR('',#4328,1.0);
#4326=VECTOR('',#4329,1.0);
#4327=DIRECTION('',(-0.3161756458952481,-0.9487006698336008,1.5315789809535001E-16));
#4328=DIRECTION('',(1,0,0));
#4329=DIRECTION('',(0,1,-1.6143964367835162E-16));
#4330=SHAPE_DEFINITION_REPRESENTATION(#4331,#4332);
#4331=PRODUCT_DEFINITION_SHAPE('productshape1','',#4335);
#4332=MANIFOLD_SURFACE_SHAPE_REPRESENTATION('',(#4333,#9),#3);
#4333=SHELL_BASED_SURFACE_MODEL('shell1',(#4338));
#4334=PRODUCT('product1','','',(#13));
#4335=PRODUCT_DEFINITION('mesh1','',#4336,#2);
#4336=PRODUCT_DEFINITION_FORMATION_WITH_SPECIFIED_SOURCE('prodsource1','',#4334,.NOT_KNOWN.);
#4337=STYLED_ITEM('',(#18),#4338);
#4338=CLOSED_SHELL('',(#5047,#5069,#5091,#5113,#5135,#5157,#5179,#5201,#5223,#5245,#5267,#5289,#5311,#5333,#5355,#5377,#5399,#5421,#5443,#5465,#5487,#5509,#5531,#5553,#5575,#5597,#5619,#5641,#5663,#5685,#5707,#5729,#5751,#5773,#5795,#5817,#5839,#5861,#5883,#5905,#5927,#5949,#5971,#5993,#6015,#6037,#6059,#6081,#6103,#6125,#6147,#6169,#6191,#6213,#6235,#6257,#6279,#6301,#6323,#6345,#6367,#6389,#6411,#6433,#6455,#6477,#6499,#6521,#6543,#6565,#6587,#6609,#6631,#6653,#6675,#6697,#6719,#6741,#6763,#6785,#6807,#6829,#6851,#6873,#6895,#6917,#6939,#6961,#6983,#7005,#7027,#7049,#7071,#7093,#7115,#7137,#7159,#7181,#7203,#7225,#7247,#7269,#7291,#7313,#7335,#7357,#7379,#7401,#7423,#7445,#7467,#7489,#7511,#7533,#7555,#7577,#7599,#7621,#7643,#7665,#7687,#7709,#7731,#7753,#7775,#7797,#7819,#7841,#7863,#7885,#7907,#7929,#7951,#7973,#7995,#8017,#8039,#8061,#8083,#8105,#8127,#8149,#8171,#8193,#8215,#8237,#8259,#8281,#8303,#8325,#8347,#8369,#8391,#8413,#8435,#8457,#8479,#8501,#8523,#8545,#8567,#8589,#8611,#8633,#8655,#8677,#8699,#8721,#8743,#8765,#8787,#8809,#8831,#8853,#8875,#8897,#8919,#8941,#8963,#8985,#9007,#9029,#9051,#9073,#9095,#9117,#9139,#9161,#9183,#9205,#9227,#9249,#9271,#9293,#9315,#9337,#9359,#9381,#9403,#9425,#9447,#9469,#9491,#9513,#9535,#9557,#9579,#9601,#9623,#9645,#9667,#9689,#9711,#9733,#9755,#9777,#9799,#9821,#9843,#9865,#9887,#9909,#9931,#9953,#9975,#9997,#10019,#10041,#10063,#10085,#10107,#10129,#10151,#10173,#10195,#10217,#10239,#10261,#10283,#10305,#10327,#10349,#10371,#10393,#10415,#10437,#10459,#10481,#10503,#10525,#10547,#10569,#10591,#10613,#10635,#10657,#10679,#10701,#10723,#10745,#10767,#10789,#10811,#10833,#10855,#10877,#10899,#10921,#10943,#10965,#10987,#11009,#11031,#11053,#11075,#11097,#11119,#11141,#11163,#11185,#11207,#11229,#11251,#11273,#11295,#11317,#11339,#11361,#11383,#11405,#11427,#11449,#11471,#11493,#11515,#11537,#11559,#11581,#11603,#11625,#11647,#11669,#11691,#11713,#11735,#11757,#11779,#11801,#11823,#11845,#11867,#11889,#11911,#11933,#11955,#11977,#11999,#12021,#12043,#12065,#12087,#12109,#12131,#12153,#12175,#12197,#12219,#12241,#12263,#12285,#12307,#12329,#12351,#12373,#12395,#12417,#12439,#12461,#12483,#12505,#12527,#12549,#12571,#12593,#12615,#12637,#12659,#12681,#12703,#12725,#12747,#12769,#12791,#12813,#12835,#12857,#12879,#12901,#12923,#12945,#12967,#12989,#13011,#13033,#13055,#13077,#13099,#13121,#13143,#13165,#13187,#13209,#13231,#13253,#13275,#13297,#13319,#13341,#13363,#13385,#13407,#13429,#13451,#13473,#13495,#13517,#13539,#13561,#13583,#13605,#13627,#13649,#13671,#13693,#13715,#13737,#13759,#13781,#13803,#13825,#13847,#13869,#13891,#13913,#13935,#13957,#13979,#14001,#14023,#14045,#14067,#14089,#14111,#14133,#14155,#14177,#14199,#14221,#14243,#14265,#14287,#14309,#14331,#14353,#14375,#14397,#14419,#14441,#14463,#14485,#14507,#14529,#14551,#14573,#14595,#14617,#14639,#14661,#14683,#14705,#14727,#14749,#14771,#14793,#14815,#14837,#14859,#14881,#14903,#14925,#14947,#14969,#14991,#15013,#15035,#15057,#15079,#15101,#15123,#15145,#15167,#15189,#15211,#15233,#15255,#15277,#15299,#15321,#15343,#15365,#15387,#15409,#15431,#15453,#15475,#15497,#15519,#15541,#15563,#15585,#15607,#15629,#15651,#15673,#15695,#15717,#15739,#15761,#15783,#15805,#15827,#15849,#15871));
#4339=CARTESIAN_POINT('',(-3.9221692590634802,137.81862419375852,42.810199001146025));
#4340=VERTEX_POINT('',#4339);
#4341=CARTESIAN_POINT('',(-2.60472061646783,138.432967661078,12.845646790842004));
#4342=VERTEX_POINT('',#4341);
#4343=CARTESIAN_POINT('',(-2.013879499898394,138.70848077258893,12.845646790842004));
#4344=VERTEX_POINT('',#4343);
#4345=CARTESIAN_POINT('',(-2.013879499898394,138.70848077258893,42.810199001146025));
#4346=VERTEX_POINT('',#4345);
#4347=CARTESIAN_POINT('',(0.0550358374256632,139.26284108225832,12.845646790842004));
#4348=VERTEX_POINT('',#4347);
#4349=CARTESIAN_POINT('',(0.0550358374256632,139.26284108225832,42.810199001146025));
#4350=VERTEX_POINT('',#4349);
#4351=CARTESIAN_POINT('',(2.188784320600711,139.4495245995165,12.845646790842004));
#4352=VERTEX_POINT('',#4351);
#4353=CARTESIAN_POINT('',(2.188784320600711,139.4495245995165,42.810199001146025));
#4354=VERTEX_POINT('',#4353);
#4355=CARTESIAN_POINT('',(-1.3826797413563554,115.4459020559666,12.845646790842004));
#4356=VERTEX_POINT('',#4355);
#4357=CARTESIAN_POINT('',(-2.013879499898394,115.61503094831528,12.845646790842004));
#4358=VERTEX_POINT('',#4357);
#4359=CARTESIAN_POINT('',(-2.0138801753229245,115.61503094831528,42.810199001146025));
#4360=VERTEX_POINT('',#4359);
#4361=CARTESIAN_POINT('',(0.021433129319660793,115.06967469939468,42.810199001146025));
#4362=VERTEX_POINT('',#4361);
#4363=CARTESIAN_POINT('',(-3.9550995820493426,116.52024054012759,12.845646790842004));
#4364=VERTEX_POINT('',#4363);
#4365=CARTESIAN_POINT('',(-3.9551009328984037,116.52024054012759,42.810199001146025));
#4366=VERTEX_POINT('',#4365);
#4367=CARTESIAN_POINT('',(-5.70964042905689,117.74878179848827,12.845646790842004));
#4368=VERTEX_POINT('',#4367);
#4369=CARTESIAN_POINT('',(-5.709641779905951,117.74878179848827,42.810199001146025));
#4370=VERTEX_POINT('',#4369);
#4371=CARTESIAN_POINT('',(-7.224192809000101,119.26333372764873,12.845646790842004));
#4372=VERTEX_POINT('',#4371);
#4373=CARTESIAN_POINT('',(-7.224194159849162,119.26333372764873,42.810199001146025));
#4374=VERTEX_POINT('',#4373);
#4375=CARTESIAN_POINT('',(-8.452734645217902,121.01787465779552,12.845646790842004));
#4376=VERTEX_POINT('',#4375);
#4377=CARTESIAN_POINT('',(-8.452735320642432,121.01787465779552,42.810199001146025));
#4378=VERTEX_POINT('',#4377);
#4379=CARTESIAN_POINT('',(-9.357940627304288,122.95909372151195,12.845646790842004));
#4380=VERTEX_POINT('',#4379);
#4381=CARTESIAN_POINT('',(-9.357940627304288,122.95909372151195,42.810199001146025));
#4382=VERTEX_POINT('',#4381);
#4383=CARTESIAN_POINT('',(-9.912303415829001,125.02800635620125,12.845646790842004));
#4384=VERTEX_POINT('',#4383);
#4385=CARTESIAN_POINT('',(-9.912304766678062,125.02801142320223,42.810199001146025));
#4386=VERTEX_POINT('',#4385);
#4387=CARTESIAN_POINT('',(-10.098982650972403,127.16175649382723,12.845646790842004));
#4388=VERTEX_POINT('',#4387);
#4389=CARTESIAN_POINT('',(-10.098982650972403,127.16175649382723,42.810199001146025));
#4390=VERTEX_POINT('',#4389);
#4391=CARTESIAN_POINT('',(-9.912303415829001,129.2955067106251,12.845646790842004));
#4392=VERTEX_POINT('',#4391);
#4393=CARTESIAN_POINT('',(-9.912304766678062,129.2955067106251,42.810199001146025));
#4394=VERTEX_POINT('',#4393);
#4395=CARTESIAN_POINT('',(-9.357940627304288,131.36441894945494,12.845646790842004));
#4396=VERTEX_POINT('',#4395);
#4397=CARTESIAN_POINT('',(-9.357940627304288,131.36441894945494,42.810199001146025));
#4398=VERTEX_POINT('',#4397);
#4399=CARTESIAN_POINT('',(-8.452733969793371,133.30563896323406,12.845646790842004));
#4400=VERTEX_POINT('',#4399);
#4401=CARTESIAN_POINT('',(-8.452734645217902,133.30563896323406,42.810199001146025));
#4402=VERTEX_POINT('',#4401);
#4403=CARTESIAN_POINT('',(-7.2241921335755706,135.06017926000573,12.845646790842004));
#4404=VERTEX_POINT('',#4403);
#4405=CARTESIAN_POINT('',(-7.2241921335755706,135.06017926000573,42.810199001146025));
#4406=VERTEX_POINT('',#4405);
#4407=CARTESIAN_POINT('',(-5.70964042905689,136.5747311891662,12.845646790842004));
#4408=VERTEX_POINT('',#4407);
#4409=CARTESIAN_POINT('',(-5.70964110448142,136.5747311891662,42.810199001146025));
#4410=VERTEX_POINT('',#4409);
#4411=CARTESIAN_POINT('',(-3.955098906624812,137.80327118077662,12.845646790842004));
#4412=VERTEX_POINT('',#4411);
#4413=CARTESIAN_POINT('',(-3.955098906624812,137.80327118077662,42.810199001146025));
#4414=VERTEX_POINT('',#4413);
#4415=CARTESIAN_POINT('',(6.982288941064326,115.89054659332669,12.845646790842004));
#4416=VERTEX_POINT('',#4415);
#4417=CARTESIAN_POINT('',(6.39144782449489,115.61503094831528,12.845646790842004));
#4418=VERTEX_POINT('',#4417);
#4419=CARTESIAN_POINT('',(6.391447149070359,115.61503094831528,42.810199001146025));
#4420=VERTEX_POINT('',#4419);
#4421=CARTESIAN_POINT('',(8.299737583659976,116.50488499364519,42.810199001146025));
#4422=VERTEX_POINT('',#4421);
#4423=CARTESIAN_POINT('',(4.322532487170832,115.06067063864589,12.845646790842004));
#4424=VERTEX_POINT('',#4423);
#4425=CARTESIAN_POINT('',(4.322531811746302,115.06067063864589,42.810199001146025));
#4426=VERTEX_POINT('',#4425);
#4427=CARTESIAN_POINT('',(2.1887839913105114,114.87398965488819,12.845646790842004));
#4428=VERTEX_POINT('',#4427);
#4429=CARTESIAN_POINT('',(2.188783265664866,114.87398965488819,42.810199001146025));
#4430=VERTEX_POINT('',#4429);
#4431=CARTESIAN_POINT('',(0.0550358374256632,115.06067063864589,12.845646790842004));
#4432=VERTEX_POINT('',#4431);
#4433=CARTESIAN_POINT('',(0.0550358374256632,115.06067063864589,42.810199001146025));
#4434=VERTEX_POINT('',#4433);
#4435=CARTESIAN_POINT('',(4.3561355329891,139.25383702150953,42.810199001146025));
#4436=VERTEX_POINT('',#4435);
#4437=CARTESIAN_POINT('',(5.760248065952851,138.87760713143712,12.845646790842004));
#4438=VERTEX_POINT('',#4437);
#4439=CARTESIAN_POINT('',(6.39144782449489,138.70848077258893,12.845646790842004));
#4440=VERTEX_POINT('',#4439);
#4441=CARTESIAN_POINT('',(6.39144782449489,138.70848077258893,42.810199001146025));
#4442=VERTEX_POINT('',#4441);
#4443=CARTESIAN_POINT('',(8.332667231221308,137.80327118077662,12.845646790842004));
#4444=VERTEX_POINT('',#4443);
#4445=CARTESIAN_POINT('',(8.332667231221308,137.80327118077662,42.810199001146025));
#4446=VERTEX_POINT('',#4445);
#4447=CARTESIAN_POINT('',(10.087208753653385,136.5747311891662,12.845646790842004));
#4448=VERTEX_POINT('',#4447);
#4449=CARTESIAN_POINT('',(10.087209429077916,136.5747311891662,42.810199001146025));
#4450=VERTEX_POINT('',#4449);
#4451=CARTESIAN_POINT('',(11.601760458172066,135.06017926000573,12.845646790842004));
#4452=VERTEX_POINT('',#4451);
#4453=CARTESIAN_POINT('',(11.601760458172066,135.06017926000573,42.810199001146025));
#4454=VERTEX_POINT('',#4453);
#4455=CARTESIAN_POINT('',(12.830302294389867,133.30563896323406,12.845646790842004));
#4456=VERTEX_POINT('',#4455);
#4457=CARTESIAN_POINT('',(12.830302969814397,133.30563896323406,42.810199001146025));
#4458=VERTEX_POINT('',#4457);
#4459=CARTESIAN_POINT('',(13.735507601051722,131.36441894945494,12.845646790842004));
#4460=VERTEX_POINT('',#4459);
#4461=CARTESIAN_POINT('',(13.735507601051722,131.36441894945494,42.810199001146025));
#4462=VERTEX_POINT('',#4461);
#4463=CARTESIAN_POINT('',(14.289870389576436,129.2955067106251,12.845646790842004));
#4464=VERTEX_POINT('',#4463);
#4465=CARTESIAN_POINT('',(14.289871740425497,129.2955067106251,42.810199001146025));
#4466=VERTEX_POINT('',#4465);
#4467=CARTESIAN_POINT('',(14.476549624719837,127.16175649382723,12.845646790842004));
#4468=VERTEX_POINT('',#4467);
#4469=CARTESIAN_POINT('',(14.476549624719837,127.16175649382723,42.810199001146025));
#4470=VERTEX_POINT('',#4469);
#4471=CARTESIAN_POINT('',(14.289870389576436,125.02800635620125,12.845646790842004));
#4472=VERTEX_POINT('',#4471);
#4473=CARTESIAN_POINT('',(14.289871740425497,125.02801142320223,42.810199001146025));
#4474=VERTEX_POINT('',#4473);
#4475=CARTESIAN_POINT('',(13.735507601051722,122.95909372151195,12.845646790842004));
#4476=VERTEX_POINT('',#4475);
#4477=CARTESIAN_POINT('',(13.735507601051722,122.95909372151195,42.810199001146025));
#4478=VERTEX_POINT('',#4477);
#4479=CARTESIAN_POINT('',(12.830302969814397,121.01787465779552,12.845646790842004));
#4480=VERTEX_POINT('',#4479);
#4481=CARTESIAN_POINT('',(12.830303645238928,121.01787465779552,42.810199001146025));
#4482=VERTEX_POINT('',#4481);
#4483=CARTESIAN_POINT('',(11.601761133596597,119.26333372764873,12.845646790842004));
#4484=VERTEX_POINT('',#4483);
#4485=CARTESIAN_POINT('',(11.601762484445658,119.26333372764873,42.810199001146025));
#4486=VERTEX_POINT('',#4485);
#4487=CARTESIAN_POINT('',(10.087208753653385,117.74878179848827,12.845646790842004));
#4488=VERTEX_POINT('',#4487);
#4489=CARTESIAN_POINT('',(10.087210104502446,117.74878179848827,42.810199001146025));
#4490=VERTEX_POINT('',#4489);
#4491=CARTESIAN_POINT('',(8.332667231221308,116.52024054012759,12.845646790842004));
#4492=VERTEX_POINT('',#4491);
#4493=CARTESIAN_POINT('',(8.332667231221308,116.52024054012759,42.810199001146025));
#4494=VERTEX_POINT('',#4493);
#4495=CARTESIAN_POINT('',(4.322532824883098,139.26284108225832,12.845646790842004));
#4496=VERTEX_POINT('',#4495);
#4497=CARTESIAN_POINT('',(4.322532824883098,139.26284108225832,42.810199001146025));
#4498=VERTEX_POINT('',#4497);
#4499=CARTESIAN_POINT('',(-10.659160844704957,171.25202677478637,209.36582177843138));
#4500=VERTEX_POINT('',#4499);
#4501=CARTESIAN_POINT('',(-10.534439652595893,169.93483960095864,209.36582177843138));
#4502=VERTEX_POINT('',#4501);
#4503=CARTESIAN_POINT('',(-10.028165739795668,170.44111407128867,209.36582177843138));
#4504=VERTEX_POINT('',#4503);
#4505=CARTESIAN_POINT('',(-9.217253750142618,169.81012043873534,209.36582177843138));
#4506=VERTEX_POINT('',#4505);
#4507=CARTESIAN_POINT('',(13.594819373040991,169.81012043873534,209.36582177843138));
#4508=VERTEX_POINT('',#4507);
#4509=CARTESIAN_POINT('',(14.912006626343327,169.93483960095864,209.36582177843138));
#4510=VERTEX_POINT('',#4509);
#4511=CARTESIAN_POINT('',(14.405732713543102,170.44111407128867,209.36582177843138));
#4512=VERTEX_POINT('',#4511);
#4513=CARTESIAN_POINT('',(15.03672646760333,171.25202677478637,209.36582177843138));
#4514=VERTEX_POINT('',#4513);
#4515=CARTESIAN_POINT('',(-9.217253750142618,195.5060073034615,209.36582177843138));
#4516=VERTEX_POINT('',#4515);
#4517=CARTESIAN_POINT('',(-10.534439652595893,195.3812881412382,209.36582177843138));
#4518=VERTEX_POINT('',#4517);
#4519=CARTESIAN_POINT('',(-10.028165739795668,194.87501367090817,209.36582177843138));
#4520=VERTEX_POINT('',#4519);
#4521=CARTESIAN_POINT('',(-10.659160844704957,194.06410096741047,209.36582177843138));
#4522=VERTEX_POINT('',#4521);
#4523=CARTESIAN_POINT('',(14.912006626343327,195.3812881412382,209.36582177843138));
#4524=VERTEX_POINT('',#4523);
#4525=CARTESIAN_POINT('',(13.594819373040991,195.5060073034615,209.36582177843138));
#4526=VERTEX_POINT('',#4525);
#4527=CARTESIAN_POINT('',(14.405732713543102,194.87501367090817,209.36582177843138));
#4528=VERTEX_POINT('',#4527);
#4529=CARTESIAN_POINT('',(15.036727818452391,194.06410096741047,209.36582177843138));
#4530=VERTEX_POINT('',#4529);
#4531=CARTESIAN_POINT('',(-17.457885557012105,163.01140093026925,209.36582177843138));
#4532=VERTEX_POINT('',#4531);
#4533=CARTESIAN_POINT('',(-13.327601062931308,159.79750354605721,209.36582177843138));
#4534=VERTEX_POINT('',#4533);
#4535=CARTESIAN_POINT('',(-15.230717745617085,165.23856067683437,209.36582177843138));
#4536=VERTEX_POINT('',#4535);
#4537=CARTESIAN_POINT('',(-20.671779714205513,167.1416755764626,209.36582177843138));
#4538=VERTEX_POINT('',#4537);
#4539=CARTESIAN_POINT('',(-8.519845501995633,157.49672027519273,209.36582177843138));
#4540=VERTEX_POINT('',#4539);
#4541=CARTESIAN_POINT('',(-9.61278100437039,163.68905150788441,209.36582177843138));
#4542=VERTEX_POINT('',#4541);
#4543=CARTESIAN_POINT('',(-16.780229423835863,170.85649667796542,209.36582177843138));
#4544=VERTEX_POINT('',#4543);
#4545=CARTESIAN_POINT('',(-22.972564746880835,171.94943865623964,209.36582177843138));
#4546=VERTEX_POINT('',#4545);
#4547=CARTESIAN_POINT('',(-3.2735334162658773,156.10577276803906,209.36582177843138));
#4548=VERTEX_POINT('',#4547);
#4549=CARTESIAN_POINT('',(-3.7742492606043925,162.71159661604042,209.36582177843138));
#4550=VERTEX_POINT('',#4549);
#4551=CARTESIAN_POINT('',(2.188784191158637,155.6377541551392,209.36582177843138));
#4552=VERTEX_POINT('',#4551);
#4553=CARTESIAN_POINT('',(2.1887842199235337,162.3768401290231,209.36582177843138));
#4554=VERTEX_POINT('',#4553);
#4555=CARTESIAN_POINT('',(-1.2078656889407284,166.14697261326864,209.36582177843138));
#4556=VERTEX_POINT('',#4555);
#4557=CARTESIAN_POINT('',(-4.043112126348774,166.89867234326584,209.36582177843138));
#4558=VERTEX_POINT('',#4557);
#4559=CARTESIAN_POINT('',(2.188784271831799,165.85594434474433,209.36582177843138));
#4560=VERTEX_POINT('',#4559);
#4561=CARTESIAN_POINT('',(2.1887842401093565,165.85594434474433,209.36582177843138));
#4562=VERTEX_POINT('',#4561);
#4563=CARTESIAN_POINT('',(-7.459819384446291,168.44260781113326,209.36582177843138));
#4564=VERTEX_POINT('',#4563);
#4565=CARTESIAN_POINT('',(-4.470196565491847,167.01189954725714,209.36582177843138));
#4566=VERTEX_POINT('',#4565);
#4567=CARTESIAN_POINT('',(7.651101065437842,156.10577276803906,209.36582177843138));
#4568=VERTEX_POINT('',#4567);
#4569=CARTESIAN_POINT('',(8.151817585200888,162.71159661604042,209.36582177843138));
#4570=VERTEX_POINT('',#4569);
#4571=CARTESIAN_POINT('',(12.897413151167598,157.49672027519273,209.36582177843138));
#4572=VERTEX_POINT('',#4571);
#4573=CARTESIAN_POINT('',(13.990347978117825,163.68905150788441,209.36582177843138));
#4574=VERTEX_POINT('',#4573);
#4575=CARTESIAN_POINT('',(8.847764214663812,167.01189954725714,209.36582177843138));
#4576=VERTEX_POINT('',#4575);
#4577=CARTESIAN_POINT('',(8.42068045094527,166.89867234326584,209.36582177843138));
#4578=VERTEX_POINT('',#4577);
#4579=CARTESIAN_POINT('',(11.837386358193726,168.44260781113326,209.36582177843138));
#4580=VERTEX_POINT('',#4579);
#4581=CARTESIAN_POINT('',(5.585434013537224,166.14696247926668,209.36582177843138));
#4582=VERTEX_POINT('',#4581);
#4583=CARTESIAN_POINT('',(17.70516533498062,159.79750354605721,209.36582177843138));
#4584=VERTEX_POINT('',#4583);
#4585=CARTESIAN_POINT('',(19.60828471936452,165.23856067683437,209.36582177843138));
#4586=VERTEX_POINT('',#4585);
#4587=CARTESIAN_POINT('',(21.83545253075954,163.01140093026925,209.36582177843138));
#4588=VERTEX_POINT('',#4587);
#4589=CARTESIAN_POINT('',(25.04934938965107,167.1416755764626,209.36582177843138));
#4590=VERTEX_POINT('',#4589);
#4591=CARTESIAN_POINT('',(27.35013442232639,171.94943865623964,209.36582177843138));
#4592=VERTEX_POINT('',#4591);
#4593=CARTESIAN_POINT('',(21.15779909928142,170.85649667796542,209.36582177843138));
#4594=VERTEX_POINT('',#4593);
#4595=CARTESIAN_POINT('',(16.404240953524322,173.009455262119,209.36582177843138));
#4596=VERTEX_POINT('',#4595);
#4597=CARTESIAN_POINT('',(22.13525456797379,176.69502963394143,209.36582177843138));
#4598=VERTEX_POINT('',#4597);
#4599=CARTESIAN_POINT('',(17.948177677668127,176.4261644277217,209.36582177843138));
#4600=VERTEX_POINT('',#4599);
#4601=CARTESIAN_POINT('',(17.834944105974273,175.9990770487716,209.36582177843138));
#4602=VERTEX_POINT('',#4601);
#4603=CARTESIAN_POINT('',(28.741076683513256,177.1957405371909,209.36582177843138));
#4604=VERTEX_POINT('',#4603);
#4605=CARTESIAN_POINT('',(29.20909184920629,182.65805880409744,209.36582177843138));
#4606=VERTEX_POINT('',#4605);
#4607=CARTESIAN_POINT('',(22.470013877190013,182.65805880409744,209.36582177843138));
#4608=VERTEX_POINT('',#4607);
#4609=CARTESIAN_POINT('',(18.699877900427964,179.2614048283899,209.36582177843138));
#4610=VERTEX_POINT('',#4609);
#4611=CARTESIAN_POINT('',(18.9909048221416,182.65805880409744,209.36582177843138));
#4612=VERTEX_POINT('',#4611);
#4613=CARTESIAN_POINT('',(18.699879251277025,186.05471277980496,209.36582177843138));
#4614=VERTEX_POINT('',#4613);
#4615=CARTESIAN_POINT('',(22.135253217124728,188.6210981082554,209.36582177843138));
#4616=VERTEX_POINT('',#4615);
#4617=CARTESIAN_POINT('',(17.948177677668127,188.88996331447515,209.36582177843138));
#4618=VERTEX_POINT('',#4617);
#4619=CARTESIAN_POINT('',(28.741076683513256,188.120377071004,209.36582177843138));
#4620=VERTEX_POINT('',#4619);
#4621=CARTESIAN_POINT('',(27.35013442232639,193.3666890859572,209.36582177843138));
#4622=VERTEX_POINT('',#4621);
#4623=CARTESIAN_POINT('',(21.15779909928142,194.45963106423142,209.36582177843138));
#4624=VERTEX_POINT('',#4623);
#4625=CARTESIAN_POINT('',(17.834944105974273,189.31705069342524,209.36582177843138));
#4626=VERTEX_POINT('',#4625);
#4627=CARTESIAN_POINT('',(16.404240953524322,192.30667248007785,209.36582177843138));
#4628=VERTEX_POINT('',#4627);
#4629=CARTESIAN_POINT('',(19.608282017666397,200.0775569313605,209.36582177843138));
#4630=VERTEX_POINT('',#4629);
#4631=CARTESIAN_POINT('',(13.990347978117825,201.62707623431243,209.36582177843138));
#4632=VERTEX_POINT('',#4631);
#4633=CARTESIAN_POINT('',(25.04934938965107,198.17444203173227,209.36582177843138));
#4634=VERTEX_POINT('',#4633);
#4635=CARTESIAN_POINT('',(21.83545253075954,202.3047268119276,209.36582177843138));
#4636=VERTEX_POINT('',#4635);
#4637=CARTESIAN_POINT('',(17.70516533498062,205.51862419613963,209.36582177843138));
#4638=VERTEX_POINT('',#4637);
#4639=CARTESIAN_POINT('',(12.897413151167598,207.8194074670041,209.36582177843138));
#4640=VERTEX_POINT('',#4639);
#4641=CARTESIAN_POINT('',(5.585434013537224,199.16916526293016,209.36582177843138));
#4642=VERTEX_POINT('',#4641);
#4643=CARTESIAN_POINT('',(8.420679775520739,198.41746553293297,209.36582177843138));
#4644=VERTEX_POINT('',#4643);
#4645=CARTESIAN_POINT('',(8.151817585200888,202.60453112615642,209.36582177843138));
#4646=VERTEX_POINT('',#4645);
#4647=CARTESIAN_POINT('',(2.188784378130504,202.93928761317375,209.36582177843138));
#4648=VERTEX_POINT('',#4647);
#4649=CARTESIAN_POINT('',(2.1887843929614714,199.4601833974525,209.36582177843138));
#4650=VERTEX_POINT('',#4649);
#4651=CARTESIAN_POINT('',(11.837386358193726,196.87351993106358,209.36582177843138));
#4652=VERTEX_POINT('',#4651);
#4653=CARTESIAN_POINT('',(8.847764214663812,198.3042281949397,209.36582177843138));
#4654=VERTEX_POINT('',#4653);
#4655=CARTESIAN_POINT('',(7.651101065437842,209.2103499071568,209.36582177843138));
#4656=VERTEX_POINT('',#4655);
#4657=CARTESIAN_POINT('',(2.188784191158637,209.67836852005667,209.36582177843138));
#4658=VERTEX_POINT('',#4657);
#4659=CARTESIAN_POINT('',(-4.470196565491847,198.3042281949397,209.36582177843138));
#4660=VERTEX_POINT('',#4659);
#4661=CARTESIAN_POINT('',(-4.043111450924243,198.41746553293297,209.36582177843138));
#4662=VERTEX_POINT('',#4661);
#4663=CARTESIAN_POINT('',(-3.7742492606043925,202.60453112615642,209.36582177843138));
#4664=VERTEX_POINT('',#4663);
#4665=CARTESIAN_POINT('',(-9.61277965352133,201.62707623431243,209.36582177843138));
#4666=VERTEX_POINT('',#4665);
#4667=CARTESIAN_POINT('',(-7.459819384446291,196.87351993106358,209.36582177843138));
#4668=VERTEX_POINT('',#4667);
#4669=CARTESIAN_POINT('',(-1.2078656889407284,199.16916526293016,209.36582177843138));
#4670=VERTEX_POINT('',#4669);
#4671=CARTESIAN_POINT('',(2.1887842401093565,199.4601833974525,209.36582177843138));
#4672=VERTEX_POINT('',#4671);
#4673=CARTESIAN_POINT('',(-3.2735334162658773,209.2103499071568,209.36582177843138));
#4674=VERTEX_POINT('',#4673);
#4675=CARTESIAN_POINT('',(-8.519845501995633,207.8194074670041,209.36582177843138));
#4676=VERTEX_POINT('',#4675);
#4677=CARTESIAN_POINT('',(-22.972564746880835,193.3666890859572,209.36582177843138));
#4678=VERTEX_POINT('',#4677);
#4679=CARTESIAN_POINT('',(-16.780229423835863,194.45963106423142,209.36582177843138));
#4680=VERTEX_POINT('',#4679);
#4681=CARTESIAN_POINT('',(-15.230715043918963,200.0775569313605,209.36582177843138));
#4682=VERTEX_POINT('',#4681);
#4683=CARTESIAN_POINT('',(-20.671779714205513,198.17444203173227,209.36582177843138));
#4684=VERTEX_POINT('',#4683);
#4685=CARTESIAN_POINT('',(-13.327601062931308,205.51862419613963,209.36582177843138));
#4686=VERTEX_POINT('',#4685);
#4687=CARTESIAN_POINT('',(-17.457885557012105,202.3047268119276,209.36582177843138));
#4688=VERTEX_POINT('',#4687);
#4689=CARTESIAN_POINT('',(-24.83152217376073,182.65805880409744,209.36582177843138));
#4690=VERTEX_POINT('',#4689);
#4691=CARTESIAN_POINT('',(-18.092445552593517,182.65805880409744,209.36582177843138));
#4692=VERTEX_POINT('',#4691);
#4693=CARTESIAN_POINT('',(-17.757686243377293,188.6210981082554,209.36582177843138));
#4694=VERTEX_POINT('',#4693);
#4695=CARTESIAN_POINT('',(-24.3635070080677,188.120377071004,209.36582177843138));
#4696=VERTEX_POINT('',#4695);
#4697=CARTESIAN_POINT('',(-14.32231227752959,186.05471277980496,209.36582177843138));
#4698=VERTEX_POINT('',#4697);
#4699=CARTESIAN_POINT('',(-13.570609353071632,188.88996331447515,209.36582177843138));
#4700=VERTEX_POINT('',#4699);
#4701=CARTESIAN_POINT('',(-14.613337848394167,182.65805880409744,209.36582177843138));
#4702=VERTEX_POINT('',#4701);
#4703=CARTESIAN_POINT('',(-12.026673979776888,192.30667248007785,209.36582177843138));
#4704=VERTEX_POINT('',#4703);
#4705=CARTESIAN_POINT('',(-13.457377132226839,189.31705069342524,209.36582177843138));
#4706=VERTEX_POINT('',#4705);
#4707=CARTESIAN_POINT('',(-17.757687594226354,176.69502963394143,209.36582177843138));
#4708=VERTEX_POINT('',#4707);
#4709=CARTESIAN_POINT('',(-24.36350970976582,177.1957405371909,209.36582177843138));
#4710=VERTEX_POINT('',#4709);
#4711=CARTESIAN_POINT('',(-13.457377132226839,175.9990770487716,209.36582177843138));
#4712=VERTEX_POINT('',#4711);
#4713=CARTESIAN_POINT('',(-13.570609353071632,176.4261644277217,209.36582177843138));
#4714=VERTEX_POINT('',#4713);
#4715=CARTESIAN_POINT('',(-12.026673979776888,173.009455262119,209.36582177843138));
#4716=VERTEX_POINT('',#4715);
#4717=CARTESIAN_POINT('',(-14.322313628378652,179.2614048283899,209.36582177843138));
#4718=VERTEX_POINT('',#4717);
#4719=CARTESIAN_POINT('',(25.04934938965107,198.17444203173227,42.81019900114602));
#4720=VERTEX_POINT('',#4719);
#4721=CARTESIAN_POINT('',(27.35013442232639,193.3666890859572,42.81019900114602));
#4722=VERTEX_POINT('',#4721);
#4723=CARTESIAN_POINT('',(-9.13055220485694,157.7889798249562,42.810199001146025));
#4724=VERTEX_POINT('',#4723);
#4725=CARTESIAN_POINT('',(-8.519845501995633,157.49672027519273,42.810199001146025));
#4726=VERTEX_POINT('',#4725);
#4727=CARTESIAN_POINT('',(-13.327601062931308,159.79750354605721,42.810199001146025));
#4728=VERTEX_POINT('',#4727);
#4729=CARTESIAN_POINT('',(21.83545253075954,202.3047268119276,42.81019900114602));
#4730=VERTEX_POINT('',#4729);
#4731=CARTESIAN_POINT('',(-3.2735334162658773,156.10577276803906,42.810199001146025));
#4732=VERTEX_POINT('',#4731);
#4733=CARTESIAN_POINT('',(17.70516533498062,205.51862419613963,42.81019900114602));
#4734=VERTEX_POINT('',#4733);
#4735=CARTESIAN_POINT('',(2.188784191158637,155.6377541551392,42.810199001146025));
#4736=VERTEX_POINT('',#4735);
#4737=CARTESIAN_POINT('',(12.897413151167598,207.8194074670041,42.81019900114602));
#4738=VERTEX_POINT('',#4737);
#4739=CARTESIAN_POINT('',(7.651101065437842,156.10577276803906,42.810199001146025));
#4740=VERTEX_POINT('',#4739);
#4741=CARTESIAN_POINT('',(7.651101065437842,209.2103499071568,42.81019900114602));
#4742=VERTEX_POINT('',#4741);
#4743=CARTESIAN_POINT('',(12.897413151167598,157.49672027519273,42.810199001146025));
#4744=VERTEX_POINT('',#4743);
#4745=CARTESIAN_POINT('',(-20.671779714205513,198.17444203173227,42.81019900114602));
#4746=VERTEX_POINT('',#4745);
#4747=CARTESIAN_POINT('',(-17.457885557012105,202.3047268119276,42.81019900114602));
#4748=VERTEX_POINT('',#4747);
#4749=CARTESIAN_POINT('',(2.188784191158637,209.67836852005667,42.81019900114602));
#4750=VERTEX_POINT('',#4749);
#4751=CARTESIAN_POINT('',(17.70516533498062,159.79750354605721,42.810199001146025));
#4752=VERTEX_POINT('',#4751);
#4753=CARTESIAN_POINT('',(-22.972564746880835,193.3666890859572,42.81019900114602));
#4754=VERTEX_POINT('',#4753);
#4755=CARTESIAN_POINT('',(-3.2735334162658773,209.2103499071568,42.81019900114602));
#4756=VERTEX_POINT('',#4755);
#4757=CARTESIAN_POINT('',(21.83545253075954,163.01140093026925,42.810199001146025));
#4758=VERTEX_POINT('',#4757);
#4759=CARTESIAN_POINT('',(-24.3635070080677,188.120377071004,42.81019900114602));
#4760=VERTEX_POINT('',#4759);
#4761=CARTESIAN_POINT('',(-8.519845501995633,207.8194074670041,42.81019900114602));
#4762=VERTEX_POINT('',#4761);
#4763=CARTESIAN_POINT('',(25.04934938965107,167.1416755764626,42.810199001146025));
#4764=VERTEX_POINT('',#4763);
#4765=CARTESIAN_POINT('',(-24.83152217376073,182.65805880409744,42.81019900114602));
#4766=VERTEX_POINT('',#4765);
#4767=CARTESIAN_POINT('',(-13.327601062931308,205.51862419613963,42.81019900114602));
#4768=VERTEX_POINT('',#4767);
#4769=CARTESIAN_POINT('',(27.35013442232639,171.94943865623964,42.81019900114602));
#4770=VERTEX_POINT('',#4769);
#4771=CARTESIAN_POINT('',(-24.36350970976582,177.1957405371909,42.81019900114602));
#4772=VERTEX_POINT('',#4771);
#4773=CARTESIAN_POINT('',(28.741076683513256,177.1957405371909,42.81019900114602));
#4774=VERTEX_POINT('',#4773);
#4775=CARTESIAN_POINT('',(-22.972564746880835,171.94943865623964,42.81019900114602));
#4776=VERTEX_POINT('',#4775);
#4777=CARTESIAN_POINT('',(29.20909184920629,182.65805880409744,42.81019900114602));
#4778=VERTEX_POINT('',#4777);
#4779=CARTESIAN_POINT('',(-20.671779714205513,167.1416755764626,42.810199001146025));
#4780=VERTEX_POINT('',#4779);
#4781=CARTESIAN_POINT('',(28.741076683513256,188.120377071004,42.81019900114602));
#4782=VERTEX_POINT('',#4781);
#4783=CARTESIAN_POINT('',(-17.457885557012105,163.01140093026925,42.810199001146025));
#4784=VERTEX_POINT('',#4783);
#4785=CARTESIAN_POINT('',(-5.722937511789382,174.74634212746196,37.69730480034853));
#4786=VERTEX_POINT('',#4785);
#4787=CARTESIAN_POINT('',(-1.783697521592785,174.37333991701644,37.69730480034853));
#4788=VERTEX_POINT('',#4787);
#4789=CARTESIAN_POINT('',(-1.9590438085384676,178.51023206649506,37.69730480034853));
#4790=VERTEX_POINT('',#4789);
#4791=CARTESIAN_POINT('',(-6.095933954527823,178.68558070255176,37.69730480034853));
#4792=VERTEX_POINT('',#4791);
#4793=CARTESIAN_POINT('',(2.188784320600711,174.24253021961022,37.69730480034853));
#4794=VERTEX_POINT('',#4793);
#4795=CARTESIAN_POINT('',(2.188784322836584,178.44758366632732,37.69730480034853));
#4796=VERTEX_POINT('',#4795);
#4797=CARTESIAN_POINT('',(2.1887843384876966,182.65805880409744,37.69730480034853));
#4798=VERTEX_POINT('',#4797);
#4799=CARTESIAN_POINT('',(-2.021695512565657,182.65805880409744,37.69730480034853));
#4800=VERTEX_POINT('',#4799);
#4801=CARTESIAN_POINT('',(-6.226747475902243,182.65805880409744,37.69730480034853));
#4802=VERTEX_POINT('',#4801);
#4803=CARTESIAN_POINT('',(6.161265846189281,174.37333991701644,37.69730480034853));
#4804=VERTEX_POINT('',#4803);
#4805=CARTESIAN_POINT('',(6.336612808559494,178.51023206649506,37.69730480034853));
#4806=VERTEX_POINT('',#4805);
#4807=CARTESIAN_POINT('',(10.100505836385878,174.74634212746196,37.69730480034853));
#4808=VERTEX_POINT('',#4807);
#4809=CARTESIAN_POINT('',(10.473502279124318,178.68558070255176,37.69730480034853));
#4810=VERTEX_POINT('',#4809);
#4811=CARTESIAN_POINT('',(10.604315800498739,182.65805880409744,37.69730480034853));
#4812=VERTEX_POINT('',#4811);
#4813=CARTESIAN_POINT('',(6.399263837162152,182.65805880409744,37.69730480034853));
#4814=VERTEX_POINT('',#4813);
#4815=CARTESIAN_POINT('',(-1.9590438085384676,186.8058855416998,37.69730480034853));
#4816=VERTEX_POINT('',#4815);
#4817=CARTESIAN_POINT('',(-6.095933279103292,186.6305369056431,37.69730480034853));
#4818=VERTEX_POINT('',#4817);
#4819=CARTESIAN_POINT('',(2.1887843899126995,186.86853394186755,37.69730480034853));
#4820=VERTEX_POINT('',#4819);
#4821=CARTESIAN_POINT('',(2.188784374261668,191.07359752258662,37.69730480034853));
#4822=VERTEX_POINT('',#4821);
#4823=CARTESIAN_POINT('',(-1.7836968461682545,190.9427878251804,37.69730480034853));
#4824=VERTEX_POINT('',#4823);
#4825=CARTESIAN_POINT('',(-5.722937511789382,190.56978561473488,37.69730480034853));
#4826=VERTEX_POINT('',#4825);
#4827=CARTESIAN_POINT('',(6.336612808559494,186.8058855416998,37.69730480034853));
#4828=VERTEX_POINT('',#4827);
#4829=CARTESIAN_POINT('',(10.473502279124318,186.6305369056431,37.69730480034853));
#4830=VERTEX_POINT('',#4829);
#4831=CARTESIAN_POINT('',(10.100505836385878,190.56978561473488,37.69730480034853));
#4832=VERTEX_POINT('',#4831);
#4833=CARTESIAN_POINT('',(6.16126517076475,190.9427878251804,37.69730480034853));
#4834=VERTEX_POINT('',#4833);
#4835=CARTESIAN_POINT('',(-10.028165739795668,170.44111407128867,37.69730480034853));
#4836=VERTEX_POINT('',#4835);
#4837=CARTESIAN_POINT('',(-7.459819384446291,168.44260781113326,37.69730480034853));
#4838=VERTEX_POINT('',#4837);
#4839=CARTESIAN_POINT('',(-8.64323880947768,171.8260369142722,37.69730480034853));
#4840=VERTEX_POINT('',#4839);
#4841=CARTESIAN_POINT('',(-12.026673979776888,173.009455262119,37.69730480034853));
#4842=VERTEX_POINT('',#4841);
#4843=CARTESIAN_POINT('',(-4.470196565491847,167.01189954725714,37.69730480034853));
#4844=VERTEX_POINT('',#4843);
#4845=CARTESIAN_POINT('',(-5.149819534900985,170.8625061411326,37.69730480034853));
#4846=VERTEX_POINT('',#4845);
#4847=CARTESIAN_POINT('',(-9.606777831143063,175.3194604747746,37.69730480034853));
#4848=VERTEX_POINT('',#4847);
#4849=CARTESIAN_POINT('',(-13.457377132226839,175.9990770487716,37.69730480034853));
#4850=VERTEX_POINT('',#4849);
#4851=CARTESIAN_POINT('',(-1.2078656889407284,166.14697261326864,37.69730480034853));
#4852=VERTEX_POINT('',#4851);
#4853=CARTESIAN_POINT('',(-1.5192276169949537,170.25468897108067,37.69730480034853));
#4854=VERTEX_POINT('',#4853);
#4855=CARTESIAN_POINT('',(2.1887842401093565,165.85594434474433,37.69730480034853));
#4856=VERTEX_POINT('',#4855);
#4857=CARTESIAN_POINT('',(2.188784257996342,170.04652643665077,37.69730480034853));
#4858=VERTEX_POINT('',#4857);
#4859=CARTESIAN_POINT('',(5.585434013537224,166.14696247926668,37.69730480034853));
#4860=VERTEX_POINT('',#4859);
#4861=CARTESIAN_POINT('',(5.896795941591449,170.25468897108067,37.69730480034853));
#4862=VERTEX_POINT('',#4861);
#4863=CARTESIAN_POINT('',(8.847764214663812,167.01189954725714,37.69730480034853));
#4864=VERTEX_POINT('',#4863);
#4865=CARTESIAN_POINT('',(9.52738785949748,170.8625061411326,37.69730480034853));
#4866=VERTEX_POINT('',#4865);
#4867=CARTESIAN_POINT('',(11.837386358193726,168.44260781113326,37.69730480034853));
#4868=VERTEX_POINT('',#4867);
#4869=CARTESIAN_POINT('',(13.020807134074175,171.8260369142722,37.69730480034853));
#4870=VERTEX_POINT('',#4869);
#4871=CARTESIAN_POINT('',(14.405732713543102,170.44111407128867,37.69730480034853));
#4872=VERTEX_POINT('',#4871);
#4873=CARTESIAN_POINT('',(16.404240953524322,173.009455262119,37.69730480034853));
#4874=VERTEX_POINT('',#4873);
#4875=CARTESIAN_POINT('',(17.834944105974273,175.9990770487716,37.69730480034853));
#4876=VERTEX_POINT('',#4875);
#4877=CARTESIAN_POINT('',(13.984346155739559,175.3194604747746,37.69730480034853));
#4878=VERTEX_POINT('',#4877);
#4879=CARTESIAN_POINT('',(14.592160690761148,178.95004775191728,37.69730480034853));
#4880=VERTEX_POINT('',#4879);
#4881=CARTESIAN_POINT('',(18.699877900427964,179.2614048283899,37.69730480034853));
#4882=VERTEX_POINT('',#4881);
#4883=CARTESIAN_POINT('',(18.9909048221416,182.65805880409744,37.69730480034853));
#4884=VERTEX_POINT('',#4883);
#4885=CARTESIAN_POINT('',(14.800325180220625,182.65805880409744,37.69730480034853));
#4886=VERTEX_POINT('',#4885);
#4887=CARTESIAN_POINT('',(14.592159339912087,186.3660698562776,37.69730480034853));
#4888=VERTEX_POINT('',#4887);
#4889=CARTESIAN_POINT('',(18.699879251277025,186.05471277980496,37.69730480034853));
#4890=VERTEX_POINT('',#4889);
#4891=CARTESIAN_POINT('',(17.834944105974273,189.31705069342524,37.69730480034853));
#4892=VERTEX_POINT('',#4891);
#4893=CARTESIAN_POINT('',(13.984346155739559,189.99666726742225,37.69730480034853));
#4894=VERTEX_POINT('',#4893);
#4895=CARTESIAN_POINT('',(13.020805783225114,193.49009082792463,37.69730480034853));
#4896=VERTEX_POINT('',#4895);
#4897=CARTESIAN_POINT('',(9.52738785949748,194.45362160106424,37.69730480034853));
#4898=VERTEX_POINT('',#4897);
#4899=CARTESIAN_POINT('',(16.404240953524322,192.30667248007785,37.69730480034853));
#4900=VERTEX_POINT('',#4899);
#4901=CARTESIAN_POINT('',(14.405732713543102,194.87501367090817,37.69730480034853));
#4902=VERTEX_POINT('',#4901);
#4903=CARTESIAN_POINT('',(11.837386358193726,196.87351993106358,37.69730480034853));
#4904=VERTEX_POINT('',#4903);
#4905=CARTESIAN_POINT('',(8.847764214663812,198.3042281949397,37.69730480034853));
#4906=VERTEX_POINT('',#4905);
#4907=CARTESIAN_POINT('',(5.89679661701598,195.06143877111617,37.69730480034853));
#4908=VERTEX_POINT('',#4907);
#4909=CARTESIAN_POINT('',(2.1887843563746823,195.26961143954804,37.69730480034853));
#4910=VERTEX_POINT('',#4909);
#4911=CARTESIAN_POINT('',(5.585434013537224,199.16916526293016,37.69730480034853));
#4912=VERTEX_POINT('',#4911);
#4913=CARTESIAN_POINT('',(2.1887842401093565,199.4601833974525,37.69730480034853));
#4914=VERTEX_POINT('',#4913);
#4915=CARTESIAN_POINT('',(-1.5192276169949537,195.06143877111617,37.69730480034853));
#4916=VERTEX_POINT('',#4915);
#4917=CARTESIAN_POINT('',(-5.149819534900985,194.4536317350662,37.69730480034853));
#4918=VERTEX_POINT('',#4917);
#4919=CARTESIAN_POINT('',(-1.2078656889407284,199.16916526293016,37.69730480034853));
#4920=VERTEX_POINT('',#4919);
#4921=CARTESIAN_POINT('',(-4.470196565491847,198.3042281949397,37.69730480034853));
#4922=VERTEX_POINT('',#4921);
#4923=CARTESIAN_POINT('',(-13.457377132226839,189.31705069342524,37.69730480034853));
#4924=VERTEX_POINT('',#4923);
#4925=CARTESIAN_POINT('',(-9.606777831143063,189.99666726742225,37.69730480034853));
#4926=VERTEX_POINT('',#4925);
#4927=CARTESIAN_POINT('',(-8.643237458628619,193.49009082792463,37.69730480034853));
#4928=VERTEX_POINT('',#4927);
#4929=CARTESIAN_POINT('',(-12.026673979776888,192.30667248007785,37.69730480034853));
#4930=VERTEX_POINT('',#4929);
#4931=CARTESIAN_POINT('',(-7.459819384446291,196.87351993106358,37.69730480034853));
#4932=VERTEX_POINT('',#4931);
#4933=CARTESIAN_POINT('',(-10.028165739795668,194.87501367090817,37.69730480034853));
#4934=VERTEX_POINT('',#4933);
#4935=CARTESIAN_POINT('',(-14.613337848394167,182.65805880409744,37.69730480034853));
#4936=VERTEX_POINT('',#4935);
#4937=CARTESIAN_POINT('',(-10.42275685562413,182.65805880409744,37.69730480034853));
#4938=VERTEX_POINT('',#4937);
#4939=CARTESIAN_POINT('',(-10.214592366164652,186.3660698562776,37.69730480034853));
#4940=VERTEX_POINT('',#4939);
#4941=CARTESIAN_POINT('',(-14.32231227752959,186.05471277980496,37.69730480034853));
#4942=VERTEX_POINT('',#4941);
#4943=CARTESIAN_POINT('',(-10.214593717013713,178.95004775191728,37.69730480034853));
#4944=VERTEX_POINT('',#4943);
#4945=CARTESIAN_POINT('',(-14.322313628378652,179.2614048283899,37.69730480034853));
#4946=VERTEX_POINT('',#4945);
#4947=CARTESIAN_POINT('',(17.834944105974273,189.31705069342524,209.36582177843138));
#4948=VERTEX_POINT('',#4947);
#4949=CARTESIAN_POINT('',(16.404240953524322,192.30667248007785,209.36582177843138));
#4950=VERTEX_POINT('',#4949);
#4951=CARTESIAN_POINT('',(-7.459819384446291,168.44260781113326,209.36582177843138));
#4952=VERTEX_POINT('',#4951);
#4953=CARTESIAN_POINT('',(-4.470196565491847,167.01189954725714,209.36582177843138));
#4954=VERTEX_POINT('',#4953);
#4955=CARTESIAN_POINT('',(15.036727818452391,194.06410096741047,209.36582177843138));
#4956=VERTEX_POINT('',#4955);
#4957=CARTESIAN_POINT('',(14.405732713543102,194.87501367090817,209.36582177843138));
#4958=VERTEX_POINT('',#4957);
#4959=CARTESIAN_POINT('',(-4.043112126348774,166.89867234326584,209.36582177843138));
#4960=VERTEX_POINT('',#4959);
#4961=CARTESIAN_POINT('',(-1.2078656889407284,166.14697261326864,209.36582177843138));
#4962=VERTEX_POINT('',#4961);
#4963=CARTESIAN_POINT('',(13.594819373040991,195.5060073034615,209.36582177843138));
#4964=VERTEX_POINT('',#4963);
#4965=CARTESIAN_POINT('',(11.837386358193726,196.87351993106358,209.36582177843138));
#4966=VERTEX_POINT('',#4965);
#4967=CARTESIAN_POINT('',(2.1887842401093565,165.85594434474433,209.36582177843138));
#4968=VERTEX_POINT('',#4967);
#4969=CARTESIAN_POINT('',(8.847764214663812,198.3042281949397,209.36582177843138));
#4970=VERTEX_POINT('',#4969);
#4971=CARTESIAN_POINT('',(5.585434013537224,166.14696247926668,209.36582177843138));
#4972=VERTEX_POINT('',#4971);
#4973=CARTESIAN_POINT('',(2.188784271831799,165.85594434474433,209.36582177843138));
#4974=VERTEX_POINT('',#4973);
#4975=CARTESIAN_POINT('',(8.420679775520739,198.41746553293297,209.36582177843138));
#4976=VERTEX_POINT('',#4975);
#4977=CARTESIAN_POINT('',(5.585434013537224,199.16916526293016,209.36582177843138));
#4978=VERTEX_POINT('',#4977);
#4979=CARTESIAN_POINT('',(8.42068045094527,166.89867234326584,209.36582177843138));
#4980=VERTEX_POINT('',#4979);
#4981=CARTESIAN_POINT('',(8.847764214663812,167.01189954725714,209.36582177843138));
#4982=VERTEX_POINT('',#4981);
#4983=CARTESIAN_POINT('',(-10.659160844704957,194.06410096741047,209.36582177843138));
#4984=VERTEX_POINT('',#4983);
#4985=CARTESIAN_POINT('',(-12.026673979776888,192.30667248007785,209.36582177843138));
#4986=VERTEX_POINT('',#4985);
#4987=CARTESIAN_POINT('',(-10.028165739795668,194.87501367090817,209.36582177843138));
#4988=VERTEX_POINT('',#4987);
#4989=CARTESIAN_POINT('',(2.1887843929614714,199.4601833974525,209.36582177843138));
#4990=VERTEX_POINT('',#4989);
#4991=CARTESIAN_POINT('',(2.1887842401093565,199.4601833974525,209.36582177843138));
#4992=VERTEX_POINT('',#4991);
#4993=CARTESIAN_POINT('',(11.837386358193726,168.44260781113326,209.36582177843138));
#4994=VERTEX_POINT('',#4993);
#4995=CARTESIAN_POINT('',(-13.457377132226839,189.31705069342524,209.36582177843138));
#4996=VERTEX_POINT('',#4995);
#4997=CARTESIAN_POINT('',(-1.2078656889407284,199.16916526293016,209.36582177843138));
#4998=VERTEX_POINT('',#4997);
#4999=CARTESIAN_POINT('',(13.594819373040991,169.81012043873534,209.36582177843138));
#5000=VERTEX_POINT('',#4999);
#5001=CARTESIAN_POINT('',(14.405732713543102,170.44111407128867,209.36582177843138));
#5002=VERTEX_POINT('',#5001);
#5003=CARTESIAN_POINT('',(-13.570609353071632,188.88996331447515,209.36582177843138));
#5004=VERTEX_POINT('',#5003);
#5005=CARTESIAN_POINT('',(-14.32231227752959,186.05471277980496,209.36582177843138));
#5006=VERTEX_POINT('',#5005);
#5007=CARTESIAN_POINT('',(-4.043111450924243,198.41746553293297,209.36582177843138));
#5008=VERTEX_POINT('',#5007);
#5009=CARTESIAN_POINT('',(-4.470196565491847,198.3042281949397,209.36582177843138));
#5010=VERTEX_POINT('',#5009);
#5011=CARTESIAN_POINT('',(15.03672646760333,171.25202677478637,209.36582177843138));
#5012=VERTEX_POINT('',#5011);
#5013=CARTESIAN_POINT('',(16.404240953524322,173.009455262119,209.36582177843138));
#5014=VERTEX_POINT('',#5013);
#5015=CARTESIAN_POINT('',(-14.613337848394167,182.65805880409744,209.36582177843138));
#5016=VERTEX_POINT('',#5015);
#5017=CARTESIAN_POINT('',(-7.459819384446291,196.87351993106358,209.36582177843138));
#5018=VERTEX_POINT('',#5017);
#5019=CARTESIAN_POINT('',(17.834944105974273,175.9990770487716,209.36582177843138));
#5020=VERTEX_POINT('',#5019);
#5021=CARTESIAN_POINT('',(-14.322313628378652,179.2614048283899,209.36582177843138));
#5022=VERTEX_POINT('',#5021);
#5023=CARTESIAN_POINT('',(-9.217253750142618,195.5060073034615,209.36582177843138));
#5024=VERTEX_POINT('',#5023);
#5025=CARTESIAN_POINT('',(17.948177677668127,176.4261644277217,209.36582177843138));
#5026=VERTEX_POINT('',#5025);
#5027=CARTESIAN_POINT('',(18.699877900427964,179.2614048283899,209.36582177843138));
#5028=VERTEX_POINT('',#5027);
#5029=CARTESIAN_POINT('',(-13.570609353071632,176.4261644277217,209.36582177843138));
#5030=VERTEX_POINT('',#5029);
#5031=CARTESIAN_POINT('',(-13.457377132226839,175.9990770487716,209.36582177843138));
#5032=VERTEX_POINT('',#5031);
#5033=CARTESIAN_POINT('',(18.9909048221416,182.65805880409744,209.36582177843138));
#5034=VERTEX_POINT('',#5033);
#5035=CARTESIAN_POINT('',(-12.026673979776888,173.009455262119,209.36582177843138));
#5036=VERTEX_POINT('',#5035);
#5037=CARTESIAN_POINT('',(18.699879251277025,186.05471277980496,209.36582177843138));
#5038=VERTEX_POINT('',#5037);
#5039=CARTESIAN_POINT('',(-10.659160844704957,171.25202677478637,209.36582177843138));
#5040=VERTEX_POINT('',#5039);
#5041=CARTESIAN_POINT('',(-10.028165739795668,170.44111407128867,209.36582177843138));
#5042=VERTEX_POINT('',#5041);
#5043=CARTESIAN_POINT('',(17.948177677668127,188.88996331447515,209.36582177843138));
#5044=VERTEX_POINT('',#5043);
#5045=CARTESIAN_POINT('',(-9.217253750142618,169.81012043873534,209.36582177843138));
#5046=VERTEX_POINT('',#5045);
#5047=FACE_SURFACE('',(#5052),#5048,.T.);
#5048=PLANE('',#5049);
#5049=AXIS2_PLACEMENT_3D('',#4339,#5050,#5051);
#5050=DIRECTION('',(0.4226174731340392,-0.906308154769521,-2.562342108627059E-07));
#5051=DIRECTION('',(0.043915260258425834,0.020478258038388927,-0.9988253555372669));
#5052=FACE_BOUND('',#5053,.T.);
#5053=EDGE_LOOP('',(#5054,#5055,#5056));
#5054=ORIENTED_EDGE('',*,*,#5057,.T.);
#5055=ORIENTED_EDGE('',*,*,#5058,.T.);
#5056=ORIENTED_EDGE('',*,*,#5059,.T.);
#5057=EDGE_CURVE('',#4340,#4342,#5060,.F.);
#5058=EDGE_CURVE('',#4342,#4344,#5061,.T.);
#5059=EDGE_CURVE('',#4344,#4340,#5062,.T.);
#5060=LINE('',#4339,#5063);
#5061=LINE('',#4341,#5064);
#5062=LINE('',#4343,#5065);
#5063=VECTOR('',#5066,1.0);
#5064=VECTOR('',#5067,1.0);
#5065=VECTOR('',#5068,1.0);
#5066=DIRECTION('',(0.043915260258425834,0.020478258038388927,-0.9988253555372669));
#5067=DIRECTION('',(0.9063081547695507,0.42261747313405296,0));
#5068=DIRECTION('',(-0.06352826036725871,-0.029623929048484446,0.997540266336372));
#5069=FACE_SURFACE('',(#5074),#5070,.T.);
#5070=PLANE('',#5071);
#5071=AXIS2_PLACEMENT_3D('',#4339,#5072,#5073);
#5072=DIRECTION('',(0.42262077798025677,-0.9063066136906222,0));
#5073=DIRECTION('',(0.06352826036725871,0.029623929048484446,-0.997540266336372));
#5074=FACE_BOUND('',#5075,.T.);
#5075=EDGE_LOOP('',(#5076,#5077,#5078));
#5076=ORIENTED_EDGE('',*,*,#5079,.T.);
#5077=ORIENTED_EDGE('',*,*,#5080,.T.);
#5078=ORIENTED_EDGE('',*,*,#5081,.T.);
#5079=EDGE_CURVE('',#4340,#4344,#5082,.F.);
#5080=EDGE_CURVE('',#4344,#4346,#5083,.T.);
#5081=EDGE_CURVE('',#4346,#4340,#5084,.T.);
#5082=LINE('',#4339,#5085);
#5083=LINE('',#4343,#5086);
#5084=LINE('',#4345,#5087);
#5085=VECTOR('',#5088,1.0);
#5086=VECTOR('',#5089,1.0);
#5087=VECTOR('',#5090,1.0);
#5088=DIRECTION('',(0.06352826036725871,0.029623929048484446,-0.997540266336372));
#5089=DIRECTION('',(0,0,1));
#5090=DIRECTION('',(-0.9063066136906222,-0.4226207779802568,0));
#5091=FACE_SURFACE('',(#5096),#5092,.T.);
#5092=PLANE('',#5093);
#5093=AXIS2_PLACEMENT_3D('',#4345,#5094,#5095);
#5094=DIRECTION('',(0.2588173531518209,-0.9659262796443036,0));
#5095=DIRECTION('',(0,0,-1));
#5096=FACE_BOUND('',#5097,.T.);
#5097=EDGE_LOOP('',(#5098,#5099,#5100));
#5098=ORIENTED_EDGE('',*,*,#5101,.T.);
#5099=ORIENTED_EDGE('',*,*,#5102,.T.);
#5100=ORIENTED_EDGE('',*,*,#5103,.T.);
#5101=EDGE_CURVE('',#4346,#4344,#5104,.F.);
#5102=EDGE_CURVE('',#4344,#4348,#5105,.T.);
#5103=EDGE_CURVE('',#4348,#4346,#5106,.T.);
#5104=LINE('',#4345,#5107);
#5105=LINE('',#4343,#5108);
#5106=LINE('',#4347,#5109);
#5107=VECTOR('',#5110,1.0);
#5108=VECTOR('',#5111,1.0);
#5109=VECTOR('',#5112,1.0);
#5110=DIRECTION('',(0,0,-1));
#5111=DIRECTION('',(0.9659262796443036,0.258817353151821,0));
#5112=DIRECTION('',(-0.06886970605601304,-0.0184534528249144,0.9974549782654839));
#5113=FACE_SURFACE('',(#5118),#5114,.T.);
#5114=PLANE('',#5115);
#5115=AXIS2_PLACEMENT_3D('',#4345,#5116,#5117);
#5116=DIRECTION('',(0.2588173531518209,-0.9659262796443036,0));
#5117=DIRECTION('',(0.06886970605601304,0.0184534528249144,-0.9974549782654839));
#5118=FACE_BOUND('',#5119,.T.);
#5119=EDGE_LOOP('',(#5120,#5121,#5122));
#5120=ORIENTED_EDGE('',*,*,#5123,.T.);
#5121=ORIENTED_EDGE('',*,*,#5124,.T.);
#5122=ORIENTED_EDGE('',*,*,#5125,.T.);
#5123=EDGE_CURVE('',#4346,#4348,#5126,.F.);
#5124=EDGE_CURVE('',#4348,#4350,#5127,.T.);
#5125=EDGE_CURVE('',#4350,#4346,#5128,.T.);
#5126=LINE('',#4345,#5129);
#5127=LINE('',#4347,#5130);
#5128=LINE('',#4349,#5131);
#5129=VECTOR('',#5132,1.0);
#5130=VECTOR('',#5133,1.0);
#5131=VECTOR('',#5134,1.0);
#5132=DIRECTION('',(0.06886970605601304,0.0184534528249144,-0.9974549782654839));
#5133=DIRECTION('',(0,0,1));
#5134=DIRECTION('',(-0.9659262796443036,-0.258817353151821,0));
#5135=FACE_SURFACE('',(#5140),#5136,.T.);
#5136=PLANE('',#5137);
#5137=AXIS2_PLACEMENT_3D('',#4349,#5138,#5139);
#5138=DIRECTION('',(0.0871579269561063,-0.9961945069958548,0));
#5139=DIRECTION('',(0,0,-1));
#5140=FACE_BOUND('',#5141,.T.);
#5141=EDGE_LOOP('',(#5142,#5143,#5144));
#5142=ORIENTED_EDGE('',*,*,#5145,.T.);
#5143=ORIENTED_EDGE('',*,*,#5146,.T.);
#5144=ORIENTED_EDGE('',*,*,#5147,.T.);
#5145=EDGE_CURVE('',#4350,#4348,#5148,.F.);
#5146=EDGE_CURVE('',#4348,#4352,#5149,.T.);
#5147=EDGE_CURVE('',#4352,#4350,#5150,.T.);
#5148=LINE('',#4349,#5151);
#5149=LINE('',#4347,#5152);
#5150=LINE('',#4351,#5153);
#5151=VECTOR('',#5154,1.0);
#5152=VECTOR('',#5155,1.0);
#5153=VECTOR('',#5156,1.0);
#5154=DIRECTION('',(0,0,-1));
#5155=DIRECTION('',(0.9961945069958548,0.08715792695610629,0));
#5156=DIRECTION('',(-0.07102786063229014,-0.006214289524147517,0.9974549742317745));
#5157=FACE_SURFACE('',(#5162),#5158,.T.);
#5158=PLANE('',#5159);
#5159=AXIS2_PLACEMENT_3D('',#4349,#5160,#5161);
#5160=DIRECTION('',(0.0871579269561063,-0.9961945069958548,0));
#5161=DIRECTION('',(0.07102786063229014,0.006214289524147517,-0.9974549742317745));
#5162=FACE_BOUND('',#5163,.T.);
#5163=EDGE_LOOP('',(#5164,#5165,#5166));
#5164=ORIENTED_EDGE('',*,*,#5167,.T.);
#5165=ORIENTED_EDGE('',*,*,#5168,.T.);
#5166=ORIENTED_EDGE('',*,*,#5169,.T.);
#5167=EDGE_CURVE('',#4350,#4352,#5170,.F.);
#5168=EDGE_CURVE('',#4352,#4354,#5171,.T.);
#5169=EDGE_CURVE('',#4354,#4350,#5172,.T.);
#5170=LINE('',#4349,#5173);
#5171=LINE('',#4351,#5174);
#5172=LINE('',#4353,#5175);
#5173=VECTOR('',#5176,1.0);
#5174=VECTOR('',#5177,1.0);
#5175=VECTOR('',#5178,1.0);
#5176=DIRECTION('',(0.07102786063229014,0.006214289524147517,-0.9974549742317745));
#5177=DIRECTION('',(0,0,1));
#5178=DIRECTION('',(-0.9961945069958548,-0.08715792695610629,0));
#5179=FACE_SURFACE('',(#5184),#5180,.T.);
#5180=PLANE('',#5181);
#5181=AXIS2_PLACEMENT_3D('',#4355,#5182,#5183);
#5182=DIRECTION('',(0.25881822667072896,0.9659260455868344,5.833966014487439E-09));
#5183=DIRECTION('',(-0.9659260455868344,0.25881822667072896,0));
#5184=FACE_BOUND('',#5185,.T.);
#5185=EDGE_LOOP('',(#5186,#5187,#5188));
#5186=ORIENTED_EDGE('',*,*,#5189,.T.);
#5187=ORIENTED_EDGE('',*,*,#5190,.T.);
#5188=ORIENTED_EDGE('',*,*,#5191,.T.);
#5189=EDGE_CURVE('',#4356,#4358,#5192,.F.);
#5190=EDGE_CURVE('',#4358,#4360,#5193,.T.);
#5191=EDGE_CURVE('',#4360,#4356,#5194,.T.);
#5192=LINE('',#4355,#5195);
#5193=LINE('',#4357,#5196);
#5194=LINE('',#4359,#5197);
#5195=VECTOR('',#5198,1.0);
#5196=VECTOR('',#5199,1.0);
#5197=VECTOR('',#5200,1.0);
#5198=DIRECTION('',(-0.9659260455868344,0.25881822667072896,0));
#5199=DIRECTION('',(-2.2540785051181874E-08,0,0.9999999999999998));
#5200=DIRECTION('',(0.021059897283898316,-0.005642957306317956,-0.9997622906267423));
#5201=FACE_SURFACE('',(#5206),#5202,.T.);
#5202=PLANE('',#5203);
#5203=AXIS2_PLACEMENT_3D('',#4355,#5204,#5205);
#5204=DIRECTION('',(0.2588171378162455,0.9659263373428671,-1.8749408099943908E-08));
#5205=DIRECTION('',(-0.021059897283898316,0.005642957306317956,0.9997622906267423));
#5206=FACE_BOUND('',#5207,.T.);
#5207=EDGE_LOOP('',(#5208,#5209,#5210));
#5208=ORIENTED_EDGE('',*,*,#5211,.T.);
#5209=ORIENTED_EDGE('',*,*,#5212,.T.);
#5210=ORIENTED_EDGE('',*,*,#5213,.T.);
#5211=EDGE_CURVE('',#4356,#4360,#5214,.F.);
#5212=EDGE_CURVE('',#4360,#4362,#5215,.T.);
#5213=EDGE_CURVE('',#4362,#4356,#5216,.T.);
#5214=LINE('',#4355,#5217);
#5215=LINE('',#4359,#5218);
#5216=LINE('',#4361,#5219);
#5217=VECTOR('',#5220,1.0);
#5218=VECTOR('',#5221,1.0);
#5219=VECTOR('',#5222,1.0);
#5220=DIRECTION('',(-0.021059897283898316,0.005642957306317956,0.9997622906267423));
#5221=DIRECTION('',(0.9659263373428671,-0.2588171378162455,0));
#5222=DIRECTION('',(-0.04680408818778351,0.012540999191304867,-0.998825360445055));
#5223=FACE_SURFACE('',(#5228),#5224,.T.);
#5224=PLANE('',#5225);
#5225=AXIS2_PLACEMENT_3D('',#4357,#5226,#5227);
#5226=DIRECTION('',(0.422619719509682,0.906307107266382,1.9052360511529434E-08));
#5227=DIRECTION('',(-0.9063071072663821,0.42261971950968213,0));
#5228=FACE_BOUND('',#5229,.T.);
#5229=EDGE_LOOP('',(#5230,#5231,#5232));
#5230=ORIENTED_EDGE('',*,*,#5233,.T.);
#5231=ORIENTED_EDGE('',*,*,#5234,.T.);
#5232=ORIENTED_EDGE('',*,*,#5235,.T.);
#5233=EDGE_CURVE('',#4358,#4364,#5236,.F.);
#5234=EDGE_CURVE('',#4364,#4366,#5237,.T.);
#5235=EDGE_CURVE('',#4366,#4358,#5238,.T.);
#5236=LINE('',#4357,#5239);
#5237=LINE('',#4363,#5240);
#5238=LINE('',#4365,#5241);
#5239=VECTOR('',#5242,1.0);
#5240=VECTOR('',#5243,1.0);
#5241=VECTOR('',#5244,1.0);
#5242=DIRECTION('',(-0.9063071072663821,0.42261971950968213,0));
#5243=DIRECTION('',(-4.5081570102363715E-08,0,0.9999999999999989));
#5244=DIRECTION('',(0.06461905214720881,-0.03013246444898122,-0.9974549677483325));
#5245=FACE_SURFACE('',(#5250),#5246,.T.);
#5246=PLANE('',#5247);
#5247=AXIS2_PLACEMENT_3D('',#4357,#5248,#5249);
#5248=DIRECTION('',(0.42261959872761107,0.9063071635882137,9.526177533335821E-09));
#5249=DIRECTION('',(-0.06461905214720881,0.03013246444898122,0.9974549677483325));
#5250=FACE_BOUND('',#5251,.T.);
#5251=EDGE_LOOP('',(#5252,#5253,#5254));
#5252=ORIENTED_EDGE('',*,*,#5255,.T.);
#5253=ORIENTED_EDGE('',*,*,#5256,.T.);
#5254=ORIENTED_EDGE('',*,*,#5257,.T.);
#5255=EDGE_CURVE('',#4358,#4366,#5258,.F.);
#5256=EDGE_CURVE('',#4366,#4360,#5259,.T.);
#5257=EDGE_CURVE('',#4360,#4358,#5260,.T.);
#5258=LINE('',#4357,#5261);
#5259=LINE('',#4365,#5262);
#5260=LINE('',#4359,#5263);
#5261=VECTOR('',#5264,1.0);
#5262=VECTOR('',#5265,1.0);
#5263=VECTOR('',#5266,1.0);
#5264=DIRECTION('',(-0.06461905214720881,0.03013246444898122,0.9974549677483325));
#5265=DIRECTION('',(0.9063071635882137,-0.42261959872761107,0));
#5266=DIRECTION('',(2.2540785051181874E-08,0,-0.9999999999999998));
#5267=FACE_SURFACE('',(#5272),#5268,.T.);
#5268=PLANE('',#5269);
#5269=AXIS2_PLACEMENT_3D('',#4363,#5270,#5271);
#5270=DIRECTION('',(0.5735759762044594,0.8191523664869075,2.5857705575971946E-08));
#5271=DIRECTION('',(-0.8191523664869078,0.5735759762044597,0));
#5272=FACE_BOUND('',#5273,.T.);
#5273=EDGE_LOOP('',(#5274,#5275,#5276));
#5274=ORIENTED_EDGE('',*,*,#5277,.T.);
#5275=ORIENTED_EDGE('',*,*,#5278,.T.);
#5276=ORIENTED_EDGE('',*,*,#5279,.T.);
#5277=EDGE_CURVE('',#4364,#4368,#5280,.F.);
#5278=EDGE_CURVE('',#4368,#4370,#5281,.T.);
#5279=EDGE_CURVE('',#4370,#4364,#5282,.T.);
#5280=LINE('',#4363,#5283);
#5281=LINE('',#4367,#5284);
#5282=LINE('',#4369,#5285);
#5283=VECTOR('',#5286,1.0);
#5284=VECTOR('',#5287,1.0);
#5285=VECTOR('',#5288,1.0);
#5286=DIRECTION('',(-0.8191523664869078,0.5735759762044597,0));
#5287=DIRECTION('',(-4.5081570102363715E-08,0,0.9999999999999989));
#5288=DIRECTION('',(0.05840490562997545,-0.04089547481088898,-0.9974549749930297));
#5289=FACE_SURFACE('',(#5294),#5290,.T.);
#5290=PLANE('',#5291);
#5291=AXIS2_PLACEMENT_3D('',#4363,#5292,#5293);
#5292=DIRECTION('',(0.5735759762044594,0.8191523664869075,2.5857705580293068E-08));
#5293=DIRECTION('',(-0.05840490562997545,0.04089547481088898,0.9974549749930297));
#5294=FACE_BOUND('',#5295,.T.);
#5295=EDGE_LOOP('',(#5296,#5297,#5298));
#5296=ORIENTED_EDGE('',*,*,#5299,.T.);
#5297=ORIENTED_EDGE('',*,*,#5300,.T.);
#5298=ORIENTED_EDGE('',*,*,#5301,.T.);
#5299=EDGE_CURVE('',#4364,#4370,#5302,.F.);
#5300=EDGE_CURVE('',#4370,#4366,#5303,.T.);
#5301=EDGE_CURVE('',#4366,#4364,#5304,.T.);
#5302=LINE('',#4363,#5305);
#5303=LINE('',#4369,#5306);
#5304=LINE('',#4365,#5307);
#5305=VECTOR('',#5308,1.0);
#5306=VECTOR('',#5309,1.0);
#5307=VECTOR('',#5310,1.0);
#5308=DIRECTION('',(-0.05840490562997545,0.04089547481088898,0.9974549749930297));
#5309=DIRECTION('',(0.8191523664869078,-0.5735759762044597,0));
#5310=DIRECTION('',(4.5081570102363715E-08,0,-0.9999999999999989));
#5311=FACE_SURFACE('',(#5316),#5312,.T.);
#5312=PLANE('',#5313);
#5313=AXIS2_PLACEMENT_3D('',#4367,#5314,#5315);
#5314=DIRECTION('',(0.7071066759569049,0.7071068864161738,3.1877479179150776E-08));
#5315=DIRECTION('',(-0.7071068864161743,0.7071066759569052,0));
#5316=FACE_BOUND('',#5317,.T.);
#5317=EDGE_LOOP('',(#5318,#5319,#5320));
#5318=ORIENTED_EDGE('',*,*,#5321,.T.);
#5319=ORIENTED_EDGE('',*,*,#5322,.T.);
#5320=ORIENTED_EDGE('',*,*,#5323,.T.);
#5321=EDGE_CURVE('',#4368,#4372,#5324,.F.);
#5322=EDGE_CURVE('',#4372,#4374,#5325,.T.);
#5323=EDGE_CURVE('',#4374,#4368,#5326,.T.);
#5324=LINE('',#4367,#5327);
#5325=LINE('',#4371,#5328);
#5326=LINE('',#4373,#5329);
#5327=VECTOR('',#5330,1.0);
#5328=VECTOR('',#5331,1.0);
#5329=VECTOR('',#5332,1.0);
#5330=DIRECTION('',(-0.7071068864161743,0.7071066759569052,0));
#5331=DIRECTION('',(-4.5081570102363715E-08,0,0.9999999999999989));
#5332=DIRECTION('',(0.050416209655678654,-0.05041614968326219,-0.9974549702392933));
#5333=FACE_SURFACE('',(#5338),#5334,.T.);
#5334=PLANE('',#5335);
#5335=AXIS2_PLACEMENT_3D('',#4367,#5336,#5337);
#5336=DIRECTION('',(0.7071066759569049,0.7071068864161738,3.187747918200062E-08));
#5337=DIRECTION('',(-0.050416209655678654,0.05041614968326219,0.9974549702392933));
#5338=FACE_BOUND('',#5339,.T.);
#5339=EDGE_LOOP('',(#5340,#5341,#5342));
#5340=ORIENTED_EDGE('',*,*,#5343,.T.);
#5341=ORIENTED_EDGE('',*,*,#5344,.T.);
#5342=ORIENTED_EDGE('',*,*,#5345,.T.);
#5343=EDGE_CURVE('',#4368,#4374,#5346,.F.);
#5344=EDGE_CURVE('',#4374,#4370,#5347,.T.);
#5345=EDGE_CURVE('',#4370,#4368,#5348,.T.);
#5346=LINE('',#4367,#5349);
#5347=LINE('',#4373,#5350);
#5348=LINE('',#4369,#5351);
#5349=VECTOR('',#5352,1.0);
#5350=VECTOR('',#5353,1.0);
#5351=VECTOR('',#5354,1.0);
#5352=DIRECTION('',(-0.050416209655678654,0.05041614968326219,0.9974549702392933));
#5353=DIRECTION('',(0.7071068864161743,-0.7071066759569052,0));
#5354=DIRECTION('',(4.5081570102363715E-08,0,-0.9999999999999989));
#5355=FACE_SURFACE('',(#5360),#5356,.T.);
#5356=PLANE('',#5357);
#5357=AXIS2_PLACEMENT_3D('',#4371,#5358,#5359);
#5358=DIRECTION('',(0.8191522524982949,0.5735761389972295,1.8464334852897227E-08));
#5359=DIRECTION('',(-0.5735761389972296,0.819152252498295,0));
#5360=FACE_BOUND('',#5361,.T.);
#5361=EDGE_LOOP('',(#5362,#5363,#5364));
#5362=ORIENTED_EDGE('',*,*,#5365,.T.);
#5363=ORIENTED_EDGE('',*,*,#5366,.T.);
#5364=ORIENTED_EDGE('',*,*,#5367,.T.);
#5365=EDGE_CURVE('',#4372,#4376,#5368,.F.);
#5366=EDGE_CURVE('',#4376,#4378,#5369,.T.);
#5367=EDGE_CURVE('',#4378,#4372,#5370,.T.);
#5368=LINE('',#4371,#5371);
#5369=LINE('',#4375,#5372);
#5370=LINE('',#4377,#5373);
#5371=VECTOR('',#5374,1.0);
#5372=VECTOR('',#5375,1.0);
#5373=VECTOR('',#5376,1.0);
#5374=DIRECTION('',(-0.5735761389972296,0.819152252498295,0));
#5375=DIRECTION('',(-2.2540785051181874E-08,0,0.9999999999999998));
#5376=DIRECTION('',(0.04089551656093817,-0.058404863474965735,-0.9974549757496248));
#5377=FACE_SURFACE('',(#5382),#5378,.T.);
#5378=PLANE('',#5379);
#5379=AXIS2_PLACEMENT_3D('',#4371,#5380,#5381);
#5380=DIRECTION('',(0.8191524006592126,0.573575927401288,3.6928676374837856E-08));
#5381=DIRECTION('',(-0.04089551656093817,0.058404863474965735,0.9974549757496248));
#5382=FACE_BOUND('',#5383,.T.);
#5383=EDGE_LOOP('',(#5384,#5385,#5386));
#5384=ORIENTED_EDGE('',*,*,#5387,.T.);
#5385=ORIENTED_EDGE('',*,*,#5388,.T.);
#5386=ORIENTED_EDGE('',*,*,#5389,.T.);
#5387=EDGE_CURVE('',#4372,#4378,#5390,.F.);
#5388=EDGE_CURVE('',#4378,#4374,#5391,.T.);
#5389=EDGE_CURVE('',#4374,#4372,#5392,.T.);
#5390=LINE('',#4371,#5393);
#5391=LINE('',#4377,#5394);
#5392=LINE('',#4373,#5395);
#5393=VECTOR('',#5396,1.0);
#5394=VECTOR('',#5397,1.0);
#5395=VECTOR('',#5398,1.0);
#5396=DIRECTION('',(-0.04089551656093817,0.058404863474965735,0.9974549757496248));
#5397=DIRECTION('',(0.5735759274012885,-0.819152400659213,0));
#5398=DIRECTION('',(4.5081570102363715E-08,0,-0.9999999999999989));
#5399=FACE_SURFACE('',(#5404),#5400,.T.);
#5400=PLANE('',#5401);
#5401=AXIS2_PLACEMENT_3D('',#4377,#5402,#5403);
#5402=DIRECTION('',(0.9063076678472309,0.422618517343139,2.0428886331182372E-08));
#5403=DIRECTION('',(2.2540785051181874E-08,0,-0.9999999999999998));
#5404=FACE_BOUND('',#5405,.T.);
#5405=EDGE_LOOP('',(#5406,#5407,#5408));
#5406=ORIENTED_EDGE('',*,*,#5409,.T.);
#5407=ORIENTED_EDGE('',*,*,#5410,.T.);
#5408=ORIENTED_EDGE('',*,*,#5411,.T.);
#5409=EDGE_CURVE('',#4378,#4376,#5412,.F.);
#5410=EDGE_CURVE('',#4376,#4380,#5413,.T.);
#5411=EDGE_CURVE('',#4380,#4378,#5414,.T.);
#5412=LINE('',#4377,#5415);
#5413=LINE('',#4375,#5416);
#5414=LINE('',#4379,#5417);
#5415=VECTOR('',#5418,1.0);
#5416=VECTOR('',#5419,1.0);
#5417=VECTOR('',#5420,1.0);
#5418=DIRECTION('',(2.2540785051181874E-08,0,-0.9999999999999998));
#5419=DIRECTION('',(-0.42261851734313904,0.906307667847231,0));
#5420=DIRECTION('',(0.030132322088695054,-0.06461897388596409,0.9974549771190018));
#5421=FACE_SURFACE('',(#5426),#5422,.T.);
#5422=PLANE('',#5423);
#5423=AXIS2_PLACEMENT_3D('',#4377,#5424,#5425);
#5424=DIRECTION('',(0.9063077886291812,0.42261825832550515,0));
#5425=DIRECTION('',(-0.030132322088695054,0.06461897388596409,-0.9974549771190018));
#5426=FACE_BOUND('',#5427,.T.);
#5427=EDGE_LOOP('',(#5428,#5429,#5430));
#5428=ORIENTED_EDGE('',*,*,#5431,.T.);
#5429=ORIENTED_EDGE('',*,*,#5432,.T.);
#5430=ORIENTED_EDGE('',*,*,#5433,.T.);
#5431=EDGE_CURVE('',#4378,#4380,#5434,.F.);
#5432=EDGE_CURVE('',#4380,#4382,#5435,.T.);
#5433=EDGE_CURVE('',#4382,#4378,#5436,.T.);
#5434=LINE('',#4377,#5437);
#5435=LINE('',#4379,#5438);
#5436=LINE('',#4381,#5439);
#5437=VECTOR('',#5440,1.0);
#5438=VECTOR('',#5441,1.0);
#5439=VECTOR('',#5442,1.0);
#5440=DIRECTION('',(-0.030132322088695054,0.06461897388596409,-0.9974549771190018));
#5441=DIRECTION('',(0,0,1));
#5442=DIRECTION('',(0.42261825832550515,-0.9063077886291812,0));
#5443=FACE_SURFACE('',(#5448),#5444,.T.);
#5444=PLANE('',#5445);
#5445=AXIS2_PLACEMENT_3D('',#4381,#5446,#5447);
#5446=DIRECTION('',(0.9659259057922871,0.25881874839228647,0));
#5447=DIRECTION('',(0,0,-1));
#5448=FACE_BOUND('',#5449,.T.);
#5449=EDGE_LOOP('',(#5450,#5451,#5452));
#5450=ORIENTED_EDGE('',*,*,#5453,.T.);
#5451=ORIENTED_EDGE('',*,*,#5454,.T.);
#5452=ORIENTED_EDGE('',*,*,#5455,.T.);
#5453=EDGE_CURVE('',#4382,#4380,#5456,.F.);
#5454=EDGE_CURVE('',#4380,#4384,#5457,.T.);
#5455=EDGE_CURVE('',#4384,#4382,#5458,.T.);
#5456=LINE('',#4381,#5459);
#5457=LINE('',#4379,#5460);
#5458=LINE('',#4383,#5461);
#5459=VECTOR('',#5462,1.0);
#5460=VECTOR('',#5463,1.0);
#5461=VECTOR('',#5464,1.0);
#5462=DIRECTION('',(0,0,-1));
#5463=DIRECTION('',(-0.25881874839228647,0.9659259057922871,0));
#5464=DIRECTION('',(0.018453535426869828,-0.0688696164129991,0.9974549829267363));
#5465=FACE_SURFACE('',(#5470),#5466,.T.);
#5466=PLANE('',#5467);
#5467=AXIS2_PLACEMENT_3D('',#4381,#5468,#5469);
#5468=DIRECTION('',(0.9659259065915871,0.2588187454092549,-2.2075196129525062E-10));
#5469=DIRECTION('',(-0.018453535426869828,0.0688696164129991,-0.9974549829267363));
#5470=FACE_BOUND('',#5471,.T.);
#5471=EDGE_LOOP('',(#5472,#5473,#5474));
#5472=ORIENTED_EDGE('',*,*,#5475,.T.);
#5473=ORIENTED_EDGE('',*,*,#5476,.T.);
#5474=ORIENTED_EDGE('',*,*,#5477,.T.);
#5475=EDGE_CURVE('',#4382,#4384,#5478,.F.);
#5476=EDGE_CURVE('',#4384,#4386,#5479,.T.);
#5477=EDGE_CURVE('',#4386,#4382,#5480,.T.);
#5478=LINE('',#4381,#5481);
#5479=LINE('',#4383,#5482);
#5480=LINE('',#4385,#5483);
#5481=VECTOR('',#5484,1.0);
#5482=VECTOR('',#5485,1.0);
#5483=VECTOR('',#5486,1.0);
#5484=DIRECTION('',(-0.018453535426869828,0.0688696164129991,-0.9974549829267363));
#5485=DIRECTION('',(-4.508157010236307E-08,1.690998399897479E-07,0.9999999999999847));
#5486=DIRECTION('',(0.258818745409255,-0.9659259065915871,0));
#5487=FACE_SURFACE('',(#5492),#5488,.T.);
#5488=PLANE('',#5489);
#5489=AXIS2_PLACEMENT_3D('',#4385,#5490,#5491);
#5490=DIRECTION('',(0.9961946864455711,0.08715587586393295,3.017197592984068E-08));
#5491=DIRECTION('',(4.508157010236307E-08,-1.690998399897479E-07,-0.9999999999999847));
#5492=FACE_BOUND('',#5493,.T.);
#5493=EDGE_LOOP('',(#5494,#5495,#5496));
#5494=ORIENTED_EDGE('',*,*,#5497,.T.);
#5495=ORIENTED_EDGE('',*,*,#5498,.T.);
#5496=ORIENTED_EDGE('',*,*,#5499,.T.);
#5497=EDGE_CURVE('',#4386,#4384,#5500,.F.);
#5498=EDGE_CURVE('',#4384,#4388,#5501,.T.);
#5499=EDGE_CURVE('',#4388,#4386,#5502,.T.);
#5500=LINE('',#4385,#5503);
#5501=LINE('',#4383,#5504);
#5502=LINE('',#4387,#5505);
#5503=VECTOR('',#5506,1.0);
#5504=VECTOR('',#5507,1.0);
#5505=VECTOR('',#5508,1.0);
#5506=DIRECTION('',(4.508157010236307E-08,-1.690998399897479E-07,-0.9999999999999847));
#5507=DIRECTION('',(-0.087155875863933,0.9961946864455716,0));
#5508=DIRECTION('',(0.00621410207237363,-0.07102774769174838,0.9974549834419955));
#5509=FACE_SURFACE('',(#5514),#5510,.T.);
#5510=PLANE('',#5511);
#5511=AXIS2_PLACEMENT_3D('',#4385,#5512,#5513);
#5512=DIRECTION('',(0.9961947232338001,0.08715545537218274,0));
#5513=DIRECTION('',(-0.00621410207237363,0.07102774769174838,-0.9974549834419955));
#5514=FACE_BOUND('',#5515,.T.);
#5515=EDGE_LOOP('',(#5516,#5517,#5518));
#5516=ORIENTED_EDGE('',*,*,#5519,.T.);
#5517=ORIENTED_EDGE('',*,*,#5520,.T.);
#5518=ORIENTED_EDGE('',*,*,#5521,.T.);
#5519=EDGE_CURVE('',#4386,#4388,#5522,.F.);
#5520=EDGE_CURVE('',#4388,#4390,#5523,.T.);
#5521=EDGE_CURVE('',#4390,#4386,#5524,.T.);
#5522=LINE('',#4385,#5525);
#5523=LINE('',#4387,#5526);
#5524=LINE('',#4389,#5527);
#5525=VECTOR('',#5528,1.0);
#5526=VECTOR('',#5529,1.0);
#5527=VECTOR('',#5530,1.0);
#5528=DIRECTION('',(-0.00621410207237363,0.07102774769174838,-0.9974549834419955));
#5529=DIRECTION('',(0,0,1));
#5530=DIRECTION('',(0.08715545537218271,-0.9961947232337999,0));
#5531=FACE_SURFACE('',(#5536),#5532,.T.);
#5532=PLANE('',#5533);
#5533=AXIS2_PLACEMENT_3D('',#4389,#5534,#5535);
#5534=DIRECTION('',(0.9961946867263509,-0.0871558726546168,0));
#5535=DIRECTION('',(0,0,-1));
#5536=FACE_BOUND('',#5537,.T.);
#5537=EDGE_LOOP('',(#5538,#5539,#5540));
#5538=ORIENTED_EDGE('',*,*,#5541,.T.);
#5539=ORIENTED_EDGE('',*,*,#5542,.T.);
#5540=ORIENTED_EDGE('',*,*,#5543,.T.);
#5541=EDGE_CURVE('',#4390,#4388,#5544,.F.);
#5542=EDGE_CURVE('',#4388,#4392,#5545,.T.);
#5543=EDGE_CURVE('',#4392,#4390,#5546,.T.);
#5544=LINE('',#4389,#5547);
#5545=LINE('',#4387,#5548);
#5546=LINE('',#4391,#5549);
#5547=VECTOR('',#5550,1.0);
#5548=VECTOR('',#5551,1.0);
#5549=VECTOR('',#5552,1.0);
#5550=DIRECTION('',(0,0,-1));
#5551=DIRECTION('',(0.08715587265461677,0.9961946867263507,0));
#5552=DIRECTION('',(-0.006214146961863847,-0.07102791811261314,0.997454971026825));
#5553=FACE_SURFACE('',(#5558),#5554,.T.);
#5554=PLANE('',#5555);
#5555=AXIS2_PLACEMENT_3D('',#4389,#5556,#5557);
#5556=DIRECTION('',(0.996194741484253,-0.08715524676759526,4.4910023073657066E-08));
#5557=DIRECTION('',(0.006214146961863847,0.07102791811261314,-0.997454971026825));
#5558=FACE_BOUND('',#5559,.T.);
#5559=EDGE_LOOP('',(#5560,#5561,#5562));
#5560=ORIENTED_EDGE('',*,*,#5563,.T.);
#5561=ORIENTED_EDGE('',*,*,#5564,.T.);
#5562=ORIENTED_EDGE('',*,*,#5565,.T.);
#5563=EDGE_CURVE('',#4390,#4392,#5566,.F.);
#5564=EDGE_CURVE('',#4392,#4394,#5567,.T.);
#5565=EDGE_CURVE('',#4394,#4390,#5568,.T.);
#5566=LINE('',#4389,#5569);
#5567=LINE('',#4391,#5570);
#5568=LINE('',#4393,#5571);
#5569=VECTOR('',#5572,1.0);
#5570=VECTOR('',#5573,1.0);
#5571=VECTOR('',#5574,1.0);
#5572=DIRECTION('',(0.006214146961863847,0.07102791811261314,-0.997454971026825));
#5573=DIRECTION('',(-4.5081570102363715E-08,0,0.9999999999999989));
#5574=DIRECTION('',(-0.08715524676759534,-0.9961947414842539,0));
#5575=FACE_SURFACE('',(#5580),#5576,.T.);
#5576=PLANE('',#5577);
#5577=AXIS2_PLACEMENT_3D('',#4393,#5578,#5579);
#5578=DIRECTION('',(0.965925893411898,-0.2588187945965755,4.3545455877536834E-08));
#5579=DIRECTION('',(4.5081570102363715E-08,0,-0.9999999999999989));
#5580=FACE_BOUND('',#5581,.T.);
#5581=EDGE_LOOP('',(#5582,#5583,#5584));
#5582=ORIENTED_EDGE('',*,*,#5585,.T.);
#5583=ORIENTED_EDGE('',*,*,#5586,.T.);
#5584=ORIENTED_EDGE('',*,*,#5587,.T.);
#5585=EDGE_CURVE('',#4394,#4392,#5588,.F.);
#5586=EDGE_CURVE('',#4392,#4396,#5589,.T.);
#5587=EDGE_CURVE('',#4396,#4394,#5590,.T.);
#5588=LINE('',#4393,#5591);
#5589=LINE('',#4391,#5592);
#5590=LINE('',#4395,#5593);
#5591=VECTOR('',#5594,1.0);
#5592=VECTOR('',#5595,1.0);
#5593=VECTOR('',#5596,1.0);
#5594=DIRECTION('',(4.5081570102363715E-08,0,-0.9999999999999989));
#5595=DIRECTION('',(0.2588187945965758,0.9659258934118992,0));
#5596=DIRECTION('',(-0.01845358039514073,-0.06886960324104874,0.997454983004256));
#5597=FACE_SURFACE('',(#5602),#5598,.T.);
#5598=PLANE('',#5599);
#5599=AXIS2_PLACEMENT_3D('',#4393,#5600,#5601);
#5600=DIRECTION('',(0.9659257357420667,-0.2588193830282948,0));
#5601=DIRECTION('',(0.01845358039514073,0.06886960324104874,-0.997454983004256));
#5602=FACE_BOUND('',#5603,.T.);
#5603=EDGE_LOOP('',(#5604,#5605,#5606));
#5604=ORIENTED_EDGE('',*,*,#5607,.T.);
#5605=ORIENTED_EDGE('',*,*,#5608,.T.);
#5606=ORIENTED_EDGE('',*,*,#5609,.T.);
#5607=EDGE_CURVE('',#4394,#4396,#5610,.F.);
#5608=EDGE_CURVE('',#4396,#4398,#5611,.T.);
#5609=EDGE_CURVE('',#4398,#4394,#5612,.T.);
#5610=LINE('',#4393,#5613);
#5611=LINE('',#4395,#5614);
#5612=LINE('',#4397,#5615);
#5613=VECTOR('',#5616,1.0);
#5614=VECTOR('',#5617,1.0);
#5615=VECTOR('',#5618,1.0);
#5616=DIRECTION('',(0.01845358039514073,0.06886960324104874,-0.997454983004256));
#5617=DIRECTION('',(0,0,1));
#5618=DIRECTION('',(-0.2588193830282948,-0.9659257357420667,0));
#5619=FACE_SURFACE('',(#5624),#5620,.T.);
#5620=PLANE('',#5621);
#5621=AXIS2_PLACEMENT_3D('',#4397,#5622,#5623);
#5622=DIRECTION('',(0.9063076262881186,-0.42261860646686616,0));
#5623=DIRECTION('',(0,0,-1));
#5624=FACE_BOUND('',#5625,.T.);
#5625=EDGE_LOOP('',(#5626,#5627,#5628));
#5626=ORIENTED_EDGE('',*,*,#5629,.T.);
#5627=ORIENTED_EDGE('',*,*,#5630,.T.);
#5628=ORIENTED_EDGE('',*,*,#5631,.T.);
#5629=EDGE_CURVE('',#4398,#4396,#5632,.F.);
#5630=EDGE_CURVE('',#4396,#4400,#5633,.T.);
#5631=EDGE_CURVE('',#4400,#4398,#5634,.T.);
#5632=LINE('',#4397,#5635);
#5633=LINE('',#4395,#5636);
#5634=LINE('',#4399,#5637);
#5635=VECTOR('',#5638,1.0);
#5636=VECTOR('',#5639,1.0);
#5637=VECTOR('',#5640,1.0);
#5638=DIRECTION('',(0,0,-1));
#5639=DIRECTION('',(0.42261860646686616,0.9063076262881186,0));
#5640=DIRECTION('',(-0.030132366953124694,-0.06461900529187908,0.9974549737290853));
#5641=FACE_SURFACE('',(#5646),#5642,.T.);
#5642=PLANE('',#5643);
#5643=AXIS2_PLACEMENT_3D('',#4397,#5644,#5645);
#5644=DIRECTION('',(0.9063077470700237,-0.42261834744939447,2.0428888117258554E-08));
#5645=DIRECTION('',(0.030132366953124694,0.06461900529187908,-0.9974549737290853));
#5646=FACE_BOUND('',#5647,.T.);
#5647=EDGE_LOOP('',(#5648,#5649,#5650));
#5648=ORIENTED_EDGE('',*,*,#5651,.T.);
#5649=ORIENTED_EDGE('',*,*,#5652,.T.);
#5650=ORIENTED_EDGE('',*,*,#5653,.T.);
#5651=EDGE_CURVE('',#4398,#4400,#5654,.F.);
#5652=EDGE_CURVE('',#4400,#4402,#5655,.T.);
#5653=EDGE_CURVE('',#4402,#4398,#5656,.T.);
#5654=LINE('',#4397,#5657);
#5655=LINE('',#4399,#5658);
#5656=LINE('',#4401,#5659);
#5657=VECTOR('',#5660,1.0);
#5658=VECTOR('',#5661,1.0);
#5659=VECTOR('',#5662,1.0);
#5660=DIRECTION('',(0.030132366953124694,0.06461900529187908,-0.9974549737290853));
#5661=DIRECTION('',(-2.2540785051181874E-08,0,0.9999999999999998));
#5662=DIRECTION('',(-0.42261834744939464,-0.9063077470700242,0));
#5663=FACE_SURFACE('',(#5668),#5664,.T.);
#5664=PLANE('',#5665);
#5665=AXIS2_PLACEMENT_3D('',#4401,#5666,#5667);
#5666=DIRECTION('',(0.8191521552136188,-0.5735762779342283,1.846433265488256E-08));
#5667=DIRECTION('',(2.2540785051181874E-08,0,-0.9999999999999998));
#5668=FACE_BOUND('',#5669,.T.);
#5669=EDGE_LOOP('',(#5670,#5671,#5672));
#5670=ORIENTED_EDGE('',*,*,#5673,.T.);
#5671=ORIENTED_EDGE('',*,*,#5674,.T.);
#5672=ORIENTED_EDGE('',*,*,#5675,.T.);
#5673=EDGE_CURVE('',#4402,#4400,#5676,.F.);
#5674=EDGE_CURVE('',#4400,#4404,#5677,.T.);
#5675=EDGE_CURVE('',#4404,#4402,#5678,.T.);
#5676=LINE('',#4401,#5679);
#5677=LINE('',#4399,#5680);
#5678=LINE('',#4403,#5681);
#5679=VECTOR('',#5682,1.0);
#5680=VECTOR('',#5683,1.0);
#5681=VECTOR('',#5684,1.0);
#5682=DIRECTION('',(2.2540785051181874E-08,0,-0.9999999999999998));
#5683=DIRECTION('',(0.5735762779342284,0.819152155213619,0));
#5684=DIRECTION('',(-0.04089551661129648,-0.05840484246320024,0.9974549769778803));
#5685=FACE_SURFACE('',(#5690),#5686,.T.);
#5686=PLANE('',#5687);
#5687=AXIS2_PLACEMENT_3D('',#4401,#5688,#5689);
#5688=DIRECTION('',(0.8191520070526457,-0.5735764895300557,0));
#5689=DIRECTION('',(0.04089551661129648,0.05840484246320024,-0.9974549769778803));
#5690=FACE_BOUND('',#5691,.T.);
#5691=EDGE_LOOP('',(#5692,#5693,#5694));
#5692=ORIENTED_EDGE('',*,*,#5695,.T.);
#5693=ORIENTED_EDGE('',*,*,#5696,.T.);
#5694=ORIENTED_EDGE('',*,*,#5697,.T.);
#5695=EDGE_CURVE('',#4402,#4404,#5698,.F.);
#5696=EDGE_CURVE('',#4404,#4406,#5699,.T.);
#5697=EDGE_CURVE('',#4406,#4402,#5700,.T.);
#5698=LINE('',#4401,#5701);
#5699=LINE('',#4403,#5702);
#5700=LINE('',#4405,#5703);
#5701=VECTOR('',#5704,1.0);
#5702=VECTOR('',#5705,1.0);
#5703=VECTOR('',#5706,1.0);
#5704=DIRECTION('',(0.04089551661129648,0.05840484246320024,-0.9974549769778803));
#5705=DIRECTION('',(0,0,1));
#5706=DIRECTION('',(-0.5735764895300557,-0.8191520070526458,0));
#5707=FACE_SURFACE('',(#5712),#5708,.T.);
#5708=PLANE('',#5709);
#5709=AXIS2_PLACEMENT_3D('',#4405,#5710,#5711);
#5710=DIRECTION('',(0.7071068336263912,-0.7071067287467001,0));
#5711=DIRECTION('',(0,0,-1));
#5712=FACE_BOUND('',#5713,.T.);
#5713=EDGE_LOOP('',(#5714,#5715,#5716));
#5714=ORIENTED_EDGE('',*,*,#5717,.T.);
#5715=ORIENTED_EDGE('',*,*,#5718,.T.);
#5716=ORIENTED_EDGE('',*,*,#5719,.T.);
#5717=EDGE_CURVE('',#4406,#4404,#5720,.F.);
#5718=EDGE_CURVE('',#4404,#4408,#5721,.T.);
#5719=EDGE_CURVE('',#4408,#4406,#5722,.T.);
#5720=LINE('',#4405,#5723);
#5721=LINE('',#4403,#5724);
#5722=LINE('',#4407,#5725);
#5723=VECTOR('',#5726,1.0);
#5724=VECTOR('',#5727,1.0);
#5725=VECTOR('',#5728,1.0);
#5726=DIRECTION('',(0,0,-1));
#5727=DIRECTION('',(0.7071067287467001,0.707106833626391,0));
#5728=DIRECTION('',(-0.05041614237686872,-0.050416149854706535,0.9974549736312226));
#5729=FACE_SURFACE('',(#5734),#5730,.T.);
#5730=PLANE('',#5731);
#5731=AXIS2_PLACEMENT_3D('',#4405,#5732,#5733);
#5732=DIRECTION('',(0.7071069912959119,-0.7071065710771204,1.5938746697564163E-08));
#5733=DIRECTION('',(0.05041614237686872,0.050416149854706535,-0.9974549736312226));
#5734=FACE_BOUND('',#5735,.T.);
#5735=EDGE_LOOP('',(#5736,#5737,#5738));
#5736=ORIENTED_EDGE('',*,*,#5739,.T.);
#5737=ORIENTED_EDGE('',*,*,#5740,.T.);
#5738=ORIENTED_EDGE('',*,*,#5741,.T.);
#5739=EDGE_CURVE('',#4406,#4408,#5742,.F.);
#5740=EDGE_CURVE('',#4408,#4410,#5743,.T.);
#5741=EDGE_CURVE('',#4410,#4406,#5744,.T.);
#5742=LINE('',#4405,#5745);
#5743=LINE('',#4407,#5746);
#5744=LINE('',#4409,#5747);
#5745=VECTOR('',#5748,1.0);
#5746=VECTOR('',#5749,1.0);
#5747=VECTOR('',#5750,1.0);
#5748=DIRECTION('',(0.05041614237686872,0.050416149854706535,-0.9974549736312226));
#5749=DIRECTION('',(-2.2540785051181874E-08,0,0.9999999999999998));
#5750=DIRECTION('',(-0.7071065710771205,-0.707106991295912,0));
#5751=FACE_SURFACE('',(#5756),#5752,.T.);
#5752=PLANE('',#5753);
#5753=AXIS2_PLACEMENT_3D('',#4409,#5754,#5755);
#5754=DIRECTION('',(0.5735754311977499,-0.8191527481039875,1.2928840505267441E-08));
#5755=DIRECTION('',(2.2540785051181874E-08,0,-0.9999999999999998));
#5756=FACE_BOUND('',#5757,.T.);
#5757=EDGE_LOOP('',(#5758,#5759,#5760));
#5758=ORIENTED_EDGE('',*,*,#5761,.T.);
#5759=ORIENTED_EDGE('',*,*,#5762,.T.);
#5760=ORIENTED_EDGE('',*,*,#5763,.T.);
#5761=EDGE_CURVE('',#4410,#4408,#5764,.F.);
#5762=EDGE_CURVE('',#4408,#4412,#5765,.T.);
#5763=EDGE_CURVE('',#4412,#4410,#5766,.T.);
#5764=LINE('',#4409,#5767);
#5765=LINE('',#4407,#5768);
#5766=LINE('',#4411,#5769);
#5767=VECTOR('',#5770,1.0);
#5768=VECTOR('',#5771,1.0);
#5769=VECTOR('',#5772,1.0);
#5770=DIRECTION('',(2.2540785051181874E-08,0,-0.9999999999999998));
#5771=DIRECTION('',(0.8191527481039876,0.5735754311977499,0));
#5772=DIRECTION('',(-0.058404905730692,-0.04089543271404209,0.9974549767130946));
#5773=FACE_SURFACE('',(#5778),#5774,.T.);
#5774=PLANE('',#5775);
#5775=AXIS2_PLACEMENT_3D('',#4409,#5776,#5777);
#5776=DIRECTION('',(0.573575283036914,-0.8191528518470309,0));
#5777=DIRECTION('',(0.058404905730692,0.04089543271404209,-0.9974549767130946));
#5778=FACE_BOUND('',#5779,.T.);
#5779=EDGE_LOOP('',(#5780,#5781,#5782));
#5780=ORIENTED_EDGE('',*,*,#5783,.T.);
#5781=ORIENTED_EDGE('',*,*,#5784,.T.);
#5782=ORIENTED_EDGE('',*,*,#5785,.T.);
#5783=EDGE_CURVE('',#4410,#4412,#5786,.F.);
#5784=EDGE_CURVE('',#4412,#4414,#5787,.T.);
#5785=EDGE_CURVE('',#4414,#4410,#5788,.T.);
#5786=LINE('',#4409,#5789);
#5787=LINE('',#4411,#5790);
#5788=LINE('',#4413,#5791);
#5789=VECTOR('',#5792,1.0);
#5790=VECTOR('',#5793,1.0);
#5791=VECTOR('',#5794,1.0);
#5792=DIRECTION('',(0.058404905730692,0.04089543271404209,-0.9974549767130946));
#5793=DIRECTION('',(0,0,1));
#5794=DIRECTION('',(-0.8191528518470309,-0.573575283036914,0));
#5795=FACE_SURFACE('',(#5800),#5796,.T.);
#5796=PLANE('',#5797);
#5797=AXIS2_PLACEMENT_3D('',#4413,#5798,#5799);
#5798=DIRECTION('',(0.4226208760093409,-0.9063065679785717,0));
#5799=DIRECTION('',(0,0,-1));
#5800=FACE_BOUND('',#5801,.T.);
#5801=EDGE_LOOP('',(#5802,#5803,#5804));
#5802=ORIENTED_EDGE('',*,*,#5805,.T.);
#5803=ORIENTED_EDGE('',*,*,#5806,.T.);
#5804=ORIENTED_EDGE('',*,*,#5807,.T.);
#5805=EDGE_CURVE('',#4414,#4412,#5808,.F.);
#5806=EDGE_CURVE('',#4412,#4342,#5809,.T.);
#5807=EDGE_CURVE('',#4342,#4414,#5810,.T.);
#5808=LINE('',#4413,#5811);
#5809=LINE('',#4411,#5812);
#5810=LINE('',#4341,#5813);
#5811=VECTOR('',#5814,1.0);
#5812=VECTOR('',#5815,1.0);
#5813=VECTOR('',#5816,1.0);
#5814=DIRECTION('',(0,0,-1));
#5815=DIRECTION('',(0.9063065679785717,0.4226208760093409,0));
#5816=DIRECTION('',(-0.04501024848749757,-0.020988781630052238,0.9987660129263409));
#5817=FACE_SURFACE('',(#5822),#5818,.T.);
#5818=PLANE('',#5819);
#5819=AXIS2_PLACEMENT_3D('',#4413,#5820,#5821);
#5820=DIRECTION('',(0.42256549845139635,-0.9063323890876305,-3.038260437300519E-06));
#5821=DIRECTION('',(0.04501024848749757,0.020988781630052238,-0.9987660129263409));
#5822=FACE_BOUND('',#5823,.T.);
#5823=EDGE_LOOP('',(#5824,#5825,#5826));
#5824=ORIENTED_EDGE('',*,*,#5827,.T.);
#5825=ORIENTED_EDGE('',*,*,#5828,.T.);
#5826=ORIENTED_EDGE('',*,*,#5829,.T.);
#5827=EDGE_CURVE('',#4414,#4342,#5830,.F.);
#5828=EDGE_CURVE('',#4342,#4340,#5831,.T.);
#5829=EDGE_CURVE('',#4340,#4414,#5832,.T.);
#5830=LINE('',#4413,#5833);
#5831=LINE('',#4341,#5834);
#5832=LINE('',#4339,#5835);
#5833=VECTOR('',#5836,1.0);
#5834=VECTOR('',#5837,1.0);
#5835=VECTOR('',#5838,1.0);
#5836=DIRECTION('',(0.04501024848749757,0.020988781630052238,-0.9987660129263409));
#5837=DIRECTION('',(-0.043915260258425834,-0.020478258038388927,0.9988253555372669));
#5838=DIRECTION('',(-0.9063323890918136,-0.4225654984533467,0));
#5839=FACE_SURFACE('',(#5844),#5840,.T.);
#5840=PLANE('',#5841);
#5841=AXIS2_PLACEMENT_3D('',#4415,#5842,#5843);
#5842=DIRECTION('',(-0.4226206652369033,0.9063066662640838,-9.52620157238841E-09));
#5843=DIRECTION('',(-0.9063066662640838,-0.4226206652369033,0));
#5844=FACE_BOUND('',#5845,.T.);
#5845=EDGE_LOOP('',(#5846,#5847,#5848));
#5846=ORIENTED_EDGE('',*,*,#5849,.T.);
#5847=ORIENTED_EDGE('',*,*,#5850,.T.);
#5848=ORIENTED_EDGE('',*,*,#5851,.T.);
#5849=EDGE_CURVE('',#4416,#4418,#5852,.F.);
#5850=EDGE_CURVE('',#4418,#4420,#5853,.T.);
#5851=EDGE_CURVE('',#4420,#4416,#5854,.T.);
#5852=LINE('',#4415,#5855);
#5853=LINE('',#4417,#5856);
#5854=LINE('',#4419,#5857);
#5855=VECTOR('',#5858,1.0);
#5856=VECTOR('',#5859,1.0);
#5857=VECTOR('',#5860,1.0);
#5858=DIRECTION('',(-0.9063066662640838,-0.4226206652369033,0));
#5859=DIRECTION('',(-2.2540785051181874E-08,0,0.9999999999999998));
#5860=DIRECTION('',(0.019713360037796064,0.009192543892039037,-0.9997634122995366));
#5861=FACE_SURFACE('',(#5866),#5862,.T.);
#5862=PLANE('',#5863);
#5863=AXIS2_PLACEMENT_3D('',#4415,#5864,#5865);
#5864=DIRECTION('',(-0.42261966678282503,0.9063071318534207,1.4442304218673528E-08));
#5865=DIRECTION('',(-0.019713360037796064,-0.009192543892039037,0.9997634122995366));
#5866=FACE_BOUND('',#5867,.T.);
#5867=EDGE_LOOP('',(#5868,#5869,#5870));
#5868=ORIENTED_EDGE('',*,*,#5871,.T.);
#5869=ORIENTED_EDGE('',*,*,#5872,.T.);
#5870=ORIENTED_EDGE('',*,*,#5873,.T.);
#5871=EDGE_CURVE('',#4416,#4420,#5874,.F.);
#5872=EDGE_CURVE('',#4420,#4422,#5875,.T.);
#5873=EDGE_CURVE('',#4422,#4416,#5876,.T.);
#5874=LINE('',#4415,#5877);
#5875=LINE('',#4419,#5878);
#5876=LINE('',#4421,#5879);
#5877=VECTOR('',#5880,1.0);
#5878=VECTOR('',#5881,1.0);
#5879=VECTOR('',#5882,1.0);
#5880=DIRECTION('',(-0.019713360037796064,-0.009192543892039037,0.9997634122995366));
#5881=DIRECTION('',(0.9063071318534208,0.42261966678282514,0));
#5882=DIRECTION('',(-0.04391526041031942,-0.020478089208010506,-0.9988253589919925));
#5883=FACE_SURFACE('',(#5888),#5884,.T.);
#5884=PLANE('',#5885);
#5885=AXIS2_PLACEMENT_3D('',#4417,#5886,#5887);
#5886=DIRECTION('',(-0.2588173531518209,0.9659262796443036,-5.833946325532739E-09));
#5887=DIRECTION('',(-0.9659262796443036,-0.258817353151821,0));
#5888=FACE_BOUND('',#5889,.T.);
#5889=EDGE_LOOP('',(#5890,#5891,#5892));
#5890=ORIENTED_EDGE('',*,*,#5893,.T.);
#5891=ORIENTED_EDGE('',*,*,#5894,.T.);
#5892=ORIENTED_EDGE('',*,*,#5895,.T.);
#5893=EDGE_CURVE('',#4418,#4424,#5896,.F.);
#5894=EDGE_CURVE('',#4424,#4426,#5897,.T.);
#5895=EDGE_CURVE('',#4426,#4418,#5898,.T.);
#5896=LINE('',#4417,#5899);
#5897=LINE('',#4423,#5900);
#5898=LINE('',#4425,#5901);
#5899=VECTOR('',#5902,1.0);
#5900=VECTOR('',#5903,1.0);
#5901=VECTOR('',#5904,1.0);
#5902=DIRECTION('',(-0.9659262796443036,-0.258817353151821,0));
#5903=DIRECTION('',(-2.2540785051181874E-08,0,0.9999999999999998));
#5904=DIRECTION('',(0.06886972843279159,0.018453452796340582,-0.997454976720998));
#5905=FACE_SURFACE('',(#5910),#5906,.T.);
#5906=PLANE('',#5907);
#5907=AXIS2_PLACEMENT_3D('',#4417,#5908,#5909);
#5908=DIRECTION('',(-0.2588173531518209,0.9659262796443036,-5.833946324911028E-09));
#5909=DIRECTION('',(-0.06886972843279159,-0.018453452796340582,0.997454976720998));
#5910=FACE_BOUND('',#5911,.T.);
#5911=EDGE_LOOP('',(#5912,#5913,#5914));
#5912=ORIENTED_EDGE('',*,*,#5915,.T.);
#5913=ORIENTED_EDGE('',*,*,#5916,.T.);
#5914=ORIENTED_EDGE('',*,*,#5917,.T.);
#5915=EDGE_CURVE('',#4418,#4426,#5918,.F.);
#5916=EDGE_CURVE('',#4426,#4420,#5919,.T.);
#5917=EDGE_CURVE('',#4420,#4418,#5920,.T.);
#5918=LINE('',#4417,#5921);
#5919=LINE('',#4425,#5922);
#5920=LINE('',#4419,#5923);
#5921=VECTOR('',#5924,1.0);
#5922=VECTOR('',#5925,1.0);
#5923=VECTOR('',#5926,1.0);
#5924=DIRECTION('',(-0.06886972843279159,-0.018453452796340582,0.997454976720998));
#5925=DIRECTION('',(0.9659262796443036,0.258817353151821,0));
#5926=DIRECTION('',(2.2540785051181874E-08,0,-0.9999999999999998));
#5927=FACE_SURFACE('',(#5932),#5928,.T.);
#5928=PLANE('',#5929);
#5929=AXIS2_PLACEMENT_3D('',#4423,#5930,#5931);
#5930=DIRECTION('',(-0.08715675259821837,0.9961946097407539,-2.1106578714133606E-09));
#5931=DIRECTION('',(-0.9961946097407539,-0.08715675259821838,0));
#5932=FACE_BOUND('',#5933,.T.);
#5933=EDGE_LOOP('',(#5934,#5935,#5936));
#5934=ORIENTED_EDGE('',*,*,#5937,.T.);
#5935=ORIENTED_EDGE('',*,*,#5938,.T.);
#5936=ORIENTED_EDGE('',*,*,#5939,.T.);
#5937=EDGE_CURVE('',#4424,#4428,#5940,.F.);
#5938=EDGE_CURVE('',#4428,#4430,#5941,.T.);
#5939=EDGE_CURVE('',#4430,#4424,#5942,.T.);
#5940=LINE('',#4423,#5943);
#5941=LINE('',#4427,#5944);
#5942=LINE('',#4429,#5945);
#5943=VECTOR('',#5946,1.0);
#5944=VECTOR('',#5947,1.0);
#5945=VECTOR('',#5948,1.0);
#5946=DIRECTION('',(-0.9961946097407539,-0.08715675259821838,0));
#5947=DIRECTION('',(-2.421680258249227E-08,0,0.9999999999999997));
#5948=DIRECTION('',(0.07102788512295748,0.006214205181817937,-0.9974549730132776));
#5949=FACE_SURFACE('',(#5954),#5950,.T.);
#5950=PLANE('',#5951);
#5951=AXIS2_PLACEMENT_3D('',#4423,#5952,#5953);
#5952=DIRECTION('',(-0.08715675056243047,0.9961946099188642,-1.9645815801872206E-09));
#5953=DIRECTION('',(-0.07102788512295748,-0.006214205181817937,0.9974549730132776));
#5954=FACE_BOUND('',#5955,.T.);
#5955=EDGE_LOOP('',(#5956,#5957,#5958));
#5956=ORIENTED_EDGE('',*,*,#5959,.T.);
#5957=ORIENTED_EDGE('',*,*,#5960,.T.);
#5958=ORIENTED_EDGE('',*,*,#5961,.T.);
#5959=EDGE_CURVE('',#4424,#4430,#5962,.F.);
#5960=EDGE_CURVE('',#4430,#4426,#5963,.T.);
#5961=EDGE_CURVE('',#4426,#4424,#5964,.T.);
#5962=LINE('',#4423,#5965);
#5963=LINE('',#4429,#5966);
#5964=LINE('',#4425,#5967);
#5965=VECTOR('',#5968,1.0);
#5966=VECTOR('',#5969,1.0);
#5967=VECTOR('',#5970,1.0);
#5968=DIRECTION('',(-0.07102788512295748,-0.006214205181817937,0.9974549730132776));
#5969=DIRECTION('',(0.9961946099188643,0.08715675056243048,0));
#5970=DIRECTION('',(2.2540785051181874E-08,0,-0.9999999999999998));
#5971=FACE_SURFACE('',(#5976),#5972,.T.);
#5972=PLANE('',#5973);
#5973=AXIS2_PLACEMENT_3D('',#4427,#5974,#5975);
#5974=DIRECTION('',(0.08715676646070737,0.996194608527929,0));
#5975=DIRECTION('',(-0.9961946085279292,0.0871567664607074,0));
#5976=FACE_BOUND('',#5977,.T.);
#5977=EDGE_LOOP('',(#5978,#5979,#5980));
#5978=ORIENTED_EDGE('',*,*,#5981,.T.);
#5979=ORIENTED_EDGE('',*,*,#5982,.T.);
#5980=ORIENTED_EDGE('',*,*,#5983,.T.);
#5981=EDGE_CURVE('',#4428,#4432,#5984,.F.);
#5982=EDGE_CURVE('',#4432,#4434,#5985,.T.);
#5983=EDGE_CURVE('',#4434,#4428,#5986,.T.);
#5984=LINE('',#4427,#5987);
#5985=LINE('',#4431,#5988);
#5986=LINE('',#4433,#5989);
#5987=VECTOR('',#5990,1.0);
#5988=VECTOR('',#5991,1.0);
#5989=VECTOR('',#5992,1.0);
#5990=DIRECTION('',(-0.9961946085279292,0.0871567664607074,0));
#5991=DIRECTION('',(0,0,1));
#5992=DIRECTION('',(0.07102784976345697,-0.006214205197504111,-0.9974549755310979));
#5993=FACE_SURFACE('',(#5998),#5994,.T.);
#5994=PLANE('',#5995);
#5995=AXIS2_PLACEMENT_3D('',#4427,#5996,#5997);
#5996=DIRECTION('',(0.08715679587585717,0.9961946059544059,2.1106589194482105E-09));
#5997=DIRECTION('',(-0.07102784976345697,0.006214205197504111,0.9974549755310979));
#5998=FACE_BOUND('',#5999,.T.);
#5999=EDGE_LOOP('',(#6000,#6001,#6002));
#6000=ORIENTED_EDGE('',*,*,#6003,.T.);
#6001=ORIENTED_EDGE('',*,*,#6004,.T.);
#6002=ORIENTED_EDGE('',*,*,#6005,.T.);
#6003=EDGE_CURVE('',#4428,#4434,#6006,.F.);
#6004=EDGE_CURVE('',#4434,#4430,#6007,.T.);
#6005=EDGE_CURVE('',#4430,#4428,#6008,.T.);
#6006=LINE('',#4427,#6009);
#6007=LINE('',#4433,#6010);
#6008=LINE('',#4429,#6011);
#6009=VECTOR('',#6012,1.0);
#6010=VECTOR('',#6013,1.0);
#6011=VECTOR('',#6014,1.0);
#6012=DIRECTION('',(-0.07102784976345697,0.006214205197504111,0.9974549755310979));
#6013=DIRECTION('',(0.9961946059544059,-0.08715679587585717,0));
#6014=DIRECTION('',(2.421680258249227E-08,0,-0.9999999999999997));
#6015=FACE_SURFACE('',(#6020),#6016,.T.);
#6016=PLANE('',#6017);
#6017=AXIS2_PLACEMENT_3D('',#4431,#6018,#6019);
#6018=DIRECTION('',(0.2588169696509254,0.9659263824022574,-1.0303573036288578E-08));
#6019=DIRECTION('',(-0.9659263824022574,0.2588169696509253,0));
#6020=FACE_BOUND('',#6021,.T.);
#6021=EDGE_LOOP('',(#6022,#6023,#6024));
#6022=ORIENTED_EDGE('',*,*,#6025,.T.);
#6023=ORIENTED_EDGE('',*,*,#6026,.T.);
#6024=ORIENTED_EDGE('',*,*,#6027,.T.);
#6025=EDGE_CURVE('',#4432,#4356,#6028,.F.);
#6026=EDGE_CURVE('',#4356,#4362,#6029,.T.);
#6027=EDGE_CURVE('',#4362,#4432,#6030,.T.);
#6028=LINE('',#4431,#6031);
#6029=LINE('',#4355,#6032);
#6030=LINE('',#4361,#6033);
#6031=VECTOR('',#6034,1.0);
#6032=VECTOR('',#6035,1.0);
#6033=VECTOR('',#6036,1.0);
#6034=DIRECTION('',(-0.9659263824022574,0.2588169696509253,0));
#6035=DIRECTION('',(0.04680408818778351,-0.012540999191304867,0.998825360445055));
#6036=DIRECTION('',(0.0011214145709303302,-0.0003004902131514602,-0.9999993260672689));
#6037=FACE_SURFACE('',(#6042),#6038,.T.);
#6038=PLANE('',#6039);
#6039=AXIS2_PLACEMENT_3D('',#4431,#6040,#6041);
#6040=DIRECTION('',(0.2588255421584228,0.9659240853847669,-0));
#6041=DIRECTION('',(-0.0011214145709303302,0.0003004902131514602,0.9999993260672689));
#6042=FACE_BOUND('',#6043,.T.);
#6043=EDGE_LOOP('',(#6044,#6045,#6046));
#6044=ORIENTED_EDGE('',*,*,#6047,.T.);
#6045=ORIENTED_EDGE('',*,*,#6048,.T.);
#6046=ORIENTED_EDGE('',*,*,#6049,.T.);
#6047=EDGE_CURVE('',#4432,#4362,#6050,.F.);
#6048=EDGE_CURVE('',#4362,#4434,#6051,.T.);
#6049=EDGE_CURVE('',#4434,#4432,#6052,.T.);
#6050=LINE('',#4431,#6053);
#6051=LINE('',#4361,#6054);
#6052=LINE('',#4433,#6055);
#6053=VECTOR('',#6056,1.0);
#6054=VECTOR('',#6057,1.0);
#6055=VECTOR('',#6058,1.0);
#6056=DIRECTION('',(-0.0011214145709303302,0.0003004902131514602,0.9999993260672689));
#6057=DIRECTION('',(0.965924085384767,-0.2588255421584228,0));
#6058=DIRECTION('',(0,0,-1));
#6059=FACE_SURFACE('',(#6064),#6060,.T.);
#6060=PLANE('',#6061);
#6061=AXIS2_PLACEMENT_3D('',#4435,#6062,#6063);
#6062=DIRECTION('',(-0.25881460935469625,-0.9659270148331803,1.9282449378617336E-07));
#6063=DIRECTION('',(0.046804076905719666,-0.012541083635234592,-0.9988253599134622));
#6064=FACE_BOUND('',#6065,.T.);
#6065=EDGE_LOOP('',(#6066,#6067,#6068));
#6066=ORIENTED_EDGE('',*,*,#6069,.T.);
#6067=ORIENTED_EDGE('',*,*,#6070,.T.);
#6068=ORIENTED_EDGE('',*,*,#6071,.T.);
#6069=EDGE_CURVE('',#4436,#4438,#6072,.F.);
#6070=EDGE_CURVE('',#4438,#4440,#6073,.T.);
#6071=EDGE_CURVE('',#4440,#4436,#6074,.T.);
#6072=LINE('',#4435,#6075);
#6073=LINE('',#4437,#6076);
#6074=LINE('',#4439,#6077);
#6075=VECTOR('',#6078,1.0);
#6076=VECTOR('',#6079,1.0);
#6077=VECTOR('',#6080,1.0);
#6078=DIRECTION('',(0.046804076905719666,-0.012541083635234592,-0.9988253599134622));
#6079=DIRECTION('',(0.9659270148331982,-0.25881460935470096,0));
#6080=DIRECTION('',(-0.06775668275712893,0.018155214068103945,0.9975366760896018));
#6081=FACE_SURFACE('',(#6086),#6082,.T.);
#6082=PLANE('',#6083);
#6083=AXIS2_PLACEMENT_3D('',#4435,#6084,#6085);
#6084=DIRECTION('',(-0.2588172580200069,-0.965926305134613,0));
#6085=DIRECTION('',(0.06775668275712893,-0.018155214068103945,-0.9975366760896018));
#6086=FACE_BOUND('',#6087,.T.);
#6087=EDGE_LOOP('',(#6088,#6089,#6090));
#6088=ORIENTED_EDGE('',*,*,#6091,.T.);
#6089=ORIENTED_EDGE('',*,*,#6092,.T.);
#6090=ORIENTED_EDGE('',*,*,#6093,.T.);
#6091=EDGE_CURVE('',#4436,#4440,#6094,.F.);
#6092=EDGE_CURVE('',#4440,#4442,#6095,.T.);
#6093=EDGE_CURVE('',#4442,#4436,#6096,.T.);
#6094=LINE('',#4435,#6097);
#6095=LINE('',#4439,#6098);
#6096=LINE('',#4441,#6099);
#6097=VECTOR('',#6100,1.0);
#6098=VECTOR('',#6101,1.0);
#6099=VECTOR('',#6102,1.0);
#6100=DIRECTION('',(0.06775668275712893,-0.018155214068103945,-0.9975366760896018));
#6101=DIRECTION('',(0,0,1));
#6102=DIRECTION('',(-0.9659263051346128,0.2588172580200068,0));
#6103=FACE_SURFACE('',(#6108),#6104,.T.);
#6104=PLANE('',#6105);
#6105=AXIS2_PLACEMENT_3D('',#4441,#6106,#6107);
#6106=DIRECTION('',(-0.42261984029181476,-0.9063070509445024,-0));
#6107=DIRECTION('',(0,0,-1));
#6108=FACE_BOUND('',#6109,.T.);
#6109=EDGE_LOOP('',(#6110,#6111,#6112));
#6110=ORIENTED_EDGE('',*,*,#6113,.T.);
#6111=ORIENTED_EDGE('',*,*,#6114,.T.);
#6112=ORIENTED_EDGE('',*,*,#6115,.T.);
#6113=EDGE_CURVE('',#4442,#4440,#6116,.F.);
#6114=EDGE_CURVE('',#4440,#4444,#6117,.T.);
#6115=EDGE_CURVE('',#4444,#4442,#6118,.T.);
#6116=LINE('',#4441,#6119);
#6117=LINE('',#4439,#6120);
#6118=LINE('',#4443,#6121);
#6119=VECTOR('',#6122,1.0);
#6120=VECTOR('',#6123,1.0);
#6121=VECTOR('',#6124,1.0);
#6122=DIRECTION('',(0,0,-1));
#6123=DIRECTION('',(0.9063070509445025,-0.42261984029181476,0));
#6124=DIRECTION('',(-0.06461898497860105,0.030132464580315654,0.997454972095809));
#6125=FACE_SURFACE('',(#6130),#6126,.T.);
#6126=PLANE('',#6127);
#6127=AXIS2_PLACEMENT_3D('',#4441,#6128,#6129);
#6128=DIRECTION('',(-0.42261984029181476,-0.9063070509445024,0));
#6129=DIRECTION('',(0.06461898497860105,-0.030132464580315654,-0.997454972095809));
#6130=FACE_BOUND('',#6131,.T.);
#6131=EDGE_LOOP('',(#6132,#6133,#6134));
#6132=ORIENTED_EDGE('',*,*,#6135,.T.);
#6133=ORIENTED_EDGE('',*,*,#6136,.T.);
#6134=ORIENTED_EDGE('',*,*,#6137,.T.);
#6135=EDGE_CURVE('',#4442,#4444,#6138,.F.);
#6136=EDGE_CURVE('',#4444,#4446,#6139,.T.);
#6137=EDGE_CURVE('',#4446,#4442,#6140,.T.);
#6138=LINE('',#4441,#6141);
#6139=LINE('',#4443,#6142);
#6140=LINE('',#4445,#6143);
#6141=VECTOR('',#6144,1.0);
#6142=VECTOR('',#6145,1.0);
#6143=VECTOR('',#6146,1.0);
#6144=DIRECTION('',(0.06461898497860105,-0.030132464580315654,-0.997454972095809));
#6145=DIRECTION('',(0,0,1));
#6146=DIRECTION('',(-0.9063070509445025,0.42261984029181476,0));
#6147=FACE_SURFACE('',(#6152),#6148,.T.);
#6148=PLANE('',#6149);
#6149=AXIS2_PLACEMENT_3D('',#4445,#6150,#6151);
#6150=DIRECTION('',(-0.57357543119775,-0.8191527481039876,-0));
#6151=DIRECTION('',(0,0,-1));
#6152=FACE_BOUND('',#6153,.T.);
#6153=EDGE_LOOP('',(#6154,#6155,#6156));
#6154=ORIENTED_EDGE('',*,*,#6157,.T.);
#6155=ORIENTED_EDGE('',*,*,#6158,.T.);
#6156=ORIENTED_EDGE('',*,*,#6159,.T.);
#6157=EDGE_CURVE('',#4446,#4444,#6160,.F.);
#6158=EDGE_CURVE('',#4444,#4448,#6161,.T.);
#6159=EDGE_CURVE('',#4448,#4446,#6162,.T.);
#6160=LINE('',#4445,#6163);
#6161=LINE('',#4443,#6164);
#6162=LINE('',#4447,#6165);
#6163=VECTOR('',#6166,1.0);
#6164=VECTOR('',#6167,1.0);
#6165=VECTOR('',#6168,1.0);
#6166=DIRECTION('',(0,0,-1));
#6167=DIRECTION('',(0.8191527481039876,-0.5735754311977499,0));
#6168=DIRECTION('',(-0.05840488332396766,0.04089543276774359,0.9974549780228943));
#6169=FACE_SURFACE('',(#6174),#6170,.T.);
#6170=PLANE('',#6171);
#6171=AXIS2_PLACEMENT_3D('',#4445,#6172,#6173);
#6172=DIRECTION('',(-0.573575283036914,-0.8191528518470309,1.2928837164322961E-08));
#6173=DIRECTION('',(0.05840488332396766,-0.04089543276774359,-0.9974549780228943));
#6174=FACE_BOUND('',#6175,.T.);
#6175=EDGE_LOOP('',(#6176,#6177,#6178));
#6176=ORIENTED_EDGE('',*,*,#6179,.T.);
#6177=ORIENTED_EDGE('',*,*,#6180,.T.);
#6178=ORIENTED_EDGE('',*,*,#6181,.T.);
#6179=EDGE_CURVE('',#4446,#4448,#6182,.F.);
#6180=EDGE_CURVE('',#4448,#4450,#6183,.T.);
#6181=EDGE_CURVE('',#4450,#4446,#6184,.T.);
#6182=LINE('',#4445,#6185);
#6183=LINE('',#4447,#6186);
#6184=LINE('',#4449,#6187);
#6185=VECTOR('',#6188,1.0);
#6186=VECTOR('',#6189,1.0);
#6187=VECTOR('',#6190,1.0);
#6188=DIRECTION('',(0.05840488332396766,-0.04089543276774359,-0.9974549780228943));
#6189=DIRECTION('',(2.2540785051181874E-08,0,0.9999999999999998));
#6190=DIRECTION('',(-0.8191528518470309,0.573575283036914,0));
#6191=FACE_SURFACE('',(#6196),#6192,.T.);
#6192=PLANE('',#6193);
#6193=AXIS2_PLACEMENT_3D('',#4449,#6194,#6195);
#6194=DIRECTION('',(-0.7071068336263909,-0.7071067287467,1.5938743144994305E-08));
#6195=DIRECTION('',(-2.2540785051181874E-08,0,-0.9999999999999998));
#6196=FACE_BOUND('',#6197,.T.);
#6197=EDGE_LOOP('',(#6198,#6199,#6200));
#6198=ORIENTED_EDGE('',*,*,#6201,.T.);
#6199=ORIENTED_EDGE('',*,*,#6202,.T.);
#6200=ORIENTED_EDGE('',*,*,#6203,.T.);
#6201=EDGE_CURVE('',#4450,#4448,#6204,.F.);
#6202=EDGE_CURVE('',#4448,#4452,#6205,.T.);
#6203=EDGE_CURVE('',#4452,#4450,#6206,.T.);
#6204=LINE('',#4449,#6207);
#6205=LINE('',#4447,#6208);
#6206=LINE('',#4451,#6209);
#6207=VECTOR('',#6210,1.0);
#6208=VECTOR('',#6211,1.0);
#6209=VECTOR('',#6212,1.0);
#6210=DIRECTION('',(-2.2540785051181874E-08,0,-0.9999999999999998));
#6211=DIRECTION('',(0.7071067287467001,-0.707106833626391,0));
#6212=DIRECTION('',(-0.050416119950598595,0.0504161499118546,0.9974549747618647));
#6213=FACE_SURFACE('',(#6218),#6214,.T.);
#6214=PLANE('',#6215);
#6215=AXIS2_PLACEMENT_3D('',#4449,#6216,#6217);
#6216=DIRECTION('',(-0.7071069912959121,-0.7071065710771206,0));
#6217=DIRECTION('',(0.050416119950598595,-0.0504161499118546,-0.9974549747618647));
#6218=FACE_BOUND('',#6219,.T.);
#6219=EDGE_LOOP('',(#6220,#6221,#6222));
#6220=ORIENTED_EDGE('',*,*,#6223,.T.);
#6221=ORIENTED_EDGE('',*,*,#6224,.T.);
#6222=ORIENTED_EDGE('',*,*,#6225,.T.);
#6223=EDGE_CURVE('',#4450,#4452,#6226,.F.);
#6224=EDGE_CURVE('',#4452,#4454,#6227,.T.);
#6225=EDGE_CURVE('',#4454,#4450,#6228,.T.);
#6226=LINE('',#4449,#6229);
#6227=LINE('',#4451,#6230);
#6228=LINE('',#4453,#6231);
#6229=VECTOR('',#6232,1.0);
#6230=VECTOR('',#6233,1.0);
#6231=VECTOR('',#6234,1.0);
#6232=DIRECTION('',(0.050416119950598595,-0.0504161499118546,-0.9974549747618647));
#6233=DIRECTION('',(0,0,1));
#6234=DIRECTION('',(-0.7071065710771205,0.707106991295912,0));
#6235=FACE_SURFACE('',(#6240),#6236,.T.);
#6236=PLANE('',#6237);
#6237=AXIS2_PLACEMENT_3D('',#4453,#6238,#6239);
#6238=DIRECTION('',(-0.8191521552136191,-0.5735762779342284,-0));
#6239=DIRECTION('',(0,0,-1));
#6240=FACE_BOUND('',#6241,.T.);
#6241=EDGE_LOOP('',(#6242,#6243,#6244));
#6242=ORIENTED_EDGE('',*,*,#6245,.T.);
#6243=ORIENTED_EDGE('',*,*,#6246,.T.);
#6244=ORIENTED_EDGE('',*,*,#6247,.T.);
#6245=EDGE_CURVE('',#4454,#4452,#6248,.F.);
#6246=EDGE_CURVE('',#4452,#4456,#6249,.T.);
#6247=EDGE_CURVE('',#4456,#4454,#6250,.T.);
#6248=LINE('',#4453,#6251);
#6249=LINE('',#4451,#6252);
#6250=LINE('',#4455,#6253);
#6251=VECTOR('',#6254,1.0);
#6252=VECTOR('',#6255,1.0);
#6253=VECTOR('',#6256,1.0);
#6254=DIRECTION('',(0,0,-1));
#6255=DIRECTION('',(0.5735762779342284,-0.819152155213619,0));
#6256=DIRECTION('',(-0.04089549416548046,0.05840484251690179,0.9974549778950111));
#6257=FACE_SURFACE('',(#6262),#6258,.T.);
#6258=PLANE('',#6259);
#6259=AXIS2_PLACEMENT_3D('',#4453,#6260,#6261);
#6260=DIRECTION('',(-0.8191520070526456,-0.5735764895300556,1.8464329315608928E-08));
#6261=DIRECTION('',(0.04089549416548046,-0.05840484251690179,-0.9974549778950111));
#6262=FACE_BOUND('',#6263,.T.);
#6263=EDGE_LOOP('',(#6264,#6265,#6266));
#6264=ORIENTED_EDGE('',*,*,#6267,.T.);
#6265=ORIENTED_EDGE('',*,*,#6268,.T.);
#6266=ORIENTED_EDGE('',*,*,#6269,.T.);
#6267=EDGE_CURVE('',#4454,#4456,#6270,.F.);
#6268=EDGE_CURVE('',#4456,#4458,#6271,.T.);
#6269=EDGE_CURVE('',#4458,#4454,#6272,.T.);
#6270=LINE('',#4453,#6273);
#6271=LINE('',#4455,#6274);
#6272=LINE('',#4457,#6275);
#6273=VECTOR('',#6276,1.0);
#6274=VECTOR('',#6277,1.0);
#6275=VECTOR('',#6278,1.0);
#6276=DIRECTION('',(0.04089549416548046,-0.05840484251690179,-0.9974549778950111));
#6277=DIRECTION('',(2.2540785051181874E-08,0,0.9999999999999998));
#6278=DIRECTION('',(-0.5735764895300557,0.8191520070526458,0));
#6279=FACE_SURFACE('',(#6284),#6280,.T.);
#6280=PLANE('',#6281);
#6281=AXIS2_PLACEMENT_3D('',#4455,#6282,#6283);
#6282=DIRECTION('',(-0.9063078678518877,-0.4226180884318195,0));
#6283=DIRECTION('',(0.4226180884318195,-0.9063078678518877,0));
#6284=FACE_BOUND('',#6285,.T.);
#6285=EDGE_LOOP('',(#6286,#6287,#6288));
#6286=ORIENTED_EDGE('',*,*,#6289,.T.);
#6287=ORIENTED_EDGE('',*,*,#6290,.T.);
#6288=ORIENTED_EDGE('',*,*,#6291,.T.);
#6289=EDGE_CURVE('',#4456,#4460,#6292,.F.);
#6290=EDGE_CURVE('',#4460,#4462,#6293,.T.);
#6291=EDGE_CURVE('',#4462,#4456,#6294,.T.);
#6292=LINE('',#4455,#6295);
#6293=LINE('',#4459,#6296);
#6294=LINE('',#4461,#6297);
#6295=VECTOR('',#6298,1.0);
#6296=VECTOR('',#6299,1.0);
#6297=VECTOR('',#6300,1.0);
#6298=DIRECTION('',(0.4226180884318195,-0.9063078678518877,0));
#6299=DIRECTION('',(0,0,1));
#6300=DIRECTION('',(-0.03013232202711635,0.06461900537943502,-0.9974549750805931));
#6301=FACE_SURFACE('',(#6306),#6302,.T.);
#6302=PLANE('',#6303);
#6303=AXIS2_PLACEMENT_3D('',#4455,#6304,#6305);
#6304=DIRECTION('',(-0.9063079886337093,-0.42261782941414083,2.042889356196143E-08));
#6305=DIRECTION('',(0.03013232202711635,-0.06461900537943502,0.9974549750805931));
#6306=FACE_BOUND('',#6307,.T.);
#6307=EDGE_LOOP('',(#6308,#6309,#6310));
#6308=ORIENTED_EDGE('',*,*,#6311,.T.);
#6309=ORIENTED_EDGE('',*,*,#6312,.T.);
#6310=ORIENTED_EDGE('',*,*,#6313,.T.);
#6311=EDGE_CURVE('',#4456,#4462,#6314,.F.);
#6312=EDGE_CURVE('',#4462,#4458,#6315,.T.);
#6313=EDGE_CURVE('',#4458,#4456,#6316,.T.);
#6314=LINE('',#4455,#6317);
#6315=LINE('',#4461,#6318);
#6316=LINE('',#4457,#6319);
#6317=VECTOR('',#6320,1.0);
#6318=VECTOR('',#6321,1.0);
#6319=VECTOR('',#6322,1.0);
#6320=DIRECTION('',(0.03013232202711635,-0.06461900537943502,0.9974549750805931));
#6321=DIRECTION('',(-0.4226178294141409,0.9063079886337094,0));
#6322=DIRECTION('',(-2.2540785051181874E-08,0,-0.9999999999999998));
#6323=FACE_SURFACE('',(#6328),#6324,.T.);
#6324=PLANE('',#6325);
#6325=AXIS2_PLACEMENT_3D('',#4459,#6326,#6327);
#6326=DIRECTION('',(-0.965925893411898,-0.2588187945965755,4.354545587939007E-08));
#6327=DIRECTION('',(0.2588187945965758,-0.9659258934118992,0));
#6328=FACE_BOUND('',#6329,.T.);
#6329=EDGE_LOOP('',(#6330,#6331,#6332));
#6330=ORIENTED_EDGE('',*,*,#6333,.T.);
#6331=ORIENTED_EDGE('',*,*,#6334,.T.);
#6332=ORIENTED_EDGE('',*,*,#6335,.T.);
#6333=EDGE_CURVE('',#4460,#4464,#6336,.F.);
#6334=EDGE_CURVE('',#4464,#4466,#6337,.T.);
#6335=EDGE_CURVE('',#4466,#4460,#6338,.T.);
#6336=LINE('',#4459,#6339);
#6337=LINE('',#4463,#6340);
#6338=LINE('',#4465,#6341);
#6339=VECTOR('',#6342,1.0);
#6340=VECTOR('',#6343,1.0);
#6341=VECTOR('',#6344,1.0);
#6342=DIRECTION('',(0.2588187945965758,-0.9659258934118992,0));
#6343=DIRECTION('',(4.5081570102363715E-08,0,0.9999999999999989));
#6344=DIRECTION('',(-0.01845358039514073,0.06886960324104874,-0.997454983004256));
#6345=FACE_SURFACE('',(#6350),#6346,.T.);
#6346=PLANE('',#6347);
#6347=AXIS2_PLACEMENT_3D('',#4459,#6348,#6349);
#6348=DIRECTION('',(-0.9659257357420667,-0.2588193830282948,0));
#6349=DIRECTION('',(0.01845358039514073,-0.06886960324104874,0.997454983004256));
#6350=FACE_BOUND('',#6351,.T.);
#6351=EDGE_LOOP('',(#6352,#6353,#6354));
#6352=ORIENTED_EDGE('',*,*,#6355,.T.);
#6353=ORIENTED_EDGE('',*,*,#6356,.T.);
#6354=ORIENTED_EDGE('',*,*,#6357,.T.);
#6355=EDGE_CURVE('',#4460,#4466,#6358,.F.);
#6356=EDGE_CURVE('',#4466,#4462,#6359,.T.);
#6357=EDGE_CURVE('',#4462,#4460,#6360,.T.);
#6358=LINE('',#4459,#6361);
#6359=LINE('',#4465,#6362);
#6360=LINE('',#4461,#6363);
#6361=VECTOR('',#6364,1.0);
#6362=VECTOR('',#6365,1.0);
#6363=VECTOR('',#6366,1.0);
#6364=DIRECTION('',(0.01845358039514073,-0.06886960324104874,0.997454983004256));
#6365=DIRECTION('',(-0.2588193830282948,0.9659257357420667,0));
#6366=DIRECTION('',(0,0,-1));
#6367=FACE_SURFACE('',(#6372),#6368,.T.);
#6368=PLANE('',#6369);
#6369=AXIS2_PLACEMENT_3D('',#4463,#6370,#6371);
#6370=DIRECTION('',(-0.9961946867263509,-0.0871558726546168,0));
#6371=DIRECTION('',(0.08715587265461677,-0.9961946867263507,0));
#6372=FACE_BOUND('',#6373,.T.);
#6373=EDGE_LOOP('',(#6374,#6375,#6376));
#6374=ORIENTED_EDGE('',*,*,#6377,.T.);
#6375=ORIENTED_EDGE('',*,*,#6378,.T.);
#6376=ORIENTED_EDGE('',*,*,#6379,.T.);
#6377=EDGE_CURVE('',#4464,#4468,#6380,.F.);
#6378=EDGE_CURVE('',#4468,#4470,#6381,.T.);
#6379=EDGE_CURVE('',#4470,#4464,#6382,.T.);
#6380=LINE('',#4463,#6383);
#6381=LINE('',#4467,#6384);
#6382=LINE('',#4469,#6385);
#6383=VECTOR('',#6386,1.0);
#6384=VECTOR('',#6387,1.0);
#6385=VECTOR('',#6388,1.0);
#6386=DIRECTION('',(0.08715587265461677,-0.9961946867263507,0));
#6387=DIRECTION('',(0,0,1));
#6388=DIRECTION('',(-0.006214146961863847,0.07102791811261314,-0.997454971026825));
#6389=FACE_SURFACE('',(#6394),#6390,.T.);
#6390=PLANE('',#6391);
#6391=AXIS2_PLACEMENT_3D('',#4463,#6392,#6393);
#6392=DIRECTION('',(-0.996194741484253,-0.08715524676759527,4.49100230738285E-08));
#6393=DIRECTION('',(0.006214146961863847,-0.07102791811261314,0.997454971026825));
#6394=FACE_BOUND('',#6395,.T.);
#6395=EDGE_LOOP('',(#6396,#6397,#6398));
#6396=ORIENTED_EDGE('',*,*,#6399,.T.);
#6397=ORIENTED_EDGE('',*,*,#6400,.T.);
#6398=ORIENTED_EDGE('',*,*,#6401,.T.);
#6399=EDGE_CURVE('',#4464,#4470,#6402,.F.);
#6400=EDGE_CURVE('',#4470,#4466,#6403,.T.);
#6401=EDGE_CURVE('',#4466,#4464,#6404,.T.);
#6402=LINE('',#4463,#6405);
#6403=LINE('',#4469,#6406);
#6404=LINE('',#4465,#6407);
#6405=VECTOR('',#6408,1.0);
#6406=VECTOR('',#6409,1.0);
#6407=VECTOR('',#6410,1.0);
#6408=DIRECTION('',(0.006214146961863847,-0.07102791811261314,0.997454971026825));
#6409=DIRECTION('',(-0.08715524676759534,0.9961947414842539,0));
#6410=DIRECTION('',(-4.5081570102363715E-08,0,-0.9999999999999989));
#6411=FACE_SURFACE('',(#6416),#6412,.T.);
#6412=PLANE('',#6413);
#6413=AXIS2_PLACEMENT_3D('',#4467,#6414,#6415);
#6414=DIRECTION('',(-0.9961946864455711,0.08715587586393296,3.0171975929513584E-08));
#6415=DIRECTION('',(-0.087155875863933,-0.9961946864455716,0));
#6416=FACE_BOUND('',#6417,.T.);
#6417=EDGE_LOOP('',(#6418,#6419,#6420));
#6418=ORIENTED_EDGE('',*,*,#6421,.T.);
#6419=ORIENTED_EDGE('',*,*,#6422,.T.);
#6420=ORIENTED_EDGE('',*,*,#6423,.T.);
#6421=EDGE_CURVE('',#4468,#4472,#6424,.F.);
#6422=EDGE_CURVE('',#4472,#4474,#6425,.T.);
#6423=EDGE_CURVE('',#4474,#4468,#6426,.T.);
#6424=LINE('',#4467,#6427);
#6425=LINE('',#4471,#6428);
#6426=LINE('',#4473,#6429);
#6427=VECTOR('',#6430,1.0);
#6428=VECTOR('',#6431,1.0);
#6429=VECTOR('',#6432,1.0);
#6430=DIRECTION('',(-0.087155875863933,-0.9961946864455716,0));
#6431=DIRECTION('',(4.508157010236307E-08,1.690998399897479E-07,0.9999999999999847));
#6432=DIRECTION('',(0.00621410207237363,0.07102774769174838,-0.9974549834419955));
#6433=FACE_SURFACE('',(#6438),#6434,.T.);
#6434=PLANE('',#6435);
#6435=AXIS2_PLACEMENT_3D('',#4467,#6436,#6437);
#6436=DIRECTION('',(-0.9961947232338001,0.08715545537218274,0));
#6437=DIRECTION('',(-0.00621410207237363,-0.07102774769174838,0.9974549834419955));
#6438=FACE_BOUND('',#6439,.T.);
#6439=EDGE_LOOP('',(#6440,#6441,#6442));
#6440=ORIENTED_EDGE('',*,*,#6443,.T.);
#6441=ORIENTED_EDGE('',*,*,#6444,.T.);
#6442=ORIENTED_EDGE('',*,*,#6445,.T.);
#6443=EDGE_CURVE('',#4468,#4474,#6446,.F.);
#6444=EDGE_CURVE('',#4474,#4470,#6447,.T.);
#6445=EDGE_CURVE('',#4470,#4468,#6448,.T.);
#6446=LINE('',#4467,#6449);
#6447=LINE('',#4473,#6450);
#6448=LINE('',#4469,#6451);
#6449=VECTOR('',#6452,1.0);
#6450=VECTOR('',#6453,1.0);
#6451=VECTOR('',#6454,1.0);
#6452=DIRECTION('',(-0.00621410207237363,-0.07102774769174838,0.9974549834419955));
#6453=DIRECTION('',(0.08715545537218271,0.9961947232337999,0));
#6454=DIRECTION('',(0,0,-1));
#6455=FACE_SURFACE('',(#6460),#6456,.T.);
#6456=PLANE('',#6457);
#6457=AXIS2_PLACEMENT_3D('',#4471,#6458,#6459);
#6458=DIRECTION('',(-0.9659259057922871,0.25881874839228647,0));
#6459=DIRECTION('',(-0.25881874839228647,-0.9659259057922871,0));
#6460=FACE_BOUND('',#6461,.T.);
#6461=EDGE_LOOP('',(#6462,#6463,#6464));
#6462=ORIENTED_EDGE('',*,*,#6465,.T.);
#6463=ORIENTED_EDGE('',*,*,#6466,.T.);
#6464=ORIENTED_EDGE('',*,*,#6467,.T.);
#6465=EDGE_CURVE('',#4472,#4476,#6468,.F.);
#6466=EDGE_CURVE('',#4476,#4478,#6469,.T.);
#6467=EDGE_CURVE('',#4478,#4472,#6470,.T.);
#6468=LINE('',#4471,#6471);
#6469=LINE('',#4475,#6472);
#6470=LINE('',#4477,#6473);
#6471=VECTOR('',#6474,1.0);
#6472=VECTOR('',#6475,1.0);
#6473=VECTOR('',#6476,1.0);
#6474=DIRECTION('',(-0.25881874839228647,-0.9659259057922871,0));
#6475=DIRECTION('',(0,0,1));
#6476=DIRECTION('',(0.018453535426869828,0.0688696164129991,-0.9974549829267363));
#6477=FACE_SURFACE('',(#6482),#6478,.T.);
#6478=PLANE('',#6479);
#6479=AXIS2_PLACEMENT_3D('',#4471,#6480,#6481);
#6480=DIRECTION('',(-0.9659259065915871,0.2588187454092549,-2.2075196335508366E-10));
#6481=DIRECTION('',(-0.018453535426869828,-0.0688696164129991,0.9974549829267363));
#6482=FACE_BOUND('',#6483,.T.);
#6483=EDGE_LOOP('',(#6484,#6485,#6486));
#6484=ORIENTED_EDGE('',*,*,#6487,.T.);
#6485=ORIENTED_EDGE('',*,*,#6488,.T.);
#6486=ORIENTED_EDGE('',*,*,#6489,.T.);
#6487=EDGE_CURVE('',#4472,#4478,#6490,.F.);
#6488=EDGE_CURVE('',#4478,#4474,#6491,.T.);
#6489=EDGE_CURVE('',#4474,#4472,#6492,.T.);
#6490=LINE('',#4471,#6493);
#6491=LINE('',#4477,#6494);
#6492=LINE('',#4473,#6495);
#6493=VECTOR('',#6496,1.0);
#6494=VECTOR('',#6497,1.0);
#6495=VECTOR('',#6498,1.0);
#6496=DIRECTION('',(-0.018453535426869828,-0.0688696164129991,0.9974549829267363));
#6497=DIRECTION('',(0.258818745409255,0.9659259065915871,0));
#6498=DIRECTION('',(-4.508157010236307E-08,-1.690998399897479E-07,-0.9999999999999847));
#6499=FACE_SURFACE('',(#6504),#6500,.T.);
#6500=PLANE('',#6501);
#6501=AXIS2_PLACEMENT_3D('',#4475,#6502,#6503);
#6502=DIRECTION('',(-0.9063079094110894,0.42261799930776756,2.0428891776346928E-08));
#6503=DIRECTION('',(-0.4226179993077677,-0.9063079094110896,0));
#6504=FACE_BOUND('',#6505,.T.);
#6505=EDGE_LOOP('',(#6506,#6507,#6508));
#6506=ORIENTED_EDGE('',*,*,#6509,.T.);
#6507=ORIENTED_EDGE('',*,*,#6510,.T.);
#6508=ORIENTED_EDGE('',*,*,#6511,.T.);
#6509=EDGE_CURVE('',#4476,#4480,#6512,.F.);
#6510=EDGE_CURVE('',#4480,#4482,#6513,.T.);
#6511=EDGE_CURVE('',#4482,#4476,#6514,.T.);
#6512=LINE('',#4475,#6515);
#6513=LINE('',#4479,#6516);
#6514=LINE('',#4481,#6517);
#6515=VECTOR('',#6518,1.0);
#6516=VECTOR('',#6519,1.0);
#6517=VECTOR('',#6520,1.0);
#6518=DIRECTION('',(-0.4226179993077677,-0.9063079094110896,0));
#6519=DIRECTION('',(2.2540785051181874E-08,0,0.9999999999999998));
#6520=DIRECTION('',(0.030132277162686433,0.06461897397351984,-0.9974549784705075));
#6521=FACE_SURFACE('',(#6526),#6522,.T.);
#6522=PLANE('',#6523);
#6523=AXIS2_PLACEMENT_3D('',#4475,#6524,#6525);
#6524=DIRECTION('',(-0.906308030192956,0.4226177402899266,0));
#6525=DIRECTION('',(-0.030132277162686433,-0.06461897397351984,0.9974549784705075));
#6526=FACE_BOUND('',#6527,.T.);
#6527=EDGE_LOOP('',(#6528,#6529,#6530));
#6528=ORIENTED_EDGE('',*,*,#6531,.T.);
#6529=ORIENTED_EDGE('',*,*,#6532,.T.);
#6530=ORIENTED_EDGE('',*,*,#6533,.T.);
#6531=EDGE_CURVE('',#4476,#4482,#6534,.F.);
#6532=EDGE_CURVE('',#4482,#4478,#6535,.T.);
#6533=EDGE_CURVE('',#4478,#4476,#6536,.T.);
#6534=LINE('',#4475,#6537);
#6535=LINE('',#4481,#6538);
#6536=LINE('',#4477,#6539);
#6537=VECTOR('',#6540,1.0);
#6538=VECTOR('',#6541,1.0);
#6539=VECTOR('',#6542,1.0);
#6540=DIRECTION('',(-0.030132277162686433,-0.06461897397351984,0.9974549784705075));
#6541=DIRECTION('',(0.42261774028992666,0.9063080301929561,0));
#6542=DIRECTION('',(0,0,-1));
#6543=FACE_SURFACE('',(#6548),#6544,.T.);
#6544=PLANE('',#6545);
#6545=AXIS2_PLACEMENT_3D('',#4479,#6546,#6547);
#6546=DIRECTION('',(-0.8191522524982946,0.5735761389972293,3.6928669691955796E-08));
#6547=DIRECTION('',(-0.5735761389972296,-0.819152252498295,0));
#6548=FACE_BOUND('',#6549,.T.);
#6549=EDGE_LOOP('',(#6550,#6551,#6552));
#6550=ORIENTED_EDGE('',*,*,#6553,.T.);
#6551=ORIENTED_EDGE('',*,*,#6554,.T.);
#6552=ORIENTED_EDGE('',*,*,#6555,.T.);
#6553=EDGE_CURVE('',#4480,#4484,#6556,.F.);
#6554=EDGE_CURVE('',#4484,#4486,#6557,.T.);
#6555=EDGE_CURVE('',#4486,#4480,#6558,.T.);
#6556=LINE('',#4479,#6559);
#6557=LINE('',#4483,#6560);
#6558=LINE('',#4485,#6561);
#6559=VECTOR('',#6562,1.0);
#6560=VECTOR('',#6563,1.0);
#6561=VECTOR('',#6564,1.0);
#6562=DIRECTION('',(-0.5735761389972296,-0.819152252498295,0));
#6563=DIRECTION('',(4.5081570102363715E-08,0,0.9999999999999989));
#6564=DIRECTION('',(0.04089544922349,0.05840486363607034,-0.9974549785010153));
#6565=FACE_SURFACE('',(#6570),#6566,.T.);
#6566=PLANE('',#6567);
#6567=AXIS2_PLACEMENT_3D('',#4479,#6568,#6569);
#6568=DIRECTION('',(-0.8191524006592129,0.5735759274012883,1.8464338187418935E-08));
#6569=DIRECTION('',(-0.04089544922349,-0.05840486363607034,0.9974549785010153));
#6570=FACE_BOUND('',#6571,.T.);
#6571=EDGE_LOOP('',(#6572,#6573,#6574));
#6572=ORIENTED_EDGE('',*,*,#6575,.T.);
#6573=ORIENTED_EDGE('',*,*,#6576,.T.);
#6574=ORIENTED_EDGE('',*,*,#6577,.T.);
#6575=EDGE_CURVE('',#4480,#4486,#6578,.F.);
#6576=EDGE_CURVE('',#4486,#4482,#6579,.T.);
#6577=EDGE_CURVE('',#4482,#4480,#6580,.T.);
#6578=LINE('',#4479,#6581);
#6579=LINE('',#4485,#6582);
#6580=LINE('',#4481,#6583);
#6581=VECTOR('',#6584,1.0);
#6582=VECTOR('',#6585,1.0);
#6583=VECTOR('',#6586,1.0);
#6584=DIRECTION('',(-0.04089544922349,-0.05840486363607034,0.9974549785010153));
#6585=DIRECTION('',(0.5735759274012885,0.819152400659213,0));
#6586=DIRECTION('',(-2.2540785051181874E-08,0,-0.9999999999999998));
#6587=FACE_SURFACE('',(#6592),#6588,.T.);
#6588=PLANE('',#6589);
#6589=AXIS2_PLACEMENT_3D('',#4483,#6590,#6591);
#6590=DIRECTION('',(-0.7071066759569049,0.7071068864161738,3.187747918607009E-08));
#6591=DIRECTION('',(-0.7071068864161743,-0.7071066759569052,0));
#6592=FACE_BOUND('',#6593,.T.);
#6593=EDGE_LOOP('',(#6594,#6595,#6596));
#6594=ORIENTED_EDGE('',*,*,#6597,.T.);
#6595=ORIENTED_EDGE('',*,*,#6598,.T.);
#6596=ORIENTED_EDGE('',*,*,#6599,.T.);
#6597=EDGE_CURVE('',#4484,#4488,#6600,.F.);
#6598=EDGE_CURVE('',#4488,#4490,#6601,.T.);
#6599=EDGE_CURVE('',#4490,#4484,#6602,.T.);
#6600=LINE('',#4483,#6603);
#6601=LINE('',#4487,#6604);
#6602=LINE('',#4489,#6605);
#6603=VECTOR('',#6606,1.0);
#6604=VECTOR('',#6607,1.0);
#6605=VECTOR('',#6608,1.0);
#6606=DIRECTION('',(-0.7071068864161743,-0.7071066759569052,0));
#6607=DIRECTION('',(4.5081570102363715E-08,0,0.9999999999999989));
#6608=DIRECTION('',(0.050416119950598595,0.0504161499118546,-0.9974549747618647));
#6609=FACE_SURFACE('',(#6614),#6610,.T.);
#6610=PLANE('',#6611);
#6611=AXIS2_PLACEMENT_3D('',#4483,#6612,#6613);
#6612=DIRECTION('',(-0.7071066759569049,0.7071068864161738,3.187747918200062E-08));
#6613=DIRECTION('',(-0.050416119950598595,-0.0504161499118546,0.9974549747618647));
#6614=FACE_BOUND('',#6615,.T.);
#6615=EDGE_LOOP('',(#6616,#6617,#6618));
#6616=ORIENTED_EDGE('',*,*,#6619,.T.);
#6617=ORIENTED_EDGE('',*,*,#6620,.T.);
#6618=ORIENTED_EDGE('',*,*,#6621,.T.);
#6619=EDGE_CURVE('',#4484,#4490,#6622,.F.);
#6620=EDGE_CURVE('',#4490,#4486,#6623,.T.);
#6621=EDGE_CURVE('',#4486,#4484,#6624,.T.);
#6622=LINE('',#4483,#6625);
#6623=LINE('',#4489,#6626);
#6624=LINE('',#4485,#6627);
#6625=VECTOR('',#6628,1.0);
#6626=VECTOR('',#6629,1.0);
#6627=VECTOR('',#6630,1.0);
#6628=DIRECTION('',(-0.050416119950598595,-0.0504161499118546,0.9974549747618647));
#6629=DIRECTION('',(0.7071068864161743,0.7071066759569052,0));
#6630=DIRECTION('',(-4.5081570102363715E-08,0,-0.9999999999999989));
#6631=FACE_SURFACE('',(#6636),#6632,.T.);
#6632=PLANE('',#6633);
#6633=AXIS2_PLACEMENT_3D('',#4487,#6634,#6635);
#6634=DIRECTION('',(-0.5735758280435639,0.8191524702301397,0));
#6635=DIRECTION('',(-0.8191524702301398,-0.5735758280435639,0));
#6636=FACE_BOUND('',#6637,.T.);
#6637=EDGE_LOOP('',(#6638,#6639,#6640));
#6638=ORIENTED_EDGE('',*,*,#6641,.T.);
#6639=ORIENTED_EDGE('',*,*,#6642,.T.);
#6640=ORIENTED_EDGE('',*,*,#6643,.T.);
#6641=EDGE_CURVE('',#4488,#4492,#6644,.F.);
#6642=EDGE_CURVE('',#4492,#4494,#6645,.T.);
#6643=EDGE_CURVE('',#4494,#4488,#6646,.T.);
#6644=LINE('',#4487,#6647);
#6645=LINE('',#4491,#6648);
#6646=LINE('',#4493,#6649);
#6647=VECTOR('',#6650,1.0);
#6648=VECTOR('',#6651,1.0);
#6649=VECTOR('',#6652,1.0);
#6650=DIRECTION('',(-0.8191524702301398,-0.5735758280435639,0));
#6651=DIRECTION('',(0,0,1));
#6652=DIRECTION('',(0.05840488322325115,0.04089547486459054,-0.9974549763028294));
#6653=FACE_SURFACE('',(#6658),#6654,.T.);
#6654=PLANE('',#6655);
#6655=AXIS2_PLACEMENT_3D('',#4487,#6656,#6657);
#6656=DIRECTION('',(-0.5735755317219455,0.8191526777163625,2.5857685542323457E-08));
#6657=DIRECTION('',(-0.05840488322325115,-0.04089547486459054,0.9974549763028294));
#6658=FACE_BOUND('',#6659,.T.);
#6659=EDGE_LOOP('',(#6660,#6661,#6662));
#6660=ORIENTED_EDGE('',*,*,#6663,.T.);
#6661=ORIENTED_EDGE('',*,*,#6664,.T.);
#6662=ORIENTED_EDGE('',*,*,#6665,.T.);
#6663=EDGE_CURVE('',#4488,#4494,#6666,.F.);
#6664=EDGE_CURVE('',#4494,#4490,#6667,.T.);
#6665=EDGE_CURVE('',#4490,#4488,#6668,.T.);
#6666=LINE('',#4487,#6669);
#6667=LINE('',#4493,#6670);
#6668=LINE('',#4489,#6671);
#6669=VECTOR('',#6672,1.0);
#6670=VECTOR('',#6673,1.0);
#6671=VECTOR('',#6674,1.0);
#6672=DIRECTION('',(-0.05840488322325115,-0.04089547486459054,0.9974549763028294));
#6673=DIRECTION('',(0.8191526777163627,0.5735755317219456,0));
#6674=DIRECTION('',(-4.5081570102363715E-08,0,-0.9999999999999989));
#6675=FACE_SURFACE('',(#6680),#6676,.T.);
#6676=PLANE('',#6677);
#6677=AXIS2_PLACEMENT_3D('',#4491,#6678,#6679);
#6678=DIRECTION('',(-0.4226194793470879,0.9063072192564707,4.409382469912761E-09));
#6679=DIRECTION('',(-0.9063072192564707,-0.4226194793470878,0));
#6680=FACE_BOUND('',#6681,.T.);
#6681=EDGE_LOOP('',(#6682,#6683,#6684));
#6682=ORIENTED_EDGE('',*,*,#6685,.T.);
#6683=ORIENTED_EDGE('',*,*,#6686,.T.);
#6684=ORIENTED_EDGE('',*,*,#6687,.T.);
#6685=EDGE_CURVE('',#4492,#4416,#6688,.F.);
#6686=EDGE_CURVE('',#4416,#4422,#6689,.T.);
#6687=EDGE_CURVE('',#4422,#4492,#6690,.T.);
#6688=LINE('',#4491,#6691);
#6689=LINE('',#4415,#6692);
#6690=LINE('',#4421,#6693);
#6691=VECTOR('',#6694,1.0);
#6692=VECTOR('',#6695,1.0);
#6693=VECTOR('',#6696,1.0);
#6694=DIRECTION('',(-0.9063072192564707,-0.4226194793470878,0));
#6695=DIRECTION('',(0.04391526041031942,0.020478089208010506,0.9988253589919925));
#6696=DIRECTION('',(0.0010989526264846086,0.0005124566883537514,-0.9999992648453634));
#6697=FACE_SURFACE('',(#6702),#6698,.T.);
#6698=PLANE('',#6699);
#6699=AXIS2_PLACEMENT_3D('',#4491,#6700,#6701);
#6700=DIRECTION('',(-0.4226227750515102,0.9063056824315738,0));
#6701=DIRECTION('',(-0.0010989526264846086,-0.0005124566883537514,0.9999992648453634));
#6702=FACE_BOUND('',#6703,.T.);
#6703=EDGE_LOOP('',(#6704,#6705,#6706));
#6704=ORIENTED_EDGE('',*,*,#6707,.T.);
#6705=ORIENTED_EDGE('',*,*,#6708,.T.);
#6706=ORIENTED_EDGE('',*,*,#6709,.T.);
#6707=EDGE_CURVE('',#4492,#4422,#6710,.F.);
#6708=EDGE_CURVE('',#4422,#4494,#6711,.T.);
#6709=EDGE_CURVE('',#4494,#4492,#6712,.T.);
#6710=LINE('',#4491,#6713);
#6711=LINE('',#4421,#6714);
#6712=LINE('',#4493,#6715);
#6713=VECTOR('',#6716,1.0);
#6714=VECTOR('',#6717,1.0);
#6715=VECTOR('',#6718,1.0);
#6716=DIRECTION('',(-0.0010989526264846086,-0.0005124566883537514,0.9999992648453634));
#6717=DIRECTION('',(0.9063056824315738,0.4226227750515102,0));
#6718=DIRECTION('',(0,0,-1));
#6719=FACE_SURFACE('',(#6724),#6720,.T.);
#6720=PLANE('',#6721);
#6721=AXIS2_PLACEMENT_3D('',#4353,#6722,#6723);
#6722=DIRECTION('',(-0.08715792610047741,-0.9961945070707144,-0));
#6723=DIRECTION('',(0,0,-1));
#6724=FACE_BOUND('',#6725,.T.);
#6725=EDGE_LOOP('',(#6726,#6727,#6728));
#6726=ORIENTED_EDGE('',*,*,#6729,.T.);
#6727=ORIENTED_EDGE('',*,*,#6730,.T.);
#6728=ORIENTED_EDGE('',*,*,#6731,.T.);
#6729=EDGE_CURVE('',#4354,#4352,#6732,.F.);
#6730=EDGE_CURVE('',#4352,#4496,#6733,.T.);
#6731=EDGE_CURVE('',#4496,#4354,#6734,.T.);
#6732=LINE('',#4353,#6735);
#6733=LINE('',#4351,#6736);
#6734=LINE('',#4495,#6737);
#6735=VECTOR('',#6738,1.0);
#6736=VECTOR('',#6739,1.0);
#6737=VECTOR('',#6740,1.0);
#6738=DIRECTION('',(0,0,-1));
#6739=DIRECTION('',(0.9961945070707144,-0.08715792610047741,0));
#6740=DIRECTION('',(-0.071027861331363,0.00621428952383739,0.997454974181996));
#6741=FACE_SURFACE('',(#6746),#6742,.T.);
#6742=PLANE('',#6743);
#6743=AXIS2_PLACEMENT_3D('',#4353,#6744,#6745);
#6744=DIRECTION('',(-0.08715792610047741,-0.9961945070707144,0));
#6745=DIRECTION('',(0.071027861331363,-0.00621428952383739,-0.997454974181996));
#6746=FACE_BOUND('',#6747,.T.);
#6747=EDGE_LOOP('',(#6748,#6749,#6750));
#6748=ORIENTED_EDGE('',*,*,#6751,.T.);
#6749=ORIENTED_EDGE('',*,*,#6752,.T.);
#6750=ORIENTED_EDGE('',*,*,#6753,.T.);
#6751=EDGE_CURVE('',#4354,#4496,#6754,.F.);
#6752=EDGE_CURVE('',#4496,#4498,#6755,.T.);
#6753=EDGE_CURVE('',#4498,#4354,#6756,.T.);
#6754=LINE('',#4353,#6757);
#6755=LINE('',#4495,#6758);
#6756=LINE('',#4497,#6759);
#6757=VECTOR('',#6760,1.0);
#6758=VECTOR('',#6761,1.0);
#6759=VECTOR('',#6762,1.0);
#6760=DIRECTION('',(0.071027861331363,-0.00621428952383739,-0.997454974181996));
#6761=DIRECTION('',(0,0,1));
#6762=DIRECTION('',(-0.9961945070707144,0.08715792610047741,0));
#6763=FACE_SURFACE('',(#6768),#6764,.T.);
#6764=PLANE('',#6765);
#6765=AXIS2_PLACEMENT_3D('',#4497,#6766,#6767);
#6766=DIRECTION('',(-0.25881861448083243,-0.9659259416736989,-0));
#6767=DIRECTION('',(0,0,-1));
#6768=FACE_BOUND('',#6769,.T.);
#6769=EDGE_LOOP('',(#6770,#6771,#6772));
#6770=ORIENTED_EDGE('',*,*,#6773,.T.);
#6771=ORIENTED_EDGE('',*,*,#6774,.T.);
#6772=ORIENTED_EDGE('',*,*,#6775,.T.);
#6773=EDGE_CURVE('',#4498,#4496,#6776,.F.);
#6774=EDGE_CURVE('',#4496,#4438,#6777,.T.);
#6775=EDGE_CURVE('',#4438,#4498,#6778,.T.);
#6776=LINE('',#4497,#6779);
#6777=LINE('',#4495,#6780);
#6778=LINE('',#4437,#6781);
#6779=VECTOR('',#6782,1.0);
#6780=VECTOR('',#6783,1.0);
#6781=VECTOR('',#6784,1.0);
#6782=DIRECTION('',(0,0,-1));
#6783=DIRECTION('',(0.9659259416736989,-0.25881861448083243,0));
#6784=DIRECTION('',(-0.04792145016225642,0.012840490973268979,0.9987685699930249));
#6785=FACE_SURFACE('',(#6790),#6786,.T.);
#6786=PLANE('',#6787);
#6787=AXIS2_PLACEMENT_3D('',#4497,#6788,#6789);
#6788=DIRECTION('',(-0.25882554215840636,-0.9659240853847056,-3.562587253470955E-07));
#6789=DIRECTION('',(0.04792145016225642,-0.012840490973268979,-0.9987685699930249));
#6790=FACE_BOUND('',#6791,.T.);
#6791=EDGE_LOOP('',(#6792,#6793,#6794));
#6792=ORIENTED_EDGE('',*,*,#6795,.T.);
#6793=ORIENTED_EDGE('',*,*,#6796,.T.);
#6794=ORIENTED_EDGE('',*,*,#6797,.T.);
#6795=EDGE_CURVE('',#4498,#4438,#6798,.F.);
#6796=EDGE_CURVE('',#4438,#4436,#6799,.T.);
#6797=EDGE_CURVE('',#4436,#4498,#6800,.T.);
#6798=LINE('',#4497,#6801);
#6799=LINE('',#4437,#6802);
#6800=LINE('',#4435,#6803);
#6801=VECTOR('',#6804,1.0);
#6802=VECTOR('',#6805,1.0);
#6803=VECTOR('',#6806,1.0);
#6804=DIRECTION('',(0.04792145016225642,-0.012840490973268979,-0.9987685699930249));
#6805=DIRECTION('',(-0.046804076905719666,0.012541083635234592,0.9988253599134622));
#6806=DIRECTION('',(-0.965924085384767,0.2588255421584228,0));
#6807=FACE_SURFACE('',(#6812),#6808,.T.);
#6808=PLANE('',#6809);
#6809=AXIS2_PLACEMENT_3D('',#4499,#6810,#6811);
#6810=DIRECTION('',(0,0,1));
#6811=DIRECTION('',(0.09426588583687874,-0.9955470570331613,0));
#6812=FACE_BOUND('',#6813,.T.);
#6813=EDGE_LOOP('',(#6814,#6815,#6816));
#6814=ORIENTED_EDGE('',*,*,#6817,.T.);
#6815=ORIENTED_EDGE('',*,*,#6818,.T.);
#6816=ORIENTED_EDGE('',*,*,#6819,.T.);
#6817=EDGE_CURVE('',#4500,#4502,#6820,.F.);
#6818=EDGE_CURVE('',#4502,#4504,#6821,.T.);
#6819=EDGE_CURVE('',#4504,#4500,#6822,.T.);
#6820=LINE('',#4499,#6823);
#6821=LINE('',#4501,#6824);
#6822=LINE('',#4503,#6825);
#6823=VECTOR('',#6826,1.0);
#6824=VECTOR('',#6827,1.0);
#6825=VECTOR('',#6828,1.0);
#6826=DIRECTION('',(0.09426588583687874,-0.9955470570331613,0));
#6827=DIRECTION('',(0.7071063918390174,0.7071071705338634,0));
#6828=DIRECTION('',(-0.6141135609187464,0.789217672315881,0));
#6829=FACE_SURFACE('',(#6834),#6830,.T.);
#6830=PLANE('',#6831);
#6831=AXIS2_PLACEMENT_3D('',#4501,#6832,#6833);
#6832=DIRECTION('',(-0,0,1));
#6833=DIRECTION('',(0.9955471924735064,-0.0942644554332064,0));
#6834=FACE_BOUND('',#6835,.T.);
#6835=EDGE_LOOP('',(#6836,#6837,#6838));
#6836=ORIENTED_EDGE('',*,*,#6839,.T.);
#6837=ORIENTED_EDGE('',*,*,#6840,.T.);
#6838=ORIENTED_EDGE('',*,*,#6841,.T.);
#6839=EDGE_CURVE('',#4502,#4506,#6842,.F.);
#6840=EDGE_CURVE('',#4506,#4504,#6843,.T.);
#6841=EDGE_CURVE('',#4504,#4502,#6844,.T.);
#6842=LINE('',#4501,#6845);
#6843=LINE('',#4505,#6846);
#6844=LINE('',#4503,#6847);
#6845=VECTOR('',#6848,1.0);
#6846=VECTOR('',#6849,1.0);
#6847=VECTOR('',#6850,1.0);
#6848=DIRECTION('',(0.9955471924735064,-0.0942644554332064,0));
#6849=DIRECTION('',(-0.7892181048167342,0.6141130050971747,0));
#6850=DIRECTION('',(-0.7071063918390174,-0.7071071705338634,0));
#6851=FACE_SURFACE('',(#6856),#6852,.T.);
#6852=PLANE('',#6853);
#6853=AXIS2_PLACEMENT_3D('',#4507,#6854,#6855);
#6854=DIRECTION('',(0,0,1));
#6855=DIRECTION('',(0.9955472015457953,0.09426435961876352,0));
#6856=FACE_BOUND('',#6857,.T.);
#6857=EDGE_LOOP('',(#6858,#6859,#6860));
#6858=ORIENTED_EDGE('',*,*,#6861,.T.);
#6859=ORIENTED_EDGE('',*,*,#6862,.T.);
#6860=ORIENTED_EDGE('',*,*,#6863,.T.);
#6861=EDGE_CURVE('',#4508,#4510,#6864,.F.);
#6862=EDGE_CURVE('',#4510,#4512,#6865,.T.);
#6863=EDGE_CURVE('',#4512,#4508,#6866,.T.);
#6864=LINE('',#4507,#6867);
#6865=LINE('',#4509,#6868);
#6866=LINE('',#4511,#6869);
#6867=VECTOR('',#6870,1.0);
#6868=VECTOR('',#6871,1.0);
#6869=VECTOR('',#6872,1.0);
#6870=DIRECTION('',(0.9955472015457953,0.09426435961876352,0));
#6871=DIRECTION('',(-0.7071063918390174,0.7071071705338634,0));
#6872=DIRECTION('',(-0.7892186006390348,-0.6141123678980611,0));
#6873=FACE_SURFACE('',(#6878),#6874,.T.);
#6874=PLANE('',#6875);
#6875=AXIS2_PLACEMENT_3D('',#4509,#6876,#6877);
#6876=DIRECTION('',(0,-0,1));
#6877=DIRECTION('',(0.09426487392015502,0.9955471528485315,0));
#6878=FACE_BOUND('',#6879,.T.);
#6879=EDGE_LOOP('',(#6880,#6881,#6882));
#6880=ORIENTED_EDGE('',*,*,#6883,.T.);
#6881=ORIENTED_EDGE('',*,*,#6884,.T.);
#6882=ORIENTED_EDGE('',*,*,#6885,.T.);
#6883=EDGE_CURVE('',#4510,#4514,#6886,.F.);
#6884=EDGE_CURVE('',#4514,#4512,#6887,.T.);
#6885=EDGE_CURVE('',#4512,#4510,#6888,.T.);
#6886=LINE('',#4509,#6889);
#6887=LINE('',#4513,#6890);
#6888=LINE('',#4511,#6891);
#6889=VECTOR('',#6892,1.0);
#6890=VECTOR('',#6893,1.0);
#6891=VECTOR('',#6894,1.0);
#6892=DIRECTION('',(0.09426487392015502,0.9955471528485315,0));
#6893=DIRECTION('',(-0.6141127420323591,-0.7892183095148625,0));
#6894=DIRECTION('',(0.7071063918390174,-0.7071071705338634,0));
#6895=FACE_SURFACE('',(#6900),#6896,.T.);
#6896=PLANE('',#6897);
#6897=AXIS2_PLACEMENT_3D('',#4515,#6898,#6899);
#6898=DIRECTION('',(0,0,1));
#6899=DIRECTION('',(-0.9955471924735064,-0.0942644554332064,0));
#6900=FACE_BOUND('',#6901,.T.);
#6901=EDGE_LOOP('',(#6902,#6903,#6904));
#6902=ORIENTED_EDGE('',*,*,#6905,.T.);
#6903=ORIENTED_EDGE('',*,*,#6906,.T.);
#6904=ORIENTED_EDGE('',*,*,#6907,.T.);
#6905=EDGE_CURVE('',#4516,#4518,#6908,.F.);
#6906=EDGE_CURVE('',#4518,#4520,#6909,.T.);
#6907=EDGE_CURVE('',#4520,#4516,#6910,.T.);
#6908=LINE('',#4515,#6911);
#6909=LINE('',#4517,#6912);
#6910=LINE('',#4519,#6913);
#6911=VECTOR('',#6914,1.0);
#6912=VECTOR('',#6915,1.0);
#6913=VECTOR('',#6916,1.0);
#6914=DIRECTION('',(-0.9955471924735064,-0.0942644554332064,0));
#6915=DIRECTION('',(0.7071063918390174,-0.7071071705338634,0));
#6916=DIRECTION('',(0.7892181048167342,0.6141130050971747,0));
#6917=FACE_SURFACE('',(#6922),#6918,.T.);
#6918=PLANE('',#6919);
#6919=AXIS2_PLACEMENT_3D('',#4517,#6920,#6921);
#6920=DIRECTION('',(0,0,1));
#6921=DIRECTION('',(-0.09426588583687874,-0.9955470570331613,0));
#6922=FACE_BOUND('',#6923,.T.);
#6923=EDGE_LOOP('',(#6924,#6925,#6926));
#6924=ORIENTED_EDGE('',*,*,#6927,.T.);
#6925=ORIENTED_EDGE('',*,*,#6928,.T.);
#6926=ORIENTED_EDGE('',*,*,#6929,.T.);
#6927=EDGE_CURVE('',#4518,#4522,#6930,.F.);
#6928=EDGE_CURVE('',#4522,#4520,#6931,.T.);
#6929=EDGE_CURVE('',#4520,#4518,#6932,.T.);
#6930=LINE('',#4517,#6933);
#6931=LINE('',#4521,#6934);
#6932=LINE('',#4519,#6935);
#6933=VECTOR('',#6936,1.0);
#6934=VECTOR('',#6937,1.0);
#6935=VECTOR('',#6938,1.0);
#6936=DIRECTION('',(-0.09426588583687874,-0.9955470570331613,0));
#6937=DIRECTION('',(0.6141135609187464,0.789217672315881,0));
#6938=DIRECTION('',(-0.7071063918390174,0.7071071705338634,0));
#6939=FACE_SURFACE('',(#6944),#6940,.T.);
#6940=PLANE('',#6941);
#6941=AXIS2_PLACEMENT_3D('',#4523,#6942,#6943);
#6942=DIRECTION('',(0,0,1));
#6943=DIRECTION('',(-0.9955472015457953,0.09426435961876352,0));
#6944=FACE_BOUND('',#6945,.T.);
#6945=EDGE_LOOP('',(#6946,#6947,#6948));
#6946=ORIENTED_EDGE('',*,*,#6949,.T.);
#6947=ORIENTED_EDGE('',*,*,#6950,.T.);
#6948=ORIENTED_EDGE('',*,*,#6951,.T.);
#6949=EDGE_CURVE('',#4524,#4526,#6952,.F.);
#6950=EDGE_CURVE('',#4526,#4528,#6953,.T.);
#6951=EDGE_CURVE('',#4528,#4524,#6954,.T.);
#6952=LINE('',#4523,#6955);
#6953=LINE('',#4525,#6956);
#6954=LINE('',#4527,#6957);
#6955=VECTOR('',#6958,1.0);
#6956=VECTOR('',#6959,1.0);
#6957=VECTOR('',#6960,1.0);
#6958=DIRECTION('',(-0.9955472015457953,0.09426435961876352,0));
#6959=DIRECTION('',(0.7892186006390348,-0.6141123678980611,0));
#6960=DIRECTION('',(0.7071063918390174,0.7071071705338634,0));
#6961=FACE_SURFACE('',(#6966),#6962,.T.);
#6962=PLANE('',#6963);
#6963=AXIS2_PLACEMENT_3D('',#4523,#6964,#6965);
#6964=DIRECTION('',(0,0,1));
#6965=DIRECTION('',(-0.7071063918390174,-0.7071071705338634,0));
#6966=FACE_BOUND('',#6967,.T.);
#6967=EDGE_LOOP('',(#6968,#6969,#6970));
#6968=ORIENTED_EDGE('',*,*,#6971,.T.);
#6969=ORIENTED_EDGE('',*,*,#6972,.T.);
#6970=ORIENTED_EDGE('',*,*,#6973,.T.);
#6971=EDGE_CURVE('',#4524,#4528,#6974,.F.);
#6972=EDGE_CURVE('',#4528,#4530,#6975,.T.);
#6973=EDGE_CURVE('',#4530,#4524,#6976,.T.);
#6974=LINE('',#4523,#6977);
#6975=LINE('',#4527,#6978);
#6976=LINE('',#4529,#6979);
#6977=VECTOR('',#6980,1.0);
#6978=VECTOR('',#6981,1.0);
#6979=VECTOR('',#6982,1.0);
#6980=DIRECTION('',(-0.7071063918390174,-0.7071071705338634,0));
#6981=DIRECTION('',(0.6141135609187464,-0.789217672315881,0));
#6982=DIRECTION('',(-0.09426588583687874,0.9955470570331613,0));
#6983=FACE_SURFACE('',(#6988),#6984,.T.);
#6984=PLANE('',#6985);
#6985=AXIS2_PLACEMENT_3D('',#4531,#6986,#6987);
#6986=DIRECTION('',(-0,0,1));
#6987=DIRECTION('',(0.789217567366693,-0.6141136957923992,0));
#6988=FACE_BOUND('',#6989,.T.);
#6989=EDGE_LOOP('',(#6990,#6991,#6992));
#6990=ORIENTED_EDGE('',*,*,#6993,.T.);
#6991=ORIENTED_EDGE('',*,*,#6994,.T.);
#6992=ORIENTED_EDGE('',*,*,#6995,.T.);
#6993=EDGE_CURVE('',#4532,#4534,#6996,.F.);
#6994=EDGE_CURVE('',#4534,#4536,#6997,.T.);
#6995=EDGE_CURVE('',#4536,#4532,#6998,.T.);
#6996=LINE('',#4531,#6999);
#6997=LINE('',#4533,#7000);
#6998=LINE('',#4535,#7001);
#6999=VECTOR('',#7002,1.0);
#7000=VECTOR('',#7003,1.0);
#7001=VECTOR('',#7004,1.0);
#7002=DIRECTION('',(0.789217567366693,-0.6141136957923992,0));
#7003=DIRECTION('',(-0.33015671851785056,0.943926131229306,0));
#7004=DIRECTION('',(-0.7071080614450543,-0.7071055009257227,0));
#7005=FACE_SURFACE('',(#7010),#7006,.T.);
#7006=PLANE('',#7007);
#7007=AXIS2_PLACEMENT_3D('',#4531,#7008,#7009);
#7008=DIRECTION('',(0,-0,1));
#7009=DIRECTION('',(0.7071080614450543,0.7071055009257227,0));
#7010=FACE_BOUND('',#7011,.T.);
#7011=EDGE_LOOP('',(#7012,#7013,#7014));
#7012=ORIENTED_EDGE('',*,*,#7015,.T.);
#7013=ORIENTED_EDGE('',*,*,#7016,.T.);
#7014=ORIENTED_EDGE('',*,*,#7017,.T.);
#7015=EDGE_CURVE('',#4532,#4536,#7018,.F.);
#7016=EDGE_CURVE('',#4536,#4538,#7019,.T.);
#7017=EDGE_CURVE('',#4538,#4532,#7020,.T.);
#7018=LINE('',#4531,#7021);
#7019=LINE('',#4535,#7022);
#7020=LINE('',#4537,#7023);
#7021=VECTOR('',#7024,1.0);
#7022=VECTOR('',#7025,1.0);
#7023=VECTOR('',#7026,1.0);
#7024=DIRECTION('',(0.7071080614450543,0.7071055009257227,0));
#7025=DIRECTION('',(-0.9439263191130317,0.3301561813531938,0));
#7026=DIRECTION('',(0.6141142237441878,-0.7892171565513979,0));
#7027=FACE_SURFACE('',(#7032),#7028,.T.);
#7028=PLANE('',#7029);
#7029=AXIS2_PLACEMENT_3D('',#4533,#7030,#7031);
#7030=DIRECTION('',(-0,0,1));
#7031=DIRECTION('',(0.9020303566828992,-0.4316726023533597,0));
#7032=FACE_BOUND('',#7033,.T.);
#7033=EDGE_LOOP('',(#7034,#7035,#7036));
#7034=ORIENTED_EDGE('',*,*,#7037,.T.);
#7035=ORIENTED_EDGE('',*,*,#7038,.T.);
#7036=ORIENTED_EDGE('',*,*,#7039,.T.);
#7037=EDGE_CURVE('',#4534,#4540,#7040,.F.);
#7038=EDGE_CURVE('',#4540,#4542,#7041,.T.);
#7039=EDGE_CURVE('',#4542,#4534,#7042,.T.);
#7040=LINE('',#4533,#7043);
#7041=LINE('',#4539,#7044);
#7042=LINE('',#4541,#7045);
#7043=VECTOR('',#7046,1.0);
#7044=VECTOR('',#7047,1.0);
#7045=VECTOR('',#7048,1.0);
#7046=DIRECTION('',(0.9020303566828992,-0.4316726023533597,0));
#7047=DIRECTION('',(-0.17381173279731982,0.9847788998257392,0));
#7048=DIRECTION('',(-0.6904913700462975,-0.7233406306102177,0));
#7049=FACE_SURFACE('',(#7054),#7050,.T.);
#7050=PLANE('',#7051);
#7051=AXIS2_PLACEMENT_3D('',#4533,#7052,#7053);
#7052=DIRECTION('',(0,-0,1));
#7053=DIRECTION('',(0.6904913700462975,0.7233406306102177,0));
#7054=FACE_BOUND('',#7055,.T.);
#7055=EDGE_LOOP('',(#7056,#7057,#7058));
#7056=ORIENTED_EDGE('',*,*,#7059,.T.);
#7057=ORIENTED_EDGE('',*,*,#7060,.T.);
#7058=ORIENTED_EDGE('',*,*,#7061,.T.);
#7059=EDGE_CURVE('',#4534,#4542,#7062,.F.);
#7060=EDGE_CURVE('',#4542,#4536,#7063,.T.);
#7061=EDGE_CURVE('',#4536,#4534,#7064,.T.);
#7062=LINE('',#4533,#7065);
#7063=LINE('',#4541,#7066);
#7064=LINE('',#4535,#7067);
#7065=VECTOR('',#7068,1.0);
#7066=VECTOR('',#7069,1.0);
#7067=VECTOR('',#7070,1.0);
#7068=DIRECTION('',(0.6904913700462975,0.7233406306102177,0));
#7069=DIRECTION('',(-0.9640043395571886,0.2658865045746187,0));
#7070=DIRECTION('',(0.33015671851785056,-0.943926131229306,0));
#7071=FACE_SURFACE('',(#7076),#7072,.T.);
#7072=PLANE('',#7073);
#7073=AXIS2_PLACEMENT_3D('',#4535,#7074,#7075);
#7074=DIRECTION('',(-0,0,1));
#7075=DIRECTION('',(0.9640043395571886,-0.2658865045746187,0));
#7076=FACE_BOUND('',#7077,.T.);
#7077=EDGE_LOOP('',(#7078,#7079,#7080));
#7078=ORIENTED_EDGE('',*,*,#7081,.T.);
#7079=ORIENTED_EDGE('',*,*,#7082,.T.);
#7080=ORIENTED_EDGE('',*,*,#7083,.T.);
#7081=EDGE_CURVE('',#4536,#4542,#7084,.F.);
#7082=EDGE_CURVE('',#4542,#4502,#7085,.T.);
#7083=EDGE_CURVE('',#4502,#4536,#7086,.T.);
#7084=LINE('',#4535,#7087);
#7085=LINE('',#4541,#7088);
#7086=LINE('',#4501,#7089);
#7087=VECTOR('',#7090,1.0);
#7088=VECTOR('',#7091,1.0);
#7089=VECTOR('',#7092,1.0);
#7090=DIRECTION('',(0.9640043395571886,-0.2658865045746187,0));
#7091=DIRECTION('',(-0.14598396006418113,0.9892869570574452,0));
#7092=DIRECTION('',(-0.707106718618,-0.7071068437550895,0));
#7093=FACE_SURFACE('',(#7098),#7094,.T.);
#7094=PLANE('',#7095);
#7095=AXIS2_PLACEMENT_3D('',#4535,#7096,#7097);
#7096=DIRECTION('',(0,-0,1));
#7097=DIRECTION('',(0.707106718618,0.7071068437550895,0));
#7098=FACE_BOUND('',#7099,.T.);
#7099=EDGE_LOOP('',(#7100,#7101,#7102));
#7100=ORIENTED_EDGE('',*,*,#7103,.T.);
#7101=ORIENTED_EDGE('',*,*,#7104,.T.);
#7102=ORIENTED_EDGE('',*,*,#7105,.T.);
#7103=EDGE_CURVE('',#4536,#4502,#7106,.F.);
#7104=EDGE_CURVE('',#4502,#4544,#7107,.T.);
#7105=EDGE_CURVE('',#4544,#4536,#7108,.T.);
#7106=LINE('',#4535,#7109);
#7107=LINE('',#4501,#7110);
#7108=LINE('',#4543,#7111);
#7109=VECTOR('',#7112,1.0);
#7110=VECTOR('',#7113,1.0);
#7111=VECTOR('',#7114,1.0);
#7112=DIRECTION('',(0.707106718618,0.7071068437550895,0));
#7113=DIRECTION('',(-0.9892869986638788,0.14598367811031046,0));
#7114=DIRECTION('',(0.2658869372622566,-0.9640042202155013,0));
#7115=FACE_SURFACE('',(#7120),#7116,.T.);
#7116=PLANE('',#7117);
#7117=AXIS2_PLACEMENT_3D('',#4537,#7118,#7119);
#7118=DIRECTION('',(-0,0,1));
#7119=DIRECTION('',(0.9439263191130317,-0.3301561813531938,0));
#7120=FACE_BOUND('',#7121,.T.);
#7121=EDGE_LOOP('',(#7122,#7123,#7124));
#7122=ORIENTED_EDGE('',*,*,#7125,.T.);
#7123=ORIENTED_EDGE('',*,*,#7126,.T.);
#7124=ORIENTED_EDGE('',*,*,#7127,.T.);
#7125=EDGE_CURVE('',#4538,#4536,#7128,.F.);
#7126=EDGE_CURVE('',#4536,#4544,#7129,.T.);
#7127=EDGE_CURVE('',#4544,#4538,#7130,.T.);
#7128=LINE('',#4537,#7131);
#7129=LINE('',#4535,#7132);
#7130=LINE('',#4543,#7133);
#7131=VECTOR('',#7134,1.0);
#7132=VECTOR('',#7135,1.0);
#7133=VECTOR('',#7136,1.0);
#7134=DIRECTION('',(0.9439263191130317,-0.3301561813531938,0));
#7135=DIRECTION('',(-0.2658869372622566,0.9640042202155013,0));
#7136=DIRECTION('',(-0.7233407401443732,-0.6904912553011735,0));
#7137=FACE_SURFACE('',(#7142),#7138,.T.);
#7138=PLANE('',#7139);
#7139=AXIS2_PLACEMENT_3D('',#4537,#7140,#7141);
#7140=DIRECTION('',(0,-0,1));
#7141=DIRECTION('',(0.7233407401443732,0.6904912553011735,0));
#7142=FACE_BOUND('',#7143,.T.);
#7143=EDGE_LOOP('',(#7144,#7145,#7146));
#7144=ORIENTED_EDGE('',*,*,#7147,.T.);
#7145=ORIENTED_EDGE('',*,*,#7148,.T.);
#7146=ORIENTED_EDGE('',*,*,#7149,.T.);
#7147=EDGE_CURVE('',#4538,#4544,#7150,.F.);
#7148=EDGE_CURVE('',#4544,#4546,#7151,.T.);
#7149=EDGE_CURVE('',#4546,#4538,#7152,.T.);
#7150=LINE('',#4537,#7153);
#7151=LINE('',#4543,#7154);
#7152=LINE('',#4545,#7155);
#7153=VECTOR('',#7156,1.0);
#7154=VECTOR('',#7157,1.0);
#7155=VECTOR('',#7158,1.0);
#7156=DIRECTION('',(0.7233407401443732,0.6904912553011735,0));
#7157=DIRECTION('',(-0.9847787431975521,0.1738126202157072,0));
#7158=DIRECTION('',(0.4316723220145842,-0.9020304908408235,0));
#7159=FACE_SURFACE('',(#7164),#7160,.T.);
#7160=PLANE('',#7161);
#7161=AXIS2_PLACEMENT_3D('',#4539,#7162,#7163);
#7162=DIRECTION('',(-0,0,1));
#7163=DIRECTION('',(0.9666040699499552,-0.25627440753259406,0));
#7164=FACE_BOUND('',#7165,.T.);
#7165=EDGE_LOOP('',(#7166,#7167,#7168));
#7166=ORIENTED_EDGE('',*,*,#7169,.T.);
#7167=ORIENTED_EDGE('',*,*,#7170,.T.);
#7168=ORIENTED_EDGE('',*,*,#7171,.T.);
#7169=EDGE_CURVE('',#4540,#4548,#7172,.F.);
#7170=EDGE_CURVE('',#4548,#4550,#7173,.T.);
#7171=EDGE_CURVE('',#4550,#4540,#7174,.T.);
#7172=LINE('',#4539,#7175);
#7173=LINE('',#4547,#7176);
#7174=LINE('',#4549,#7177);
#7175=VECTOR('',#7178,1.0);
#7176=VECTOR('',#7179,1.0);
#7177=VECTOR('',#7180,1.0);
#7178=DIRECTION('',(0.9666040699499552,-0.25627440753259406,0));
#7179=DIRECTION('',(-0.0755823331662561,0.9971395644106923,0));
#7180=DIRECTION('',(-0.6730453995898688,-0.7396011696116455,0));
#7181=FACE_SURFACE('',(#7186),#7182,.T.);
#7182=PLANE('',#7183);
#7183=AXIS2_PLACEMENT_3D('',#4539,#7184,#7185);
#7184=DIRECTION('',(0,-0,1));
#7185=DIRECTION('',(0.6730453995898688,0.7396011696116455,0));
#7186=FACE_BOUND('',#7187,.T.);
#7187=EDGE_LOOP('',(#7188,#7189,#7190));
#7188=ORIENTED_EDGE('',*,*,#7191,.T.);
#7189=ORIENTED_EDGE('',*,*,#7192,.T.);
#7190=ORIENTED_EDGE('',*,*,#7193,.T.);
#7191=EDGE_CURVE('',#4540,#4550,#7194,.F.);
#7192=EDGE_CURVE('',#4550,#4542,#7195,.T.);
#7193=EDGE_CURVE('',#4542,#4540,#7196,.T.);
#7194=LINE('',#4539,#7197);
#7195=LINE('',#4549,#7198);
#7196=LINE('',#4541,#7199);
#7197=VECTOR('',#7200,1.0);
#7198=VECTOR('',#7201,1.0);
#7199=VECTOR('',#7202,1.0);
#7200=DIRECTION('',(0.6730453995898688,0.7396011696116455,0));
#7201=DIRECTION('',(-0.9862740565303167,0.1651165812849629,0));
#7202=DIRECTION('',(0.17381173279731982,-0.9847788998257392,0));
#7203=FACE_SURFACE('',(#7208),#7204,.T.);
#7204=PLANE('',#7205);
#7205=AXIS2_PLACEMENT_3D('',#4547,#7206,#7207);
#7206=DIRECTION('',(-0,0,1));
#7207=DIRECTION('',(0.996349442826635,-0.08536854092143205,0));
#7208=FACE_BOUND('',#7209,.T.);
#7209=EDGE_LOOP('',(#7210,#7211,#7212));
#7210=ORIENTED_EDGE('',*,*,#7213,.T.);
#7211=ORIENTED_EDGE('',*,*,#7214,.T.);
#7212=ORIENTED_EDGE('',*,*,#7215,.T.);
#7213=EDGE_CURVE('',#4548,#4552,#7216,.F.);
#7214=EDGE_CURVE('',#4552,#4554,#7217,.T.);
#7215=EDGE_CURVE('',#4554,#4548,#7218,.T.);
#7216=LINE('',#4547,#7219);
#7217=LINE('',#4551,#7220);
#7218=LINE('',#4553,#7221);
#7219=VECTOR('',#7222,1.0);
#7220=VECTOR('',#7223,1.0);
#7221=VECTOR('',#7224,1.0);
#7222=DIRECTION('',(0.996349442826635,-0.08536854092143205,0));
#7223=DIRECTION('',(4.268367668593031E-09,1,0));
#7224=DIRECTION('',(-0.6568094795374645,-0.7540565678977439,0));
#7225=FACE_SURFACE('',(#7230),#7226,.T.);
#7226=PLANE('',#7227);
#7227=AXIS2_PLACEMENT_3D('',#4547,#7228,#7229);
#7228=DIRECTION('',(0,-0,1));
#7229=DIRECTION('',(0.6568094795374645,0.7540565678977439,0));
#7230=FACE_BOUND('',#7231,.T.);
#7231=EDGE_LOOP('',(#7232,#7233,#7234));
#7232=ORIENTED_EDGE('',*,*,#7235,.T.);
#7233=ORIENTED_EDGE('',*,*,#7236,.T.);
#7234=ORIENTED_EDGE('',*,*,#7237,.T.);
#7235=EDGE_CURVE('',#4548,#4554,#7238,.F.);
#7236=EDGE_CURVE('',#4554,#4550,#7239,.T.);
#7237=EDGE_CURVE('',#4550,#4548,#7240,.T.);
#7238=LINE('',#4547,#7241);
#7239=LINE('',#4553,#7242);
#7240=LINE('',#4549,#7243);
#7241=VECTOR('',#7244,1.0);
#7242=VECTOR('',#7245,1.0);
#7243=VECTOR('',#7246,1.0);
#7244=DIRECTION('',(0.6568094795374645,0.7540565678977439,0));
#7245=DIRECTION('',(-0.9984279423512199,0.05605036960011253,0));
#7246=DIRECTION('',(0.0755823331662561,-0.9971395644106923,0));
#7247=FACE_SURFACE('',(#7252),#7248,.T.);
#7248=PLANE('',#7249);
#7249=AXIS2_PLACEMENT_3D('',#4555,#7250,#7251);
#7250=DIRECTION('',(0,0,1));
#7251=DIRECTION('',(-0.9666045140127059,0.2562727326311966,0));
#7252=FACE_BOUND('',#7253,.T.);
#7253=EDGE_LOOP('',(#7254,#7255,#7256));
#7254=ORIENTED_EDGE('',*,*,#7257,.T.);
#7255=ORIENTED_EDGE('',*,*,#7258,.T.);
#7256=ORIENTED_EDGE('',*,*,#7259,.T.);
#7257=EDGE_CURVE('',#4556,#4558,#7260,.F.);
#7258=EDGE_CURVE('',#4558,#4550,#7261,.T.);
#7259=EDGE_CURVE('',#4550,#4556,#7262,.T.);
#7260=LINE('',#4555,#7263);
#7261=LINE('',#4557,#7264);
#7262=LINE('',#4549,#7265);
#7263=VECTOR('',#7266,1.0);
#7264=VECTOR('',#7267,1.0);
#7265=VECTOR('',#7268,1.0);
#7266=DIRECTION('',(-0.9666045140127059,0.2562727326311966,0));
#7267=DIRECTION('',(0.06408058908633167,-0.9979447269775761,0));
#7268=DIRECTION('',(0.5984842831019394,0.8011345473014865,0));
#7269=FACE_SURFACE('',(#7274),#7270,.T.);
#7270=PLANE('',#7271);
#7271=AXIS2_PLACEMENT_3D('',#4549,#7272,#7273);
#7272=DIRECTION('',(-0,0,1));
#7273=DIRECTION('',(0.9984279423512199,-0.05605036960011253,0));
#7274=FACE_BOUND('',#7275,.T.);
#7275=EDGE_LOOP('',(#7276,#7277,#7278));
#7276=ORIENTED_EDGE('',*,*,#7279,.T.);
#7277=ORIENTED_EDGE('',*,*,#7280,.T.);
#7278=ORIENTED_EDGE('',*,*,#7281,.T.);
#7279=EDGE_CURVE('',#4550,#4554,#7282,.F.);
#7280=EDGE_CURVE('',#4554,#4560,#7283,.T.);
#7281=EDGE_CURVE('',#4560,#4550,#7284,.T.);
#7282=LINE('',#4549,#7285);
#7283=LINE('',#4553,#7286);
#7284=LINE('',#4559,#7287);
#7285=VECTOR('',#7288,1.0);
#7286=VECTOR('',#7289,1.0);
#7287=VECTOR('',#7290,1.0);
#7288=DIRECTION('',(0.9984279423512199,-0.05605036960011253,0));
#7289=DIRECTION('',(1.4920008721539844E-08,0.9999999999999999,0));
#7290=DIRECTION('',(-0.8845566901608882,-0.4664326981372708,0));
#7291=FACE_SURFACE('',(#7296),#7292,.T.);
#7292=PLANE('',#7293);
#7293=AXIS2_PLACEMENT_3D('',#4561,#7294,#7295);
#7294=DIRECTION('',(0,0,1));
#7295=DIRECTION('',(-0.9963494727578912,0.08536819158839115,0));
#7296=FACE_BOUND('',#7297,.T.);
#7297=EDGE_LOOP('',(#7298,#7299,#7300));
#7298=ORIENTED_EDGE('',*,*,#7301,.T.);
#7299=ORIENTED_EDGE('',*,*,#7302,.T.);
#7300=ORIENTED_EDGE('',*,*,#7303,.T.);
#7301=EDGE_CURVE('',#4562,#4556,#7304,.F.);
#7302=EDGE_CURVE('',#4556,#4550,#7305,.T.);
#7303=EDGE_CURVE('',#4550,#4562,#7306,.T.);
#7304=LINE('',#4561,#7307);
#7305=LINE('',#4555,#7308);
#7306=LINE('',#4549,#7309);
#7307=VECTOR('',#7310,1.0);
#7308=VECTOR('',#7311,1.0);
#7309=VECTOR('',#7312,1.0);
#7310=DIRECTION('',(-0.9963494727578912,0.08536819158839115,0));
#7311=DIRECTION('',(-0.5984842831019394,-0.8011345473014865,0));
#7312=DIRECTION('',(0.8845566891371168,0.46643270007878107,0));
#7313=FACE_SURFACE('',(#7318),#7314,.T.);
#7314=PLANE('',#7315);
#7315=AXIS2_PLACEMENT_3D('',#4549,#7316,#7317);
#7316=DIRECTION('',(0,0,1));
#7317=DIRECTION('',(0.8845566901608882,0.4664326981372708,0));
#7318=FACE_BOUND('',#7319,.T.);
#7319=EDGE_LOOP('',(#7320,#7321,#7322));
#7320=ORIENTED_EDGE('',*,*,#7323,.T.);
#7321=ORIENTED_EDGE('',*,*,#7324,.T.);
#7322=ORIENTED_EDGE('',*,*,#7325,.T.);
#7323=EDGE_CURVE('',#4550,#4560,#7326,.F.);
#7324=EDGE_CURVE('',#4560,#4562,#7327,.T.);
#7325=EDGE_CURVE('',#4562,#4550,#7328,.T.);
#7326=LINE('',#4549,#7329);
#7327=LINE('',#4559,#7330);
#7328=LINE('',#4561,#7331);
#7329=VECTOR('',#7332,1.0);
#7330=VECTOR('',#7333,1.0);
#7331=VECTOR('',#7334,1.0);
#7332=DIRECTION('',(0.8845566901608882,0.4664326981372708,0));
#7333=DIRECTION('',(-1,0,0));
#7334=DIRECTION('',(-0.8845566891371168,-0.46643270007878107,0));
#7335=FACE_SURFACE('',(#7340),#7336,.T.);
#7336=PLANE('',#7337);
#7337=AXIS2_PLACEMENT_3D('',#4563,#7338,#7339);
#7338=DIRECTION('',(0,0,1));
#7339=DIRECTION('',(-0.7892174361304404,0.6141138644483563,0));
#7340=FACE_BOUND('',#7341,.T.);
#7341=EDGE_LOOP('',(#7342,#7343,#7344));
#7342=ORIENTED_EDGE('',*,*,#7345,.T.);
#7343=ORIENTED_EDGE('',*,*,#7346,.T.);
#7344=ORIENTED_EDGE('',*,*,#7347,.T.);
#7345=EDGE_CURVE('',#4564,#4506,#7348,.F.);
#7346=EDGE_CURVE('',#4506,#4502,#7349,.T.);
#7347=EDGE_CURVE('',#4502,#4564,#7350,.T.);
#7348=LINE('',#4563,#7351);
#7349=LINE('',#4505,#7352);
#7350=LINE('',#4501,#7353);
#7351=VECTOR('',#7354,1.0);
#7352=VECTOR('',#7355,1.0);
#7353=VECTOR('',#7356,1.0);
#7354=DIRECTION('',(-0.7892174361304404,0.6141138644483563,0));
#7355=DIRECTION('',(-0.9955471924735064,0.0942644554332064,0));
#7356=DIRECTION('',(0.8996409558426847,-0.43663045080532414,0));
#7357=FACE_SURFACE('',(#7362),#7358,.T.);
#7358=PLANE('',#7359);
#7359=AXIS2_PLACEMENT_3D('',#4501,#7360,#7361);
#7360=DIRECTION('',(0,0,1));
#7361=DIRECTION('',(0.14598396006418113,-0.9892869570574452,0));
#7362=FACE_BOUND('',#7363,.T.);
#7363=EDGE_LOOP('',(#7364,#7365,#7366));
#7364=ORIENTED_EDGE('',*,*,#7367,.T.);
#7365=ORIENTED_EDGE('',*,*,#7368,.T.);
#7366=ORIENTED_EDGE('',*,*,#7369,.T.);
#7367=EDGE_CURVE('',#4502,#4542,#7370,.F.);
#7368=EDGE_CURVE('',#4542,#4550,#7371,.T.);
#7369=EDGE_CURVE('',#4550,#4502,#7372,.T.);
#7370=LINE('',#4501,#7373);
#7371=LINE('',#4541,#7374);
#7372=LINE('',#4549,#7375);
#7373=VECTOR('',#7376,1.0);
#7374=VECTOR('',#7377,1.0);
#7375=VECTOR('',#7378,1.0);
#7376=DIRECTION('',(0.14598396006418113,-0.9892869570574452,0));
#7377=DIRECTION('',(0.9862740565303167,-0.1651165812849629,0));
#7378=DIRECTION('',(-0.6833168384620067,0.7301219749290442,0));
#7379=FACE_SURFACE('',(#7384),#7380,.T.);
#7380=PLANE('',#7381);
#7381=AXIS2_PLACEMENT_3D('',#4549,#7382,#7383);
#7382=DIRECTION('',(0,0,1));
#7383=DIRECTION('',(-0.06408058908633167,0.9979447269775761,0));
#7384=FACE_BOUND('',#7385,.T.);
#7385=EDGE_LOOP('',(#7386,#7387,#7388));
#7386=ORIENTED_EDGE('',*,*,#7389,.T.);
#7387=ORIENTED_EDGE('',*,*,#7390,.T.);
#7388=ORIENTED_EDGE('',*,*,#7391,.T.);
#7389=EDGE_CURVE('',#4550,#4558,#7392,.F.);
#7390=EDGE_CURVE('',#4558,#4566,#7393,.T.);
#7391=EDGE_CURVE('',#4566,#4550,#7394,.T.);
#7392=LINE('',#4549,#7395);
#7393=LINE('',#4557,#7396);
#7394=LINE('',#4565,#7397);
#7395=VECTOR('',#7398,1.0);
#7396=VECTOR('',#7399,1.0);
#7397=VECTOR('',#7400,1.0);
#7398=DIRECTION('',(-0.06408058908633167,0.9979447269775761,0));
#7399=DIRECTION('',(-0.9666069325104168,0.25626361041474943,0));
#7400=DIRECTION('',(0.1597582056764587,-0.9871561759514238,0));
#7401=FACE_SURFACE('',(#7406),#7402,.T.);
#7402=PLANE('',#7403);
#7403=AXIS2_PLACEMENT_3D('',#4563,#7404,#7405);
#7404=DIRECTION('',(0,0,1));
#7405=DIRECTION('',(-0.8996409558426847,0.43663045080532414,0));
#7406=FACE_BOUND('',#7407,.T.);
#7407=EDGE_LOOP('',(#7408,#7409,#7410));
#7408=ORIENTED_EDGE('',*,*,#7411,.T.);
#7409=ORIENTED_EDGE('',*,*,#7412,.T.);
#7410=ORIENTED_EDGE('',*,*,#7413,.T.);
#7411=EDGE_CURVE('',#4564,#4502,#7414,.F.);
#7412=EDGE_CURVE('',#4502,#4550,#7415,.T.);
#7413=EDGE_CURVE('',#4550,#4564,#7416,.T.);
#7414=LINE('',#4563,#7417);
#7415=LINE('',#4501,#7418);
#7416=LINE('',#4549,#7419);
#7417=VECTOR('',#7420,1.0);
#7418=VECTOR('',#7421,1.0);
#7419=VECTOR('',#7422,1.0);
#7420=DIRECTION('',(-0.8996409558426847,0.43663045080532414,0));
#7421=DIRECTION('',(0.6833168384620067,-0.7301219749290442,0));
#7422=DIRECTION('',(-0.5408976338320006,0.8410884315664691,0));
#7423=FACE_SURFACE('',(#7428),#7424,.T.);
#7424=PLANE('',#7425);
#7425=AXIS2_PLACEMENT_3D('',#4563,#7426,#7427);
#7426=DIRECTION('',(0,0,1));
#7427=DIRECTION('',(0.5408976338320006,-0.8410884315664691,0));
#7428=FACE_BOUND('',#7429,.T.);
#7429=EDGE_LOOP('',(#7430,#7431,#7432));
#7430=ORIENTED_EDGE('',*,*,#7433,.T.);
#7431=ORIENTED_EDGE('',*,*,#7434,.T.);
#7432=ORIENTED_EDGE('',*,*,#7435,.T.);
#7433=EDGE_CURVE('',#4564,#4550,#7436,.F.);
#7434=EDGE_CURVE('',#4550,#4566,#7437,.T.);
#7435=EDGE_CURVE('',#4566,#4564,#7438,.T.);
#7436=LINE('',#4563,#7439);
#7437=LINE('',#4549,#7440);
#7438=LINE('',#4565,#7441);
#7439=VECTOR('',#7442,1.0);
#7440=VECTOR('',#7443,1.0);
#7441=VECTOR('',#7444,1.0);
#7442=DIRECTION('',(0.5408976338320006,-0.8410884315664691,0));
#7443=DIRECTION('',(-0.1597582056764587,0.9871561759514238,0));
#7444=DIRECTION('',(-0.9020298326751995,0.43167369732698735,0));
#7445=FACE_SURFACE('',(#7450),#7446,.T.);
#7446=PLANE('',#7447);
#7447=AXIS2_PLACEMENT_3D('',#4551,#7448,#7449);
#7448=DIRECTION('',(0,0,1));
#7449=DIRECTION('',(0.996349441852048,0.08536855229598647,0));
#7450=FACE_BOUND('',#7451,.T.);
#7451=EDGE_LOOP('',(#7452,#7453,#7454));
#7452=ORIENTED_EDGE('',*,*,#7455,.T.);
#7453=ORIENTED_EDGE('',*,*,#7456,.T.);
#7454=ORIENTED_EDGE('',*,*,#7457,.T.);
#7455=EDGE_CURVE('',#4552,#4568,#7458,.F.);
#7456=EDGE_CURVE('',#4568,#4570,#7459,.T.);
#7457=EDGE_CURVE('',#4570,#4552,#7460,.T.);
#7458=LINE('',#4551,#7461);
#7459=LINE('',#4567,#7462);
#7460=LINE('',#4569,#7463);
#7461=VECTOR('',#7464,1.0);
#7462=VECTOR('',#7465,1.0);
#7463=VECTOR('',#7466,1.0);
#7464=DIRECTION('',(0.996349441852048,0.08536855229598647,0));
#7465=DIRECTION('',(0.07558243453817827,0.9971395567267813,0));
#7466=DIRECTION('',(-0.6445222773996679,-0.7645855308175439,0));
#7467=FACE_SURFACE('',(#7472),#7468,.T.);
#7468=PLANE('',#7469);
#7469=AXIS2_PLACEMENT_3D('',#4551,#7470,#7471);
#7470=DIRECTION('',(0,0,1));
#7471=DIRECTION('',(0.6445222773996679,0.7645855308175439,0));
#7472=FACE_BOUND('',#7473,.T.);
#7473=EDGE_LOOP('',(#7474,#7475,#7476));
#7474=ORIENTED_EDGE('',*,*,#7477,.T.);
#7475=ORIENTED_EDGE('',*,*,#7478,.T.);
#7476=ORIENTED_EDGE('',*,*,#7479,.T.);
#7477=EDGE_CURVE('',#4552,#4570,#7480,.F.);
#7478=EDGE_CURVE('',#4570,#4554,#7481,.T.);
#7479=EDGE_CURVE('',#4554,#4552,#7482,.T.);
#7480=LINE('',#4551,#7483);
#7481=LINE('',#4569,#7484);
#7482=LINE('',#4553,#7485);
#7483=VECTOR('',#7486,1.0);
#7484=VECTOR('',#7487,1.0);
#7485=VECTOR('',#7488,1.0);
#7486=DIRECTION('',(0.6445222773996679,0.7645855308175439,0));
#7487=DIRECTION('',(-0.9984279422905951,-0.056050370680023075,0));
#7488=DIRECTION('',(-4.268367668593031E-09,-1,0));
#7489=FACE_SURFACE('',(#7494),#7490,.T.);
#7490=PLANE('',#7491);
#7491=AXIS2_PLACEMENT_3D('',#4567,#7492,#7493);
#7492=DIRECTION('',(0,0,1));
#7493=DIRECTION('',(0.9666040699499552,0.25627440753259406,0));
#7494=FACE_BOUND('',#7495,.T.);
#7495=EDGE_LOOP('',(#7496,#7497,#7498));
#7496=ORIENTED_EDGE('',*,*,#7499,.T.);
#7497=ORIENTED_EDGE('',*,*,#7500,.T.);
#7498=ORIENTED_EDGE('',*,*,#7501,.T.);
#7499=EDGE_CURVE('',#4568,#4572,#7502,.F.);
#7500=EDGE_CURVE('',#4572,#4574,#7503,.T.);
#7501=EDGE_CURVE('',#4574,#4568,#7504,.T.);
#7502=LINE('',#4567,#7505);
#7503=LINE('',#4571,#7506);
#7504=LINE('',#4573,#7507);
#7505=VECTOR('',#7508,1.0);
#7506=VECTOR('',#7509,1.0);
#7507=VECTOR('',#7510,1.0);
#7508=DIRECTION('',(0.9666040699499552,0.25627440753259406,0));
#7509=DIRECTION('',(0.17381162862823066,0.9847789182113933,0));
#7510=DIRECTION('',(-0.6413687480838,-0.7672327736622173,0));
#7511=FACE_SURFACE('',(#7516),#7512,.T.);
#7512=PLANE('',#7513);
#7513=AXIS2_PLACEMENT_3D('',#4567,#7514,#7515);
#7514=DIRECTION('',(0,0,1));
#7515=DIRECTION('',(0.6413687480838,0.7672327736622173,0));
#7516=FACE_BOUND('',#7517,.T.);
#7517=EDGE_LOOP('',(#7518,#7519,#7520));
#7518=ORIENTED_EDGE('',*,*,#7521,.T.);
#7519=ORIENTED_EDGE('',*,*,#7522,.T.);
#7520=ORIENTED_EDGE('',*,*,#7523,.T.);
#7521=EDGE_CURVE('',#4568,#4574,#7524,.F.);
#7522=EDGE_CURVE('',#4574,#4570,#7525,.T.);
#7523=EDGE_CURVE('',#4570,#4568,#7526,.T.);
#7524=LINE('',#4567,#7527);
#7525=LINE('',#4573,#7528);
#7526=LINE('',#4569,#7529);
#7527=VECTOR('',#7530,1.0);
#7528=VECTOR('',#7531,1.0);
#7529=VECTOR('',#7532,1.0);
#7530=DIRECTION('',(0.6413687480838,0.7672327736622173,0));
#7531=DIRECTION('',(-0.986274050309,-0.16511661844611605,0));
#7532=DIRECTION('',(-0.07558243453817827,-0.9971395567267813,0));
#7533=FACE_SURFACE('',(#7538),#7534,.T.);
#7534=PLANE('',#7535);
#7535=AXIS2_PLACEMENT_3D('',#4575,#7536,#7537);
#7536=DIRECTION('',(0,0,1));
#7537=DIRECTION('',(-0.9666068321210234,-0.2562639890756403,0));
#7538=FACE_BOUND('',#7539,.T.);
#7539=EDGE_LOOP('',(#7540,#7541,#7542));
#7540=ORIENTED_EDGE('',*,*,#7543,.T.);
#7541=ORIENTED_EDGE('',*,*,#7544,.T.);
#7542=ORIENTED_EDGE('',*,*,#7545,.T.);
#7543=EDGE_CURVE('',#4576,#4578,#7546,.F.);
#7544=EDGE_CURVE('',#4578,#4570,#7547,.T.);
#7545=EDGE_CURVE('',#4570,#4576,#7548,.T.);
#7546=LINE('',#4575,#7549);
#7547=LINE('',#4577,#7550);
#7548=LINE('',#4569,#7551);
#7549=VECTOR('',#7552,1.0);
#7550=VECTOR('',#7553,1.0);
#7551=VECTOR('',#7554,1.0);
#7552=DIRECTION('',(-0.9666068321210234,-0.2562639890756403,0));
#7553=DIRECTION('',(-0.06408058908633167,-0.9979447269775761,0));
#7554=DIRECTION('',(0.1597580545865717,0.9871562004033172,0));
#7555=FACE_SURFACE('',(#7560),#7556,.T.);
#7556=PLANE('',#7557);
#7557=AXIS2_PLACEMENT_3D('',#4569,#7558,#7559);
#7558=DIRECTION('',(0,0,1));
#7559=DIRECTION('',(0.986274050309,0.16511661844611605,0));
#7560=FACE_BOUND('',#7561,.T.);
#7561=EDGE_LOOP('',(#7562,#7563,#7564));
#7562=ORIENTED_EDGE('',*,*,#7565,.T.);
#7563=ORIENTED_EDGE('',*,*,#7566,.T.);
#7564=ORIENTED_EDGE('',*,*,#7567,.T.);
#7565=EDGE_CURVE('',#4570,#4574,#7568,.F.);
#7566=EDGE_CURVE('',#4574,#4510,#7569,.T.);
#7567=EDGE_CURVE('',#4510,#4570,#7570,.T.);
#7568=LINE('',#4569,#7571);
#7569=LINE('',#4573,#7572);
#7570=LINE('',#4509,#7573);
#7571=VECTOR('',#7574,1.0);
#7572=VECTOR('',#7575,1.0);
#7573=VECTOR('',#7576,1.0);
#7574=DIRECTION('',(0.986274050309,0.16511661844611605,0));
#7575=DIRECTION('',(0.14598396006418113,0.9892869570574452,0));
#7576=DIRECTION('',(-0.6833167656738165,-0.7301220430510741,0));
#7577=FACE_SURFACE('',(#7582),#7578,.T.);
#7578=PLANE('',#7579);
#7579=AXIS2_PLACEMENT_3D('',#4509,#7580,#7581);
#7580=DIRECTION('',(0,0,1));
#7581=DIRECTION('',(-0.9955472015457953,-0.09426435961876352,0));
#7582=FACE_BOUND('',#7583,.T.);
#7583=EDGE_LOOP('',(#7584,#7585,#7586));
#7584=ORIENTED_EDGE('',*,*,#7587,.T.);
#7585=ORIENTED_EDGE('',*,*,#7588,.T.);
#7586=ORIENTED_EDGE('',*,*,#7589,.T.);
#7587=EDGE_CURVE('',#4510,#4508,#7590,.F.);
#7588=EDGE_CURVE('',#4508,#4580,#7591,.T.);
#7589=EDGE_CURVE('',#4580,#4510,#7592,.T.);
#7590=LINE('',#4509,#7593);
#7591=LINE('',#4507,#7594);
#7592=LINE('',#4579,#7595);
#7593=VECTOR('',#7596,1.0);
#7594=VECTOR('',#7597,1.0);
#7595=VECTOR('',#7598,1.0);
#7596=DIRECTION('',(-0.9955472015457953,-0.09426435961876352,0));
#7597=DIRECTION('',(-0.7892172073481,-0.6141141584637715,0));
#7598=DIRECTION('',(0.8996409558426847,0.43663045080532414,0));
#7599=FACE_SURFACE('',(#7604),#7600,.T.);
#7600=PLANE('',#7601);
#7601=AXIS2_PLACEMENT_3D('',#4579,#7602,#7603);
#7602=DIRECTION('',(0,0,1));
#7603=DIRECTION('',(-0.9020297947006506,-0.43167377667898965,0));
#7604=FACE_BOUND('',#7605,.T.);
#7605=EDGE_LOOP('',(#7606,#7607,#7608));
#7606=ORIENTED_EDGE('',*,*,#7609,.T.);
#7607=ORIENTED_EDGE('',*,*,#7610,.T.);
#7608=ORIENTED_EDGE('',*,*,#7611,.T.);
#7609=EDGE_CURVE('',#4580,#4576,#7612,.F.);
#7610=EDGE_CURVE('',#4576,#4570,#7613,.T.);
#7611=EDGE_CURVE('',#4570,#4580,#7614,.T.);
#7612=LINE('',#4579,#7615);
#7613=LINE('',#4575,#7616);
#7614=LINE('',#4569,#7617);
#7615=VECTOR('',#7618,1.0);
#7616=VECTOR('',#7619,1.0);
#7617=VECTOR('',#7620,1.0);
#7618=DIRECTION('',(-0.9020297947006506,-0.43167377667898965,0));
#7619=DIRECTION('',(-0.1597580545865717,-0.9871562004033172,0));
#7620=DIRECTION('',(0.5408974935827281,0.8410885217597032,0));
#7621=FACE_SURFACE('',(#7626),#7622,.T.);
#7622=PLANE('',#7623);
#7623=AXIS2_PLACEMENT_3D('',#4569,#7624,#7625);
#7624=DIRECTION('',(0,0,1));
#7625=DIRECTION('',(0.6833167656738165,0.7301220430510741,0));
#7626=FACE_BOUND('',#7627,.T.);
#7627=EDGE_LOOP('',(#7628,#7629,#7630));
#7628=ORIENTED_EDGE('',*,*,#7631,.T.);
#7629=ORIENTED_EDGE('',*,*,#7632,.T.);
#7630=ORIENTED_EDGE('',*,*,#7633,.T.);
#7631=EDGE_CURVE('',#4570,#4510,#7634,.F.);
#7632=EDGE_CURVE('',#4510,#4580,#7635,.T.);
#7633=EDGE_CURVE('',#4580,#4570,#7636,.T.);
#7634=LINE('',#4569,#7637);
#7635=LINE('',#4509,#7638);
#7636=LINE('',#4579,#7639);
#7637=VECTOR('',#7640,1.0);
#7638=VECTOR('',#7641,1.0);
#7639=VECTOR('',#7642,1.0);
#7640=DIRECTION('',(0.6833167656738165,0.7301220430510741,0));
#7641=DIRECTION('',(-0.8996409558426847,-0.43663045080532414,0));
#7642=DIRECTION('',(-0.5408974935827281,-0.8410885217597032,0));
#7643=FACE_SURFACE('',(#7648),#7644,.T.);
#7644=PLANE('',#7645);
#7645=AXIS2_PLACEMENT_3D('',#4581,#7646,#7647);
#7646=DIRECTION('',(0,0,1));
#7647=DIRECTION('',(-0.9963497251953826,-0.08536524528803156,0));
#7648=FACE_BOUND('',#7649,.T.);
#7649=EDGE_LOOP('',(#7650,#7651,#7652));
#7650=ORIENTED_EDGE('',*,*,#7653,.T.);
#7651=ORIENTED_EDGE('',*,*,#7654,.T.);
#7652=ORIENTED_EDGE('',*,*,#7655,.T.);
#7653=EDGE_CURVE('',#4582,#4560,#7656,.F.);
#7654=EDGE_CURVE('',#4560,#4554,#7657,.T.);
#7655=EDGE_CURVE('',#4554,#4582,#7658,.T.);
#7656=LINE('',#4581,#7659);
#7657=LINE('',#4559,#7660);
#7658=LINE('',#4553,#7661);
#7659=VECTOR('',#7662,1.0);
#7660=VECTOR('',#7663,1.0);
#7661=VECTOR('',#7664,1.0);
#7662=DIRECTION('',(-0.9963497251953826,-0.08536524528803156,0));
#7663=DIRECTION('',(-1.4920008721539844E-08,-0.9999999999999999,0));
#7664=DIRECTION('',(0.6693500204366863,0.742947205487313,0));
#7665=FACE_SURFACE('',(#7670),#7666,.T.);
#7666=PLANE('',#7667);
#7667=AXIS2_PLACEMENT_3D('',#4553,#7668,#7669);
#7668=DIRECTION('',(0,0,1));
#7669=DIRECTION('',(0.9984279422905951,0.056050370680023075,0));
#7670=FACE_BOUND('',#7671,.T.);
#7671=EDGE_LOOP('',(#7672,#7673,#7674));
#7672=ORIENTED_EDGE('',*,*,#7675,.T.);
#7673=ORIENTED_EDGE('',*,*,#7676,.T.);
#7674=ORIENTED_EDGE('',*,*,#7677,.T.);
#7675=EDGE_CURVE('',#4554,#4570,#7678,.F.);
#7676=EDGE_CURVE('',#4570,#4578,#7679,.T.);
#7677=EDGE_CURVE('',#4578,#4554,#7680,.T.);
#7678=LINE('',#4553,#7681);
#7679=LINE('',#4569,#7682);
#7680=LINE('',#4577,#7683);
#7681=VECTOR('',#7684,1.0);
#7682=VECTOR('',#7685,1.0);
#7683=VECTOR('',#7686,1.0);
#7684=DIRECTION('',(0.9984279422905951,0.056050370680023075,0));
#7685=DIRECTION('',(0.06408058908633167,0.9979447269775761,0));
#7686=DIRECTION('',(-0.8093815596390593,-0.5872831437358337,0));
#7687=FACE_SURFACE('',(#7692),#7688,.T.);
#7688=PLANE('',#7689);
#7689=AXIS2_PLACEMENT_3D('',#4581,#7690,#7691);
#7690=DIRECTION('',(-0,0,1));
#7691=DIRECTION('',(-0.6693500204366863,-0.742947205487313,0));
#7692=FACE_BOUND('',#7693,.T.);
#7693=EDGE_LOOP('',(#7694,#7695,#7696));
#7694=ORIENTED_EDGE('',*,*,#7697,.T.);
#7695=ORIENTED_EDGE('',*,*,#7698,.T.);
#7696=ORIENTED_EDGE('',*,*,#7699,.T.);
#7697=EDGE_CURVE('',#4582,#4554,#7700,.F.);
#7698=EDGE_CURVE('',#4554,#4578,#7701,.T.);
#7699=EDGE_CURVE('',#4578,#4582,#7702,.T.);
#7700=LINE('',#4581,#7703);
#7701=LINE('',#4553,#7704);
#7702=LINE('',#4577,#7705);
#7703=VECTOR('',#7706,1.0);
#7704=VECTOR('',#7707,1.0);
#7705=VECTOR('',#7708,1.0);
#7706=DIRECTION('',(-0.6693500204366863,-0.742947205487313,0));
#7707=DIRECTION('',(0.8093815596390593,0.5872831437358337,0));
#7708=DIRECTION('',(-0.9666036581727478,-0.25627596064996366,0));
#7709=FACE_SURFACE('',(#7714),#7710,.T.);
#7710=PLANE('',#7711);
#7711=AXIS2_PLACEMENT_3D('',#4571,#7712,#7713);
#7712=DIRECTION('',(0,0,1));
#7713=DIRECTION('',(0.9020302386141528,0.43167284907171827,0));
#7714=FACE_BOUND('',#7715,.T.);
#7715=EDGE_LOOP('',(#7716,#7717,#7718));
#7716=ORIENTED_EDGE('',*,*,#7719,.T.);
#7717=ORIENTED_EDGE('',*,*,#7720,.T.);
#7718=ORIENTED_EDGE('',*,*,#7721,.T.);
#7719=EDGE_CURVE('',#4572,#4584,#7722,.F.);
#7720=EDGE_CURVE('',#4584,#4586,#7723,.T.);
#7721=EDGE_CURVE('',#4586,#4572,#7724,.T.);
#7722=LINE('',#4571,#7725);
#7723=LINE('',#4583,#7726);
#7724=LINE('',#4585,#7727);
#7725=VECTOR('',#7728,1.0);
#7726=VECTOR('',#7729,1.0);
#7727=VECTOR('',#7730,1.0);
#7728=DIRECTION('',(0.9020302386141528,0.43167284907171827,0));
#7729=DIRECTION('',(0.33015713612455394,0.943925985163049,0));
#7730=DIRECTION('',(-0.6550016877894266,-0.7556274141354341,0));
#7731=FACE_SURFACE('',(#7736),#7732,.T.);
#7732=PLANE('',#7733);
#7733=AXIS2_PLACEMENT_3D('',#4571,#7734,#7735);
#7734=DIRECTION('',(0,0,1));
#7735=DIRECTION('',(0.6550016877894266,0.7556274141354341,0));
#7736=FACE_BOUND('',#7737,.T.);
#7737=EDGE_LOOP('',(#7738,#7739,#7740));
#7738=ORIENTED_EDGE('',*,*,#7741,.T.);
#7739=ORIENTED_EDGE('',*,*,#7742,.T.);
#7740=ORIENTED_EDGE('',*,*,#7743,.T.);
#7741=EDGE_CURVE('',#4572,#4586,#7744,.F.);
#7742=EDGE_CURVE('',#4586,#4574,#7745,.T.);
#7743=EDGE_CURVE('',#4574,#4572,#7746,.T.);
#7744=LINE('',#4571,#7747);
#7745=LINE('',#4585,#7748);
#7746=LINE('',#4573,#7749);
#7747=VECTOR('',#7750,1.0);
#7748=VECTOR('',#7751,1.0);
#7749=VECTOR('',#7752,1.0);
#7750=DIRECTION('',(0.6550016877894266,0.7556274141354341,0));
#7751=DIRECTION('',(-0.9640043395571886,-0.2658865045746187,0));
#7752=DIRECTION('',(-0.17381162862823066,-0.9847789182113933,0));
#7753=FACE_SURFACE('',(#7758),#7754,.T.);
#7754=PLANE('',#7755);
#7755=AXIS2_PLACEMENT_3D('',#4583,#7756,#7757);
#7756=DIRECTION('',(0,0,1));
#7757=DIRECTION('',(0.7892177620599446,0.614113445585661,0));
#7758=FACE_BOUND('',#7759,.T.);
#7759=EDGE_LOOP('',(#7760,#7761,#7762));
#7760=ORIENTED_EDGE('',*,*,#7763,.T.);
#7761=ORIENTED_EDGE('',*,*,#7764,.T.);
#7762=ORIENTED_EDGE('',*,*,#7765,.T.);
#7763=EDGE_CURVE('',#4584,#4588,#7766,.F.);
#7764=EDGE_CURVE('',#4588,#4590,#7767,.T.);
#7765=EDGE_CURVE('',#4590,#4584,#7768,.T.);
#7766=LINE('',#4583,#7769);
#7767=LINE('',#4587,#7770);
#7768=LINE('',#4589,#7771);
#7769=VECTOR('',#7772,1.0);
#7770=VECTOR('',#7773,1.0);
#7771=VECTOR('',#7774,1.0);
#7772=DIRECTION('',(0.7892177620599446,0.614113445585661,0));
#7773=DIRECTION('',(0.6141145452932417,0.7892169063440514,0));
#7774=DIRECTION('',(-0.7071073600420595,-0.7071062023305615,0));
#7775=FACE_SURFACE('',(#7780),#7776,.T.);
#7776=PLANE('',#7777);
#7777=AXIS2_PLACEMENT_3D('',#4583,#7778,#7779);
#7778=DIRECTION('',(0,0,1));
#7779=DIRECTION('',(0.7071073600420595,0.7071062023305615,0));
#7780=FACE_BOUND('',#7781,.T.);
#7781=EDGE_LOOP('',(#7782,#7783,#7784));
#7782=ORIENTED_EDGE('',*,*,#7785,.T.);
#7783=ORIENTED_EDGE('',*,*,#7786,.T.);
#7784=ORIENTED_EDGE('',*,*,#7787,.T.);
#7785=EDGE_CURVE('',#4584,#4590,#7788,.F.);
#7786=EDGE_CURVE('',#4590,#4586,#7789,.T.);
#7787=EDGE_CURVE('',#4586,#4584,#7790,.T.);
#7788=LINE('',#4583,#7791);
#7789=LINE('',#4589,#7792);
#7790=LINE('',#4585,#7793);
#7791=VECTOR('',#7794,1.0);
#7792=VECTOR('',#7795,1.0);
#7793=VECTOR('',#7796,1.0);
#7794=DIRECTION('',(0.7071073600420595,0.7071062023305615,0));
#7795=DIRECTION('',(-0.9439263702023164,-0.33015603528737686,0));
#7796=DIRECTION('',(-0.33015713612455394,-0.943925985163049,0));
#7797=FACE_SURFACE('',(#7802),#7798,.T.);
#7798=PLANE('',#7799);
#7799=AXIS2_PLACEMENT_3D('',#4585,#7800,#7801);
#7800=DIRECTION('',(0,0,1));
#7801=DIRECTION('',(0.9439263702023164,0.33015603528737686,0));
#7802=FACE_BOUND('',#7803,.T.);
#7803=EDGE_LOOP('',(#7804,#7805,#7806));
#7804=ORIENTED_EDGE('',*,*,#7807,.T.);
#7805=ORIENTED_EDGE('',*,*,#7808,.T.);
#7806=ORIENTED_EDGE('',*,*,#7809,.T.);
#7807=EDGE_CURVE('',#4586,#4590,#7810,.F.);
#7808=EDGE_CURVE('',#4590,#4592,#7811,.T.);
#7809=EDGE_CURVE('',#4592,#4586,#7812,.T.);
#7810=LINE('',#4585,#7813);
#7811=LINE('',#4589,#7814);
#7812=LINE('',#4591,#7815);
#7813=VECTOR('',#7816,1.0);
#7814=VECTOR('',#7817,1.0);
#7815=VECTOR('',#7818,1.0);
#7816=DIRECTION('',(0.9439263702023164,0.33015603528737686,0));
#7817=DIRECTION('',(0.4316723220145842,0.9020304908408235,0));
#7818=DIRECTION('',(-0.7556274939135326,-0.6550015957552732,0));
#7819=FACE_SURFACE('',(#7824),#7820,.T.);
#7820=PLANE('',#7821);
#7821=AXIS2_PLACEMENT_3D('',#4585,#7822,#7823);
#7822=DIRECTION('',(0,0,1));
#7823=DIRECTION('',(0.7556274939135326,0.6550015957552732,0));
#7824=FACE_BOUND('',#7825,.T.);
#7825=EDGE_LOOP('',(#7826,#7827,#7828));
#7826=ORIENTED_EDGE('',*,*,#7829,.T.);
#7827=ORIENTED_EDGE('',*,*,#7830,.T.);
#7828=ORIENTED_EDGE('',*,*,#7831,.T.);
#7829=EDGE_CURVE('',#4586,#4592,#7832,.F.);
#7830=EDGE_CURVE('',#4592,#4594,#7833,.T.);
#7831=EDGE_CURVE('',#4594,#4586,#7834,.T.);
#7832=LINE('',#4585,#7835);
#7833=LINE('',#4591,#7836);
#7834=LINE('',#4593,#7837);
#7835=VECTOR('',#7838,1.0);
#7836=VECTOR('',#7839,1.0);
#7837=VECTOR('',#7840,1.0);
#7838=DIRECTION('',(0.7556274939135326,0.6550015957552732,0));
#7839=DIRECTION('',(-0.9847787431975521,-0.1738126202157072,0));
#7840=DIRECTION('',(-0.2658873680831516,-0.9640041013884819,0));
#7841=FACE_SURFACE('',(#7846),#7842,.T.);
#7842=PLANE('',#7843);
#7843=AXIS2_PLACEMENT_3D('',#4573,#7844,#7845);
#7844=DIRECTION('',(0,0,1));
#7845=DIRECTION('',(0.9640043395571886,0.2658865045746187,0));
#7846=FACE_BOUND('',#7847,.T.);
#7847=EDGE_LOOP('',(#7848,#7849,#7850));
#7848=ORIENTED_EDGE('',*,*,#7851,.T.);
#7849=ORIENTED_EDGE('',*,*,#7852,.T.);
#7850=ORIENTED_EDGE('',*,*,#7853,.T.);
#7851=EDGE_CURVE('',#4574,#4586,#7854,.F.);
#7852=EDGE_CURVE('',#4586,#4594,#7855,.T.);
#7853=EDGE_CURVE('',#4594,#4574,#7856,.T.);
#7854=LINE('',#4573,#7857);
#7855=LINE('',#4585,#7858);
#7856=LINE('',#4593,#7859);
#7857=VECTOR('',#7860,1.0);
#7858=VECTOR('',#7861,1.0);
#7859=VECTOR('',#7862,1.0);
#7860=DIRECTION('',(0.9640043395571886,0.2658865045746187,0));
#7861=DIRECTION('',(0.2658873680831516,0.9640041013884819,0));
#7862=DIRECTION('',(-0.7071070747394197,-0.7071064876335535,0));
#7863=FACE_SURFACE('',(#7868),#7864,.T.);
#7864=PLANE('',#7865);
#7865=AXIS2_PLACEMENT_3D('',#4573,#7866,#7867);
#7866=DIRECTION('',(0,0,1));
#7867=DIRECTION('',(0.7071070747394197,0.7071064876335535,0));
#7868=FACE_BOUND('',#7869,.T.);
#7869=EDGE_LOOP('',(#7870,#7871,#7872));
#7870=ORIENTED_EDGE('',*,*,#7873,.T.);
#7871=ORIENTED_EDGE('',*,*,#7874,.T.);
#7872=ORIENTED_EDGE('',*,*,#7875,.T.);
#7873=EDGE_CURVE('',#4574,#4594,#7876,.F.);
#7874=EDGE_CURVE('',#4594,#4510,#7877,.T.);
#7875=EDGE_CURVE('',#4510,#4574,#7878,.T.);
#7876=LINE('',#4573,#7879);
#7877=LINE('',#4593,#7880);
#7878=LINE('',#4509,#7881);
#7879=VECTOR('',#7882,1.0);
#7880=VECTOR('',#7883,1.0);
#7881=VECTOR('',#7884,1.0);
#7882=DIRECTION('',(0.7071070747394197,0.7071064876335535,0));
#7883=DIRECTION('',(-0.989287007783569,-0.1459836163089292,0));
#7884=DIRECTION('',(-0.14598396006418113,-0.9892869570574452,0));
#7885=FACE_SURFACE('',(#7890),#7886,.T.);
#7886=PLANE('',#7887);
#7887=AXIS2_PLACEMENT_3D('',#4595,#7888,#7889);
#7888=DIRECTION('',(0,0,1));
#7889=DIRECTION('',(-0.6141156636824465,-0.7892160360888951,0));
#7890=FACE_BOUND('',#7891,.T.);
#7891=EDGE_LOOP('',(#7892,#7893,#7894));
#7892=ORIENTED_EDGE('',*,*,#7895,.T.);
#7893=ORIENTED_EDGE('',*,*,#7896,.T.);
#7894=ORIENTED_EDGE('',*,*,#7897,.T.);
#7895=EDGE_CURVE('',#4596,#4514,#7898,.F.);
#7896=EDGE_CURVE('',#4514,#4510,#7899,.T.);
#7897=EDGE_CURVE('',#4510,#4596,#7900,.T.);
#7898=LINE('',#4595,#7901);
#7899=LINE('',#4513,#7902);
#7900=LINE('',#4509,#7903);
#7901=VECTOR('',#7904,1.0);
#7902=VECTOR('',#7905,1.0);
#7903=VECTOR('',#7906,1.0);
#7904=DIRECTION('',(-0.6141156636824465,-0.7892160360888951,0));
#7905=DIRECTION('',(-0.09426487392015502,-0.9955471528485315,0));
#7906=DIRECTION('',(0.4366315812143673,0.899640407210704,0));
#7907=FACE_SURFACE('',(#7912),#7908,.T.);
#7908=PLANE('',#7909);
#7909=AXIS2_PLACEMENT_3D('',#4509,#7910,#7911);
#7910=DIRECTION('',(0,0,1));
#7911=DIRECTION('',(0.989287007783569,0.1459836163089292,0));
#7912=FACE_BOUND('',#7913,.T.);
#7913=EDGE_LOOP('',(#7914,#7915,#7916));
#7914=ORIENTED_EDGE('',*,*,#7917,.T.);
#7915=ORIENTED_EDGE('',*,*,#7918,.T.);
#7916=ORIENTED_EDGE('',*,*,#7919,.T.);
#7917=EDGE_CURVE('',#4510,#4594,#7920,.F.);
#7918=EDGE_CURVE('',#4594,#4598,#7921,.T.);
#7919=EDGE_CURVE('',#4598,#4510,#7922,.T.);
#7920=LINE('',#4509,#7923);
#7921=LINE('',#4593,#7924);
#7922=LINE('',#4597,#7925);
#7923=VECTOR('',#7926,1.0);
#7924=VECTOR('',#7927,1.0);
#7925=VECTOR('',#7928,1.0);
#7926=DIRECTION('',(0.989287007783569,0.1459836163089292,0));
#7927=DIRECTION('',(0.16511664272514548,0.9862740462443369,0));
#7928=DIRECTION('',(-0.730122226971577,-0.6833165691552231,0));
#7929=FACE_SURFACE('',(#7934),#7930,.T.);
#7930=PLANE('',#7931);
#7931=AXIS2_PLACEMENT_3D('',#4597,#7932,#7933);
#7932=DIRECTION('',(0,0,1));
#7933=DIRECTION('',(-0.9979446924433132,-0.06408112689568563,0));
#7934=FACE_BOUND('',#7935,.T.);
#7935=EDGE_LOOP('',(#7936,#7937,#7938));
#7936=ORIENTED_EDGE('',*,*,#7939,.T.);
#7937=ORIENTED_EDGE('',*,*,#7940,.T.);
#7938=ORIENTED_EDGE('',*,*,#7941,.T.);
#7939=EDGE_CURVE('',#4598,#4600,#7942,.F.);
#7940=EDGE_CURVE('',#4600,#4602,#7943,.T.);
#7941=EDGE_CURVE('',#4602,#4598,#7944,.T.);
#7942=LINE('',#4597,#7945);
#7943=LINE('',#4599,#7946);
#7944=LINE('',#4601,#7947);
#7945=VECTOR('',#7948,1.0);
#7946=VECTOR('',#7949,1.0);
#7947=VECTOR('',#7950,1.0);
#7948=DIRECTION('',(-0.9979446924433132,-0.06408112689568563,0));
#7949=DIRECTION('',(-0.25627542752840315,-0.9666037995192932,0));
#7950=DIRECTION('',(0.9871560289148592,0.15975911422214928,0));
#7951=FACE_SURFACE('',(#7956),#7952,.T.);
#7952=PLANE('',#7953);
#7953=AXIS2_PLACEMENT_3D('',#4595,#7954,#7955);
#7954=DIRECTION('',(-0,0,1));
#7955=DIRECTION('',(-0.4366315812143673,-0.899640407210704,0));
#7956=FACE_BOUND('',#7957,.T.);
#7957=EDGE_LOOP('',(#7958,#7959,#7960));
#7958=ORIENTED_EDGE('',*,*,#7961,.T.);
#7959=ORIENTED_EDGE('',*,*,#7962,.T.);
#7960=ORIENTED_EDGE('',*,*,#7963,.T.);
#7961=EDGE_CURVE('',#4596,#4510,#7964,.F.);
#7962=EDGE_CURVE('',#4510,#4598,#7965,.T.);
#7963=EDGE_CURVE('',#4598,#4596,#7966,.T.);
#7964=LINE('',#4595,#7967);
#7965=LINE('',#4509,#7968);
#7966=LINE('',#4597,#7969);
#7967=VECTOR('',#7970,1.0);
#7968=VECTOR('',#7971,1.0);
#7969=VECTOR('',#7972,1.0);
#7970=DIRECTION('',(-0.4366315812143673,-0.899640407210704,0));
#7971=DIRECTION('',(0.730122226971577,0.6833165691552231,0));
#7972=DIRECTION('',(-0.8410882518202082,-0.5408979133348789,0));
#7973=FACE_SURFACE('',(#7978),#7974,.T.);
#7974=PLANE('',#7975);
#7975=AXIS2_PLACEMENT_3D('',#4595,#7976,#7977);
#7976=DIRECTION('',(0,0,1));
#7977=DIRECTION('',(0.8410882518202082,0.5408979133348789,0));
#7978=FACE_BOUND('',#7979,.T.);
#7979=EDGE_LOOP('',(#7980,#7981,#7982));
#7980=ORIENTED_EDGE('',*,*,#7983,.T.);
#7981=ORIENTED_EDGE('',*,*,#7984,.T.);
#7982=ORIENTED_EDGE('',*,*,#7985,.T.);
#7983=EDGE_CURVE('',#4596,#4598,#7986,.F.);
#7984=EDGE_CURVE('',#4598,#4602,#7987,.T.);
#7985=EDGE_CURVE('',#4602,#4596,#7988,.T.);
#7986=LINE('',#4595,#7989);
#7987=LINE('',#4597,#7990);
#7988=LINE('',#4601,#7991);
#7989=VECTOR('',#7992,1.0);
#7990=VECTOR('',#7993,1.0);
#7991=VECTOR('',#7994,1.0);
#7992=DIRECTION('',(0.8410882518202082,0.5408979133348789,0));
#7993=DIRECTION('',(-0.9871560289148592,-0.15975911422214928,0));
#7994=DIRECTION('',(-0.43167256376503627,-0.9020303751495959,0));
#7995=FACE_SURFACE('',(#8000),#7996,.T.);
#7996=PLANE('',#7997);
#7997=AXIS2_PLACEMENT_3D('',#4593,#7998,#7999);
#7998=DIRECTION('',(0,0,1));
#7999=DIRECTION('',(0.9847787431975521,0.1738126202157072,0));
#8000=FACE_BOUND('',#8001,.T.);
#8001=EDGE_LOOP('',(#8002,#8003,#8004));
#8002=ORIENTED_EDGE('',*,*,#8005,.T.);
#8003=ORIENTED_EDGE('',*,*,#8006,.T.);
#8004=ORIENTED_EDGE('',*,*,#8007,.T.);
#8005=EDGE_CURVE('',#4594,#4592,#8008,.F.);
#8006=EDGE_CURVE('',#4592,#4604,#8009,.T.);
#8007=EDGE_CURVE('',#4604,#4594,#8010,.T.);
#8008=LINE('',#4593,#8011);
#8009=LINE('',#4591,#8012);
#8010=LINE('',#4603,#8013);
#8011=VECTOR('',#8014,1.0);
#8012=VECTOR('',#8015,1.0);
#8013=VECTOR('',#8016,1.0);
#8014=DIRECTION('',(0.9847787431975521,0.1738126202157072,0));
#8015=DIRECTION('',(0.2562739702192821,0.9666041858941261,0));
#8016=DIRECTION('',(-0.7672328775859424,-0.6413686237657673,0));
#8017=FACE_SURFACE('',(#8022),#8018,.T.);
#8018=PLANE('',#8019);
#8019=AXIS2_PLACEMENT_3D('',#4593,#8020,#8021);
#8020=DIRECTION('',(0,0,1));
#8021=DIRECTION('',(0.7672328775859424,0.6413686237657673,0));
#8022=FACE_BOUND('',#8023,.T.);
#8023=EDGE_LOOP('',(#8024,#8025,#8026));
#8024=ORIENTED_EDGE('',*,*,#8027,.T.);
#8025=ORIENTED_EDGE('',*,*,#8028,.T.);
#8026=ORIENTED_EDGE('',*,*,#8029,.T.);
#8027=EDGE_CURVE('',#4594,#4604,#8030,.F.);
#8028=EDGE_CURVE('',#4604,#4598,#8031,.T.);
#8029=EDGE_CURVE('',#4598,#4594,#8032,.T.);
#8030=LINE('',#4593,#8033);
#8031=LINE('',#4603,#8034);
#8032=LINE('',#4597,#8035);
#8033=VECTOR('',#8036,1.0);
#8034=VECTOR('',#8037,1.0);
#8035=VECTOR('',#8038,1.0);
#8036=DIRECTION('',(0.7672328775859424,0.6413686237657673,0));
#8037=DIRECTION('',(-0.9971396191283587,-0.07558161128575965,0));
#8038=DIRECTION('',(-0.16511664272514548,-0.9862740462443369,0));
#8039=FACE_SURFACE('',(#8044),#8040,.T.);
#8040=PLANE('',#8041);
#8041=AXIS2_PLACEMENT_3D('',#4597,#8042,#8043);
#8042=DIRECTION('',(0,0,1));
#8043=DIRECTION('',(0.9971396191283587,0.07558161128575965,0));
#8044=FACE_BOUND('',#8045,.T.);
#8045=EDGE_LOOP('',(#8046,#8047,#8048));
#8046=ORIENTED_EDGE('',*,*,#8049,.T.);
#8047=ORIENTED_EDGE('',*,*,#8050,.T.);
#8048=ORIENTED_EDGE('',*,*,#8051,.T.);
#8049=EDGE_CURVE('',#4598,#4604,#8052,.F.);
#8050=EDGE_CURVE('',#4604,#4606,#8053,.T.);
#8051=EDGE_CURVE('',#4606,#4598,#8054,.T.);
#8052=LINE('',#4597,#8055);
#8053=LINE('',#4603,#8056);
#8054=LINE('',#4605,#8057);
#8055=VECTOR('',#8058,1.0);
#8056=VECTOR('',#8059,1.0);
#8057=VECTOR('',#8060,1.0);
#8058=DIRECTION('',(0.9971396191283587,0.07558161128575965,0));
#8059=DIRECTION('',(0.0853679064873606,0.9963494971855835,0));
#8060=DIRECTION('',(-0.7645855232318508,-0.6445222863984433,0));
#8061=FACE_SURFACE('',(#8066),#8062,.T.);
#8062=PLANE('',#8063);
#8063=AXIS2_PLACEMENT_3D('',#4597,#8064,#8065);
#8064=DIRECTION('',(0,0,1));
#8065=DIRECTION('',(0.7645855232318508,0.6445222863984433,0));
#8066=FACE_BOUND('',#8067,.T.);
#8067=EDGE_LOOP('',(#8068,#8069,#8070));
#8068=ORIENTED_EDGE('',*,*,#8071,.T.);
#8069=ORIENTED_EDGE('',*,*,#8072,.T.);
#8070=ORIENTED_EDGE('',*,*,#8073,.T.);
#8071=EDGE_CURVE('',#4598,#4606,#8074,.F.);
#8072=EDGE_CURVE('',#4606,#4608,#8075,.T.);
#8073=EDGE_CURVE('',#4608,#4598,#8076,.T.);
#8074=LINE('',#4597,#8077);
#8075=LINE('',#4605,#8078);
#8076=LINE('',#4607,#8079);
#8077=VECTOR('',#8080,1.0);
#8078=VECTOR('',#8081,1.0);
#8079=VECTOR('',#8082,1.0);
#8080=DIRECTION('',(0.7645855232318508,0.6445222863984433,0));
#8081=DIRECTION('',(-1,0,0));
#8082=DIRECTION('',(-0.056050881042960646,-0.9984279136393913,0));
#8083=FACE_SURFACE('',(#8088),#8084,.T.);
#8084=PLANE('',#8085);
#8085=AXIS2_PLACEMENT_3D('',#4609,#8086,#8087);
#8086=DIRECTION('',(0,0,1));
#8087=DIRECTION('',(-0.25627339940794475,-0.9666043372320943,0));
#8088=FACE_BOUND('',#8089,.T.);
#8089=EDGE_LOOP('',(#8090,#8091,#8092));
#8090=ORIENTED_EDGE('',*,*,#8093,.T.);
#8091=ORIENTED_EDGE('',*,*,#8094,.T.);
#8092=ORIENTED_EDGE('',*,*,#8095,.T.);
#8093=EDGE_CURVE('',#4610,#4600,#8096,.F.);
#8094=EDGE_CURVE('',#4600,#4598,#8097,.T.);
#8095=EDGE_CURVE('',#4598,#4610,#8098,.T.);
#8096=LINE('',#4609,#8099);
#8097=LINE('',#4599,#8100);
#8098=LINE('',#4597,#8101);
#8099=VECTOR('',#8102,1.0);
#8100=VECTOR('',#8103,1.0);
#8101=VECTOR('',#8104,1.0);
#8102=DIRECTION('',(-0.25627339940794475,-0.9666043372320943,0));
#8103=DIRECTION('',(0.9979446924433132,0.06408112689568563,0));
#8104=DIRECTION('',(-0.8011355399675947,0.5984829543110067,0));
#8105=FACE_SURFACE('',(#8110),#8106,.T.);
#8106=PLANE('',#8107);
#8107=AXIS2_PLACEMENT_3D('',#4597,#8108,#8109);
#8108=DIRECTION('',(0,-0,1));
#8109=DIRECTION('',(0.056050881042960646,0.9984279136393913,0));
#8110=FACE_BOUND('',#8111,.T.);
#8111=EDGE_LOOP('',(#8112,#8113,#8114));
#8112=ORIENTED_EDGE('',*,*,#8115,.T.);
#8113=ORIENTED_EDGE('',*,*,#8116,.T.);
#8114=ORIENTED_EDGE('',*,*,#8117,.T.);
#8115=EDGE_CURVE('',#4598,#4608,#8118,.F.);
#8116=EDGE_CURVE('',#4608,#4612,#8119,.T.);
#8117=EDGE_CURVE('',#4612,#4598,#8120,.T.);
#8118=LINE('',#4597,#8121);
#8119=LINE('',#4607,#8122);
#8120=LINE('',#4611,#8123);
#8121=VECTOR('',#8124,1.0);
#8122=VECTOR('',#8125,1.0);
#8123=VECTOR('',#8126,1.0);
#8124=DIRECTION('',(0.056050881042960646,0.9984279136393913,0));
#8125=DIRECTION('',(-1,0,0));
#8126=DIRECTION('',(0.4664331992448432,-0.8845564259233102,0));
#8127=FACE_SURFACE('',(#8132),#8128,.T.);
#8128=PLANE('',#8129);
#8129=AXIS2_PLACEMENT_3D('',#4609,#8130,#8131);
#8130=DIRECTION('',(-0,0,1));
#8131=DIRECTION('',(0.8011355399675947,-0.5984829543110067,0));
#8132=FACE_BOUND('',#8133,.T.);
#8133=EDGE_LOOP('',(#8134,#8135,#8136));
#8134=ORIENTED_EDGE('',*,*,#8137,.T.);
#8135=ORIENTED_EDGE('',*,*,#8138,.T.);
#8136=ORIENTED_EDGE('',*,*,#8139,.T.);
#8137=EDGE_CURVE('',#4610,#4598,#8140,.F.);
#8138=EDGE_CURVE('',#4598,#4612,#8141,.T.);
#8139=EDGE_CURVE('',#4612,#4610,#8142,.T.);
#8140=LINE('',#4609,#8143);
#8141=LINE('',#4597,#8144);
#8142=LINE('',#4611,#8145);
#8143=VECTOR('',#8146,1.0);
#8144=VECTOR('',#8147,1.0);
#8145=VECTOR('',#8148,1.0);
#8146=DIRECTION('',(0.8011355399675947,-0.5984829543110067,0));
#8147=DIRECTION('',(-0.4664331992448432,0.8845564259233102,0));
#8148=DIRECTION('',(-0.08536769844039713,-0.9963495150111679,0));
#8149=FACE_SURFACE('',(#8154),#8150,.T.);
#8150=PLANE('',#8151);
#8151=AXIS2_PLACEMENT_3D('',#4613,#8152,#8153);
#8152=DIRECTION('',(0,0,1));
#8153=DIRECTION('',(0.0853673050799564,-0.9963495487143985,0));
#8154=FACE_BOUND('',#8155,.T.);
#8155=EDGE_LOOP('',(#8156,#8157,#8158));
#8156=ORIENTED_EDGE('',*,*,#8159,.T.);
#8157=ORIENTED_EDGE('',*,*,#8160,.T.);
#8158=ORIENTED_EDGE('',*,*,#8161,.T.);
#8159=EDGE_CURVE('',#4614,#4612,#8162,.F.);
#8160=EDGE_CURVE('',#4612,#4608,#8163,.T.);
#8161=EDGE_CURVE('',#4608,#4614,#8164,.T.);
#8162=LINE('',#4613,#8165);
#8163=LINE('',#4611,#8166);
#8164=LINE('',#4607,#8167);
#8165=VECTOR('',#8168,1.0);
#8166=VECTOR('',#8169,1.0);
#8167=VECTOR('',#8170,1.0);
#8168=DIRECTION('',(0.0853673050799564,-0.9963495487143985,0));
#8169=DIRECTION('',(1,0,0));
#8170=DIRECTION('',(-0.7429478794645437,0.6693492723527367,0));
#8171=FACE_SURFACE('',(#8176),#8172,.T.);
#8172=PLANE('',#8173);
#8173=AXIS2_PLACEMENT_3D('',#4607,#8174,#8175);
#8174=DIRECTION('',(0,0,1));
#8175=DIRECTION('',(-0.05605101155575431,0.9984279063125072,0));
#8176=FACE_BOUND('',#8177,.T.);
#8177=EDGE_LOOP('',(#8178,#8179,#8180));
#8178=ORIENTED_EDGE('',*,*,#8181,.T.);
#8179=ORIENTED_EDGE('',*,*,#8182,.T.);
#8180=ORIENTED_EDGE('',*,*,#8183,.T.);
#8181=EDGE_CURVE('',#4608,#4616,#8184,.F.);
#8182=EDGE_CURVE('',#4616,#4618,#8185,.T.);
#8183=EDGE_CURVE('',#4618,#4608,#8186,.T.);
#8184=LINE('',#4607,#8187);
#8185=LINE('',#4615,#8188);
#8186=LINE('',#4617,#8189);
#8187=VECTOR('',#8190,1.0);
#8188=VECTOR('',#8191,1.0);
#8189=VECTOR('',#8192,1.0);
#8190=DIRECTION('',(-0.05605101155575431,0.9984279063125072,0));
#8191=DIRECTION('',(-0.9979446911212176,0.06408114748486864,0));
#8192=DIRECTION('',(0.5872829716841519,-0.8093816844788567,0));
#8193=FACE_SURFACE('',(#8198),#8194,.T.);
#8194=PLANE('',#8195);
#8195=AXIS2_PLACEMENT_3D('',#4613,#8196,#8197);
#8196=DIRECTION('',(-0,-0,1));
#8197=DIRECTION('',(0.7429478794645437,-0.6693492723527367,0));
#8198=FACE_BOUND('',#8199,.T.);
#8199=EDGE_LOOP('',(#8200,#8201,#8202));
#8200=ORIENTED_EDGE('',*,*,#8203,.T.);
#8201=ORIENTED_EDGE('',*,*,#8204,.T.);
#8202=ORIENTED_EDGE('',*,*,#8205,.T.);
#8203=EDGE_CURVE('',#4614,#4608,#8206,.F.);
#8204=EDGE_CURVE('',#4608,#4618,#8207,.T.);
#8205=EDGE_CURVE('',#4618,#4614,#8208,.T.);
#8206=LINE('',#4613,#8209);
#8207=LINE('',#4607,#8210);
#8208=LINE('',#4617,#8211);
#8209=VECTOR('',#8212,1.0);
#8210=VECTOR('',#8213,1.0);
#8211=VECTOR('',#8214,1.0);
#8212=DIRECTION('',(0.7429478794645437,-0.6693492723527367,0));
#8213=DIRECTION('',(-0.5872829716841519,0.8093816844788567,0));
#8214=DIRECTION('',(0.25627297386221404,-0.9666044500558731,0));
#8215=FACE_SURFACE('',(#8220),#8216,.T.);
#8216=PLANE('',#8217);
#8217=AXIS2_PLACEMENT_3D('',#4607,#8218,#8219);
#8218=DIRECTION('',(0,0,1));
#8219=DIRECTION('',(1,0,0));
#8220=FACE_BOUND('',#8221,.T.);
#8221=EDGE_LOOP('',(#8222,#8223,#8224));
#8222=ORIENTED_EDGE('',*,*,#8225,.T.);
#8223=ORIENTED_EDGE('',*,*,#8226,.T.);
#8224=ORIENTED_EDGE('',*,*,#8227,.T.);
#8225=EDGE_CURVE('',#4608,#4606,#8228,.F.);
#8226=EDGE_CURVE('',#4606,#4620,#8229,.T.);
#8227=EDGE_CURVE('',#4620,#4608,#8230,.T.);
#8228=LINE('',#4607,#8231);
#8229=LINE('',#4605,#8232);
#8230=LINE('',#4619,#8233);
#8231=VECTOR('',#8234,1.0);
#8232=VECTOR('',#8235,1.0);
#8233=VECTOR('',#8236,1.0);
#8234=DIRECTION('',(1,0,0));
#8235=DIRECTION('',(-0.0853679064873606,0.9963494971855835,0));
#8236=DIRECTION('',(-0.7540562940724189,-0.6568097939051835,0));
#8237=FACE_SURFACE('',(#8242),#8238,.T.);
#8238=PLANE('',#8239);
#8239=AXIS2_PLACEMENT_3D('',#4607,#8240,#8241);
#8240=DIRECTION('',(0,-0,1));
#8241=DIRECTION('',(0.7540562940724189,0.6568097939051835,0));
#8242=FACE_BOUND('',#8243,.T.);
#8243=EDGE_LOOP('',(#8244,#8245,#8246));
#8244=ORIENTED_EDGE('',*,*,#8247,.T.);
#8245=ORIENTED_EDGE('',*,*,#8248,.T.);
#8246=ORIENTED_EDGE('',*,*,#8249,.T.);
#8247=EDGE_CURVE('',#4608,#4620,#8250,.F.);
#8248=EDGE_CURVE('',#4620,#4616,#8251,.T.);
#8249=EDGE_CURVE('',#4616,#4608,#8252,.T.);
#8250=LINE('',#4607,#8253);
#8251=LINE('',#4619,#8254);
#8252=LINE('',#4615,#8255);
#8253=VECTOR('',#8256,1.0);
#8254=VECTOR('',#8257,1.0);
#8255=VECTOR('',#8258,1.0);
#8256=DIRECTION('',(0.7540562940724189,0.6568097939051835,0));
#8257=DIRECTION('',(-0.9971395050046092,0.07558311689235096,0));
#8258=DIRECTION('',(0.05605101155575431,-0.9984279063125072,0));
#8259=FACE_SURFACE('',(#8264),#8260,.T.);
#8260=PLANE('',#8261);
#8261=AXIS2_PLACEMENT_3D('',#4615,#8262,#8263);
#8262=DIRECTION('',(-0,0,1));
#8263=DIRECTION('',(0.9971395050046092,-0.07558311689235096,0));
#8264=FACE_BOUND('',#8265,.T.);
#8265=EDGE_LOOP('',(#8266,#8267,#8268));
#8266=ORIENTED_EDGE('',*,*,#8269,.T.);
#8267=ORIENTED_EDGE('',*,*,#8270,.T.);
#8268=ORIENTED_EDGE('',*,*,#8271,.T.);
#8269=EDGE_CURVE('',#4616,#4620,#8272,.F.);
#8270=EDGE_CURVE('',#4620,#4622,#8273,.T.);
#8271=EDGE_CURVE('',#4622,#4616,#8274,.T.);
#8272=LINE('',#4615,#8275);
#8273=LINE('',#4619,#8276);
#8274=LINE('',#4621,#8277);
#8275=VECTOR('',#8278,1.0);
#8276=VECTOR('',#8279,1.0);
#8277=VECTOR('',#8280,1.0);
#8278=DIRECTION('',(0.9971395050046092,-0.07558311689235096,0));
#8279=DIRECTION('',(-0.2562735077011201,0.966604308520588,0));
#8280=DIRECTION('',(-0.7396018537324321,-0.6730446478173272,0));
#8281=FACE_SURFACE('',(#8286),#8282,.T.);
#8282=PLANE('',#8283);
#8283=AXIS2_PLACEMENT_3D('',#4615,#8284,#8285);
#8284=DIRECTION('',(0,-0,1));
#8285=DIRECTION('',(0.7396018537324321,0.6730446478173272,0));
#8286=FACE_BOUND('',#8287,.T.);
#8287=EDGE_LOOP('',(#8288,#8289,#8290));
#8288=ORIENTED_EDGE('',*,*,#8291,.T.);
#8289=ORIENTED_EDGE('',*,*,#8292,.T.);
#8290=ORIENTED_EDGE('',*,*,#8293,.T.);
#8291=EDGE_CURVE('',#4616,#4622,#8294,.F.);
#8292=EDGE_CURVE('',#4622,#4624,#8295,.T.);
#8293=EDGE_CURVE('',#4624,#4616,#8296,.T.);
#8294=LINE('',#4615,#8297);
#8295=LINE('',#4621,#8298);
#8296=LINE('',#4623,#8299);
#8297=VECTOR('',#8300,1.0);
#8298=VECTOR('',#8301,1.0);
#8299=VECTOR('',#8302,1.0);
#8300=DIRECTION('',(0.7396018537324321,0.6730446478173272,0));
#8301=DIRECTION('',(-0.9847787431975521,0.1738126202157072,0));
#8302=DIRECTION('',(0.16511642075430405,-0.9862740834054636,0));
#8303=FACE_SURFACE('',(#8308),#8304,.T.);
#8304=PLANE('',#8305);
#8305=AXIS2_PLACEMENT_3D('',#4625,#8306,#8307);
#8306=DIRECTION('',(0,0,1));
#8307=DIRECTION('',(0.25627542752840315,-0.9666037995192932,0));
#8308=FACE_BOUND('',#8309,.T.);
#8309=EDGE_LOOP('',(#8310,#8311,#8312));
#8310=ORIENTED_EDGE('',*,*,#8313,.T.);
#8311=ORIENTED_EDGE('',*,*,#8314,.T.);
#8312=ORIENTED_EDGE('',*,*,#8315,.T.);
#8313=EDGE_CURVE('',#4626,#4618,#8316,.F.);
#8314=EDGE_CURVE('',#4618,#4616,#8317,.T.);
#8315=EDGE_CURVE('',#4616,#4626,#8318,.T.);
#8316=LINE('',#4625,#8319);
#8317=LINE('',#4617,#8320);
#8318=LINE('',#4615,#8321);
#8319=VECTOR('',#8322,1.0);
#8320=VECTOR('',#8323,1.0);
#8321=VECTOR('',#8324,1.0);
#8322=DIRECTION('',(0.25627542752840315,-0.9666037995192932,0));
#8323=DIRECTION('',(0.9979446911212176,-0.06408114748486864,0));
#8324=DIRECTION('',(-0.9871560210003443,0.15975916312615057,0));
#8325=FACE_SURFACE('',(#8330),#8326,.T.);
#8326=PLANE('',#8327);
#8327=AXIS2_PLACEMENT_3D('',#4615,#8328,#8329);
#8328=DIRECTION('',(0,0,1));
#8329=DIRECTION('',(-0.16511642075430405,0.9862740834054636,0));
#8330=FACE_BOUND('',#8331,.T.);
#8331=EDGE_LOOP('',(#8332,#8333,#8334));
#8332=ORIENTED_EDGE('',*,*,#8335,.T.);
#8333=ORIENTED_EDGE('',*,*,#8336,.T.);
#8334=ORIENTED_EDGE('',*,*,#8337,.T.);
#8335=EDGE_CURVE('',#4616,#4624,#8338,.F.);
#8336=EDGE_CURVE('',#4624,#4524,#8339,.T.);
#8337=EDGE_CURVE('',#4524,#4616,#8340,.T.);
#8338=LINE('',#4615,#8341);
#8339=LINE('',#4623,#8342);
#8340=LINE('',#4523,#8343);
#8341=VECTOR('',#8344,1.0);
#8342=VECTOR('',#8345,1.0);
#8343=VECTOR('',#8346,1.0);
#8344=DIRECTION('',(-0.16511642075430405,0.9862740834054636,0));
#8345=DIRECTION('',(-0.989287007783569,0.1459836163089292,0));
#8346=DIRECTION('',(0.7301221632166371,-0.6833166372772277,0));
#8347=FACE_SURFACE('',(#8352),#8348,.T.);
#8348=PLANE('',#8349);
#8349=AXIS2_PLACEMENT_3D('',#4523,#8350,#8351);
#8350=DIRECTION('',(0,0,1));
#8351=DIRECTION('',(0.09426588583687874,-0.9955470570331613,0));
#8352=FACE_BOUND('',#8353,.T.);
#8353=EDGE_LOOP('',(#8354,#8355,#8356));
#8354=ORIENTED_EDGE('',*,*,#8357,.T.);
#8355=ORIENTED_EDGE('',*,*,#8358,.T.);
#8356=ORIENTED_EDGE('',*,*,#8359,.T.);
#8357=EDGE_CURVE('',#4524,#4530,#8360,.F.);
#8358=EDGE_CURVE('',#4530,#4628,#8361,.T.);
#8359=EDGE_CURVE('',#4628,#4524,#8362,.T.);
#8360=LINE('',#4523,#8363);
#8361=LINE('',#4529,#8364);
#8362=LINE('',#4627,#8365);
#8363=VECTOR('',#8366,1.0);
#8364=VECTOR('',#8367,1.0);
#8365=VECTOR('',#8368,1.0);
#8366=DIRECTION('',(0.09426588583687874,-0.9955470570331613,0));
#8367=DIRECTION('',(0.6141152858344625,-0.7892163301050329,0));
#8368=DIRECTION('',(-0.4366315812143673,0.899640407210704,0));
#8369=FACE_SURFACE('',(#8374),#8370,.T.);
#8370=PLANE('',#8371);
#8371=AXIS2_PLACEMENT_3D('',#4627,#8372,#8373);
#8372=DIRECTION('',(0,0,1));
#8373=DIRECTION('',(0.43167256376503627,-0.9020303751495959,0));
#8374=FACE_BOUND('',#8375,.T.);
#8375=EDGE_LOOP('',(#8376,#8377,#8378));
#8376=ORIENTED_EDGE('',*,*,#8379,.T.);
#8377=ORIENTED_EDGE('',*,*,#8380,.T.);
#8378=ORIENTED_EDGE('',*,*,#8381,.T.);
#8379=EDGE_CURVE('',#4628,#4626,#8382,.F.);
#8380=EDGE_CURVE('',#4626,#4616,#8383,.T.);
#8381=EDGE_CURVE('',#4616,#4628,#8384,.T.);
#8382=LINE('',#4627,#8385);
#8383=LINE('',#4625,#8386);
#8384=LINE('',#4615,#8387);
#8385=VECTOR('',#8388,1.0);
#8386=VECTOR('',#8389,1.0);
#8387=VECTOR('',#8390,1.0);
#8388=DIRECTION('',(0.43167256376503627,-0.9020303751495959,0));
#8389=DIRECTION('',(0.9871560210003443,-0.15975916312615057,0));
#8390=DIRECTION('',(-0.84108819381758,0.5408980035280969,0));
#8391=FACE_SURFACE('',(#8396),#8392,.T.);
#8392=PLANE('',#8393);
#8393=AXIS2_PLACEMENT_3D('',#4615,#8394,#8395);
#8394=DIRECTION('',(0,0,1));
#8395=DIRECTION('',(-0.7301221632166371,0.6833166372772277,0));
#8396=FACE_BOUND('',#8397,.T.);
#8397=EDGE_LOOP('',(#8398,#8399,#8400));
#8398=ORIENTED_EDGE('',*,*,#8401,.T.);
#8399=ORIENTED_EDGE('',*,*,#8402,.T.);
#8400=ORIENTED_EDGE('',*,*,#8403,.T.);
#8401=EDGE_CURVE('',#4616,#4524,#8404,.F.);
#8402=EDGE_CURVE('',#4524,#4628,#8405,.T.);
#8403=EDGE_CURVE('',#4628,#4616,#8406,.T.);
#8404=LINE('',#4615,#8407);
#8405=LINE('',#4523,#8408);
#8406=LINE('',#4627,#8409);
#8407=VECTOR('',#8410,1.0);
#8408=VECTOR('',#8411,1.0);
#8409=VECTOR('',#8412,1.0);
#8410=DIRECTION('',(-0.7301221632166371,0.6833166372772277,0));
#8411=DIRECTION('',(0.4366315812143673,-0.899640407210704,0));
#8412=DIRECTION('',(0.84108819381758,-0.5408980035280969,0));
#8413=FACE_SURFACE('',(#8418),#8414,.T.);
#8414=PLANE('',#8415);
#8415=AXIS2_PLACEMENT_3D('',#4523,#8416,#8417);
#8416=DIRECTION('',(-0,0,1));
#8417=DIRECTION('',(0.989287007783569,-0.1459836163089292,0));
#8418=FACE_BOUND('',#8419,.T.);
#8419=EDGE_LOOP('',(#8420,#8421,#8422));
#8420=ORIENTED_EDGE('',*,*,#8423,.T.);
#8421=ORIENTED_EDGE('',*,*,#8424,.T.);
#8422=ORIENTED_EDGE('',*,*,#8425,.T.);
#8423=EDGE_CURVE('',#4524,#4624,#8426,.F.);
#8424=EDGE_CURVE('',#4624,#4630,#8427,.T.);
#8425=EDGE_CURVE('',#4630,#4524,#8428,.T.);
#8426=LINE('',#4523,#8429);
#8427=LINE('',#4623,#8430);
#8428=LINE('',#4629,#8431);
#8429=VECTOR('',#8432,1.0);
#8430=VECTOR('',#8433,1.0);
#8431=VECTOR('',#8434,1.0);
#8432=DIRECTION('',(0.989287007783569,-0.1459836163089292,0));
#8433=DIRECTION('',(-0.26588824462269717,0.9640038596247739,0));
#8434=DIRECTION('',(-0.7071072781501065,-0.7071062842226391,0));
#8435=FACE_SURFACE('',(#8440),#8436,.T.);
#8436=PLANE('',#8437);
#8437=AXIS2_PLACEMENT_3D('',#4523,#8438,#8439);
#8438=DIRECTION('',(0,-0,1));
#8439=DIRECTION('',(0.7071072781501065,0.7071062842226391,0));
#8440=FACE_BOUND('',#8441,.T.);
#8441=EDGE_LOOP('',(#8442,#8443,#8444));
#8442=ORIENTED_EDGE('',*,*,#8445,.T.);
#8443=ORIENTED_EDGE('',*,*,#8446,.T.);
#8444=ORIENTED_EDGE('',*,*,#8447,.T.);
#8445=EDGE_CURVE('',#4524,#4630,#8448,.F.);
#8446=EDGE_CURVE('',#4630,#4632,#8449,.T.);
#8447=EDGE_CURVE('',#4632,#4524,#8450,.T.);
#8448=LINE('',#4523,#8451);
#8449=LINE('',#4629,#8452);
#8450=LINE('',#4631,#8453);
#8451=VECTOR('',#8454,1.0);
#8452=VECTOR('',#8455,1.0);
#8453=VECTOR('',#8456,1.0);
#8454=DIRECTION('',(0.7071072781501065,0.7071062842226391,0));
#8455=DIRECTION('',(-0.9640038610652834,0.2658882393999891,0));
#8456=DIRECTION('',(0.14598396006418113,-0.9892869570574452,0));
#8457=FACE_SURFACE('',(#8462),#8458,.T.);
#8458=PLANE('',#8459);
#8459=AXIS2_PLACEMENT_3D('',#4623,#8460,#8461);
#8460=DIRECTION('',(-0,0,1));
#8461=DIRECTION('',(0.9847787431975521,-0.1738126202157072,0));
#8462=FACE_BOUND('',#8463,.T.);
#8463=EDGE_LOOP('',(#8464,#8465,#8466));
#8464=ORIENTED_EDGE('',*,*,#8467,.T.);
#8465=ORIENTED_EDGE('',*,*,#8468,.T.);
#8466=ORIENTED_EDGE('',*,*,#8469,.T.);
#8467=EDGE_CURVE('',#4624,#4622,#8470,.F.);
#8468=EDGE_CURVE('',#4622,#4634,#8471,.T.);
#8469=EDGE_CURVE('',#4634,#4624,#8472,.T.);
#8470=LINE('',#4623,#8473);
#8471=LINE('',#4621,#8474);
#8472=LINE('',#4633,#8475);
#8473=VECTOR('',#8476,1.0);
#8474=VECTOR('',#8477,1.0);
#8475=VECTOR('',#8478,1.0);
#8476=DIRECTION('',(0.9847787431975521,-0.1738126202157072,0));
#8477=DIRECTION('',(-0.43167306236142117,0.9020301365428499,0));
#8478=DIRECTION('',(-0.7233416809558947,-0.690490269730067,0));
#8479=FACE_SURFACE('',(#8484),#8480,.T.);
#8480=PLANE('',#8481);
#8481=AXIS2_PLACEMENT_3D('',#4623,#8482,#8483);
#8482=DIRECTION('',(0,-0,1));
#8483=DIRECTION('',(0.7233416809558947,0.690490269730067,0));
#8484=FACE_BOUND('',#8485,.T.);
#8485=EDGE_LOOP('',(#8486,#8487,#8488));
#8486=ORIENTED_EDGE('',*,*,#8489,.T.);
#8487=ORIENTED_EDGE('',*,*,#8490,.T.);
#8488=ORIENTED_EDGE('',*,*,#8491,.T.);
#8489=EDGE_CURVE('',#4624,#4634,#8492,.F.);
#8490=EDGE_CURVE('',#4634,#4630,#8493,.T.);
#8491=EDGE_CURVE('',#4630,#4624,#8494,.T.);
#8492=LINE('',#4623,#8495);
#8493=LINE('',#4633,#8496);
#8494=LINE('',#4629,#8497);
#8495=VECTOR('',#8498,1.0);
#8496=VECTOR('',#8499,1.0);
#8497=VECTOR('',#8500,1.0);
#8498=DIRECTION('',(0.7233416809558947,0.690490269730067,0));
#8499=DIRECTION('',(-0.9439264212915331,0.3301558892216812,0));
#8500=DIRECTION('',(0.26588824462269717,-0.9640038596247739,0));
#8501=FACE_SURFACE('',(#8506),#8502,.T.);
#8502=PLANE('',#8503);
#8503=AXIS2_PLACEMENT_3D('',#4629,#8504,#8505);
#8504=DIRECTION('',(-0,0,1));
#8505=DIRECTION('',(0.9439264212915331,-0.3301558892216812,0));
#8506=FACE_BOUND('',#8507,.T.);
#8507=EDGE_LOOP('',(#8508,#8509,#8510));
#8508=ORIENTED_EDGE('',*,*,#8511,.T.);
#8509=ORIENTED_EDGE('',*,*,#8512,.T.);
#8510=ORIENTED_EDGE('',*,*,#8513,.T.);
#8511=EDGE_CURVE('',#4630,#4634,#8514,.F.);
#8512=EDGE_CURVE('',#4634,#4636,#8515,.T.);
#8513=EDGE_CURVE('',#4636,#4630,#8516,.T.);
#8514=LINE('',#4629,#8517);
#8515=LINE('',#4633,#8518);
#8516=LINE('',#4635,#8519);
#8517=VECTOR('',#8520,1.0);
#8518=VECTOR('',#8521,1.0);
#8519=VECTOR('',#8522,1.0);
#8520=DIRECTION('',(0.9439264212915331,-0.3301558892216812,0));
#8521=DIRECTION('',(-0.6141136067728052,0.7892176366354824,0));
#8522=DIRECTION('',(-0.7071068815972459,-0.7071066807758349,0));
#8523=FACE_SURFACE('',(#8528),#8524,.T.);
#8524=PLANE('',#8525);
#8525=AXIS2_PLACEMENT_3D('',#4629,#8526,#8527);
#8526=DIRECTION('',(0,-0,1));
#8527=DIRECTION('',(0.7071068815972459,0.7071066807758349,0));
#8528=FACE_BOUND('',#8529,.T.);
#8529=EDGE_LOOP('',(#8530,#8531,#8532));
#8530=ORIENTED_EDGE('',*,*,#8533,.T.);
#8531=ORIENTED_EDGE('',*,*,#8534,.T.);
#8532=ORIENTED_EDGE('',*,*,#8535,.T.);
#8533=EDGE_CURVE('',#4630,#4636,#8536,.F.);
#8534=EDGE_CURVE('',#4636,#4638,#8537,.T.);
#8535=EDGE_CURVE('',#4638,#4630,#8538,.T.);
#8536=LINE('',#4629,#8539);
#8537=LINE('',#4635,#8540);
#8538=LINE('',#4637,#8541);
#8539=VECTOR('',#8542,1.0);
#8540=VECTOR('',#8543,1.0);
#8541=VECTOR('',#8544,1.0);
#8542=DIRECTION('',(0.7071068815972459,0.7071066807758349,0));
#8543=DIRECTION('',(-0.7892177620599446,0.614113445585661,0));
#8544=DIRECTION('',(0.3301561706280961,-0.9439263228643385,0));
#8545=FACE_SURFACE('',(#8550),#8546,.T.);
#8546=PLANE('',#8547);
#8547=AXIS2_PLACEMENT_3D('',#4631,#8548,#8549);
#8548=DIRECTION('',(-0,0,1));
#8549=DIRECTION('',(0.9640038610652834,-0.2658882393999891,0));
#8550=FACE_BOUND('',#8551,.T.);
#8551=EDGE_LOOP('',(#8552,#8553,#8554));
#8552=ORIENTED_EDGE('',*,*,#8555,.T.);
#8553=ORIENTED_EDGE('',*,*,#8556,.T.);
#8554=ORIENTED_EDGE('',*,*,#8557,.T.);
#8555=EDGE_CURVE('',#4632,#4630,#8558,.F.);
#8556=EDGE_CURVE('',#4630,#4638,#8559,.T.);
#8557=EDGE_CURVE('',#4638,#4632,#8560,.T.);
#8558=LINE('',#4631,#8561);
#8559=LINE('',#4629,#8562);
#8560=LINE('',#4637,#8563);
#8561=VECTOR('',#8564,1.0);
#8562=VECTOR('',#8565,1.0);
#8563=VECTOR('',#8566,1.0);
#8564=DIRECTION('',(0.9640038610652834,-0.2658882393999891,0));
#8565=DIRECTION('',(-0.3301561706280961,0.9439263228643385,0));
#8566=DIRECTION('',(-0.6904911072959851,-0.7233408814280888,0));
#8567=FACE_SURFACE('',(#8572),#8568,.T.);
#8568=PLANE('',#8569);
#8569=AXIS2_PLACEMENT_3D('',#4631,#8570,#8571);
#8570=DIRECTION('',(0,-0,1));
#8571=DIRECTION('',(0.6904911072959851,0.7233408814280888,0));
#8572=FACE_BOUND('',#8573,.T.);
#8573=EDGE_LOOP('',(#8574,#8575,#8576));
#8574=ORIENTED_EDGE('',*,*,#8577,.T.);
#8575=ORIENTED_EDGE('',*,*,#8578,.T.);
#8576=ORIENTED_EDGE('',*,*,#8579,.T.);
#8577=EDGE_CURVE('',#4632,#4638,#8580,.F.);
#8578=EDGE_CURVE('',#4638,#4640,#8581,.T.);
#8579=EDGE_CURVE('',#4640,#4632,#8582,.T.);
#8580=LINE('',#4631,#8583);
#8581=LINE('',#4637,#8584);
#8582=LINE('',#4639,#8585);
#8583=VECTOR('',#8586,1.0);
#8584=VECTOR('',#8587,1.0);
#8585=VECTOR('',#8588,1.0);
#8586=DIRECTION('',(0.6904911072959851,0.7233408814280888,0));
#8587=DIRECTION('',(-0.9020302386141528,0.43167284907171827,0));
#8588=DIRECTION('',(0.17381162862823066,-0.9847789182113933,0));
#8589=FACE_SURFACE('',(#8594),#8590,.T.);
#8590=PLANE('',#8591);
#8591=AXIS2_PLACEMENT_3D('',#4641,#8592,#8593);
#8592=DIRECTION('',(-0,0,1));
#8593=DIRECTION('',(0.9666044988896422,-0.2562727896720674,0));
#8594=FACE_BOUND('',#8595,.T.);
#8595=EDGE_LOOP('',(#8596,#8597,#8598));
#8596=ORIENTED_EDGE('',*,*,#8599,.T.);
#8597=ORIENTED_EDGE('',*,*,#8600,.T.);
#8598=ORIENTED_EDGE('',*,*,#8601,.T.);
#8599=EDGE_CURVE('',#4642,#4644,#8602,.F.);
#8600=EDGE_CURVE('',#4644,#4646,#8603,.T.);
#8601=EDGE_CURVE('',#4646,#4642,#8604,.T.);
#8602=LINE('',#4641,#8605);
#8603=LINE('',#4643,#8606);
#8604=LINE('',#4645,#8607);
#8605=VECTOR('',#8608,1.0);
#8606=VECTOR('',#8609,1.0);
#8607=VECTOR('',#8610,1.0);
#8608=DIRECTION('',(0.9666044988896422,-0.2562727896720674,0));
#8609=DIRECTION('',(-0.06408058322486664,0.9979447273539557,0));
#8610=DIRECTION('',(-0.5984854162090644,-0.8011337008172001,0));
#8611=FACE_SURFACE('',(#8616),#8612,.T.);
#8612=PLANE('',#8613);
#8613=AXIS2_PLACEMENT_3D('',#4645,#8614,#8615);
#8614=DIRECTION('',(0,0,1));
#8615=DIRECTION('',(-0.9984279422073744,0.05605037216243989,0));
#8616=FACE_BOUND('',#8617,.T.);
#8617=EDGE_LOOP('',(#8618,#8619,#8620));
#8618=ORIENTED_EDGE('',*,*,#8621,.T.);
#8619=ORIENTED_EDGE('',*,*,#8622,.T.);
#8620=ORIENTED_EDGE('',*,*,#8623,.T.);
#8621=EDGE_CURVE('',#4646,#4648,#8624,.F.);
#8622=EDGE_CURVE('',#4648,#4650,#8625,.T.);
#8623=EDGE_CURVE('',#4650,#4646,#8626,.T.);
#8624=LINE('',#4645,#8627);
#8625=LINE('',#4647,#8628);
#8626=LINE('',#4649,#8629);
#8627=VECTOR('',#8630,1.0);
#8628=VECTOR('',#8631,1.0);
#8629=VECTOR('',#8632,1.0);
#8630=DIRECTION('',(-0.9984279422073744,0.05605037216243989,0));
#8631=DIRECTION('',(4.26286959101218E-09,-1,0));
#8632=DIRECTION('',(0.8845566791817914,0.4664327189583525,0));
#8633=FACE_SURFACE('',(#8638),#8634,.T.);
#8634=PLANE('',#8635);
#8635=AXIS2_PLACEMENT_3D('',#4641,#8636,#8637);
#8636=DIRECTION('',(0,-0,1));
#8637=DIRECTION('',(0.5984854162090644,0.8011337008172001,0));
#8638=FACE_BOUND('',#8639,.T.);
#8639=EDGE_LOOP('',(#8640,#8641,#8642));
#8640=ORIENTED_EDGE('',*,*,#8643,.T.);
#8641=ORIENTED_EDGE('',*,*,#8644,.T.);
#8642=ORIENTED_EDGE('',*,*,#8645,.T.);
#8643=EDGE_CURVE('',#4642,#4646,#8646,.F.);
#8644=EDGE_CURVE('',#4646,#4650,#8647,.T.);
#8645=EDGE_CURVE('',#4650,#4642,#8648,.T.);
#8646=LINE('',#4641,#8649);
#8647=LINE('',#4645,#8650);
#8648=LINE('',#4649,#8651);
#8649=VECTOR('',#8652,1.0);
#8650=VECTOR('',#8653,1.0);
#8651=VECTOR('',#8654,1.0);
#8652=DIRECTION('',(0.5984854162090644,0.8011337008172001,0));
#8653=DIRECTION('',(-0.8845566791817914,-0.4664327189583525,0));
#8654=DIRECTION('',(0.9963497249364577,-0.08536524831010141,0));
#8655=FACE_SURFACE('',(#8660),#8656,.T.);
#8656=PLANE('',#8657);
#8657=AXIS2_PLACEMENT_3D('',#4651,#8658,#8659);
#8658=DIRECTION('',(0,0,1));
#8659=DIRECTION('',(0.7892172073481,-0.6141141584637715,0));
#8660=FACE_BOUND('',#8661,.T.);
#8661=EDGE_LOOP('',(#8662,#8663,#8664));
#8662=ORIENTED_EDGE('',*,*,#8665,.T.);
#8663=ORIENTED_EDGE('',*,*,#8666,.T.);
#8664=ORIENTED_EDGE('',*,*,#8667,.T.);
#8665=EDGE_CURVE('',#4652,#4526,#8668,.F.);
#8666=EDGE_CURVE('',#4526,#4524,#8669,.T.);
#8667=EDGE_CURVE('',#4524,#4652,#8670,.T.);
#8668=LINE('',#4651,#8671);
#8669=LINE('',#4525,#8672);
#8670=LINE('',#4523,#8673);
#8671=VECTOR('',#8674,1.0);
#8672=VECTOR('',#8675,1.0);
#8673=VECTOR('',#8676,1.0);
#8674=DIRECTION('',(0.7892172073481,-0.6141141584637715,0));
#8675=DIRECTION('',(0.9955472015457953,-0.09426435961876352,0));
#8676=DIRECTION('',(-0.8996409558426847,0.43663045080532414,0));
#8677=FACE_SURFACE('',(#8682),#8678,.T.);
#8678=PLANE('',#8679);
#8679=AXIS2_PLACEMENT_3D('',#4523,#8680,#8681);
#8680=DIRECTION('',(0,0,1));
#8681=DIRECTION('',(-0.14598396006418113,0.9892869570574452,0));
#8682=FACE_BOUND('',#8683,.T.);
#8683=EDGE_LOOP('',(#8684,#8685,#8686));
#8684=ORIENTED_EDGE('',*,*,#8687,.T.);
#8685=ORIENTED_EDGE('',*,*,#8688,.T.);
#8686=ORIENTED_EDGE('',*,*,#8689,.T.);
#8687=EDGE_CURVE('',#4524,#4632,#8690,.F.);
#8688=EDGE_CURVE('',#4632,#4646,#8691,.T.);
#8689=EDGE_CURVE('',#4646,#4524,#8692,.T.);
#8690=LINE('',#4523,#8693);
#8691=LINE('',#4631,#8694);
#8692=LINE('',#4645,#8695);
#8693=VECTOR('',#8696,1.0);
#8694=VECTOR('',#8697,1.0);
#8695=VECTOR('',#8698,1.0);
#8696=DIRECTION('',(-0.14598396006418113,0.9892869570574452,0));
#8697=DIRECTION('',(-0.986274050309,0.16511661844611605,0));
#8698=DIRECTION('',(0.6833167656738165,-0.7301220430510741,0));
#8699=FACE_SURFACE('',(#8704),#8700,.T.);
#8700=PLANE('',#8701);
#8701=AXIS2_PLACEMENT_3D('',#4645,#8702,#8703);
#8702=DIRECTION('',(0,0,1));
#8703=DIRECTION('',(0.06408058322486664,-0.9979447273539557,0));
#8704=FACE_BOUND('',#8705,.T.);
#8705=EDGE_LOOP('',(#8706,#8707,#8708));
#8706=ORIENTED_EDGE('',*,*,#8709,.T.);
#8707=ORIENTED_EDGE('',*,*,#8710,.T.);
#8708=ORIENTED_EDGE('',*,*,#8711,.T.);
#8709=EDGE_CURVE('',#4646,#4644,#8712,.F.);
#8710=EDGE_CURVE('',#4644,#4654,#8713,.T.);
#8711=EDGE_CURVE('',#4654,#4646,#8714,.T.);
#8712=LINE('',#4645,#8715);
#8713=LINE('',#4643,#8716);
#8714=LINE('',#4653,#8717);
#8715=VECTOR('',#8718,1.0);
#8716=VECTOR('',#8719,1.0);
#8717=VECTOR('',#8720,1.0);
#8718=DIRECTION('',(0.06408058322486664,-0.9979447273539557,0));
#8719=DIRECTION('',(0.9666012509243065,-0.25628503996832497,0));
#8720=DIRECTION('',(-0.1597580545865717,0.9871562004033172,0));
#8721=FACE_SURFACE('',(#8726),#8722,.T.);
#8722=PLANE('',#8723);
#8723=AXIS2_PLACEMENT_3D('',#4651,#8724,#8725);
#8724=DIRECTION('',(-0,-0,1));
#8725=DIRECTION('',(0.8996409558426847,-0.43663045080532414,0));
#8726=FACE_BOUND('',#8727,.T.);
#8727=EDGE_LOOP('',(#8728,#8729,#8730));
#8728=ORIENTED_EDGE('',*,*,#8731,.T.);
#8729=ORIENTED_EDGE('',*,*,#8732,.T.);
#8730=ORIENTED_EDGE('',*,*,#8733,.T.);
#8731=EDGE_CURVE('',#4652,#4524,#8734,.F.);
#8732=EDGE_CURVE('',#4524,#4646,#8735,.T.);
#8733=EDGE_CURVE('',#4646,#4652,#8736,.T.);
#8734=LINE('',#4651,#8737);
#8735=LINE('',#4523,#8738);
#8736=LINE('',#4645,#8739);
#8737=VECTOR('',#8740,1.0);
#8738=VECTOR('',#8741,1.0);
#8739=VECTOR('',#8742,1.0);
#8740=DIRECTION('',(0.8996409558426847,-0.43663045080532414,0));
#8741=DIRECTION('',(-0.6833167656738165,0.7301220430510741,0));
#8742=DIRECTION('',(0.5408974935827281,-0.8410885217597032,0));
#8743=FACE_SURFACE('',(#8748),#8744,.T.);
#8744=PLANE('',#8745);
#8745=AXIS2_PLACEMENT_3D('',#4651,#8746,#8747);
#8746=DIRECTION('',(0,0,1));
#8747=DIRECTION('',(-0.5408974935827281,0.8410885217597032,0));
#8748=FACE_BOUND('',#8749,.T.);
#8749=EDGE_LOOP('',(#8750,#8751,#8752));
#8750=ORIENTED_EDGE('',*,*,#8753,.T.);
#8751=ORIENTED_EDGE('',*,*,#8754,.T.);
#8752=ORIENTED_EDGE('',*,*,#8755,.T.);
#8753=EDGE_CURVE('',#4652,#4646,#8756,.F.);
#8754=EDGE_CURVE('',#4646,#4654,#8757,.T.);
#8755=EDGE_CURVE('',#4654,#4652,#8758,.T.);
#8756=LINE('',#4651,#8759);
#8757=LINE('',#4645,#8760);
#8758=LINE('',#4653,#8761);
#8759=VECTOR('',#8762,1.0);
#8760=VECTOR('',#8763,1.0);
#8761=VECTOR('',#8764,1.0);
#8762=DIRECTION('',(-0.5408974935827281,0.8410885217597032,0));
#8763=DIRECTION('',(0.1597580545865717,-0.9871562004033172,0));
#8764=DIRECTION('',(0.9020297947006506,-0.43167377667898965,0));
#8765=FACE_SURFACE('',(#8770),#8766,.T.);
#8766=PLANE('',#8767);
#8767=AXIS2_PLACEMENT_3D('',#4645,#8768,#8769);
#8768=DIRECTION('',(-0,0,1));
#8769=DIRECTION('',(0.986274050309,-0.16511661844611605,0));
#8770=FACE_BOUND('',#8771,.T.);
#8771=EDGE_LOOP('',(#8772,#8773,#8774));
#8772=ORIENTED_EDGE('',*,*,#8775,.T.);
#8773=ORIENTED_EDGE('',*,*,#8776,.T.);
#8774=ORIENTED_EDGE('',*,*,#8777,.T.);
#8775=EDGE_CURVE('',#4646,#4632,#8778,.F.);
#8776=EDGE_CURVE('',#4632,#4640,#8779,.T.);
#8777=EDGE_CURVE('',#4640,#4646,#8780,.T.);
#8778=LINE('',#4645,#8781);
#8779=LINE('',#4631,#8782);
#8780=LINE('',#4639,#8783);
#8781=VECTOR('',#8784,1.0);
#8782=VECTOR('',#8785,1.0);
#8783=VECTOR('',#8786,1.0);
#8784=DIRECTION('',(0.986274050309,-0.16511661844611605,0));
#8785=DIRECTION('',(-0.17381162862823066,0.9847789182113933,0));
#8786=DIRECTION('',(-0.6730453471905519,-0.7396012172956109,0));
#8787=FACE_SURFACE('',(#8792),#8788,.T.);
#8788=PLANE('',#8789);
#8789=AXIS2_PLACEMENT_3D('',#4645,#8790,#8791);
#8790=DIRECTION('',(0,-0,1));
#8791=DIRECTION('',(0.6730453471905519,0.7396012172956109,0));
#8792=FACE_BOUND('',#8793,.T.);
#8793=EDGE_LOOP('',(#8794,#8795,#8796));
#8794=ORIENTED_EDGE('',*,*,#8797,.T.);
#8795=ORIENTED_EDGE('',*,*,#8798,.T.);
#8796=ORIENTED_EDGE('',*,*,#8799,.T.);
#8797=EDGE_CURVE('',#4646,#4640,#8800,.F.);
#8798=EDGE_CURVE('',#4640,#4656,#8801,.T.);
#8799=EDGE_CURVE('',#4656,#4646,#8802,.T.);
#8800=LINE('',#4645,#8803);
#8801=LINE('',#4639,#8804);
#8802=LINE('',#4655,#8805);
#8803=VECTOR('',#8806,1.0);
#8804=VECTOR('',#8807,1.0);
#8805=VECTOR('',#8808,1.0);
#8806=DIRECTION('',(0.6730453471905519,0.7396012172956109,0));
#8807=DIRECTION('',(-0.96660430120899,0.25627353527877217,0));
#8808=DIRECTION('',(0.07558249218257485,-0.9971395523573775,0));
#8809=FACE_SURFACE('',(#8814),#8810,.T.);
#8810=PLANE('',#8811);
#8811=AXIS2_PLACEMENT_3D('',#4647,#8812,#8813);
#8812=DIRECTION('',(-0,0,1));
#8813=DIRECTION('',(0.9984279422073744,-0.05605037216243989,0));
#8814=FACE_BOUND('',#8815,.T.);
#8815=EDGE_LOOP('',(#8816,#8817,#8818));
#8816=ORIENTED_EDGE('',*,*,#8819,.T.);
#8817=ORIENTED_EDGE('',*,*,#8820,.T.);
#8818=ORIENTED_EDGE('',*,*,#8821,.T.);
#8819=EDGE_CURVE('',#4648,#4646,#8822,.F.);
#8820=EDGE_CURVE('',#4646,#4656,#8823,.T.);
#8821=EDGE_CURVE('',#4656,#4648,#8824,.T.);
#8822=LINE('',#4647,#8825);
#8823=LINE('',#4645,#8826);
#8824=LINE('',#4655,#8827);
#8825=VECTOR('',#8828,1.0);
#8826=VECTOR('',#8829,1.0);
#8827=VECTOR('',#8830,1.0);
#8828=DIRECTION('',(0.9984279422073744,-0.05605037216243989,0));
#8829=DIRECTION('',(-0.07558249218257485,0.9971395523573775,0));
#8830=DIRECTION('',(-0.6568097164183919,-0.7540563615661574,0));
#8831=FACE_SURFACE('',(#8836),#8832,.T.);
#8832=PLANE('',#8833);
#8833=AXIS2_PLACEMENT_3D('',#4647,#8834,#8835);
#8834=DIRECTION('',(0,-0,1));
#8835=DIRECTION('',(0.6568097164183919,0.7540563615661574,0));
#8836=FACE_BOUND('',#8837,.T.);
#8837=EDGE_LOOP('',(#8838,#8839,#8840));
#8838=ORIENTED_EDGE('',*,*,#8841,.T.);
#8839=ORIENTED_EDGE('',*,*,#8842,.T.);
#8840=ORIENTED_EDGE('',*,*,#8843,.T.);
#8841=EDGE_CURVE('',#4648,#4656,#8844,.F.);
#8842=EDGE_CURVE('',#4656,#4658,#8845,.T.);
#8843=EDGE_CURVE('',#4658,#4648,#8846,.T.);
#8844=LINE('',#4647,#8847);
#8845=LINE('',#4655,#8848);
#8846=LINE('',#4657,#8849);
#8847=VECTOR('',#8850,1.0);
#8848=VECTOR('',#8851,1.0);
#8849=VECTOR('',#8852,1.0);
#8850=DIRECTION('',(0.6568097164183919,0.7540563615661574,0));
#8851=DIRECTION('',(-0.996349441852048,0.08536855229598647,0));
#8852=DIRECTION('',(2.7744416406534072E-08,-0.9999999999999996,0));
#8853=FACE_SURFACE('',(#8858),#8854,.T.);
#8854=PLANE('',#8855);
#8855=AXIS2_PLACEMENT_3D('',#4659,#8856,#8857);
#8856=DIRECTION('',(0,0,1));
#8857=DIRECTION('',(0.9666013513294552,0.25628466128130095,0));
#8858=FACE_BOUND('',#8859,.T.);
#8859=EDGE_LOOP('',(#8860,#8861,#8862));
#8860=ORIENTED_EDGE('',*,*,#8863,.T.);
#8861=ORIENTED_EDGE('',*,*,#8864,.T.);
#8862=ORIENTED_EDGE('',*,*,#8865,.T.);
#8863=EDGE_CURVE('',#4660,#4662,#8866,.F.);
#8864=EDGE_CURVE('',#4662,#4664,#8867,.T.);
#8865=EDGE_CURVE('',#4664,#4660,#8868,.T.);
#8866=LINE('',#4659,#8869);
#8867=LINE('',#4661,#8870);
#8868=LINE('',#4663,#8871);
#8869=VECTOR('',#8872,1.0);
#8870=VECTOR('',#8873,1.0);
#8871=VECTOR('',#8874,1.0);
#8872=DIRECTION('',(0.9666013513294552,0.25628466128130095,0));
#8873=DIRECTION('',(0.06408058322486664,0.9979447273539557,0));
#8874=DIRECTION('',(-0.1597582056764587,-0.9871561759514238,0));
#8875=FACE_SURFACE('',(#8880),#8876,.T.);
#8876=PLANE('',#8877);
#8877=AXIS2_PLACEMENT_3D('',#4663,#8878,#8879);
#8878=DIRECTION('',(0,0,1));
#8879=DIRECTION('',(-0.986274050309,-0.16511661844611605,0));
#8880=FACE_BOUND('',#8881,.T.);
#8881=EDGE_LOOP('',(#8882,#8883,#8884));
#8882=ORIENTED_EDGE('',*,*,#8885,.T.);
#8883=ORIENTED_EDGE('',*,*,#8886,.T.);
#8884=ORIENTED_EDGE('',*,*,#8887,.T.);
#8885=EDGE_CURVE('',#4664,#4666,#8888,.F.);
#8886=EDGE_CURVE('',#4666,#4518,#8889,.T.);
#8887=EDGE_CURVE('',#4518,#4664,#8890,.T.);
#8888=LINE('',#4663,#8891);
#8889=LINE('',#4665,#8892);
#8890=LINE('',#4517,#8893);
#8891=VECTOR('',#8894,1.0);
#8892=VECTOR('',#8895,1.0);
#8893=VECTOR('',#8896,1.0);
#8894=DIRECTION('',(-0.986274050309,-0.16511661844611605,0));
#8895=DIRECTION('',(-0.1459841694688736,-0.989286926156655,0));
#8896=DIRECTION('',(0.6833168384620067,0.7301219749290442,0));
#8897=FACE_SURFACE('',(#8902),#8898,.T.);
#8898=PLANE('',#8899);
#8899=AXIS2_PLACEMENT_3D('',#4517,#8900,#8901);
#8900=DIRECTION('',(0,0,1));
#8901=DIRECTION('',(0.9955471924735064,0.0942644554332064,0));
#8902=FACE_BOUND('',#8903,.T.);
#8903=EDGE_LOOP('',(#8904,#8905,#8906));
#8904=ORIENTED_EDGE('',*,*,#8907,.T.);
#8905=ORIENTED_EDGE('',*,*,#8908,.T.);
#8906=ORIENTED_EDGE('',*,*,#8909,.T.);
#8907=EDGE_CURVE('',#4518,#4516,#8910,.F.);
#8908=EDGE_CURVE('',#4516,#4668,#8911,.T.);
#8909=EDGE_CURVE('',#4668,#4518,#8912,.T.);
#8910=LINE('',#4517,#8913);
#8911=LINE('',#4515,#8914);
#8912=LINE('',#4667,#8915);
#8913=VECTOR('',#8916,1.0);
#8914=VECTOR('',#8917,1.0);
#8915=VECTOR('',#8918,1.0);
#8916=DIRECTION('',(0.9955471924735064,0.0942644554332064,0));
#8917=DIRECTION('',(0.7892174361304404,0.6141138644483563,0));
#8918=DIRECTION('',(-0.8996409558426847,-0.43663045080532414,0));
#8919=FACE_SURFACE('',(#8924),#8920,.T.);
#8920=PLANE('',#8921);
#8921=AXIS2_PLACEMENT_3D('',#4667,#8922,#8923);
#8922=DIRECTION('',(0,0,1));
#8923=DIRECTION('',(0.9020298326751995,0.43167369732698735,0));
#8924=FACE_BOUND('',#8925,.T.);
#8925=EDGE_LOOP('',(#8926,#8927,#8928));
#8926=ORIENTED_EDGE('',*,*,#8929,.T.);
#8927=ORIENTED_EDGE('',*,*,#8930,.T.);
#8928=ORIENTED_EDGE('',*,*,#8931,.T.);
#8929=EDGE_CURVE('',#4668,#4660,#8932,.F.);
#8930=EDGE_CURVE('',#4660,#4664,#8933,.T.);
#8931=EDGE_CURVE('',#4664,#4668,#8934,.T.);
#8932=LINE('',#4667,#8935);
#8933=LINE('',#4659,#8936);
#8934=LINE('',#4663,#8937);
#8935=VECTOR('',#8938,1.0);
#8936=VECTOR('',#8939,1.0);
#8937=VECTOR('',#8940,1.0);
#8938=DIRECTION('',(0.9020298326751995,0.43167369732698735,0));
#8939=DIRECTION('',(0.1597582056764587,0.9871561759514238,0));
#8940=DIRECTION('',(-0.5408976338320006,-0.8410884315664691,0));
#8941=FACE_SURFACE('',(#8946),#8942,.T.);
#8942=PLANE('',#8943);
#8943=AXIS2_PLACEMENT_3D('',#4663,#8944,#8945);
#8944=DIRECTION('',(0,0,1));
#8945=DIRECTION('',(-0.6833168384620067,-0.7301219749290442,0));
#8946=FACE_BOUND('',#8947,.T.);
#8947=EDGE_LOOP('',(#8948,#8949,#8950));
#8948=ORIENTED_EDGE('',*,*,#8951,.T.);
#8949=ORIENTED_EDGE('',*,*,#8952,.T.);
#8950=ORIENTED_EDGE('',*,*,#8953,.T.);
#8951=EDGE_CURVE('',#4664,#4518,#8954,.F.);
#8952=EDGE_CURVE('',#4518,#4668,#8955,.T.);
#8953=EDGE_CURVE('',#4668,#4664,#8956,.T.);
#8954=LINE('',#4663,#8957);
#8955=LINE('',#4517,#8958);
#8956=LINE('',#4667,#8959);
#8957=VECTOR('',#8960,1.0);
#8958=VECTOR('',#8961,1.0);
#8959=VECTOR('',#8962,1.0);
#8960=DIRECTION('',(-0.6833168384620067,-0.7301219749290442,0));
#8961=DIRECTION('',(0.8996409558426847,0.43663045080532414,0));
#8962=DIRECTION('',(0.5408976338320006,0.8410884315664691,0));
#8963=FACE_SURFACE('',(#8968),#8964,.T.);
#8964=PLANE('',#8965);
#8965=AXIS2_PLACEMENT_3D('',#4649,#8966,#8967);
#8966=DIRECTION('',(0,0,1));
#8967=DIRECTION('',(-4.26286959101218E-09,1,0));
#8968=FACE_BOUND('',#8969,.T.);
#8969=EDGE_LOOP('',(#8970,#8971,#8972));
#8970=ORIENTED_EDGE('',*,*,#8973,.T.);
#8971=ORIENTED_EDGE('',*,*,#8974,.T.);
#8972=ORIENTED_EDGE('',*,*,#8975,.T.);
#8973=EDGE_CURVE('',#4650,#4648,#8976,.F.);
#8974=EDGE_CURVE('',#4648,#4664,#8977,.T.);
#8975=EDGE_CURVE('',#4664,#4650,#8978,.T.);
#8976=LINE('',#4649,#8979);
#8977=LINE('',#4647,#8980);
#8978=LINE('',#4663,#8981);
#8979=VECTOR('',#8982,1.0);
#8980=VECTOR('',#8983,1.0);
#8981=VECTOR('',#8984,1.0);
#8982=DIRECTION('',(-4.26286959101218E-09,1,0));
#8983=DIRECTION('',(-0.9984279424344407,-0.05605036811769587,0));
#8984=DIRECTION('',(0.8845566940700795,-0.4664326907237652,0));
#8985=FACE_SURFACE('',(#8990),#8986,.T.);
#8986=PLANE('',#8987);
#8987=AXIS2_PLACEMENT_3D('',#4663,#8988,#8989);
#8988=DIRECTION('',(0,0,1));
#8989=DIRECTION('',(-0.06408058322486664,-0.9979447273539557,0));
#8990=FACE_BOUND('',#8991,.T.);
#8991=EDGE_LOOP('',(#8992,#8993,#8994));
#8992=ORIENTED_EDGE('',*,*,#8995,.T.);
#8993=ORIENTED_EDGE('',*,*,#8996,.T.);
#8994=ORIENTED_EDGE('',*,*,#8997,.T.);
#8995=EDGE_CURVE('',#4664,#4662,#8998,.F.);
#8996=EDGE_CURVE('',#4662,#4670,#8999,.T.);
#8997=EDGE_CURVE('',#4670,#4664,#9000,.T.);
#8998=LINE('',#4663,#9001);
#8999=LINE('',#4661,#9002);
#9000=LINE('',#4669,#9003);
#9001=VECTOR('',#9004,1.0);
#9002=VECTOR('',#9005,1.0);
#9003=VECTOR('',#9006,1.0);
#9004=DIRECTION('',(-0.06408058322486664,-0.9979447273539557,0));
#9005=DIRECTION('',(0.9666044988896422,0.2562727896720674,0));
#9006=DIRECTION('',(-0.5984854162090644,0.8011337008172001,0));
#9007=FACE_SURFACE('',(#9012),#9008,.T.);
#9008=PLANE('',#9009);
#9009=AXIS2_PLACEMENT_3D('',#4671,#9010,#9011);
#9010=DIRECTION('',(0,-0,1));
#9011=DIRECTION('',(1,0,0));
#9012=FACE_BOUND('',#9013,.T.);
#9013=EDGE_LOOP('',(#9014,#9015,#9016));
#9014=ORIENTED_EDGE('',*,*,#9017,.T.);
#9015=ORIENTED_EDGE('',*,*,#9018,.T.);
#9016=ORIENTED_EDGE('',*,*,#9019,.T.);
#9017=EDGE_CURVE('',#4672,#4650,#9020,.F.);
#9018=EDGE_CURVE('',#4650,#4664,#9021,.T.);
#9019=EDGE_CURVE('',#4664,#4672,#9022,.T.);
#9020=LINE('',#4671,#9023);
#9021=LINE('',#4649,#9024);
#9022=LINE('',#4663,#9025);
#9023=VECTOR('',#9026,1.0);
#9024=VECTOR('',#9027,1.0);
#9025=VECTOR('',#9028,1.0);
#9026=DIRECTION('',(1,0,0));
#9027=DIRECTION('',(-0.8845566940700795,0.4664326907237652,0));
#9028=DIRECTION('',(0.8845566891371168,-0.46643270007878107,0));
#9029=FACE_SURFACE('',(#9034),#9030,.T.);
#9030=PLANE('',#9031);
#9031=AXIS2_PLACEMENT_3D('',#4663,#9032,#9033);
#9032=DIRECTION('',(0,0,1));
#9033=DIRECTION('',(0.5984854162090644,-0.8011337008172001,0));
#9034=FACE_BOUND('',#9035,.T.);
#9035=EDGE_LOOP('',(#9036,#9037,#9038));
#9036=ORIENTED_EDGE('',*,*,#9039,.T.);
#9037=ORIENTED_EDGE('',*,*,#9040,.T.);
#9038=ORIENTED_EDGE('',*,*,#9041,.T.);
#9039=EDGE_CURVE('',#4664,#4670,#9042,.F.);
#9040=EDGE_CURVE('',#4670,#4672,#9043,.T.);
#9041=EDGE_CURVE('',#4672,#4664,#9044,.T.);
#9042=LINE('',#4663,#9045);
#9043=LINE('',#4669,#9046);
#9044=LINE('',#4671,#9047);
#9045=VECTOR('',#9048,1.0);
#9046=VECTOR('',#9049,1.0);
#9047=VECTOR('',#9050,1.0);
#9048=DIRECTION('',(0.5984854162090644,-0.8011337008172001,0));
#9049=DIRECTION('',(0.9963497255958476,0.08536524061396135,0));
#9050=DIRECTION('',(-0.8845566891371168,0.46643270007878107,0));
#9051=FACE_SURFACE('',(#9056),#9052,.T.);
#9052=PLANE('',#9053);
#9053=AXIS2_PLACEMENT_3D('',#4663,#9054,#9055);
#9054=DIRECTION('',(0,0,1));
#9055=DIRECTION('',(0.9984279424344407,0.05605036811769587,0));
#9056=FACE_BOUND('',#9057,.T.);
#9057=EDGE_LOOP('',(#9058,#9059,#9060));
#9058=ORIENTED_EDGE('',*,*,#9061,.T.);
#9059=ORIENTED_EDGE('',*,*,#9062,.T.);
#9060=ORIENTED_EDGE('',*,*,#9063,.T.);
#9061=EDGE_CURVE('',#4664,#4648,#9064,.F.);
#9062=EDGE_CURVE('',#4648,#4658,#9065,.T.);
#9063=EDGE_CURVE('',#4658,#4664,#9066,.T.);
#9064=LINE('',#4663,#9067);
#9065=LINE('',#4647,#9068);
#9066=LINE('',#4657,#9069);
#9067=VECTOR('',#9070,1.0);
#9068=VECTOR('',#9071,1.0);
#9069=VECTOR('',#9072,1.0);
#9070=DIRECTION('',(0.9984279424344407,0.05605036811769587,0));
#9071=DIRECTION('',(-2.7744416406534072E-08,0.9999999999999996,0));
#9072=DIRECTION('',(-0.6445225509362152,-0.7645853002344957,0));
#9073=FACE_SURFACE('',(#9078),#9074,.T.);
#9074=PLANE('',#9075);
#9075=AXIS2_PLACEMENT_3D('',#4663,#9076,#9077);
#9076=DIRECTION('',(0,0,1));
#9077=DIRECTION('',(0.6445225509362152,0.7645853002344957,0));
#9078=FACE_BOUND('',#9079,.T.);
#9079=EDGE_LOOP('',(#9080,#9081,#9082));
#9080=ORIENTED_EDGE('',*,*,#9083,.T.);
#9081=ORIENTED_EDGE('',*,*,#9084,.T.);
#9082=ORIENTED_EDGE('',*,*,#9085,.T.);
#9083=EDGE_CURVE('',#4664,#4658,#9086,.F.);
#9084=EDGE_CURVE('',#4658,#4674,#9087,.T.);
#9085=EDGE_CURVE('',#4674,#4664,#9088,.T.);
#9086=LINE('',#4663,#9089);
#9087=LINE('',#4657,#9090);
#9088=LINE('',#4673,#9091);
#9089=VECTOR('',#9092,1.0);
#9090=VECTOR('',#9093,1.0);
#9091=VECTOR('',#9094,1.0);
#9092=DIRECTION('',(0.6445225509362152,0.7645853002344957,0));
#9093=DIRECTION('',(-0.996349442826635,-0.08536854092143205,0));
#9094=DIRECTION('',(-0.07558239081057624,-0.9971395600413,0));
#9095=FACE_SURFACE('',(#9100),#9096,.T.);
#9096=PLANE('',#9097);
#9097=AXIS2_PLACEMENT_3D('',#4665,#9098,#9099);
#9098=DIRECTION('',(0,0,1));
#9099=DIRECTION('',(0.986274050309,0.16511661844611605,0));
#9100=FACE_BOUND('',#9101,.T.);
#9101=EDGE_LOOP('',(#9102,#9103,#9104));
#9102=ORIENTED_EDGE('',*,*,#9105,.T.);
#9103=ORIENTED_EDGE('',*,*,#9106,.T.);
#9104=ORIENTED_EDGE('',*,*,#9107,.T.);
#9105=EDGE_CURVE('',#4666,#4664,#9108,.F.);
#9106=EDGE_CURVE('',#4664,#4674,#9109,.T.);
#9107=EDGE_CURVE('',#4674,#4666,#9110,.T.);
#9108=LINE('',#4665,#9111);
#9109=LINE('',#4663,#9112);
#9110=LINE('',#4673,#9113);
#9111=VECTOR('',#9114,1.0);
#9112=VECTOR('',#9115,1.0);
#9113=VECTOR('',#9116,1.0);
#9114=DIRECTION('',(0.986274050309,0.16511661844611605,0));
#9115=DIRECTION('',(0.07558239081057624,0.9971395600413,0));
#9116=DIRECTION('',(-0.6413689601228386,-0.7672325964079918,0));
#9117=FACE_SURFACE('',(#9122),#9118,.T.);
#9118=PLANE('',#9119);
#9119=AXIS2_PLACEMENT_3D('',#4665,#9120,#9121);
#9120=DIRECTION('',(0,0,1));
#9121=DIRECTION('',(0.6413689601228386,0.7672325964079918,0));
#9122=FACE_BOUND('',#9123,.T.);
#9123=EDGE_LOOP('',(#9124,#9125,#9126));
#9124=ORIENTED_EDGE('',*,*,#9127,.T.);
#9125=ORIENTED_EDGE('',*,*,#9128,.T.);
#9126=ORIENTED_EDGE('',*,*,#9129,.T.);
#9127=EDGE_CURVE('',#4666,#4674,#9130,.F.);
#9128=EDGE_CURVE('',#4674,#4676,#9131,.T.);
#9129=EDGE_CURVE('',#4676,#4666,#9132,.T.);
#9130=LINE('',#4665,#9133);
#9131=LINE('',#4673,#9134);
#9132=LINE('',#4675,#9135);
#9133=VECTOR('',#9136,1.0);
#9134=VECTOR('',#9137,1.0);
#9135=VECTOR('',#9138,1.0);
#9136=DIRECTION('',(0.6413689601228386,0.7672325964079918,0));
#9137=DIRECTION('',(-0.96660430120899,-0.25627353527877217,0));
#9138=DIRECTION('',(-0.17381152445913564,-0.9847789365970372,0));
#9139=FACE_SURFACE('',(#9144),#9140,.T.);
#9140=PLANE('',#9141);
#9141=AXIS2_PLACEMENT_3D('',#4677,#9142,#9143);
#9142=DIRECTION('',(0,0,1));
#9143=DIRECTION('',(0.9847787431975521,0.1738126202157072,0));
#9144=FACE_BOUND('',#9145,.T.);
#9145=EDGE_LOOP('',(#9146,#9147,#9148));
#9146=ORIENTED_EDGE('',*,*,#9149,.T.);
#9147=ORIENTED_EDGE('',*,*,#9150,.T.);
#9148=ORIENTED_EDGE('',*,*,#9151,.T.);
#9149=EDGE_CURVE('',#4678,#4680,#9152,.F.);
#9150=EDGE_CURVE('',#4680,#4682,#9153,.T.);
#9151=EDGE_CURVE('',#4682,#4678,#9154,.T.);
#9152=LINE('',#4677,#9155);
#9153=LINE('',#4679,#9156);
#9154=LINE('',#4681,#9157);
#9155=VECTOR('',#9158,1.0);
#9156=VECTOR('',#9159,1.0);
#9157=VECTOR('',#9160,1.0);
#9158=DIRECTION('',(0.9847787431975521,0.1738126202157072,0));
#9159=DIRECTION('',(0.2658878138013491,0.9640039784523398,0));
#9160=DIRECTION('',(-0.7556279834603187,-0.6550010310004803,0));
#9161=FACE_SURFACE('',(#9166),#9162,.T.);
#9162=PLANE('',#9163);
#9163=AXIS2_PLACEMENT_3D('',#4677,#9164,#9165);
#9164=DIRECTION('',(0,0,1));
#9165=DIRECTION('',(0.7556279834603187,0.6550010310004803,0));
#9166=FACE_BOUND('',#9167,.T.);
#9167=EDGE_LOOP('',(#9168,#9169,#9170));
#9168=ORIENTED_EDGE('',*,*,#9171,.T.);
#9169=ORIENTED_EDGE('',*,*,#9172,.T.);
#9170=ORIENTED_EDGE('',*,*,#9173,.T.);
#9171=EDGE_CURVE('',#4678,#4682,#9174,.F.);
#9172=EDGE_CURVE('',#4682,#4684,#9175,.T.);
#9173=EDGE_CURVE('',#4684,#4678,#9176,.T.);
#9174=LINE('',#4677,#9177);
#9175=LINE('',#4681,#9178);
#9176=LINE('',#4683,#9179);
#9177=VECTOR('',#9180,1.0);
#9178=VECTOR('',#9181,1.0);
#9179=VECTOR('',#9182,1.0);
#9180=DIRECTION('',(0.7556279834603187,0.6550010310004803,0));
#9181=DIRECTION('',(-0.9439263702023164,-0.33015603528737686,0));
#9182=DIRECTION('',(-0.43167306236142117,-0.9020301365428499,0));
#9183=FACE_SURFACE('',(#9188),#9184,.T.);
#9184=PLANE('',#9185);
#9185=AXIS2_PLACEMENT_3D('',#4679,#9186,#9187);
#9186=DIRECTION('',(0,0,1));
#9187=DIRECTION('',(0.9892869986638788,0.14598367811031046,0));
#9188=FACE_BOUND('',#9189,.T.);
#9189=EDGE_LOOP('',(#9190,#9191,#9192));
#9190=ORIENTED_EDGE('',*,*,#9193,.T.);
#9191=ORIENTED_EDGE('',*,*,#9194,.T.);
#9192=ORIENTED_EDGE('',*,*,#9195,.T.);
#9193=EDGE_CURVE('',#4680,#4518,#9196,.F.);
#9194=EDGE_CURVE('',#4518,#4666,#9197,.T.);
#9195=EDGE_CURVE('',#4666,#4680,#9198,.T.);
#9196=LINE('',#4679,#9199);
#9197=LINE('',#4517,#9200);
#9198=LINE('',#4665,#9201);
#9199=VECTOR('',#9202,1.0);
#9200=VECTOR('',#9203,1.0);
#9201=VECTOR('',#9204,1.0);
#9202=DIRECTION('',(0.9892869986638788,0.14598367811031046,0));
#9203=DIRECTION('',(0.1459841694688736,0.989286926156655,0));
#9204=DIRECTION('',(-0.7071070081052526,-0.7071065542677696,0));
#9205=FACE_SURFACE('',(#9210),#9206,.T.);
#9206=PLANE('',#9207);
#9207=AXIS2_PLACEMENT_3D('',#4679,#9208,#9209);
#9208=DIRECTION('',(0,0,1));
#9209=DIRECTION('',(0.7071070081052526,0.7071065542677696,0));
#9210=FACE_BOUND('',#9211,.T.);
#9211=EDGE_LOOP('',(#9212,#9213,#9214));
#9212=ORIENTED_EDGE('',*,*,#9215,.T.);
#9213=ORIENTED_EDGE('',*,*,#9216,.T.);
#9214=ORIENTED_EDGE('',*,*,#9217,.T.);
#9215=EDGE_CURVE('',#4680,#4666,#9218,.F.);
#9216=EDGE_CURVE('',#4666,#4682,#9219,.T.);
#9217=EDGE_CURVE('',#4682,#4680,#9220,.T.);
#9218=LINE('',#4679,#9221);
#9219=LINE('',#4665,#9222);
#9220=LINE('',#4681,#9223);
#9221=VECTOR('',#9224,1.0);
#9222=VECTOR('',#9225,1.0);
#9223=VECTOR('',#9226,1.0);
#9224=DIRECTION('',(0.7071070081052526,0.7071065542677696,0));
#9225=DIRECTION('',(-0.9640038774525708,-0.2658881799862655,0));
#9226=DIRECTION('',(-0.2658878138013491,-0.9640039784523398,0));
#9227=FACE_SURFACE('',(#9232),#9228,.T.);
#9228=PLANE('',#9229);
#9229=AXIS2_PLACEMENT_3D('',#4681,#9230,#9231);
#9230=DIRECTION('',(0,0,1));
#9231=DIRECTION('',(0.9640038774525708,0.2658881799862655,0));
#9232=FACE_BOUND('',#9233,.T.);
#9233=EDGE_LOOP('',(#9234,#9235,#9236));
#9234=ORIENTED_EDGE('',*,*,#9237,.T.);
#9235=ORIENTED_EDGE('',*,*,#9238,.T.);
#9236=ORIENTED_EDGE('',*,*,#9239,.T.);
#9237=EDGE_CURVE('',#4682,#4666,#9240,.F.);
#9238=EDGE_CURVE('',#4666,#4676,#9241,.T.);
#9239=EDGE_CURVE('',#4676,#4682,#9242,.T.);
#9240=LINE('',#4681,#9243);
#9241=LINE('',#4665,#9244);
#9242=LINE('',#4675,#9245);
#9243=VECTOR('',#9246,1.0);
#9244=VECTOR('',#9247,1.0);
#9245=VECTOR('',#9248,1.0);
#9246=DIRECTION('',(0.9640038774525708,0.2658881799862655,0));
#9247=DIRECTION('',(0.17381152445913564,0.9847789365970372,0));
#9248=DIRECTION('',(-0.6550010853207662,-0.7556279363738602,0));
#9249=FACE_SURFACE('',(#9254),#9250,.T.);
#9250=PLANE('',#9251);
#9251=AXIS2_PLACEMENT_3D('',#4681,#9252,#9253);
#9252=DIRECTION('',(0,0,1));
#9253=DIRECTION('',(0.6550010853207662,0.7556279363738602,0));
#9254=FACE_BOUND('',#9255,.T.);
#9255=EDGE_LOOP('',(#9256,#9257,#9258));
#9256=ORIENTED_EDGE('',*,*,#9259,.T.);
#9257=ORIENTED_EDGE('',*,*,#9260,.T.);
#9258=ORIENTED_EDGE('',*,*,#9261,.T.);
#9259=EDGE_CURVE('',#4682,#4676,#9262,.F.);
#9260=EDGE_CURVE('',#4676,#4686,#9263,.T.);
#9261=EDGE_CURVE('',#4686,#4682,#9264,.T.);
#9262=LINE('',#4681,#9265);
#9263=LINE('',#4675,#9266);
#9264=LINE('',#4685,#9267);
#9265=VECTOR('',#9268,1.0);
#9266=VECTOR('',#9269,1.0);
#9267=VECTOR('',#9270,1.0);
#9268=DIRECTION('',(0.6550010853207662,0.7556279363738602,0));
#9269=DIRECTION('',(-0.9020303566828992,-0.4316726023533597,0));
#9270=DIRECTION('',(-0.3301557530217223,-0.9439264689300008,0));
#9271=FACE_SURFACE('',(#9276),#9272,.T.);
#9272=PLANE('',#9273);
#9273=AXIS2_PLACEMENT_3D('',#4683,#9274,#9275);
#9274=DIRECTION('',(0,0,1));
#9275=DIRECTION('',(0.9439263702023164,0.33015603528737686,0));
#9276=FACE_BOUND('',#9277,.T.);
#9277=EDGE_LOOP('',(#9278,#9279,#9280));
#9278=ORIENTED_EDGE('',*,*,#9281,.T.);
#9279=ORIENTED_EDGE('',*,*,#9282,.T.);
#9280=ORIENTED_EDGE('',*,*,#9283,.T.);
#9281=EDGE_CURVE('',#4684,#4682,#9284,.F.);
#9282=EDGE_CURVE('',#4682,#4686,#9285,.T.);
#9283=EDGE_CURVE('',#4686,#4684,#9286,.T.);
#9284=LINE('',#4683,#9287);
#9285=LINE('',#4681,#9288);
#9286=LINE('',#4685,#9289);
#9287=VECTOR('',#9290,1.0);
#9288=VECTOR('',#9291,1.0);
#9289=VECTOR('',#9292,1.0);
#9290=DIRECTION('',(0.9439263702023164,0.33015603528737686,0));
#9291=DIRECTION('',(0.3301557530217223,0.9439264689300008,0));
#9292=DIRECTION('',(-0.7071066120621229,-0.7071069503109316,0));
#9293=FACE_SURFACE('',(#9298),#9294,.T.);
#9294=PLANE('',#9295);
#9295=AXIS2_PLACEMENT_3D('',#4683,#9296,#9297);
#9296=DIRECTION('',(0,0,1));
#9297=DIRECTION('',(0.7071066120621229,0.7071069503109316,0));
#9298=FACE_BOUND('',#9299,.T.);
#9299=EDGE_LOOP('',(#9300,#9301,#9302));
#9300=ORIENTED_EDGE('',*,*,#9303,.T.);
#9301=ORIENTED_EDGE('',*,*,#9304,.T.);
#9302=ORIENTED_EDGE('',*,*,#9305,.T.);
#9303=EDGE_CURVE('',#4684,#4686,#9306,.F.);
#9304=EDGE_CURVE('',#4686,#4688,#9307,.T.);
#9305=EDGE_CURVE('',#4688,#4684,#9308,.T.);
#9306=LINE('',#4683,#9309);
#9307=LINE('',#4685,#9310);
#9308=LINE('',#4687,#9311);
#9309=VECTOR('',#9312,1.0);
#9310=VECTOR('',#9313,1.0);
#9311=VECTOR('',#9314,1.0);
#9312=DIRECTION('',(0.7071066120621229,0.7071069503109316,0));
#9313=DIRECTION('',(-0.789217567366693,-0.6141136957923992,0));
#9314=DIRECTION('',(-0.6141132852236477,-0.7892178868422957,0));
#9315=FACE_SURFACE('',(#9320),#9316,.T.);
#9316=PLANE('',#9317);
#9317=AXIS2_PLACEMENT_3D('',#4689,#9318,#9319);
#9318=DIRECTION('',(0,0,1));
#9319=DIRECTION('',(1,0,0));
#9320=FACE_BOUND('',#9321,.T.);
#9321=EDGE_LOOP('',(#9322,#9323,#9324));
#9322=ORIENTED_EDGE('',*,*,#9325,.T.);
#9323=ORIENTED_EDGE('',*,*,#9326,.T.);
#9324=ORIENTED_EDGE('',*,*,#9327,.T.);
#9325=EDGE_CURVE('',#4690,#4692,#9328,.F.);
#9326=EDGE_CURVE('',#4692,#4694,#9329,.T.);
#9327=EDGE_CURVE('',#4694,#4690,#9330,.T.);
#9328=LINE('',#4689,#9331);
#9329=LINE('',#4691,#9332);
#9330=LINE('',#4693,#9333);
#9331=VECTOR('',#9334,1.0);
#9332=VECTOR('',#9335,1.0);
#9333=VECTOR('',#9336,1.0);
#9334=DIRECTION('',(1,0,0));
#9335=DIRECTION('',(0.05605078608547904,0.9984279189702178,0));
#9336=DIRECTION('',(-0.7645849227996588,-0.644522998679985,0));
#9337=FACE_SURFACE('',(#9342),#9338,.T.);
#9338=PLANE('',#9339);
#9339=AXIS2_PLACEMENT_3D('',#4689,#9340,#9341);
#9340=DIRECTION('',(0,0,1));
#9341=DIRECTION('',(0.7645849227996588,0.644522998679985,0));
#9342=FACE_BOUND('',#9343,.T.);
#9343=EDGE_LOOP('',(#9344,#9345,#9346));
#9344=ORIENTED_EDGE('',*,*,#9347,.T.);
#9345=ORIENTED_EDGE('',*,*,#9348,.T.);
#9346=ORIENTED_EDGE('',*,*,#9349,.T.);
#9347=EDGE_CURVE('',#4690,#4694,#9350,.F.);
#9348=EDGE_CURVE('',#4694,#4696,#9351,.T.);
#9349=EDGE_CURVE('',#4696,#4690,#9352,.T.);
#9350=LINE('',#4689,#9353);
#9351=LINE('',#4693,#9354);
#9352=LINE('',#4695,#9355);
#9353=VECTOR('',#9356,1.0);
#9354=VECTOR('',#9357,1.0);
#9355=VECTOR('',#9358,1.0);
#9356=DIRECTION('',(0.7645849227996588,0.644522998679985,0));
#9357=DIRECTION('',(-0.9971395026748253,-0.07558314762830344,0));
#9358=DIRECTION('',(-0.0853679064873606,-0.9963494971855835,0));
#9359=FACE_SURFACE('',(#9364),#9360,.T.);
#9360=PLANE('',#9361);
#9361=AXIS2_PLACEMENT_3D('',#4697,#9362,#9363);
#9362=DIRECTION('',(0,-0,1));
#9363=DIRECTION('',(0.25627340415263494,0.9666043359741462,0));
#9364=FACE_BOUND('',#9365,.T.);
#9365=EDGE_LOOP('',(#9366,#9367,#9368));
#9366=ORIENTED_EDGE('',*,*,#9369,.T.);
#9367=ORIENTED_EDGE('',*,*,#9370,.T.);
#9368=ORIENTED_EDGE('',*,*,#9371,.T.);
#9369=EDGE_CURVE('',#4698,#4700,#9372,.F.);
#9370=EDGE_CURVE('',#4700,#4694,#9373,.T.);
#9371=EDGE_CURVE('',#4694,#4698,#9374,.T.);
#9372=LINE('',#4697,#9375);
#9373=LINE('',#4699,#9376);
#9374=LINE('',#4693,#9377);
#9375=VECTOR('',#9378,1.0);
#9376=VECTOR('',#9379,1.0);
#9377=VECTOR('',#9380,1.0);
#9378=DIRECTION('',(0.25627340415263494,0.9666043359741462,0));
#9379=DIRECTION('',(-0.9979446924433132,-0.06408112689568563,0));
#9380=DIRECTION('',(0.801134181192052,-0.5984847731778483,0));
#9381=FACE_SURFACE('',(#9386),#9382,.T.);
#9382=PLANE('',#9383);
#9383=AXIS2_PLACEMENT_3D('',#4693,#9384,#9385);
#9384=DIRECTION('',(0,0,1));
#9385=DIRECTION('',(-0.05605078608547904,-0.9984279189702178,0));
#9386=FACE_BOUND('',#9387,.T.);
#9387=EDGE_LOOP('',(#9388,#9389,#9390));
#9388=ORIENTED_EDGE('',*,*,#9391,.T.);
#9389=ORIENTED_EDGE('',*,*,#9392,.T.);
#9390=ORIENTED_EDGE('',*,*,#9393,.T.);
#9391=EDGE_CURVE('',#4694,#4692,#9394,.F.);
#9392=EDGE_CURVE('',#4692,#4702,#9395,.T.);
#9393=EDGE_CURVE('',#4702,#4694,#9396,.T.);
#9394=LINE('',#4693,#9397);
#9395=LINE('',#4691,#9398);
#9396=LINE('',#4701,#9399);
#9397=VECTOR('',#9400,1.0);
#9398=VECTOR('',#9401,1.0);
#9399=VECTOR('',#9402,1.0);
#9400=DIRECTION('',(-0.05605078608547904,-0.9984279189702178,0));
#9401=DIRECTION('',(1,0,0));
#9402=DIRECTION('',(-0.4664324222236904,0.8845568356519218,0));
#9403=FACE_SURFACE('',(#9408),#9404,.T.);
#9404=PLANE('',#9405);
#9405=AXIS2_PLACEMENT_3D('',#4697,#9406,#9407);
#9406=DIRECTION('',(0,0,1));
#9407=DIRECTION('',(-0.801134181192052,0.5984847731778483,0));
#9408=FACE_BOUND('',#9409,.T.);
#9409=EDGE_LOOP('',(#9410,#9411,#9412));
#9410=ORIENTED_EDGE('',*,*,#9413,.T.);
#9411=ORIENTED_EDGE('',*,*,#9414,.T.);
#9412=ORIENTED_EDGE('',*,*,#9415,.T.);
#9413=EDGE_CURVE('',#4698,#4694,#9416,.F.);
#9414=EDGE_CURVE('',#4694,#4702,#9417,.T.);
#9415=EDGE_CURVE('',#4702,#4698,#9418,.T.);
#9416=LINE('',#4697,#9419);
#9417=LINE('',#4693,#9420);
#9418=LINE('',#4701,#9421);
#9419=VECTOR('',#9422,1.0);
#9420=VECTOR('',#9423,1.0);
#9421=VECTOR('',#9424,1.0);
#9422=DIRECTION('',(-0.801134181192052,0.5984847731778483,0));
#9423=DIRECTION('',(0.4664324222236904,-0.8845568356519218,0));
#9424=DIRECTION('',(0.0853673050799564,0.9963495487143985,0));
#9425=FACE_SURFACE('',(#9430),#9426,.T.);
#9426=PLANE('',#9427);
#9427=AXIS2_PLACEMENT_3D('',#4703,#9428,#9429);
#9428=DIRECTION('',(0,0,1));
#9429=DIRECTION('',(0.6141152858344625,0.7892163301050329,0));
#9430=FACE_BOUND('',#9431,.T.);
#9431=EDGE_LOOP('',(#9432,#9433,#9434));
#9432=ORIENTED_EDGE('',*,*,#9435,.T.);
#9433=ORIENTED_EDGE('',*,*,#9436,.T.);
#9434=ORIENTED_EDGE('',*,*,#9437,.T.);
#9435=EDGE_CURVE('',#4704,#4522,#9438,.F.);
#9436=EDGE_CURVE('',#4522,#4518,#9439,.T.);
#9437=EDGE_CURVE('',#4518,#4704,#9440,.T.);
#9438=LINE('',#4703,#9441);
#9439=LINE('',#4521,#9442);
#9440=LINE('',#4517,#9443);
#9441=VECTOR('',#9444,1.0);
#9442=VECTOR('',#9445,1.0);
#9443=VECTOR('',#9446,1.0);
#9444=DIRECTION('',(0.6141152858344625,0.7892163301050329,0));
#9445=DIRECTION('',(0.09426588583687874,0.9955470570331613,0));
#9446=DIRECTION('',(-0.4366315812143673,-0.899640407210704,0));
#9447=FACE_SURFACE('',(#9452),#9448,.T.);
#9448=PLANE('',#9449);
#9449=AXIS2_PLACEMENT_3D('',#4517,#9450,#9451);
#9450=DIRECTION('',(0,0,1));
#9451=DIRECTION('',(-0.9892869986638788,-0.14598367811031046,0));
#9452=FACE_BOUND('',#9453,.T.);
#9453=EDGE_LOOP('',(#9454,#9455,#9456));
#9454=ORIENTED_EDGE('',*,*,#9457,.T.);
#9455=ORIENTED_EDGE('',*,*,#9458,.T.);
#9456=ORIENTED_EDGE('',*,*,#9459,.T.);
#9457=EDGE_CURVE('',#4518,#4680,#9460,.F.);
#9458=EDGE_CURVE('',#4680,#4694,#9461,.T.);
#9459=EDGE_CURVE('',#4694,#4518,#9462,.T.);
#9460=LINE('',#4517,#9463);
#9461=LINE('',#4679,#9464);
#9462=LINE('',#4693,#9465);
#9463=VECTOR('',#9466,1.0);
#9464=VECTOR('',#9467,1.0);
#9465=VECTOR('',#9468,1.0);
#9466=DIRECTION('',(-0.9892869986638788,-0.14598367811031046,0));
#9467=DIRECTION('',(-0.16511686469596185,-0.9862740090831631,0));
#9468=DIRECTION('',(0.7301221632166371,0.6833166372772277,0));
#9469=FACE_SURFACE('',(#9474),#9470,.T.);
#9470=PLANE('',#9471);
#9471=AXIS2_PLACEMENT_3D('',#4693,#9472,#9473);
#9472=DIRECTION('',(0,0,1));
#9473=DIRECTION('',(0.9979446924433132,0.06408112689568563,0));
#9474=FACE_BOUND('',#9475,.T.);
#9475=EDGE_LOOP('',(#9476,#9477,#9478));
#9476=ORIENTED_EDGE('',*,*,#9479,.T.);
#9477=ORIENTED_EDGE('',*,*,#9480,.T.);
#9478=ORIENTED_EDGE('',*,*,#9481,.T.);
#9479=EDGE_CURVE('',#4694,#4700,#9482,.F.);
#9480=EDGE_CURVE('',#4700,#4706,#9483,.T.);
#9481=EDGE_CURVE('',#4706,#4694,#9484,.T.);
#9482=LINE('',#4693,#9485);
#9483=LINE('',#4699,#9486);
#9484=LINE('',#4705,#9487);
#9485=VECTOR('',#9488,1.0);
#9486=VECTOR('',#9489,1.0);
#9487=VECTOR('',#9490,1.0);
#9488=DIRECTION('',(0.9979446924433132,0.06408112689568563,0));
#9489=DIRECTION('',(0.2562725710161466,0.9666045568611675,0));
#9490=DIRECTION('',(-0.9871560210003443,-0.15975916312615057,0));
#9491=FACE_SURFACE('',(#9496),#9492,.T.);
#9492=PLANE('',#9493);
#9493=AXIS2_PLACEMENT_3D('',#4703,#9494,#9495);
#9494=DIRECTION('',(0,-0,1));
#9495=DIRECTION('',(0.4366315812143673,0.899640407210704,0));
#9496=FACE_BOUND('',#9497,.T.);
#9497=EDGE_LOOP('',(#9498,#9499,#9500));
#9498=ORIENTED_EDGE('',*,*,#9501,.T.);
#9499=ORIENTED_EDGE('',*,*,#9502,.T.);
#9500=ORIENTED_EDGE('',*,*,#9503,.T.);
#9501=EDGE_CURVE('',#4704,#4518,#9504,.F.);
#9502=EDGE_CURVE('',#4518,#4694,#9505,.T.);
#9503=EDGE_CURVE('',#4694,#4704,#9506,.T.);
#9504=LINE('',#4703,#9507);
#9505=LINE('',#4517,#9508);
#9506=LINE('',#4693,#9509);
#9507=VECTOR('',#9510,1.0);
#9508=VECTOR('',#9511,1.0);
#9509=VECTOR('',#9512,1.0);
#9510=DIRECTION('',(0.4366315812143673,0.899640407210704,0));
#9511=DIRECTION('',(-0.7301221632166371,-0.6833166372772277,0));
#9512=DIRECTION('',(0.84108819381758,0.5408980035280969,0));
#9513=FACE_SURFACE('',(#9518),#9514,.T.);
#9514=PLANE('',#9515);
#9515=AXIS2_PLACEMENT_3D('',#4703,#9516,#9517);
#9516=DIRECTION('',(0,0,1));
#9517=DIRECTION('',(-0.84108819381758,-0.5408980035280969,0));
#9518=FACE_BOUND('',#9519,.T.);
#9519=EDGE_LOOP('',(#9520,#9521,#9522));
#9520=ORIENTED_EDGE('',*,*,#9523,.T.);
#9521=ORIENTED_EDGE('',*,*,#9524,.T.);
#9522=ORIENTED_EDGE('',*,*,#9525,.T.);
#9523=EDGE_CURVE('',#4704,#4694,#9526,.F.);
#9524=EDGE_CURVE('',#4694,#4706,#9527,.T.);
#9525=EDGE_CURVE('',#4706,#4704,#9528,.T.);
#9526=LINE('',#4703,#9529);
#9527=LINE('',#4693,#9530);
#9528=LINE('',#4705,#9531);
#9529=VECTOR('',#9532,1.0);
#9530=VECTOR('',#9533,1.0);
#9531=VECTOR('',#9534,1.0);
#9532=DIRECTION('',(-0.84108819381758,-0.5408980035280969,0));
#9533=DIRECTION('',(0.9871560210003443,0.15975916312615057,0));
#9534=DIRECTION('',(0.43167256376503627,0.9020303751495959,0));
#9535=FACE_SURFACE('',(#9540),#9536,.T.);
#9536=PLANE('',#9537);
#9537=AXIS2_PLACEMENT_3D('',#4695,#9538,#9539);
#9538=DIRECTION('',(0,0,1));
#9539=DIRECTION('',(0.9971395026748253,0.07558314762830344,0));
#9540=FACE_BOUND('',#9541,.T.);
#9541=EDGE_LOOP('',(#9542,#9543,#9544));
#9542=ORIENTED_EDGE('',*,*,#9545,.T.);
#9543=ORIENTED_EDGE('',*,*,#9546,.T.);
#9544=ORIENTED_EDGE('',*,*,#9547,.T.);
#9545=EDGE_CURVE('',#4696,#4694,#9548,.F.);
#9546=EDGE_CURVE('',#4694,#4680,#9549,.T.);
#9547=EDGE_CURVE('',#4680,#4696,#9550,.T.);
#9548=LINE('',#4695,#9551);
#9549=LINE('',#4693,#9552);
#9550=LINE('',#4679,#9553);
#9551=VECTOR('',#9554,1.0);
#9552=VECTOR('',#9555,1.0);
#9553=VECTOR('',#9556,1.0);
#9554=DIRECTION('',(0.9971395026748253,0.07558314762830344,0));
#9555=DIRECTION('',(0.16511686469596185,0.9862740090831631,0));
#9556=DIRECTION('',(-0.7672323730570173,-0.6413692273045983,0));
#9557=FACE_SURFACE('',(#9562),#9558,.T.);
#9558=PLANE('',#9559);
#9559=AXIS2_PLACEMENT_3D('',#4695,#9560,#9561);
#9560=DIRECTION('',(0,0,1));
#9561=DIRECTION('',(0.7672323730570173,0.6413692273045983,0));
#9562=FACE_BOUND('',#9563,.T.);
#9563=EDGE_LOOP('',(#9564,#9565,#9566));
#9564=ORIENTED_EDGE('',*,*,#9567,.T.);
#9565=ORIENTED_EDGE('',*,*,#9568,.T.);
#9566=ORIENTED_EDGE('',*,*,#9569,.T.);
#9567=EDGE_CURVE('',#4696,#4680,#9570,.F.);
#9568=EDGE_CURVE('',#4680,#4678,#9571,.T.);
#9569=EDGE_CURVE('',#4678,#4696,#9572,.T.);
#9570=LINE('',#4695,#9573);
#9571=LINE('',#4679,#9574);
#9572=LINE('',#4677,#9575);
#9573=VECTOR('',#9576,1.0);
#9574=VECTOR('',#9577,1.0);
#9575=VECTOR('',#9578,1.0);
#9576=DIRECTION('',(0.7672323730570173,0.6413692273045983,0));
#9577=DIRECTION('',(-0.9847787431975521,-0.1738126202157072,0));
#9578=DIRECTION('',(-0.2562735077011201,-0.966604308520588,0));
#9579=FACE_SURFACE('',(#9584),#9580,.T.);
#9580=PLANE('',#9581);
#9581=AXIS2_PLACEMENT_3D('',#4545,#9582,#9583);
#9582=DIRECTION('',(-0,0,1));
#9583=DIRECTION('',(0.9847787431975521,-0.1738126202157072,0));
#9584=FACE_BOUND('',#9585,.T.);
#9585=EDGE_LOOP('',(#9586,#9587,#9588));
#9586=ORIENTED_EDGE('',*,*,#9589,.T.);
#9587=ORIENTED_EDGE('',*,*,#9590,.T.);
#9588=ORIENTED_EDGE('',*,*,#9591,.T.);
#9589=EDGE_CURVE('',#4546,#4544,#9592,.F.);
#9590=EDGE_CURVE('',#4544,#4708,#9593,.T.);
#9591=EDGE_CURVE('',#4708,#4546,#9594,.T.);
#9592=LINE('',#4545,#9595);
#9593=LINE('',#4543,#9596);
#9594=LINE('',#4707,#9597);
#9595=VECTOR('',#9598,1.0);
#9596=VECTOR('',#9599,1.0);
#9597=VECTOR('',#9600,1.0);
#9598=DIRECTION('',(0.9847787431975521,-0.1738126202157072,0));
#9599=DIRECTION('',(-0.1651170866667531,0.9862739719219421,0));
#9600=DIRECTION('',(-0.7396015933751806,-0.6730449339211269,0));
#9601=FACE_SURFACE('',(#9606),#9602,.T.);
#9602=PLANE('',#9603);
#9603=AXIS2_PLACEMENT_3D('',#4545,#9604,#9605);
#9604=DIRECTION('',(0,-0,1));
#9605=DIRECTION('',(0.7396015933751806,0.6730449339211269,0));
#9606=FACE_BOUND('',#9607,.T.);
#9607=EDGE_LOOP('',(#9608,#9609,#9610));
#9608=ORIENTED_EDGE('',*,*,#9611,.T.);
#9609=ORIENTED_EDGE('',*,*,#9612,.T.);
#9610=ORIENTED_EDGE('',*,*,#9613,.T.);
#9611=EDGE_CURVE('',#4546,#4708,#9614,.F.);
#9612=EDGE_CURVE('',#4708,#4710,#9615,.T.);
#9613=EDGE_CURVE('',#4710,#4546,#9616,.T.);
#9614=LINE('',#4545,#9617);
#9615=LINE('',#4707,#9618);
#9616=LINE('',#4709,#9619);
#9617=VECTOR('',#9620,1.0);
#9618=VECTOR('',#9621,1.0);
#9619=VECTOR('',#9622,1.0);
#9620=DIRECTION('',(0.7396015933751806,0.6730449339211269,0));
#9621=DIRECTION('',(-0.9971396191283587,0.07558161128575965,0));
#9622=DIRECTION('',(0.2562744353012221,-0.9666040625876966,0));
#9623=FACE_SURFACE('',(#9628),#9624,.T.);
#9624=PLANE('',#9625);
#9625=AXIS2_PLACEMENT_3D('',#4711,#9626,#9627);
#9626=DIRECTION('',(0,0,1));
#9627=DIRECTION('',(-0.2562725710161466,0.9666045568611675,0));
#9628=FACE_BOUND('',#9629,.T.);
#9629=EDGE_LOOP('',(#9630,#9631,#9632));
#9630=ORIENTED_EDGE('',*,*,#9633,.T.);
#9631=ORIENTED_EDGE('',*,*,#9634,.T.);
#9632=ORIENTED_EDGE('',*,*,#9635,.T.);
#9633=EDGE_CURVE('',#4712,#4714,#9636,.F.);
#9634=EDGE_CURVE('',#4714,#4708,#9637,.T.);
#9635=EDGE_CURVE('',#4708,#4712,#9638,.T.);
#9636=LINE('',#4711,#9639);
#9637=LINE('',#4713,#9640);
#9638=LINE('',#4707,#9641);
#9639=VECTOR('',#9642,1.0);
#9640=VECTOR('',#9643,1.0);
#9641=VECTOR('',#9644,1.0);
#9642=DIRECTION('',(-0.2562725710161466,0.9666045568611675,0));
#9643=DIRECTION('',(-0.9979446937654075,0.0640811063065158,0));
#9644=DIRECTION('',(0.9871560289148592,-0.15975911422214928,0));
#9645=FACE_SURFACE('',(#9650),#9646,.T.);
#9646=PLANE('',#9647);
#9647=AXIS2_PLACEMENT_3D('',#4707,#9648,#9649);
#9648=DIRECTION('',(0,0,1));
#9649=DIRECTION('',(0.1651170866667531,-0.9862739719219421,0));
#9650=FACE_BOUND('',#9651,.T.);
#9651=EDGE_LOOP('',(#9652,#9653,#9654));
#9652=ORIENTED_EDGE('',*,*,#9655,.T.);
#9653=ORIENTED_EDGE('',*,*,#9656,.T.);
#9654=ORIENTED_EDGE('',*,*,#9657,.T.);
#9655=EDGE_CURVE('',#4708,#4544,#9658,.F.);
#9656=EDGE_CURVE('',#4544,#4502,#9659,.T.);
#9657=EDGE_CURVE('',#4502,#4708,#9660,.T.);
#9658=LINE('',#4707,#9661);
#9659=LINE('',#4543,#9662);
#9660=LINE('',#4501,#9663);
#9661=VECTOR('',#9664,1.0);
#9662=VECTOR('',#9665,1.0);
#9663=VECTOR('',#9666,1.0);
#9664=DIRECTION('',(0.1651170866667531,-0.9862739719219421,0));
#9665=DIRECTION('',(0.9892869986638788,-0.14598367811031046,0));
#9666=DIRECTION('',(-0.730122226971577,0.6833165691552231,0));
#9667=FACE_SURFACE('',(#9672),#9668,.T.);
#9668=PLANE('',#9669);
#9669=AXIS2_PLACEMENT_3D('',#4501,#9670,#9671);
#9670=DIRECTION('',(0,0,1));
#9671=DIRECTION('',(-0.09426588583687874,0.9955470570331613,0));
#9672=FACE_BOUND('',#9673,.T.);
#9673=EDGE_LOOP('',(#9674,#9675,#9676));
#9674=ORIENTED_EDGE('',*,*,#9677,.T.);
#9675=ORIENTED_EDGE('',*,*,#9678,.T.);
#9676=ORIENTED_EDGE('',*,*,#9679,.T.);
#9677=EDGE_CURVE('',#4502,#4500,#9680,.F.);
#9678=EDGE_CURVE('',#4500,#4716,#9681,.T.);
#9679=EDGE_CURVE('',#4716,#4502,#9682,.T.);
#9680=LINE('',#4501,#9683);
#9681=LINE('',#4499,#9684);
#9682=LINE('',#4715,#9685);
#9683=VECTOR('',#9686,1.0);
#9684=VECTOR('',#9687,1.0);
#9685=VECTOR('',#9688,1.0);
#9686=DIRECTION('',(-0.09426588583687874,0.9955470570331613,0));
#9687=DIRECTION('',(-0.6141152858344625,0.7892163301050329,0));
#9688=DIRECTION('',(0.4366315812143673,-0.899640407210704,0));
#9689=FACE_SURFACE('',(#9694),#9690,.T.);
#9690=PLANE('',#9691);
#9691=AXIS2_PLACEMENT_3D('',#4715,#9692,#9693);
#9692=DIRECTION('',(0,0,1));
#9693=DIRECTION('',(-0.43167256376503627,0.9020303751495959,0));
#9694=FACE_BOUND('',#9695,.T.);
#9695=EDGE_LOOP('',(#9696,#9697,#9698));
#9696=ORIENTED_EDGE('',*,*,#9699,.T.);
#9697=ORIENTED_EDGE('',*,*,#9700,.T.);
#9698=ORIENTED_EDGE('',*,*,#9701,.T.);
#9699=EDGE_CURVE('',#4716,#4712,#9702,.F.);
#9700=EDGE_CURVE('',#4712,#4708,#9703,.T.);
#9701=EDGE_CURVE('',#4708,#4716,#9704,.T.);
#9702=LINE('',#4715,#9705);
#9703=LINE('',#4711,#9706);
#9704=LINE('',#4707,#9707);
#9705=VECTOR('',#9708,1.0);
#9706=VECTOR('',#9709,1.0);
#9707=VECTOR('',#9710,1.0);
#9708=DIRECTION('',(-0.43167256376503627,0.9020303751495959,0));
#9709=DIRECTION('',(-0.9871560289148592,0.15975911422214928,0));
#9710=DIRECTION('',(0.8410882518202082,-0.5408979133348789,0));
#9711=FACE_SURFACE('',(#9716),#9712,.T.);
#9712=PLANE('',#9713);
#9713=AXIS2_PLACEMENT_3D('',#4707,#9714,#9715);
#9714=DIRECTION('',(0,0,1));
#9715=DIRECTION('',(0.730122226971577,-0.6833165691552231,0));
#9716=FACE_BOUND('',#9717,.T.);
#9717=EDGE_LOOP('',(#9718,#9719,#9720));
#9718=ORIENTED_EDGE('',*,*,#9721,.T.);
#9719=ORIENTED_EDGE('',*,*,#9722,.T.);
#9720=ORIENTED_EDGE('',*,*,#9723,.T.);
#9721=EDGE_CURVE('',#4708,#4502,#9724,.F.);
#9722=EDGE_CURVE('',#4502,#4716,#9725,.T.);
#9723=EDGE_CURVE('',#4716,#4708,#9726,.T.);
#9724=LINE('',#4707,#9727);
#9725=LINE('',#4501,#9728);
#9726=LINE('',#4715,#9729);
#9727=VECTOR('',#9730,1.0);
#9728=VECTOR('',#9731,1.0);
#9729=VECTOR('',#9732,1.0);
#9730=DIRECTION('',(0.730122226971577,-0.6833165691552231,0));
#9731=DIRECTION('',(-0.4366315812143673,0.899640407210704,0));
#9732=DIRECTION('',(-0.8410882518202082,0.5408979133348789,0));
#9733=FACE_SURFACE('',(#9738),#9734,.T.);
#9734=PLANE('',#9735);
#9735=AXIS2_PLACEMENT_3D('',#4717,#9736,#9737);
#9736=DIRECTION('',(0,0,1));
#9737=DIRECTION('',(-0.08536691171947575,0.9963495824174762,0));
#9738=FACE_BOUND('',#9739,.T.);
#9739=EDGE_LOOP('',(#9740,#9741,#9742));
#9740=ORIENTED_EDGE('',*,*,#9743,.T.);
#9741=ORIENTED_EDGE('',*,*,#9744,.T.);
#9742=ORIENTED_EDGE('',*,*,#9745,.T.);
#9743=EDGE_CURVE('',#4718,#4702,#9746,.F.);
#9744=EDGE_CURVE('',#4702,#4692,#9747,.T.);
#9745=EDGE_CURVE('',#4692,#4718,#9748,.T.);
#9746=LINE('',#4717,#9749);
#9747=LINE('',#4701,#9750);
#9748=LINE('',#4691,#9751);
#9749=VECTOR('',#9752,1.0);
#9750=VECTOR('',#9753,1.0);
#9751=VECTOR('',#9754,1.0);
#9752=DIRECTION('',(-0.08536691171947575,0.9963495824174762,0));
#9753=DIRECTION('',(-1,0,0));
#9754=DIRECTION('',(0.7429476409339116,-0.6693495371110191,0));
#9755=FACE_SURFACE('',(#9760),#9756,.T.);
#9756=PLANE('',#9757);
#9757=AXIS2_PLACEMENT_3D('',#4691,#9758,#9759);
#9758=DIRECTION('',(0,0,1));
#9759=DIRECTION('',(0.056050655572297235,-0.9984279262970941,0));
#9760=FACE_BOUND('',#9761,.T.);
#9761=EDGE_LOOP('',(#9762,#9763,#9764));
#9762=ORIENTED_EDGE('',*,*,#9765,.T.);
#9763=ORIENTED_EDGE('',*,*,#9766,.T.);
#9764=ORIENTED_EDGE('',*,*,#9767,.T.);
#9765=EDGE_CURVE('',#4692,#4708,#9768,.F.);
#9766=EDGE_CURVE('',#4708,#4714,#9769,.T.);
#9767=EDGE_CURVE('',#4714,#4692,#9770,.T.);
#9768=LINE('',#4691,#9771);
#9769=LINE('',#4707,#9772);
#9770=LINE('',#4713,#9773);
#9771=VECTOR('',#9774,1.0);
#9772=VECTOR('',#9775,1.0);
#9773=VECTOR('',#9776,1.0);
#9774=DIRECTION('',(0.056050655572297235,-0.9984279262970941,0));
#9775=DIRECTION('',(0.9979446937654075,-0.0640811063065158,0));
#9776=DIRECTION('',(-0.5872835973100073,0.8093812305277515,0));
#9777=FACE_SURFACE('',(#9782),#9778,.T.);
#9778=PLANE('',#9779);
#9779=AXIS2_PLACEMENT_3D('',#4717,#9780,#9781);
#9780=DIRECTION('',(0,0,1));
#9781=DIRECTION('',(-0.7429476409339116,0.6693495371110191,0));
#9782=FACE_BOUND('',#9783,.T.);
#9783=EDGE_LOOP('',(#9784,#9785,#9786));
#9784=ORIENTED_EDGE('',*,*,#9787,.T.);
#9785=ORIENTED_EDGE('',*,*,#9788,.T.);
#9786=ORIENTED_EDGE('',*,*,#9789,.T.);
#9787=EDGE_CURVE('',#4718,#4692,#9790,.F.);
#9788=EDGE_CURVE('',#4692,#4714,#9791,.T.);
#9789=EDGE_CURVE('',#4714,#4718,#9792,.T.);
#9790=LINE('',#4717,#9793);
#9791=LINE('',#4691,#9794);
#9792=LINE('',#4713,#9795);
#9793=VECTOR('',#9796,1.0);
#9794=VECTOR('',#9797,1.0);
#9795=VECTOR('',#9798,1.0);
#9796=DIRECTION('',(-0.7429476409339116,0.6693495371110191,0));
#9797=DIRECTION('',(0.5872835973100073,-0.8093812305277515,0));
#9798=DIRECTION('',(-0.25627469028291244,0.9666039949847081,0));
#9799=FACE_SURFACE('',(#9804),#9800,.T.);
#9800=PLANE('',#9801);
#9801=AXIS2_PLACEMENT_3D('',#4709,#9802,#9803);
#9802=DIRECTION('',(-0,0,1));
#9803=DIRECTION('',(0.9971396191283587,-0.07558161128575965,0));
#9804=FACE_BOUND('',#9805,.T.);
#9805=EDGE_LOOP('',(#9806,#9807,#9808));
#9806=ORIENTED_EDGE('',*,*,#9809,.T.);
#9807=ORIENTED_EDGE('',*,*,#9810,.T.);
#9808=ORIENTED_EDGE('',*,*,#9811,.T.);
#9809=EDGE_CURVE('',#4710,#4708,#9812,.F.);
#9810=EDGE_CURVE('',#4708,#4692,#9813,.T.);
#9811=EDGE_CURVE('',#4692,#4710,#9814,.T.);
#9812=LINE('',#4709,#9815);
#9813=LINE('',#4707,#9816);
#9814=LINE('',#4691,#9817);
#9815=VECTOR('',#9818,1.0);
#9816=VECTOR('',#9819,1.0);
#9817=VECTOR('',#9820,1.0);
#9818=DIRECTION('',(0.9971396191283587,-0.07558161128575965,0));
#9819=DIRECTION('',(-0.056050655572297235,0.9984279262970941,0));
#9820=DIRECTION('',(-0.754056364145079,-0.6568097134576375,0));
#9821=FACE_SURFACE('',(#9826),#9822,.T.);
#9822=PLANE('',#9823);
#9823=AXIS2_PLACEMENT_3D('',#4709,#9824,#9825);
#9824=DIRECTION('',(0,-0,1));
#9825=DIRECTION('',(0.754056364145079,0.6568097134576375,0));
#9826=FACE_BOUND('',#9827,.T.);
#9827=EDGE_LOOP('',(#9828,#9829,#9830));
#9828=ORIENTED_EDGE('',*,*,#9831,.T.);
#9829=ORIENTED_EDGE('',*,*,#9832,.T.);
#9830=ORIENTED_EDGE('',*,*,#9833,.T.);
#9831=EDGE_CURVE('',#4710,#4692,#9834,.F.);
#9832=EDGE_CURVE('',#4692,#4690,#9835,.T.);
#9833=EDGE_CURVE('',#4690,#4710,#9836,.T.);
#9834=LINE('',#4709,#9837);
#9835=LINE('',#4691,#9838);
#9836=LINE('',#4689,#9839);
#9837=VECTOR('',#9840,1.0);
#9838=VECTOR('',#9841,1.0);
#9839=VECTOR('',#9842,1.0);
#9840=DIRECTION('',(0.754056364145079,0.6568097134576375,0));
#9841=DIRECTION('',(-1,0,0));
#9842=DIRECTION('',(0.08536741727776702,-0.9963495391012752,0));
#9843=FACE_SURFACE('',(#9848),#9844,.T.);
#9844=PLANE('',#9845);
#9845=AXIS2_PLACEMENT_3D('',#4719,#9846,#9847);
#9846=DIRECTION('',(0.90203013654285,0.43167306236142117,-0));
#9847=DIRECTION('',(0,0,1));
#9848=FACE_BOUND('',#9849,.T.);
#9849=EDGE_LOOP('',(#9850,#9851,#9852));
#9850=ORIENTED_EDGE('',*,*,#9853,.T.);
#9851=ORIENTED_EDGE('',*,*,#9854,.T.);
#9852=ORIENTED_EDGE('',*,*,#9855,.T.);
#9853=EDGE_CURVE('',#4720,#4634,#9856,.F.);
#9854=EDGE_CURVE('',#4634,#4622,#9857,.T.);
#9855=EDGE_CURVE('',#4622,#4720,#9858,.T.);
#9856=LINE('',#4719,#9859);
#9857=LINE('',#4633,#9860);
#9858=LINE('',#4621,#9861);
#9859=VECTOR('',#9862,1.0);
#9860=VECTOR('',#9863,1.0);
#9861=VECTOR('',#9864,1.0);
#9862=DIRECTION('',(0,0,1));
#9863=DIRECTION('',(0.43167306236142117,-0.9020301365428499,0));
#9864=DIRECTION('',(-0.013806846219366592,0.02885098113917987,-0.9994883650572335));
#9865=FACE_SURFACE('',(#9870),#9866,.T.);
#9866=PLANE('',#9867);
#9867=AXIS2_PLACEMENT_3D('',#4719,#9868,#9869);
#9868=DIRECTION('',(0.90203013654285,0.43167306236142117,0));
#9869=DIRECTION('',(0.013806846219366592,-0.02885098113917987,0.9994883650572335));
#9870=FACE_BOUND('',#9871,.T.);
#9871=EDGE_LOOP('',(#9872,#9873,#9874));
#9872=ORIENTED_EDGE('',*,*,#9875,.T.);
#9873=ORIENTED_EDGE('',*,*,#9876,.T.);
#9874=ORIENTED_EDGE('',*,*,#9877,.T.);
#9875=EDGE_CURVE('',#4720,#4622,#9878,.F.);
#9876=EDGE_CURVE('',#4622,#4722,#9879,.T.);
#9877=EDGE_CURVE('',#4722,#4720,#9880,.T.);
#9878=LINE('',#4719,#9881);
#9879=LINE('',#4621,#9882);
#9880=LINE('',#4721,#9883);
#9881=VECTOR('',#9884,1.0);
#9882=VECTOR('',#9885,1.0);
#9883=VECTOR('',#9886,1.0);
#9884=DIRECTION('',(0.013806846219366592,-0.02885098113917987,0.9994883650572335));
#9885=DIRECTION('',(0,0,-1));
#9886=DIRECTION('',(-0.43167306236142117,0.9020301365428499,0));
#9887=FACE_SURFACE('',(#9892),#9888,.T.);
#9888=PLANE('',#9889);
#9889=AXIS2_PLACEMENT_3D('',#4723,#9890,#9891);
#9890=DIRECTION('',(-0.4316747796567373,-0.9020293147167155,0));
#9891=DIRECTION('',(0.9020293147167155,-0.43167477965673723,0));
#9892=FACE_BOUND('',#9893,.T.);
#9893=EDGE_LOOP('',(#9894,#9895,#9896));
#9894=ORIENTED_EDGE('',*,*,#9897,.T.);
#9895=ORIENTED_EDGE('',*,*,#9898,.T.);
#9896=ORIENTED_EDGE('',*,*,#9899,.T.);
#9897=EDGE_CURVE('',#4724,#4726,#9900,.F.);
#9898=EDGE_CURVE('',#4726,#4540,#9901,.T.);
#9899=EDGE_CURVE('',#4540,#4724,#9902,.T.);
#9900=LINE('',#4723,#9903);
#9901=LINE('',#4725,#9904);
#9902=LINE('',#4539,#9905);
#9903=VECTOR('',#9906,1.0);
#9904=VECTOR('',#9907,1.0);
#9905=VECTOR('',#9908,1.0);
#9906=DIRECTION('',(0.9020293147167155,-0.43167477965673723,0));
#9907=DIRECTION('',(0,0,1));
#9908=DIRECTION('',(-0.0036666529006620678,0.0017547119114062466,-0.9999917382871791));
#9909=FACE_SURFACE('',(#9914),#9910,.T.);
#9910=PLANE('',#9911);
#9911=AXIS2_PLACEMENT_3D('',#4539,#9912,#9913);
#9912=DIRECTION('',(-0.43167260235335964,-0.9020303566828992,0));
#9913=DIRECTION('',(-0.9020303566828992,0.4316726023533597,0));
#9914=FACE_BOUND('',#9915,.T.);
#9915=EDGE_LOOP('',(#9916,#9917,#9918));
#9916=ORIENTED_EDGE('',*,*,#9919,.T.);
#9917=ORIENTED_EDGE('',*,*,#9920,.T.);
#9918=ORIENTED_EDGE('',*,*,#9921,.T.);
#9919=EDGE_CURVE('',#4540,#4534,#9922,.F.);
#9920=EDGE_CURVE('',#4534,#4728,#9923,.T.);
#9921=EDGE_CURVE('',#4728,#4540,#9924,.T.);
#9922=LINE('',#4539,#9925);
#9923=LINE('',#4533,#9926);
#9924=LINE('',#4727,#9927);
#9925=VECTOR('',#9928,1.0);
#9926=VECTOR('',#9929,1.0);
#9927=VECTOR('',#9930,1.0);
#9928=DIRECTION('',(-0.9020303566828992,0.4316726023533597,0));
#9929=DIRECTION('',(0,0,-1));
#9930=DIRECTION('',(0.02885099682372002,-0.013806835642630034,0.9994883647505933));
#9931=FACE_SURFACE('',(#9936),#9932,.T.);
#9932=PLANE('',#9933);
#9933=AXIS2_PLACEMENT_3D('',#4723,#9934,#9935);
#9934=DIRECTION('',(-0.4316722855363649,-0.9020305082977021,-1.1239557330610248E-08));
#9935=DIRECTION('',(0.0036666529006620678,-0.0017547119114062466,0.9999917382871791));
#9936=FACE_BOUND('',#9937,.T.);
#9937=EDGE_LOOP('',(#9938,#9939,#9940));
#9938=ORIENTED_EDGE('',*,*,#9941,.T.);
#9939=ORIENTED_EDGE('',*,*,#9942,.T.);
#9940=ORIENTED_EDGE('',*,*,#9943,.T.);
#9941=EDGE_CURVE('',#4724,#4540,#9944,.F.);
#9942=EDGE_CURVE('',#4540,#4728,#9945,.T.);
#9943=EDGE_CURVE('',#4728,#4724,#9946,.T.);
#9944=LINE('',#4723,#9947);
#9945=LINE('',#4539,#9948);
#9946=LINE('',#4727,#9949);
#9947=VECTOR('',#9950,1.0);
#9948=VECTOR('',#9951,1.0);
#9949=VECTOR('',#9952,1.0);
#9950=DIRECTION('',(0.0036666529006620678,-0.0017547119114062466,0.9999917382871791));
#9951=DIRECTION('',(-0.02885099682372002,0.013806835642630034,-0.9994883647505933));
#9952=DIRECTION('',(0.9020305082977023,-0.4316722855363649,0));
#9953=FACE_SURFACE('',(#9958),#9954,.T.);
#9954=PLANE('',#9955);
#9955=AXIS2_PLACEMENT_3D('',#4729,#9956,#9957);
#9956=DIRECTION('',(0.7892176366354824,0.6141136067728052,-0));
#9957=DIRECTION('',(0,0,1));
#9958=FACE_BOUND('',#9959,.T.);
#9959=EDGE_LOOP('',(#9960,#9961,#9962));
#9960=ORIENTED_EDGE('',*,*,#9963,.T.);
#9961=ORIENTED_EDGE('',*,*,#9964,.T.);
#9962=ORIENTED_EDGE('',*,*,#9965,.T.);
#9963=EDGE_CURVE('',#4730,#4636,#9966,.F.);
#9964=EDGE_CURVE('',#4636,#4634,#9967,.T.);
#9965=EDGE_CURVE('',#4634,#4730,#9968,.T.);
#9966=LINE('',#4729,#9969);
#9967=LINE('',#4635,#9970);
#9968=LINE('',#4633,#9971);
#9969=VECTOR('',#9972,1.0);
#9970=VECTOR('',#9973,1.0);
#9971=VECTOR('',#9974,1.0);
#9972=DIRECTION('',(0,0,1));
#9973=DIRECTION('',(0.6141136067728052,-0.7892176366354824,0));
#9974=DIRECTION('',(-0.019286719017510303,0.024785998280418078,-0.9995067167151918));
#9975=FACE_SURFACE('',(#9980),#9976,.T.);
#9976=PLANE('',#9977);
#9977=AXIS2_PLACEMENT_3D('',#4729,#9978,#9979);
#9978=DIRECTION('',(0.7892176366354824,0.6141136067728052,0));
#9979=DIRECTION('',(0.019286719017510303,-0.024785998280418078,0.9995067167151918));
#9980=FACE_BOUND('',#9981,.T.);
#9981=EDGE_LOOP('',(#9982,#9983,#9984));
#9982=ORIENTED_EDGE('',*,*,#9985,.T.);
#9983=ORIENTED_EDGE('',*,*,#9986,.T.);
#9984=ORIENTED_EDGE('',*,*,#9987,.T.);
#9985=EDGE_CURVE('',#4730,#4634,#9988,.F.);
#9986=EDGE_CURVE('',#4634,#4720,#9989,.T.);
#9987=EDGE_CURVE('',#4720,#4730,#9990,.T.);
#9988=LINE('',#4729,#9991);
#9989=LINE('',#4633,#9992);
#9990=LINE('',#4719,#9993);
#9991=VECTOR('',#9994,1.0);
#9992=VECTOR('',#9995,1.0);
#9993=VECTOR('',#9996,1.0);
#9994=DIRECTION('',(0.019286719017510303,-0.024785998280418078,0.9995067167151918));
#9995=DIRECTION('',(0,0,-1));
#9996=DIRECTION('',(-0.6141136067728052,0.7892176366354824,0));
#9997=FACE_SURFACE('',(#10002),#9998,.T.);
#9998=PLANE('',#9999);
#9999=AXIS2_PLACEMENT_3D('',#4731,#10000,#10001);
#10000=DIRECTION('',(-0.25627440753259406,-0.9666040699499552,0));
#10001=DIRECTION('',(0,0,1));
#10002=FACE_BOUND('',#10003,.T.);
#10003=EDGE_LOOP('',(#10004,#10005,#10006));
#10004=ORIENTED_EDGE('',*,*,#10007,.T.);
#10005=ORIENTED_EDGE('',*,*,#10008,.T.);
#10006=ORIENTED_EDGE('',*,*,#10009,.T.);
#10007=EDGE_CURVE('',#4732,#4548,#10010,.F.);
#10008=EDGE_CURVE('',#4548,#4540,#10011,.T.);
#10009=EDGE_CURVE('',#4540,#4732,#10012,.T.);
#10010=LINE('',#4731,#10013);
#10011=LINE('',#4547,#10014);
#10012=LINE('',#4539,#10015);
#10013=VECTOR('',#10016,1.0);
#10014=VECTOR('',#10017,1.0);
#10015=VECTOR('',#10018,1.0);
#10016=DIRECTION('',(0,0,1));
#10017=DIRECTION('',(-0.9666040699499552,0.25627440753259406,0));
#10018=DIRECTION('',(0.03148214770015059,-0.008346818517045378,-0.9994694617630043));
#10019=FACE_SURFACE('',(#10024),#10020,.T.);
#10020=PLANE('',#10021);
#10021=AXIS2_PLACEMENT_3D('',#4731,#10022,#10023);
#10022=DIRECTION('',(-0.25627440753259406,-0.9666040699499552,0));
#10023=DIRECTION('',(-0.03148214770015059,0.008346818517045378,0.9994694617630043));
#10024=FACE_BOUND('',#10025,.T.);
#10025=EDGE_LOOP('',(#10026,#10027,#10028));
#10026=ORIENTED_EDGE('',*,*,#10029,.T.);
#10027=ORIENTED_EDGE('',*,*,#10030,.T.);
#10028=ORIENTED_EDGE('',*,*,#10031,.T.);
#10029=EDGE_CURVE('',#4732,#4540,#10032,.F.);
#10030=EDGE_CURVE('',#4540,#4726,#10033,.T.);
#10031=EDGE_CURVE('',#4726,#4732,#10034,.T.);
#10032=LINE('',#4731,#10035);
#10033=LINE('',#4539,#10036);
#10034=LINE('',#4725,#10037);
#10035=VECTOR('',#10038,1.0);
#10036=VECTOR('',#10039,1.0);
#10037=VECTOR('',#10040,1.0);
#10038=DIRECTION('',(-0.03148214770015059,0.008346818517045378,0.9994694617630043));
#10039=DIRECTION('',(0,0,-1));
#10040=DIRECTION('',(0.9666040699499552,-0.25627440753259406,0));
#10041=FACE_SURFACE('',(#10046),#10042,.T.);
#10042=PLANE('',#10043);
#10043=AXIS2_PLACEMENT_3D('',#4733,#10044,#10045);
#10044=DIRECTION('',(0.6141134455856612,0.7892177620599446,-0));
#10045=DIRECTION('',(0,0,1));
#10046=FACE_BOUND('',#10047,.T.);
#10047=EDGE_LOOP('',(#10048,#10049,#10050));
#10048=ORIENTED_EDGE('',*,*,#10051,.T.);
#10049=ORIENTED_EDGE('',*,*,#10052,.T.);
#10050=ORIENTED_EDGE('',*,*,#10053,.T.);
#10051=EDGE_CURVE('',#4734,#4638,#10054,.F.);
#10052=EDGE_CURVE('',#4638,#4636,#10055,.T.);
#10053=EDGE_CURVE('',#4636,#4734,#10056,.T.);
#10054=LINE('',#4733,#10057);
#10055=LINE('',#4637,#10058);
#10056=LINE('',#4635,#10059);
#10057=VECTOR('',#10060,1.0);
#10058=VECTOR('',#10061,1.0);
#10059=VECTOR('',#10062,1.0);
#10060=DIRECTION('',(0,0,1));
#10061=DIRECTION('',(0.7892177620599446,-0.614113445585661,0));
#10062=DIRECTION('',(-0.024786012766015827,0.019286722161876567,-0.9995067162953002));
#10063=FACE_SURFACE('',(#10068),#10064,.T.);
#10064=PLANE('',#10065);
#10065=AXIS2_PLACEMENT_3D('',#4733,#10066,#10067);
#10066=DIRECTION('',(0.6141134455856612,0.7892177620599446,0));
#10067=DIRECTION('',(0.024786012766015827,-0.019286722161876567,0.9995067162953002));
#10068=FACE_BOUND('',#10069,.T.);
#10069=EDGE_LOOP('',(#10070,#10071,#10072));
#10070=ORIENTED_EDGE('',*,*,#10073,.T.);
#10071=ORIENTED_EDGE('',*,*,#10074,.T.);
#10072=ORIENTED_EDGE('',*,*,#10075,.T.);
#10073=EDGE_CURVE('',#4734,#4636,#10076,.F.);
#10074=EDGE_CURVE('',#4636,#4730,#10077,.T.);
#10075=EDGE_CURVE('',#4730,#4734,#10078,.T.);
#10076=LINE('',#4733,#10079);
#10077=LINE('',#4635,#10080);
#10078=LINE('',#4729,#10081);
#10079=VECTOR('',#10082,1.0);
#10080=VECTOR('',#10083,1.0);
#10081=VECTOR('',#10084,1.0);
#10082=DIRECTION('',(0.024786012766015827,-0.019286722161876567,0.9995067162953002));
#10083=DIRECTION('',(0,0,-1));
#10084=DIRECTION('',(-0.7892177620599446,0.614113445585661,0));
#10085=FACE_SURFACE('',(#10090),#10086,.T.);
#10086=PLANE('',#10087);
#10087=AXIS2_PLACEMENT_3D('',#4735,#10088,#10089);
#10088=DIRECTION('',(-0.08536854092143203,-0.9963494428266348,0));
#10089=DIRECTION('',(0,0,1));
#10090=FACE_BOUND('',#10091,.T.);
#10091=EDGE_LOOP('',(#10092,#10093,#10094));
#10092=ORIENTED_EDGE('',*,*,#10095,.T.);
#10093=ORIENTED_EDGE('',*,*,#10096,.T.);
#10094=ORIENTED_EDGE('',*,*,#10097,.T.);
#10095=EDGE_CURVE('',#4736,#4552,#10098,.F.);
#10096=EDGE_CURVE('',#4552,#4548,#10099,.T.);
#10097=EDGE_CURVE('',#4548,#4736,#10100,.T.);
#10098=LINE('',#4735,#10101);
#10099=LINE('',#4551,#10102);
#10100=LINE('',#4547,#10103);
#10101=VECTOR('',#10104,1.0);
#10102=VECTOR('',#10105,1.0);
#10103=VECTOR('',#10106,1.0);
#10104=DIRECTION('',(0,0,1));
#10105=DIRECTION('',(-0.996349442826635,0.08536854092143205,0));
#10106=DIRECTION('',(0.03277800427206631,-0.0028084628532377837,-0.9994587109892746));
#10107=FACE_SURFACE('',(#10112),#10108,.T.);
#10108=PLANE('',#10109);
#10109=AXIS2_PLACEMENT_3D('',#4735,#10110,#10111);
#10110=DIRECTION('',(-0.08536854092143203,-0.9963494428266348,0));
#10111=DIRECTION('',(-0.03277800427206631,0.0028084628532377837,0.9994587109892746));
#10112=FACE_BOUND('',#10113,.T.);
#10113=EDGE_LOOP('',(#10114,#10115,#10116));
#10114=ORIENTED_EDGE('',*,*,#10117,.T.);
#10115=ORIENTED_EDGE('',*,*,#10118,.T.);
#10116=ORIENTED_EDGE('',*,*,#10119,.T.);
#10117=EDGE_CURVE('',#4736,#4548,#10120,.F.);
#10118=EDGE_CURVE('',#4548,#4732,#10121,.T.);
#10119=EDGE_CURVE('',#4732,#4736,#10122,.T.);
#10120=LINE('',#4735,#10123);
#10121=LINE('',#4547,#10124);
#10122=LINE('',#4731,#10125);
#10123=VECTOR('',#10126,1.0);
#10124=VECTOR('',#10127,1.0);
#10125=VECTOR('',#10128,1.0);
#10126=DIRECTION('',(-0.03277800427206631,0.0028084628532377837,0.9994587109892746));
#10127=DIRECTION('',(0,0,-1));
#10128=DIRECTION('',(0.996349442826635,-0.08536854092143205,0));
#10129=FACE_SURFACE('',(#10134),#10130,.T.);
#10130=PLANE('',#10131);
#10131=AXIS2_PLACEMENT_3D('',#4737,#10132,#10133);
#10132=DIRECTION('',(0.4316728490717183,0.9020302386141529,-0));
#10133=DIRECTION('',(0,0,1));
#10134=FACE_BOUND('',#10135,.T.);
#10135=EDGE_LOOP('',(#10136,#10137,#10138));
#10136=ORIENTED_EDGE('',*,*,#10139,.T.);
#10137=ORIENTED_EDGE('',*,*,#10140,.T.);
#10138=ORIENTED_EDGE('',*,*,#10141,.T.);
#10139=EDGE_CURVE('',#4738,#4640,#10142,.F.);
#10140=EDGE_CURVE('',#4640,#4638,#10143,.T.);
#10141=EDGE_CURVE('',#4638,#4738,#10144,.T.);
#10142=LINE('',#4737,#10145);
#10143=LINE('',#4639,#10146);
#10144=LINE('',#4637,#10147);
#10145=VECTOR('',#10148,1.0);
#10146=VECTOR('',#10149,1.0);
#10147=VECTOR('',#10150,1.0);
#10148=DIRECTION('',(0,0,1));
#10149=DIRECTION('',(0.9020302386141528,-0.43167284907171827,0));
#10150=DIRECTION('',(-0.028850976574717715,0.013806835650702757,-0.9994883653349845));
#10151=FACE_SURFACE('',(#10156),#10152,.T.);
#10152=PLANE('',#10153);
#10153=AXIS2_PLACEMENT_3D('',#4737,#10154,#10155);
#10154=DIRECTION('',(0.4316728490717183,0.9020302386141529,0));
#10155=DIRECTION('',(0.028850976574717715,-0.013806835650702757,0.9994883653349845));
#10156=FACE_BOUND('',#10157,.T.);
#10157=EDGE_LOOP('',(#10158,#10159,#10160));
#10158=ORIENTED_EDGE('',*,*,#10161,.T.);
#10159=ORIENTED_EDGE('',*,*,#10162,.T.);
#10160=ORIENTED_EDGE('',*,*,#10163,.T.);
#10161=EDGE_CURVE('',#4738,#4638,#10164,.F.);
#10162=EDGE_CURVE('',#4638,#4734,#10165,.T.);
#10163=EDGE_CURVE('',#4734,#4738,#10166,.T.);
#10164=LINE('',#4737,#10167);
#10165=LINE('',#4637,#10168);
#10166=LINE('',#4733,#10169);
#10167=VECTOR('',#10170,1.0);
#10168=VECTOR('',#10171,1.0);
#10169=VECTOR('',#10172,1.0);
#10170=DIRECTION('',(0.028850976574717715,-0.013806835650702757,0.9994883653349845));
#10171=DIRECTION('',(0,0,-1));
#10172=DIRECTION('',(-0.9020302386141528,0.43167284907171827,0));
#10173=FACE_SURFACE('',(#10178),#10174,.T.);
#10174=PLANE('',#10175);
#10175=AXIS2_PLACEMENT_3D('',#4739,#10176,#10177);
#10176=DIRECTION('',(0.08536855229598646,-0.9963494418520479,0));
#10177=DIRECTION('',(0,0,1));
#10178=FACE_BOUND('',#10179,.T.);
#10179=EDGE_LOOP('',(#10180,#10181,#10182));
#10180=ORIENTED_EDGE('',*,*,#10183,.T.);
#10181=ORIENTED_EDGE('',*,*,#10184,.T.);
#10182=ORIENTED_EDGE('',*,*,#10185,.T.);
#10183=EDGE_CURVE('',#4740,#4568,#10186,.F.);
#10184=EDGE_CURVE('',#4568,#4552,#10187,.T.);
#10185=EDGE_CURVE('',#4552,#4740,#10188,.T.);
#10186=LINE('',#4739,#10189);
#10187=LINE('',#4567,#10190);
#10188=LINE('',#4551,#10191);
#10189=VECTOR('',#10192,1.0);
#10190=VECTOR('',#10193,1.0);
#10191=VECTOR('',#10194,1.0);
#10192=DIRECTION('',(0,0,1));
#10193=DIRECTION('',(-0.996349441852048,-0.08536855229598647,0));
#10194=DIRECTION('',(0.03277799987737107,0.002808462853642776,-0.9994587111334008));
#10195=FACE_SURFACE('',(#10200),#10196,.T.);
#10196=PLANE('',#10197);
#10197=AXIS2_PLACEMENT_3D('',#4739,#10198,#10199);
#10198=DIRECTION('',(0.08536855229598646,-0.9963494418520479,0));
#10199=DIRECTION('',(-0.03277799987737107,-0.002808462853642776,0.9994587111334008));
#10200=FACE_BOUND('',#10201,.T.);
#10201=EDGE_LOOP('',(#10202,#10203,#10204));
#10202=ORIENTED_EDGE('',*,*,#10205,.T.);
#10203=ORIENTED_EDGE('',*,*,#10206,.T.);
#10204=ORIENTED_EDGE('',*,*,#10207,.T.);
#10205=EDGE_CURVE('',#4740,#4552,#10208,.F.);
#10206=EDGE_CURVE('',#4552,#4736,#10209,.T.);
#10207=EDGE_CURVE('',#4736,#4740,#10210,.T.);
#10208=LINE('',#4739,#10211);
#10209=LINE('',#4551,#10212);
#10210=LINE('',#4735,#10213);
#10211=VECTOR('',#10214,1.0);
#10212=VECTOR('',#10215,1.0);
#10213=VECTOR('',#10216,1.0);
#10214=DIRECTION('',(-0.03277799987737107,-0.002808462853642776,0.9994587111334008));
#10215=DIRECTION('',(0,0,-1));
#10216=DIRECTION('',(0.996349441852048,0.08536855229598647,0));
#10217=FACE_SURFACE('',(#10222),#10218,.T.);
#10218=PLANE('',#10219);
#10219=AXIS2_PLACEMENT_3D('',#4741,#10220,#10221);
#10220=DIRECTION('',(0.2562735352787722,0.9666043012089901,-0));
#10221=DIRECTION('',(0,0,1));
#10222=FACE_BOUND('',#10223,.T.);
#10223=EDGE_LOOP('',(#10224,#10225,#10226));
#10224=ORIENTED_EDGE('',*,*,#10227,.T.);
#10225=ORIENTED_EDGE('',*,*,#10228,.T.);
#10226=ORIENTED_EDGE('',*,*,#10229,.T.);
#10227=EDGE_CURVE('',#4742,#4656,#10230,.F.);
#10228=EDGE_CURVE('',#4656,#4640,#10231,.T.);
#10229=EDGE_CURVE('',#4640,#4742,#10232,.T.);
#10230=LINE('',#4741,#10233);
#10231=LINE('',#4655,#10234);
#10232=LINE('',#4639,#10235);
#10233=VECTOR('',#10236,1.0);
#10234=VECTOR('',#10237,1.0);
#10235=VECTOR('',#10238,1.0);
#10236=DIRECTION('',(0,0,1));
#10237=DIRECTION('',(0.96660430120899,-0.25627353527877217,0));
#10238=DIRECTION('',(-0.03148214770814057,0.00834678811302877,-0.9994694620166635));
#10239=FACE_SURFACE('',(#10244),#10240,.T.);
#10240=PLANE('',#10241);
#10241=AXIS2_PLACEMENT_3D('',#4741,#10242,#10243);
#10242=DIRECTION('',(0.2562735352787722,0.9666043012089901,0));
#10243=DIRECTION('',(0.03148214770814057,-0.00834678811302877,0.9994694620166635));
#10244=FACE_BOUND('',#10245,.T.);
#10245=EDGE_LOOP('',(#10246,#10247,#10248));
#10246=ORIENTED_EDGE('',*,*,#10249,.T.);
#10247=ORIENTED_EDGE('',*,*,#10250,.T.);
#10248=ORIENTED_EDGE('',*,*,#10251,.T.);
#10249=EDGE_CURVE('',#4742,#4640,#10252,.F.);
#10250=EDGE_CURVE('',#4640,#4738,#10253,.T.);
#10251=EDGE_CURVE('',#4738,#4742,#10254,.T.);
#10252=LINE('',#4741,#10255);
#10253=LINE('',#4639,#10256);
#10254=LINE('',#4737,#10257);
#10255=VECTOR('',#10258,1.0);
#10256=VECTOR('',#10259,1.0);
#10257=VECTOR('',#10260,1.0);
#10258=DIRECTION('',(0.03148214770814057,-0.00834678811302877,0.9994694620166635));
#10259=DIRECTION('',(0,0,-1));
#10260=DIRECTION('',(-0.96660430120899,0.25627353527877217,0));
#10261=FACE_SURFACE('',(#10266),#10262,.T.);
#10262=PLANE('',#10263);
#10263=AXIS2_PLACEMENT_3D('',#4743,#10264,#10265);
#10264=DIRECTION('',(0.25627440753259406,-0.9666040699499552,0));
#10265=DIRECTION('',(0,0,1));
#10266=FACE_BOUND('',#10267,.T.);
#10267=EDGE_LOOP('',(#10268,#10269,#10270));
#10268=ORIENTED_EDGE('',*,*,#10271,.T.);
#10269=ORIENTED_EDGE('',*,*,#10272,.T.);
#10270=ORIENTED_EDGE('',*,*,#10273,.T.);
#10271=EDGE_CURVE('',#4744,#4572,#10274,.F.);
#10272=EDGE_CURVE('',#4572,#4568,#10275,.T.);
#10273=EDGE_CURVE('',#4568,#4744,#10276,.T.);
#10274=LINE('',#4743,#10277);
#10275=LINE('',#4571,#10278);
#10276=LINE('',#4567,#10279);
#10277=VECTOR('',#10280,1.0);
#10278=VECTOR('',#10281,1.0);
#10279=VECTOR('',#10282,1.0);
#10280=DIRECTION('',(0,0,1));
#10281=DIRECTION('',(-0.9666040699499552,-0.25627440753259406,0));
#10282=DIRECTION('',(0.03148214770015059,0.008346818517045378,-0.9994694617630043));
#10283=FACE_SURFACE('',(#10288),#10284,.T.);
#10284=PLANE('',#10285);
#10285=AXIS2_PLACEMENT_3D('',#4743,#10286,#10287);
#10286=DIRECTION('',(0.25627440753259406,-0.9666040699499552,0));
#10287=DIRECTION('',(-0.03148214770015059,-0.008346818517045378,0.9994694617630043));
#10288=FACE_BOUND('',#10289,.T.);
#10289=EDGE_LOOP('',(#10290,#10291,#10292));
#10290=ORIENTED_EDGE('',*,*,#10293,.T.);
#10291=ORIENTED_EDGE('',*,*,#10294,.T.);
#10292=ORIENTED_EDGE('',*,*,#10295,.T.);
#10293=EDGE_CURVE('',#4744,#4568,#10296,.F.);
#10294=EDGE_CURVE('',#4568,#4740,#10297,.T.);
#10295=EDGE_CURVE('',#4740,#4744,#10298,.T.);
#10296=LINE('',#4743,#10299);
#10297=LINE('',#4567,#10300);
#10298=LINE('',#4739,#10301);
#10299=VECTOR('',#10302,1.0);
#10300=VECTOR('',#10303,1.0);
#10301=VECTOR('',#10304,1.0);
#10302=DIRECTION('',(-0.03148214770015059,-0.008346818517045378,0.9994694617630043));
#10303=DIRECTION('',(0,0,-1));
#10304=DIRECTION('',(0.9666040699499552,0.25627440753259406,0));
#10305=FACE_SURFACE('',(#10310),#10306,.T.);
#10306=PLANE('',#10307);
#10307=AXIS2_PLACEMENT_3D('',#4745,#10308,#10309);
#10308=DIRECTION('',(-0.7892178868422958,0.6141132852236478,0));
#10309=DIRECTION('',(0,0,1));
#10310=FACE_BOUND('',#10311,.T.);
#10311=EDGE_LOOP('',(#10312,#10313,#10314));
#10312=ORIENTED_EDGE('',*,*,#10315,.T.);
#10313=ORIENTED_EDGE('',*,*,#10316,.T.);
#10314=ORIENTED_EDGE('',*,*,#10317,.T.);
#10315=EDGE_CURVE('',#4746,#4684,#10318,.F.);
#10316=EDGE_CURVE('',#4684,#4688,#10319,.T.);
#10317=EDGE_CURVE('',#4688,#4746,#10320,.T.);
#10318=LINE('',#4745,#10321);
#10319=LINE('',#4683,#10322);
#10320=LINE('',#4687,#10323);
#10321=VECTOR('',#10324,1.0);
#10322=VECTOR('',#10325,1.0);
#10323=VECTOR('',#10326,1.0);
#10324=DIRECTION('',(0,0,1));
#10325=DIRECTION('',(0.6141132852236477,0.7892178868422957,0));
#10326=DIRECTION('',(-0.019286702810546525,-0.024785998288168545,-0.9995067170277329));
#10327=FACE_SURFACE('',(#10332),#10328,.T.);
#10328=PLANE('',#10329);
#10329=AXIS2_PLACEMENT_3D('',#4745,#10330,#10331);
#10330=DIRECTION('',(-0.7892178868422958,0.6141132852236478,0));
#10331=DIRECTION('',(0.019286702810546525,0.024785998288168545,0.9995067170277329));
#10332=FACE_BOUND('',#10333,.T.);
#10333=EDGE_LOOP('',(#10334,#10335,#10336));
#10334=ORIENTED_EDGE('',*,*,#10337,.T.);
#10335=ORIENTED_EDGE('',*,*,#10338,.T.);
#10336=ORIENTED_EDGE('',*,*,#10339,.T.);
#10337=EDGE_CURVE('',#4746,#4688,#10340,.F.);
#10338=EDGE_CURVE('',#4688,#4748,#10341,.T.);
#10339=EDGE_CURVE('',#4748,#4746,#10342,.T.);
#10340=LINE('',#4745,#10343);
#10341=LINE('',#4687,#10344);
#10342=LINE('',#4747,#10345);
#10343=VECTOR('',#10346,1.0);
#10344=VECTOR('',#10347,1.0);
#10345=VECTOR('',#10348,1.0);
#10346=DIRECTION('',(0.019286702810546525,0.024785998288168545,0.9995067170277329));
#10347=DIRECTION('',(0,0,-1));
#10348=DIRECTION('',(-0.6141132852236477,-0.7892178868422957,0));
#10349=FACE_SURFACE('',(#10354),#10350,.T.);
#10350=PLANE('',#10351);
#10351=AXIS2_PLACEMENT_3D('',#4749,#10352,#10353);
#10352=DIRECTION('',(0.08536855229598646,0.9963494418520479,-0));
#10353=DIRECTION('',(0,0,1));
#10354=FACE_BOUND('',#10355,.T.);
#10355=EDGE_LOOP('',(#10356,#10357,#10358));
#10356=ORIENTED_EDGE('',*,*,#10359,.T.);
#10357=ORIENTED_EDGE('',*,*,#10360,.T.);
#10358=ORIENTED_EDGE('',*,*,#10361,.T.);
#10359=EDGE_CURVE('',#4750,#4658,#10362,.F.);
#10360=EDGE_CURVE('',#4658,#4656,#10363,.T.);
#10361=EDGE_CURVE('',#4656,#4750,#10364,.T.);
#10362=LINE('',#4749,#10365);
#10363=LINE('',#4657,#10366);
#10364=LINE('',#4655,#10367);
#10365=VECTOR('',#10368,1.0);
#10366=VECTOR('',#10369,1.0);
#10367=VECTOR('',#10370,1.0);
#10368=DIRECTION('',(0,0,1));
#10369=DIRECTION('',(0.996349441852048,-0.08536855229598647,0));
#10370=DIRECTION('',(-0.03277799987737107,0.002808462853642776,-0.9994587111334008));
#10371=FACE_SURFACE('',(#10376),#10372,.T.);
#10372=PLANE('',#10373);
#10373=AXIS2_PLACEMENT_3D('',#4749,#10374,#10375);
#10374=DIRECTION('',(0.08536855229598646,0.9963494418520479,0));
#10375=DIRECTION('',(0.03277799987737107,-0.002808462853642776,0.9994587111334008));
#10376=FACE_BOUND('',#10377,.T.);
#10377=EDGE_LOOP('',(#10378,#10379,#10380));
#10378=ORIENTED_EDGE('',*,*,#10381,.T.);
#10379=ORIENTED_EDGE('',*,*,#10382,.T.);
#10380=ORIENTED_EDGE('',*,*,#10383,.T.);
#10381=EDGE_CURVE('',#4750,#4656,#10384,.F.);
#10382=EDGE_CURVE('',#4656,#4742,#10385,.T.);
#10383=EDGE_CURVE('',#4742,#4750,#10386,.T.);
#10384=LINE('',#4749,#10387);
#10385=LINE('',#4655,#10388);
#10386=LINE('',#4741,#10389);
#10387=VECTOR('',#10390,1.0);
#10388=VECTOR('',#10391,1.0);
#10389=VECTOR('',#10392,1.0);
#10390=DIRECTION('',(0.03277799987737107,-0.002808462853642776,0.9994587111334008));
#10391=DIRECTION('',(0,0,-1));
#10392=DIRECTION('',(-0.996349441852048,0.08536855229598647,0));
#10393=FACE_SURFACE('',(#10398),#10394,.T.);
#10394=PLANE('',#10395);
#10395=AXIS2_PLACEMENT_3D('',#4751,#10396,#10397);
#10396=DIRECTION('',(0.4316728490717183,-0.9020302386141529,0));
#10397=DIRECTION('',(0,0,1));
#10398=FACE_BOUND('',#10399,.T.);
#10399=EDGE_LOOP('',(#10400,#10401,#10402));
#10400=ORIENTED_EDGE('',*,*,#10403,.T.);
#10401=ORIENTED_EDGE('',*,*,#10404,.T.);
#10402=ORIENTED_EDGE('',*,*,#10405,.T.);
#10403=EDGE_CURVE('',#4752,#4584,#10406,.F.);
#10404=EDGE_CURVE('',#4584,#4572,#10407,.T.);
#10405=EDGE_CURVE('',#4572,#4752,#10408,.T.);
#10406=LINE('',#4751,#10409);
#10407=LINE('',#4583,#10410);
#10408=LINE('',#4571,#10411);
#10409=VECTOR('',#10412,1.0);
#10410=VECTOR('',#10413,1.0);
#10411=VECTOR('',#10414,1.0);
#10412=DIRECTION('',(0,0,1));
#10413=DIRECTION('',(-0.9020302386141528,-0.43167284907171827,0));
#10414=DIRECTION('',(0.028850976574717715,0.013806835650702757,-0.9994883653349845));
#10415=FACE_SURFACE('',(#10420),#10416,.T.);
#10416=PLANE('',#10417);
#10417=AXIS2_PLACEMENT_3D('',#4751,#10418,#10419);
#10418=DIRECTION('',(0.4316728490717183,-0.9020302386141529,0));
#10419=DIRECTION('',(-0.028850976574717715,-0.013806835650702757,0.9994883653349845));
#10420=FACE_BOUND('',#10421,.T.);
#10421=EDGE_LOOP('',(#10422,#10423,#10424));
#10422=ORIENTED_EDGE('',*,*,#10425,.T.);
#10423=ORIENTED_EDGE('',*,*,#10426,.T.);
#10424=ORIENTED_EDGE('',*,*,#10427,.T.);
#10425=EDGE_CURVE('',#4752,#4572,#10428,.F.);
#10426=EDGE_CURVE('',#4572,#4744,#10429,.T.);
#10427=EDGE_CURVE('',#4744,#4752,#10430,.T.);
#10428=LINE('',#4751,#10431);
#10429=LINE('',#4571,#10432);
#10430=LINE('',#4743,#10433);
#10431=VECTOR('',#10434,1.0);
#10432=VECTOR('',#10435,1.0);
#10433=VECTOR('',#10436,1.0);
#10434=DIRECTION('',(-0.028850976574717715,-0.013806835650702757,0.9994883653349845));
#10435=DIRECTION('',(0,0,-1));
#10436=DIRECTION('',(0.9020302386141528,0.43167284907171827,0));
#10437=FACE_SURFACE('',(#10442),#10438,.T.);
#10438=PLANE('',#10439);
#10439=AXIS2_PLACEMENT_3D('',#4753,#10440,#10441);
#10440=DIRECTION('',(-0.90203013654285,0.43167306236142117,0));
#10441=DIRECTION('',(0,0,1));
#10442=FACE_BOUND('',#10443,.T.);
#10443=EDGE_LOOP('',(#10444,#10445,#10446));
#10444=ORIENTED_EDGE('',*,*,#10447,.T.);
#10445=ORIENTED_EDGE('',*,*,#10448,.T.);
#10446=ORIENTED_EDGE('',*,*,#10449,.T.);
#10447=EDGE_CURVE('',#4754,#4678,#10450,.F.);
#10448=EDGE_CURVE('',#4678,#4684,#10451,.T.);
#10449=EDGE_CURVE('',#4684,#4754,#10452,.T.);
#10450=LINE('',#4753,#10453);
#10451=LINE('',#4677,#10454);
#10452=LINE('',#4683,#10455);
#10453=VECTOR('',#10456,1.0);
#10454=VECTOR('',#10457,1.0);
#10455=VECTOR('',#10458,1.0);
#10456=DIRECTION('',(0,0,1));
#10457=DIRECTION('',(0.43167306236142117,0.9020301365428499,0));
#10458=DIRECTION('',(-0.013806846219366592,-0.02885098113917987,-0.9994883650572335));
#10459=FACE_SURFACE('',(#10464),#10460,.T.);
#10460=PLANE('',#10461);
#10461=AXIS2_PLACEMENT_3D('',#4753,#10462,#10463);
#10462=DIRECTION('',(-0.90203013654285,0.43167306236142117,0));
#10463=DIRECTION('',(0.013806846219366592,0.02885098113917987,0.9994883650572335));
#10464=FACE_BOUND('',#10465,.T.);
#10465=EDGE_LOOP('',(#10466,#10467,#10468));
#10466=ORIENTED_EDGE('',*,*,#10469,.T.);
#10467=ORIENTED_EDGE('',*,*,#10470,.T.);
#10468=ORIENTED_EDGE('',*,*,#10471,.T.);
#10469=EDGE_CURVE('',#4754,#4684,#10472,.F.);
#10470=EDGE_CURVE('',#4684,#4746,#10473,.T.);
#10471=EDGE_CURVE('',#4746,#4754,#10474,.T.);
#10472=LINE('',#4753,#10475);
#10473=LINE('',#4683,#10476);
#10474=LINE('',#4745,#10477);
#10475=VECTOR('',#10478,1.0);
#10476=VECTOR('',#10479,1.0);
#10477=VECTOR('',#10480,1.0);
#10478=DIRECTION('',(0.013806846219366592,0.02885098113917987,0.9994883650572335));
#10479=DIRECTION('',(0,0,-1));
#10480=DIRECTION('',(-0.43167306236142117,-0.9020301365428499,0));
#10481=FACE_SURFACE('',(#10486),#10482,.T.);
#10482=PLANE('',#10483);
#10483=AXIS2_PLACEMENT_3D('',#4755,#10484,#10485);
#10484=DIRECTION('',(-0.08536854092143203,0.9963494428266348,0));
#10485=DIRECTION('',(0,0,1));
#10486=FACE_BOUND('',#10487,.T.);
#10487=EDGE_LOOP('',(#10488,#10489,#10490));
#10488=ORIENTED_EDGE('',*,*,#10491,.T.);
#10489=ORIENTED_EDGE('',*,*,#10492,.T.);
#10490=ORIENTED_EDGE('',*,*,#10493,.T.);
#10491=EDGE_CURVE('',#4756,#4674,#10494,.F.);
#10492=EDGE_CURVE('',#4674,#4658,#10495,.T.);
#10493=EDGE_CURVE('',#4658,#4756,#10496,.T.);
#10494=LINE('',#4755,#10497);
#10495=LINE('',#4673,#10498);
#10496=LINE('',#4657,#10499);
#10497=VECTOR('',#10500,1.0);
#10498=VECTOR('',#10501,1.0);
#10499=VECTOR('',#10502,1.0);
#10500=DIRECTION('',(0,0,1));
#10501=DIRECTION('',(0.996349442826635,0.08536854092143205,0));
#10502=DIRECTION('',(-0.03277800427206631,-0.0028084628532377837,-0.9994587109892746));
#10503=FACE_SURFACE('',(#10508),#10504,.T.);
#10504=PLANE('',#10505);
#10505=AXIS2_PLACEMENT_3D('',#4755,#10506,#10507);
#10506=DIRECTION('',(-0.08536854092143203,0.9963494428266348,0));
#10507=DIRECTION('',(0.03277800427206631,0.0028084628532377837,0.9994587109892746));
#10508=FACE_BOUND('',#10509,.T.);
#10509=EDGE_LOOP('',(#10510,#10511,#10512));
#10510=ORIENTED_EDGE('',*,*,#10513,.T.);
#10511=ORIENTED_EDGE('',*,*,#10514,.T.);
#10512=ORIENTED_EDGE('',*,*,#10515,.T.);
#10513=EDGE_CURVE('',#4756,#4658,#10516,.F.);
#10514=EDGE_CURVE('',#4658,#4750,#10517,.T.);
#10515=EDGE_CURVE('',#4750,#4756,#10518,.T.);
#10516=LINE('',#4755,#10519);
#10517=LINE('',#4657,#10520);
#10518=LINE('',#4749,#10521);
#10519=VECTOR('',#10522,1.0);
#10520=VECTOR('',#10523,1.0);
#10521=VECTOR('',#10524,1.0);
#10522=DIRECTION('',(0.03277800427206631,0.0028084628532377837,0.9994587109892746));
#10523=DIRECTION('',(0,0,-1));
#10524=DIRECTION('',(-0.996349442826635,-0.08536854092143205,0));
#10525=FACE_SURFACE('',(#10530),#10526,.T.);
#10526=PLANE('',#10527);
#10527=AXIS2_PLACEMENT_3D('',#4757,#10528,#10529);
#10528=DIRECTION('',(0.6141134455856612,-0.7892177620599446,0));
#10529=DIRECTION('',(0,0,1));
#10530=FACE_BOUND('',#10531,.T.);
#10531=EDGE_LOOP('',(#10532,#10533,#10534));
#10532=ORIENTED_EDGE('',*,*,#10535,.T.);
#10533=ORIENTED_EDGE('',*,*,#10536,.T.);
#10534=ORIENTED_EDGE('',*,*,#10537,.T.);
#10535=EDGE_CURVE('',#4758,#4588,#10538,.F.);
#10536=EDGE_CURVE('',#4588,#4584,#10539,.T.);
#10537=EDGE_CURVE('',#4584,#4758,#10540,.T.);
#10538=LINE('',#4757,#10541);
#10539=LINE('',#4587,#10542);
#10540=LINE('',#4583,#10543);
#10541=VECTOR('',#10544,1.0);
#10542=VECTOR('',#10545,1.0);
#10543=VECTOR('',#10546,1.0);
#10544=DIRECTION('',(0,0,1));
#10545=DIRECTION('',(-0.7892177620599446,-0.614113445585661,0));
#10546=DIRECTION('',(0.024786012766015827,0.019286722161876567,-0.9995067162953002));
#10547=FACE_SURFACE('',(#10552),#10548,.T.);
#10548=PLANE('',#10549);
#10549=AXIS2_PLACEMENT_3D('',#4757,#10550,#10551);
#10550=DIRECTION('',(0.6141134455856612,-0.7892177620599446,0));
#10551=DIRECTION('',(-0.024786012766015827,-0.019286722161876567,0.9995067162953002));
#10552=FACE_BOUND('',#10553,.T.);
#10553=EDGE_LOOP('',(#10554,#10555,#10556));
#10554=ORIENTED_EDGE('',*,*,#10557,.T.);
#10555=ORIENTED_EDGE('',*,*,#10558,.T.);
#10556=ORIENTED_EDGE('',*,*,#10559,.T.);
#10557=EDGE_CURVE('',#4758,#4584,#10560,.F.);
#10558=EDGE_CURVE('',#4584,#4752,#10561,.T.);
#10559=EDGE_CURVE('',#4752,#4758,#10562,.T.);
#10560=LINE('',#4757,#10563);
#10561=LINE('',#4583,#10564);
#10562=LINE('',#4751,#10565);
#10563=VECTOR('',#10566,1.0);
#10564=VECTOR('',#10567,1.0);
#10565=VECTOR('',#10568,1.0);
#10566=DIRECTION('',(-0.024786012766015827,-0.019286722161876567,0.9995067162953002));
#10567=DIRECTION('',(0,0,-1));
#10568=DIRECTION('',(0.7892177620599446,0.614113445585661,0));
#10569=FACE_SURFACE('',(#10574),#10570,.T.);
#10570=PLANE('',#10571);
#10571=AXIS2_PLACEMENT_3D('',#4759,#10572,#10573);
#10572=DIRECTION('',(-0.9666043085205879,0.25627350770112006,0));
#10573=DIRECTION('',(0,0,1));
#10574=FACE_BOUND('',#10575,.T.);
#10575=EDGE_LOOP('',(#10576,#10577,#10578));
#10576=ORIENTED_EDGE('',*,*,#10579,.T.);
#10577=ORIENTED_EDGE('',*,*,#10580,.T.);
#10578=ORIENTED_EDGE('',*,*,#10581,.T.);
#10579=EDGE_CURVE('',#4760,#4696,#10582,.F.);
#10580=EDGE_CURVE('',#4696,#4678,#10583,.T.);
#10581=EDGE_CURVE('',#4678,#4760,#10584,.T.);
#10582=LINE('',#4759,#10585);
#10583=LINE('',#4695,#10586);
#10584=LINE('',#4677,#10587);
#10585=VECTOR('',#10588,1.0);
#10586=VECTOR('',#10589,1.0);
#10587=VECTOR('',#10590,1.0);
#10588=DIRECTION('',(0,0,1));
#10589=DIRECTION('',(0.2562735077011201,0.966604308520588,0));
#10590=DIRECTION('',(-0.008346787039274437,-0.03148214728412682,-0.9994694620389867));
#10591=FACE_SURFACE('',(#10596),#10592,.T.);
#10592=PLANE('',#10593);
#10593=AXIS2_PLACEMENT_3D('',#4759,#10594,#10595);
#10594=DIRECTION('',(-0.9666043085205879,0.25627350770112006,0));
#10595=DIRECTION('',(0.008346787039274437,0.03148214728412682,0.9994694620389867));
#10596=FACE_BOUND('',#10597,.T.);
#10597=EDGE_LOOP('',(#10598,#10599,#10600));
#10598=ORIENTED_EDGE('',*,*,#10601,.T.);
#10599=ORIENTED_EDGE('',*,*,#10602,.T.);
#10600=ORIENTED_EDGE('',*,*,#10603,.T.);
#10601=EDGE_CURVE('',#4760,#4678,#10604,.F.);
#10602=EDGE_CURVE('',#4678,#4754,#10605,.T.);
#10603=EDGE_CURVE('',#4754,#4760,#10606,.T.);
#10604=LINE('',#4759,#10607);
#10605=LINE('',#4677,#10608);
#10606=LINE('',#4753,#10609);
#10607=VECTOR('',#10610,1.0);
#10608=VECTOR('',#10611,1.0);
#10609=VECTOR('',#10612,1.0);
#10610=DIRECTION('',(0.008346787039274437,0.03148214728412682,0.9994694620389867));
#10611=DIRECTION('',(0,0,-1));
#10612=DIRECTION('',(-0.2562735077011201,-0.966604308520588,0));
#10613=FACE_SURFACE('',(#10618),#10614,.T.);
#10614=PLANE('',#10615);
#10615=AXIS2_PLACEMENT_3D('',#4761,#10616,#10617);
#10616=DIRECTION('',(-0.2562735352787722,0.9666043012089901,0));
#10617=DIRECTION('',(0,0,1));
#10618=FACE_BOUND('',#10619,.T.);
#10619=EDGE_LOOP('',(#10620,#10621,#10622));
#10620=ORIENTED_EDGE('',*,*,#10623,.T.);
#10621=ORIENTED_EDGE('',*,*,#10624,.T.);
#10622=ORIENTED_EDGE('',*,*,#10625,.T.);
#10623=EDGE_CURVE('',#4762,#4676,#10626,.F.);
#10624=EDGE_CURVE('',#4676,#4674,#10627,.T.);
#10625=EDGE_CURVE('',#4674,#4762,#10628,.T.);
#10626=LINE('',#4761,#10629);
#10627=LINE('',#4675,#10630);
#10628=LINE('',#4673,#10631);
#10629=VECTOR('',#10632,1.0);
#10630=VECTOR('',#10633,1.0);
#10631=VECTOR('',#10634,1.0);
#10632=DIRECTION('',(0,0,1));
#10633=DIRECTION('',(0.96660430120899,0.25627353527877217,0));
#10634=DIRECTION('',(-0.03148214770814057,-0.00834678811302877,-0.9994694620166635));
#10635=FACE_SURFACE('',(#10640),#10636,.T.);
#10636=PLANE('',#10637);
#10637=AXIS2_PLACEMENT_3D('',#4761,#10638,#10639);
#10638=DIRECTION('',(-0.2562735352787722,0.9666043012089901,0));
#10639=DIRECTION('',(0.03148214770814057,0.00834678811302877,0.9994694620166635));
#10640=FACE_BOUND('',#10641,.T.);
#10641=EDGE_LOOP('',(#10642,#10643,#10644));
#10642=ORIENTED_EDGE('',*,*,#10645,.T.);
#10643=ORIENTED_EDGE('',*,*,#10646,.T.);
#10644=ORIENTED_EDGE('',*,*,#10647,.T.);
#10645=EDGE_CURVE('',#4762,#4674,#10648,.F.);
#10646=EDGE_CURVE('',#4674,#4756,#10649,.T.);
#10647=EDGE_CURVE('',#4756,#4762,#10650,.T.);
#10648=LINE('',#4761,#10651);
#10649=LINE('',#4673,#10652);
#10650=LINE('',#4755,#10653);
#10651=VECTOR('',#10654,1.0);
#10652=VECTOR('',#10655,1.0);
#10653=VECTOR('',#10656,1.0);
#10654=DIRECTION('',(0.03148214770814057,0.00834678811302877,0.9994694620166635));
#10655=DIRECTION('',(0,0,-1));
#10656=DIRECTION('',(-0.96660430120899,-0.25627353527877217,0));
#10657=FACE_SURFACE('',(#10662),#10658,.T.);
#10658=PLANE('',#10659);
#10659=AXIS2_PLACEMENT_3D('',#4763,#10660,#10661);
#10660=DIRECTION('',(0.7892169063440514,-0.6141145452932416,0));
#10661=DIRECTION('',(0,0,1));
#10662=FACE_BOUND('',#10663,.T.);
#10663=EDGE_LOOP('',(#10664,#10665,#10666));
#10664=ORIENTED_EDGE('',*,*,#10667,.T.);
#10665=ORIENTED_EDGE('',*,*,#10668,.T.);
#10666=ORIENTED_EDGE('',*,*,#10669,.T.);
#10667=EDGE_CURVE('',#4764,#4590,#10670,.F.);
#10668=EDGE_CURVE('',#4590,#4588,#10671,.T.);
#10669=EDGE_CURVE('',#4588,#4764,#10672,.T.);
#10670=LINE('',#4763,#10673);
#10671=LINE('',#4589,#10674);
#10672=LINE('',#4587,#10675);
#10673=VECTOR('',#10676,1.0);
#10674=VECTOR('',#10677,1.0);
#10675=VECTOR('',#10678,1.0);
#10676=DIRECTION('',(0,0,1));
#10677=DIRECTION('',(-0.6141145452932417,-0.7892169063440514,0));
#10678=DIRECTION('',(0.019286719046582086,0.02478593750324239,-0.9995067182217955));
#10679=FACE_SURFACE('',(#10684),#10680,.T.);
#10680=PLANE('',#10681);
#10681=AXIS2_PLACEMENT_3D('',#4763,#10682,#10683);
#10682=DIRECTION('',(0.7892169063440514,-0.6141145452932416,0));
#10683=DIRECTION('',(-0.019286719046582086,-0.02478593750324239,0.9995067182217955));
#10684=FACE_BOUND('',#10685,.T.);
#10685=EDGE_LOOP('',(#10686,#10687,#10688));
#10686=ORIENTED_EDGE('',*,*,#10689,.T.);
#10687=ORIENTED_EDGE('',*,*,#10690,.T.);
#10688=ORIENTED_EDGE('',*,*,#10691,.T.);
#10689=EDGE_CURVE('',#4764,#4588,#10692,.F.);
#10690=EDGE_CURVE('',#4588,#4758,#10693,.T.);
#10691=EDGE_CURVE('',#4758,#4764,#10694,.T.);
#10692=LINE('',#4763,#10695);
#10693=LINE('',#4587,#10696);
#10694=LINE('',#4757,#10697);
#10695=VECTOR('',#10698,1.0);
#10696=VECTOR('',#10699,1.0);
#10697=VECTOR('',#10700,1.0);
#10698=DIRECTION('',(-0.019286719046582086,-0.02478593750324239,0.9995067182217955));
#10699=DIRECTION('',(0,0,-1));
#10700=DIRECTION('',(0.6141145452932417,0.7892169063440514,0));
#10701=FACE_SURFACE('',(#10706),#10702,.T.);
#10702=PLANE('',#10703);
#10703=AXIS2_PLACEMENT_3D('',#4689,#10704,#10705);
#10704=DIRECTION('',(-0.9963494971855836,0.08536790648736062,0));
#10705=DIRECTION('',(0.0853679064873606,0.9963494971855835,0));
#10706=FACE_BOUND('',#10707,.T.);
#10707=EDGE_LOOP('',(#10708,#10709,#10710));
#10708=ORIENTED_EDGE('',*,*,#10711,.T.);
#10709=ORIENTED_EDGE('',*,*,#10712,.T.);
#10710=ORIENTED_EDGE('',*,*,#10713,.T.);
#10711=EDGE_CURVE('',#4690,#4696,#10714,.F.);
#10712=EDGE_CURVE('',#4696,#4760,#10715,.T.);
#10713=EDGE_CURVE('',#4760,#4690,#10716,.T.);
#10714=LINE('',#4689,#10717);
#10715=LINE('',#4695,#10718);
#10716=LINE('',#4759,#10719);
#10717=VECTOR('',#10720,1.0);
#10718=VECTOR('',#10721,1.0);
#10719=VECTOR('',#10722,1.0);
#10720=DIRECTION('',(0.0853679064873606,0.9963494971855835,0));
#10721=DIRECTION('',(0,0,-1));
#10722=DIRECTION('',(-0.002808442167209027,-0.0327780082271058,0.9994587109176933));
#10723=FACE_SURFACE('',(#10728),#10724,.T.);
#10724=PLANE('',#10725);
#10725=AXIS2_PLACEMENT_3D('',#4689,#10726,#10727);
#10726=DIRECTION('',(-0.9963494971855836,0.08536790648736062,0));
#10727=DIRECTION('',(0.002808442167209027,0.0327780082271058,-0.9994587109176933));
#10728=FACE_BOUND('',#10729,.T.);
#10729=EDGE_LOOP('',(#10730,#10731,#10732));
#10730=ORIENTED_EDGE('',*,*,#10733,.T.);
#10731=ORIENTED_EDGE('',*,*,#10734,.T.);
#10732=ORIENTED_EDGE('',*,*,#10735,.T.);
#10733=EDGE_CURVE('',#4690,#4760,#10736,.F.);
#10734=EDGE_CURVE('',#4760,#4766,#10737,.T.);
#10735=EDGE_CURVE('',#4766,#4690,#10738,.T.);
#10736=LINE('',#4689,#10739);
#10737=LINE('',#4759,#10740);
#10738=LINE('',#4765,#10741);
#10739=VECTOR('',#10742,1.0);
#10740=VECTOR('',#10743,1.0);
#10741=VECTOR('',#10744,1.0);
#10742=DIRECTION('',(0.002808442167209027,0.0327780082271058,-0.9994587109176933));
#10743=DIRECTION('',(-0.0853679064873606,-0.9963494971855835,0));
#10744=DIRECTION('',(0,0,1));
#10745=FACE_SURFACE('',(#10750),#10746,.T.);
#10746=PLANE('',#10747);
#10747=AXIS2_PLACEMENT_3D('',#4767,#10748,#10749);
#10748=DIRECTION('',(-0.43167260235335964,0.9020303566828992,0));
#10749=DIRECTION('',(0,0,1));
#10750=FACE_BOUND('',#10751,.T.);
#10751=EDGE_LOOP('',(#10752,#10753,#10754));
#10752=ORIENTED_EDGE('',*,*,#10755,.T.);
#10753=ORIENTED_EDGE('',*,*,#10756,.T.);
#10754=ORIENTED_EDGE('',*,*,#10757,.T.);
#10755=EDGE_CURVE('',#4768,#4686,#10758,.F.);
#10756=EDGE_CURVE('',#4686,#4676,#10759,.T.);
#10757=EDGE_CURVE('',#4676,#4768,#10760,.T.);
#10758=LINE('',#4767,#10761);
#10759=LINE('',#4685,#10762);
#10760=LINE('',#4675,#10763);
#10761=VECTOR('',#10764,1.0);
#10762=VECTOR('',#10765,1.0);
#10763=VECTOR('',#10766,1.0);
#10764=DIRECTION('',(0,0,1));
#10765=DIRECTION('',(0.9020303566828992,0.4316726023533597,0));
#10766=DIRECTION('',(-0.02885099682372002,-0.013806835642630034,-0.9994883647505933));
#10767=FACE_SURFACE('',(#10772),#10768,.T.);
#10768=PLANE('',#10769);
#10769=AXIS2_PLACEMENT_3D('',#4767,#10770,#10771);
#10770=DIRECTION('',(-0.43167260235335964,0.9020303566828992,0));
#10771=DIRECTION('',(0.02885099682372002,0.013806835642630034,0.9994883647505933));
#10772=FACE_BOUND('',#10773,.T.);
#10773=EDGE_LOOP('',(#10774,#10775,#10776));
#10774=ORIENTED_EDGE('',*,*,#10777,.T.);
#10775=ORIENTED_EDGE('',*,*,#10778,.T.);
#10776=ORIENTED_EDGE('',*,*,#10779,.T.);
#10777=EDGE_CURVE('',#4768,#4676,#10780,.F.);
#10778=EDGE_CURVE('',#4676,#4762,#10781,.T.);
#10779=EDGE_CURVE('',#4762,#4768,#10782,.T.);
#10780=LINE('',#4767,#10783);
#10781=LINE('',#4675,#10784);
#10782=LINE('',#4761,#10785);
#10783=VECTOR('',#10786,1.0);
#10784=VECTOR('',#10787,1.0);
#10785=VECTOR('',#10788,1.0);
#10786=DIRECTION('',(0.02885099682372002,0.013806835642630034,0.9994883647505933));
#10787=DIRECTION('',(0,0,-1));
#10788=DIRECTION('',(-0.9020303566828992,-0.4316726023533597,0));
#10789=FACE_SURFACE('',(#10794),#10790,.T.);
#10790=PLANE('',#10791);
#10791=AXIS2_PLACEMENT_3D('',#4769,#10792,#10793);
#10792=DIRECTION('',(0.9020304908408235,-0.4316723220145843,0));
#10793=DIRECTION('',(0,0,1));
#10794=FACE_BOUND('',#10795,.T.);
#10795=EDGE_LOOP('',(#10796,#10797,#10798));
#10796=ORIENTED_EDGE('',*,*,#10799,.T.);
#10797=ORIENTED_EDGE('',*,*,#10800,.T.);
#10798=ORIENTED_EDGE('',*,*,#10801,.T.);
#10799=EDGE_CURVE('',#4770,#4592,#10802,.F.);
#10800=EDGE_CURVE('',#4592,#4590,#10803,.T.);
#10801=EDGE_CURVE('',#4590,#4770,#10804,.T.);
#10802=LINE('',#4769,#10805);
#10803=LINE('',#4591,#10806);
#10804=LINE('',#4589,#10807);
#10805=VECTOR('',#10808,1.0);
#10806=VECTOR('',#10809,1.0);
#10807=VECTOR('',#10810,1.0);
#10808=DIRECTION('',(0,0,1));
#10809=DIRECTION('',(-0.4316723220145842,-0.9020304908408235,0));
#10810=DIRECTION('',(0.013806846195142082,0.02885104190197999,-0.9994883633036024));
#10811=FACE_SURFACE('',(#10816),#10812,.T.);
#10812=PLANE('',#10813);
#10813=AXIS2_PLACEMENT_3D('',#4769,#10814,#10815);
#10814=DIRECTION('',(0.9020304908408235,-0.4316723220145843,0));
#10815=DIRECTION('',(-0.013806846195142082,-0.02885104190197999,0.9994883633036024));
#10816=FACE_BOUND('',#10817,.T.);
#10817=EDGE_LOOP('',(#10818,#10819,#10820));
#10818=ORIENTED_EDGE('',*,*,#10821,.T.);
#10819=ORIENTED_EDGE('',*,*,#10822,.T.);
#10820=ORIENTED_EDGE('',*,*,#10823,.T.);
#10821=EDGE_CURVE('',#4770,#4590,#10824,.F.);
#10822=EDGE_CURVE('',#4590,#4764,#10825,.T.);
#10823=EDGE_CURVE('',#4764,#4770,#10826,.T.);
#10824=LINE('',#4769,#10827);
#10825=LINE('',#4589,#10828);
#10826=LINE('',#4763,#10829);
#10827=VECTOR('',#10830,1.0);
#10828=VECTOR('',#10831,1.0);
#10829=VECTOR('',#10832,1.0);
#10830=DIRECTION('',(-0.013806846195142082,-0.02885104190197999,0.9994883633036024));
#10831=DIRECTION('',(0,0,-1));
#10832=DIRECTION('',(0.4316723220145842,0.9020304908408235,-1.3331172981402172E-15));
#10833=FACE_SURFACE('',(#10838),#10834,.T.);
#10834=PLANE('',#10835);
#10835=AXIS2_PLACEMENT_3D('',#4709,#10836,#10837);
#10836=DIRECTION('',(-0.9963495391012752,-0.08536741727776703,0));
#10837=DIRECTION('',(-0.08536741727776702,0.9963495391012752,0));
#10838=FACE_BOUND('',#10839,.T.);
#10839=EDGE_LOOP('',(#10840,#10841,#10842));
#10840=ORIENTED_EDGE('',*,*,#10843,.T.);
#10841=ORIENTED_EDGE('',*,*,#10844,.T.);
#10842=ORIENTED_EDGE('',*,*,#10845,.T.);
#10843=EDGE_CURVE('',#4710,#4690,#10846,.F.);
#10844=EDGE_CURVE('',#4690,#4766,#10847,.T.);
#10845=EDGE_CURVE('',#4766,#4710,#10848,.T.);
#10846=LINE('',#4709,#10849);
#10847=LINE('',#4689,#10850);
#10848=LINE('',#4765,#10851);
#10849=VECTOR('',#10852,1.0);
#10850=VECTOR('',#10853,1.0);
#10851=VECTOR('',#10854,1.0);
#10852=DIRECTION('',(-0.08536741727776702,0.9963495391012752,0));
#10853=DIRECTION('',(0,0,-1));
#10854=DIRECTION('',(0.002808425955120958,-0.032778008228598214,0.9994587109631996));
#10855=FACE_SURFACE('',(#10860),#10856,.T.);
#10856=PLANE('',#10857);
#10857=AXIS2_PLACEMENT_3D('',#4709,#10858,#10859);
#10858=DIRECTION('',(-0.9963495391012752,-0.08536741727776703,-0));
#10859=DIRECTION('',(-0.002808425955120958,0.032778008228598214,-0.9994587109631996));
#10860=FACE_BOUND('',#10861,.T.);
#10861=EDGE_LOOP('',(#10862,#10863,#10864));
#10862=ORIENTED_EDGE('',*,*,#10865,.T.);
#10863=ORIENTED_EDGE('',*,*,#10866,.T.);
#10864=ORIENTED_EDGE('',*,*,#10867,.T.);
#10865=EDGE_CURVE('',#4710,#4766,#10868,.F.);
#10866=EDGE_CURVE('',#4766,#4772,#10869,.T.);
#10867=EDGE_CURVE('',#4772,#4710,#10870,.T.);
#10868=LINE('',#4709,#10871);
#10869=LINE('',#4765,#10872);
#10870=LINE('',#4771,#10873);
#10871=VECTOR('',#10874,1.0);
#10872=VECTOR('',#10875,1.0);
#10873=VECTOR('',#10876,1.0);
#10874=DIRECTION('',(-0.002808425955120958,0.032778008228598214,-0.9994587109631996));
#10875=DIRECTION('',(0.08536741727776702,-0.9963495391012752,0));
#10876=DIRECTION('',(0,0,1));
#10877=FACE_SURFACE('',(#10882),#10878,.T.);
#10878=PLANE('',#10879);
#10879=AXIS2_PLACEMENT_3D('',#4747,#10880,#10881);
#10880=DIRECTION('',(-0.6141136957923992,0.789217567366693,0));
#10881=DIRECTION('',(0,0,1));
#10882=FACE_BOUND('',#10883,.T.);
#10883=EDGE_LOOP('',(#10884,#10885,#10886));
#10884=ORIENTED_EDGE('',*,*,#10887,.T.);
#10885=ORIENTED_EDGE('',*,*,#10888,.T.);
#10886=ORIENTED_EDGE('',*,*,#10889,.T.);
#10887=EDGE_CURVE('',#4748,#4688,#10890,.F.);
#10888=EDGE_CURVE('',#4688,#4686,#10891,.T.);
#10889=EDGE_CURVE('',#4686,#4748,#10892,.T.);
#10890=LINE('',#4747,#10893);
#10891=LINE('',#4687,#10894);
#10892=LINE('',#4685,#10895);
#10893=VECTOR('',#10896,1.0);
#10894=VECTOR('',#10897,1.0);
#10895=VECTOR('',#10898,1.0);
#10896=DIRECTION('',(0,0,1));
#10897=DIRECTION('',(0.789217567366693,0.6141136957923992,0));
#10898=DIRECTION('',(-0.02478599656298158,-0.01928672216962704,-0.9995067166969573));
#10899=FACE_SURFACE('',(#10904),#10900,.T.);
#10900=PLANE('',#10901);
#10901=AXIS2_PLACEMENT_3D('',#4747,#10902,#10903);
#10902=DIRECTION('',(-0.6141136957923992,0.789217567366693,0));
#10903=DIRECTION('',(0.02478599656298158,0.01928672216962704,0.9995067166969573));
#10904=FACE_BOUND('',#10905,.T.);
#10905=EDGE_LOOP('',(#10906,#10907,#10908));
#10906=ORIENTED_EDGE('',*,*,#10909,.T.);
#10907=ORIENTED_EDGE('',*,*,#10910,.T.);
#10908=ORIENTED_EDGE('',*,*,#10911,.T.);
#10909=EDGE_CURVE('',#4748,#4686,#10912,.F.);
#10910=EDGE_CURVE('',#4686,#4768,#10913,.T.);
#10911=EDGE_CURVE('',#4768,#4748,#10914,.T.);
#10912=LINE('',#4747,#10915);
#10913=LINE('',#4685,#10916);
#10914=LINE('',#4767,#10917);
#10915=VECTOR('',#10918,1.0);
#10916=VECTOR('',#10919,1.0);
#10917=VECTOR('',#10920,1.0);
#10918=DIRECTION('',(0.02478599656298158,0.01928672216962704,0.9995067166969573));
#10919=DIRECTION('',(0,0,-1));
#10920=DIRECTION('',(-0.789217567366693,-0.6141136957923992,0));
#10921=FACE_SURFACE('',(#10926),#10922,.T.);
#10922=PLANE('',#10923);
#10923=AXIS2_PLACEMENT_3D('',#4773,#10924,#10925);
#10924=DIRECTION('',(0.9666041858941262,-0.2562739702192821,0));
#10925=DIRECTION('',(0,0,1));
#10926=FACE_BOUND('',#10927,.T.);
#10927=EDGE_LOOP('',(#10928,#10929,#10930));
#10928=ORIENTED_EDGE('',*,*,#10931,.T.);
#10929=ORIENTED_EDGE('',*,*,#10932,.T.);
#10930=ORIENTED_EDGE('',*,*,#10933,.T.);
#10931=EDGE_CURVE('',#4774,#4604,#10934,.F.);
#10932=EDGE_CURVE('',#4604,#4592,#10935,.T.);
#10933=EDGE_CURVE('',#4592,#4774,#10936,.T.);
#10934=LINE('',#4773,#10937);
#10935=LINE('',#4603,#10938);
#10936=LINE('',#4591,#10939);
#10937=VECTOR('',#10940,1.0);
#10938=VECTOR('',#10941,1.0);
#10939=VECTOR('',#10942,1.0);
#10940=DIRECTION('',(0,0,1));
#10941=DIRECTION('',(-0.2562739702192821,-0.9666041858941261,0));
#10942=DIRECTION('',(0.008346787055254353,0.03148208653212929,-0.99946946395247));
#10943=FACE_SURFACE('',(#10948),#10944,.T.);
#10944=PLANE('',#10945);
#10945=AXIS2_PLACEMENT_3D('',#4773,#10946,#10947);
#10946=DIRECTION('',(0.9666041858941262,-0.2562739702192821,0));
#10947=DIRECTION('',(-0.008346787055254353,-0.03148208653212929,0.99946946395247));
#10948=FACE_BOUND('',#10949,.T.);
#10949=EDGE_LOOP('',(#10950,#10951,#10952));
#10950=ORIENTED_EDGE('',*,*,#10953,.T.);
#10951=ORIENTED_EDGE('',*,*,#10954,.T.);
#10952=ORIENTED_EDGE('',*,*,#10955,.T.);
#10953=EDGE_CURVE('',#4774,#4592,#10956,.F.);
#10954=EDGE_CURVE('',#4592,#4770,#10957,.T.);
#10955=EDGE_CURVE('',#4770,#4774,#10958,.T.);
#10956=LINE('',#4773,#10959);
#10957=LINE('',#4591,#10960);
#10958=LINE('',#4769,#10961);
#10959=VECTOR('',#10962,1.0);
#10960=VECTOR('',#10963,1.0);
#10961=VECTOR('',#10964,1.0);
#10962=DIRECTION('',(-0.008346787055254353,-0.03148208653212929,0.99946946395247));
#10963=DIRECTION('',(0,0,-1));
#10964=DIRECTION('',(0.2562739702192821,0.9666041858941261,0));
#10965=FACE_SURFACE('',(#10970),#10966,.T.);
#10966=PLANE('',#10967);
#10967=AXIS2_PLACEMENT_3D('',#4775,#10968,#10969);
#10968=DIRECTION('',(-0.9666040625876967,-0.2562744353012222,0));
#10969=DIRECTION('',(0,0,1));
#10970=FACE_BOUND('',#10971,.T.);
#10971=EDGE_LOOP('',(#10972,#10973,#10974));
#10972=ORIENTED_EDGE('',*,*,#10975,.T.);
#10973=ORIENTED_EDGE('',*,*,#10976,.T.);
#10974=ORIENTED_EDGE('',*,*,#10977,.T.);
#10975=EDGE_CURVE('',#4776,#4546,#10978,.F.);
#10976=EDGE_CURVE('',#4546,#4710,#10979,.T.);
#10977=EDGE_CURVE('',#4710,#4776,#10980,.T.);
#10978=LINE('',#4775,#10981);
#10979=LINE('',#4545,#10982);
#10980=LINE('',#4709,#10983);
#10981=VECTOR('',#10984,1.0);
#10982=VECTOR('',#10985,1.0);
#10983=VECTOR('',#10986,1.0);
#10984=DIRECTION('',(0,0,1));
#10985=DIRECTION('',(-0.2562744353012221,0.9666040625876966,0));
#10986=DIRECTION('',(0.008346803266515216,-0.03148208652786909,-0.9994694638172203));
#10987=FACE_SURFACE('',(#10992),#10988,.T.);
#10988=PLANE('',#10989);
#10989=AXIS2_PLACEMENT_3D('',#4775,#10990,#10991);
#10990=DIRECTION('',(-0.9666040625876967,-0.2562744353012222,0));
#10991=DIRECTION('',(-0.008346803266515216,0.03148208652786909,0.9994694638172203));
#10992=FACE_BOUND('',#10993,.T.);
#10993=EDGE_LOOP('',(#10994,#10995,#10996));
#10994=ORIENTED_EDGE('',*,*,#10997,.T.);
#10995=ORIENTED_EDGE('',*,*,#10998,.T.);
#10996=ORIENTED_EDGE('',*,*,#10999,.T.);
#10997=EDGE_CURVE('',#4776,#4710,#11000,.F.);
#10998=EDGE_CURVE('',#4710,#4772,#11001,.T.);
#10999=EDGE_CURVE('',#4772,#4776,#11002,.T.);
#11000=LINE('',#4775,#11003);
#11001=LINE('',#4709,#11004);
#11002=LINE('',#4771,#11005);
#11003=VECTOR('',#11006,1.0);
#11004=VECTOR('',#11007,1.0);
#11005=VECTOR('',#11008,1.0);
#11006=DIRECTION('',(-0.008346803266515216,0.03148208652786909,0.9994694638172203));
#11007=DIRECTION('',(0,0,-1));
#11008=DIRECTION('',(0.2562744353012221,-0.9666040625876966,0));
#11009=FACE_SURFACE('',(#11014),#11010,.T.);
#11010=PLANE('',#11011);
#11011=AXIS2_PLACEMENT_3D('',#4777,#11012,#11013);
#11012=DIRECTION('',(0.9963494971855836,-0.08536790648736062,0));
#11013=DIRECTION('',(0,0,1));
#11014=FACE_BOUND('',#11015,.T.);
#11015=EDGE_LOOP('',(#11016,#11017,#11018));
#11016=ORIENTED_EDGE('',*,*,#11019,.T.);
#11017=ORIENTED_EDGE('',*,*,#11020,.T.);
#11018=ORIENTED_EDGE('',*,*,#11021,.T.);
#11019=EDGE_CURVE('',#4778,#4606,#11022,.F.);
#11020=EDGE_CURVE('',#4606,#4604,#11023,.T.);
#11021=EDGE_CURVE('',#4604,#4778,#11024,.T.);
#11022=LINE('',#4777,#11025);
#11023=LINE('',#4605,#11026);
#11024=LINE('',#4603,#11027);
#11025=VECTOR('',#11028,1.0);
#11026=VECTOR('',#11029,1.0);
#11027=VECTOR('',#11030,1.0);
#11028=DIRECTION('',(0,0,1));
#11029=DIRECTION('',(-0.0853679064873606,-0.9963494971855835,0));
#11030=DIRECTION('',(0.002808442167209027,0.0327780082271058,-0.9994587109176933));
#11031=FACE_SURFACE('',(#11036),#11032,.T.);
#11032=PLANE('',#11033);
#11033=AXIS2_PLACEMENT_3D('',#4777,#11034,#11035);
#11034=DIRECTION('',(0.9963494971855836,-0.08536790648736062,0));
#11035=DIRECTION('',(-0.002808442167209027,-0.0327780082271058,0.9994587109176933));
#11036=FACE_BOUND('',#11037,.T.);
#11037=EDGE_LOOP('',(#11038,#11039,#11040));
#11038=ORIENTED_EDGE('',*,*,#11041,.T.);
#11039=ORIENTED_EDGE('',*,*,#11042,.T.);
#11040=ORIENTED_EDGE('',*,*,#11043,.T.);
#11041=EDGE_CURVE('',#4778,#4604,#11044,.F.);
#11042=EDGE_CURVE('',#4604,#4774,#11045,.T.);
#11043=EDGE_CURVE('',#4774,#4778,#11046,.T.);
#11044=LINE('',#4777,#11047);
#11045=LINE('',#4603,#11048);
#11046=LINE('',#4773,#11049);
#11047=VECTOR('',#11050,1.0);
#11048=VECTOR('',#11051,1.0);
#11049=VECTOR('',#11052,1.0);
#11050=DIRECTION('',(-0.002808442167209027,-0.0327780082271058,0.9994587109176933));
#11051=DIRECTION('',(0,0,-1));
#11052=DIRECTION('',(0.0853679064873606,0.9963494971855835,0));
#11053=FACE_SURFACE('',(#11058),#11054,.T.);
#11054=PLANE('',#11055);
#11055=AXIS2_PLACEMENT_3D('',#4779,#11056,#11057);
#11056=DIRECTION('',(-0.9020304908408235,-0.4316723220145843,0));
#11057=DIRECTION('',(0,0,1));
#11058=FACE_BOUND('',#11059,.T.);
#11059=EDGE_LOOP('',(#11060,#11061,#11062));
#11060=ORIENTED_EDGE('',*,*,#11063,.T.);
#11061=ORIENTED_EDGE('',*,*,#11064,.T.);
#11062=ORIENTED_EDGE('',*,*,#11065,.T.);
#11063=EDGE_CURVE('',#4780,#4538,#11066,.F.);
#11064=EDGE_CURVE('',#4538,#4546,#11067,.T.);
#11065=EDGE_CURVE('',#4546,#4780,#11068,.T.);
#11066=LINE('',#4779,#11069);
#11067=LINE('',#4537,#11070);
#11068=LINE('',#4545,#11071);
#11069=VECTOR('',#11072,1.0);
#11070=VECTOR('',#11073,1.0);
#11071=VECTOR('',#11074,1.0);
#11072=DIRECTION('',(0,0,1));
#11073=DIRECTION('',(-0.4316723220145842,0.9020304908408235,0));
#11074=DIRECTION('',(0.013806846195142082,-0.02885104190197999,-0.9994883633036024));
#11075=FACE_SURFACE('',(#11080),#11076,.T.);
#11076=PLANE('',#11077);
#11077=AXIS2_PLACEMENT_3D('',#4779,#11078,#11079);
#11078=DIRECTION('',(-0.9020304908408235,-0.4316723220145843,0));
#11079=DIRECTION('',(-0.013806846195142082,0.02885104190197999,0.9994883633036024));
#11080=FACE_BOUND('',#11081,.T.);
#11081=EDGE_LOOP('',(#11082,#11083,#11084));
#11082=ORIENTED_EDGE('',*,*,#11085,.T.);
#11083=ORIENTED_EDGE('',*,*,#11086,.T.);
#11084=ORIENTED_EDGE('',*,*,#11087,.T.);
#11085=EDGE_CURVE('',#4780,#4546,#11088,.F.);
#11086=EDGE_CURVE('',#4546,#4776,#11089,.T.);
#11087=EDGE_CURVE('',#4776,#4780,#11090,.T.);
#11088=LINE('',#4779,#11091);
#11089=LINE('',#4545,#11092);
#11090=LINE('',#4775,#11093);
#11091=VECTOR('',#11094,1.0);
#11092=VECTOR('',#11095,1.0);
#11093=VECTOR('',#11096,1.0);
#11094=DIRECTION('',(-0.013806846195142082,0.02885104190197999,0.9994883633036024));
#11095=DIRECTION('',(0,0,-1));
#11096=DIRECTION('',(0.4316723220145842,-0.9020304908408235,1.3331172981402172E-15));
#11097=FACE_SURFACE('',(#11102),#11098,.T.);
#11098=PLANE('',#11099);
#11099=AXIS2_PLACEMENT_3D('',#4781,#11100,#11101);
#11100=DIRECTION('',(0.9963494971855836,0.08536790648736062,-0));
#11101=DIRECTION('',(0,0,1));
#11102=FACE_BOUND('',#11103,.T.);
#11103=EDGE_LOOP('',(#11104,#11105,#11106));
#11104=ORIENTED_EDGE('',*,*,#11107,.T.);
#11105=ORIENTED_EDGE('',*,*,#11108,.T.);
#11106=ORIENTED_EDGE('',*,*,#11109,.T.);
#11107=EDGE_CURVE('',#4782,#4620,#11110,.F.);
#11108=EDGE_CURVE('',#4620,#4606,#11111,.T.);
#11109=EDGE_CURVE('',#4606,#4782,#11112,.T.);
#11110=LINE('',#4781,#11113);
#11111=LINE('',#4619,#11114);
#11112=LINE('',#4605,#11115);
#11113=VECTOR('',#11116,1.0);
#11114=VECTOR('',#11117,1.0);
#11115=VECTOR('',#11118,1.0);
#11116=DIRECTION('',(0,0,1));
#11117=DIRECTION('',(0.0853679064873606,-0.9963494971855835,0));
#11118=DIRECTION('',(-0.002808442167209027,0.0327780082271058,-0.9994587109176933));
#11119=FACE_SURFACE('',(#11124),#11120,.T.);
#11120=PLANE('',#11121);
#11121=AXIS2_PLACEMENT_3D('',#4781,#11122,#11123);
#11122=DIRECTION('',(0.9963494971855836,0.08536790648736062,0));
#11123=DIRECTION('',(0.002808442167209027,-0.0327780082271058,0.9994587109176933));
#11124=FACE_BOUND('',#11125,.T.);
#11125=EDGE_LOOP('',(#11126,#11127,#11128));
#11126=ORIENTED_EDGE('',*,*,#11129,.T.);
#11127=ORIENTED_EDGE('',*,*,#11130,.T.);
#11128=ORIENTED_EDGE('',*,*,#11131,.T.);
#11129=EDGE_CURVE('',#4782,#4606,#11132,.F.);
#11130=EDGE_CURVE('',#4606,#4778,#11133,.T.);
#11131=EDGE_CURVE('',#4778,#4782,#11134,.T.);
#11132=LINE('',#4781,#11135);
#11133=LINE('',#4605,#11136);
#11134=LINE('',#4777,#11137);
#11135=VECTOR('',#11138,1.0);
#11136=VECTOR('',#11139,1.0);
#11137=VECTOR('',#11140,1.0);
#11138=DIRECTION('',(0.002808442167209027,-0.0327780082271058,0.9994587109176933));
#11139=DIRECTION('',(0,0,-1));
#11140=DIRECTION('',(-0.0853679064873606,0.9963494971855835,0));
#11141=FACE_SURFACE('',(#11146),#11142,.T.);
#11142=PLANE('',#11143);
#11143=AXIS2_PLACEMENT_3D('',#4783,#11144,#11145);
#11144=DIRECTION('',(-0.7892171565513979,-0.6141142237441878,0));
#11145=DIRECTION('',(0,0,1));
#11146=FACE_BOUND('',#11147,.T.);
#11147=EDGE_LOOP('',(#11148,#11149,#11150));
#11148=ORIENTED_EDGE('',*,*,#11151,.T.);
#11149=ORIENTED_EDGE('',*,*,#11152,.T.);
#11150=ORIENTED_EDGE('',*,*,#11153,.T.);
#11151=EDGE_CURVE('',#4784,#4532,#11154,.F.);
#11152=EDGE_CURVE('',#4532,#4538,#11155,.T.);
#11153=EDGE_CURVE('',#4538,#4784,#11156,.T.);
#11154=LINE('',#4783,#11157);
#11155=LINE('',#4531,#11158);
#11156=LINE('',#4537,#11159);
#11157=VECTOR('',#11160,1.0);
#11158=VECTOR('',#11161,1.0);
#11159=VECTOR('',#11162,1.0);
#11160=DIRECTION('',(0,0,1));
#11161=DIRECTION('',(-0.6141142237441878,0.7892171565513979,0));
#11162=DIRECTION('',(0.01928670283961828,-0.024785937510992832,-0.9995067185343365));
#11163=FACE_SURFACE('',(#11168),#11164,.T.);
#11164=PLANE('',#11165);
#11165=AXIS2_PLACEMENT_3D('',#4783,#11166,#11167);
#11166=DIRECTION('',(-0.7892171565513979,-0.6141142237441878,0));
#11167=DIRECTION('',(-0.01928670283961828,0.024785937510992832,0.9995067185343365));
#11168=FACE_BOUND('',#11169,.T.);
#11169=EDGE_LOOP('',(#11170,#11171,#11172));
#11170=ORIENTED_EDGE('',*,*,#11173,.T.);
#11171=ORIENTED_EDGE('',*,*,#11174,.T.);
#11172=ORIENTED_EDGE('',*,*,#11175,.T.);
#11173=EDGE_CURVE('',#4784,#4538,#11176,.F.);
#11174=EDGE_CURVE('',#4538,#4780,#11177,.T.);
#11175=EDGE_CURVE('',#4780,#4784,#11178,.T.);
#11176=LINE('',#4783,#11179);
#11177=LINE('',#4537,#11180);
#11178=LINE('',#4779,#11181);
#11179=VECTOR('',#11182,1.0);
#11180=VECTOR('',#11183,1.0);
#11181=VECTOR('',#11184,1.0);
#11182=DIRECTION('',(-0.01928670283961828,0.024785937510992832,0.9995067185343365));
#11183=DIRECTION('',(0,0,-1));
#11184=DIRECTION('',(0.6141142237441878,-0.7892171565513979,0));
#11185=FACE_SURFACE('',(#11190),#11186,.T.);
#11186=PLANE('',#11187);
#11187=AXIS2_PLACEMENT_3D('',#4721,#11188,#11189);
#11188=DIRECTION('',(0.9666043085205879,0.25627350770112006,-0));
#11189=DIRECTION('',(0,0,1));
#11190=FACE_BOUND('',#11191,.T.);
#11191=EDGE_LOOP('',(#11192,#11193,#11194));
#11192=ORIENTED_EDGE('',*,*,#11195,.T.);
#11193=ORIENTED_EDGE('',*,*,#11196,.T.);
#11194=ORIENTED_EDGE('',*,*,#11197,.T.);
#11195=EDGE_CURVE('',#4722,#4622,#11198,.F.);
#11196=EDGE_CURVE('',#4622,#4620,#11199,.T.);
#11197=EDGE_CURVE('',#4620,#4722,#11200,.T.);
#11198=LINE('',#4721,#11201);
#11199=LINE('',#4621,#11202);
#11200=LINE('',#4619,#11203);
#11201=VECTOR('',#11204,1.0);
#11202=VECTOR('',#11205,1.0);
#11203=VECTOR('',#11206,1.0);
#11204=DIRECTION('',(0,0,1));
#11205=DIRECTION('',(0.2562735077011201,-0.966604308520588,0));
#11206=DIRECTION('',(-0.008346787039274437,0.03148214728412682,-0.9994694620389867));
#11207=FACE_SURFACE('',(#11212),#11208,.T.);
#11208=PLANE('',#11209);
#11209=AXIS2_PLACEMENT_3D('',#4721,#11210,#11211);
#11210=DIRECTION('',(0.9666043085205879,0.25627350770112006,0));
#11211=DIRECTION('',(0.008346787039274437,-0.03148214728412682,0.9994694620389867));
#11212=FACE_BOUND('',#11213,.T.);
#11213=EDGE_LOOP('',(#11214,#11215,#11216));
#11214=ORIENTED_EDGE('',*,*,#11217,.T.);
#11215=ORIENTED_EDGE('',*,*,#11218,.T.);
#11216=ORIENTED_EDGE('',*,*,#11219,.T.);
#11217=EDGE_CURVE('',#4722,#4620,#11220,.F.);
#11218=EDGE_CURVE('',#4620,#4782,#11221,.T.);
#11219=EDGE_CURVE('',#4782,#4722,#11222,.T.);
#11220=LINE('',#4721,#11223);
#11221=LINE('',#4619,#11224);
#11222=LINE('',#4781,#11225);
#11223=VECTOR('',#11226,1.0);
#11224=VECTOR('',#11227,1.0);
#11225=VECTOR('',#11228,1.0);
#11226=DIRECTION('',(0.008346787039274437,-0.03148214728412682,0.9994694620389867));
#11227=DIRECTION('',(0,0,-1));
#11228=DIRECTION('',(-0.2562735077011201,0.966604308520588,0));
#11229=FACE_SURFACE('',(#11234),#11230,.T.);
#11230=PLANE('',#11231);
#11231=AXIS2_PLACEMENT_3D('',#4727,#11232,#11233);
#11232=DIRECTION('',(-0.6141136957923992,-0.789217567366693,0));
#11233=DIRECTION('',(0,0,1));
#11234=FACE_BOUND('',#11235,.T.);
#11235=EDGE_LOOP('',(#11236,#11237,#11238));
#11236=ORIENTED_EDGE('',*,*,#11239,.T.);
#11237=ORIENTED_EDGE('',*,*,#11240,.T.);
#11238=ORIENTED_EDGE('',*,*,#11241,.T.);
#11239=EDGE_CURVE('',#4728,#4534,#11242,.F.);
#11240=EDGE_CURVE('',#4534,#4532,#11243,.T.);
#11241=EDGE_CURVE('',#4532,#4728,#11244,.T.);
#11242=LINE('',#4727,#11245);
#11243=LINE('',#4533,#11246);
#11244=LINE('',#4531,#11247);
#11245=VECTOR('',#11248,1.0);
#11246=VECTOR('',#11249,1.0);
#11247=VECTOR('',#11250,1.0);
#11248=DIRECTION('',(0,0,1));
#11249=DIRECTION('',(-0.789217567366693,0.6141136957923992,0));
#11250=DIRECTION('',(0.02478599656298158,-0.01928672216962704,-0.9995067166969573));
#11251=FACE_SURFACE('',(#11256),#11252,.T.);
#11252=PLANE('',#11253);
#11253=AXIS2_PLACEMENT_3D('',#4727,#11254,#11255);
#11254=DIRECTION('',(-0.6141136957923992,-0.789217567366693,0));
#11255=DIRECTION('',(-0.02478599656298158,0.01928672216962704,0.9995067166969573));
#11256=FACE_BOUND('',#11257,.T.);
#11257=EDGE_LOOP('',(#11258,#11259,#11260));
#11258=ORIENTED_EDGE('',*,*,#11261,.T.);
#11259=ORIENTED_EDGE('',*,*,#11262,.T.);
#11260=ORIENTED_EDGE('',*,*,#11263,.T.);
#11261=EDGE_CURVE('',#4728,#4532,#11264,.F.);
#11262=EDGE_CURVE('',#4532,#4784,#11265,.T.);
#11263=EDGE_CURVE('',#4784,#4728,#11266,.T.);
#11264=LINE('',#4727,#11267);
#11265=LINE('',#4531,#11268);
#11266=LINE('',#4783,#11269);
#11267=VECTOR('',#11270,1.0);
#11268=VECTOR('',#11271,1.0);
#11269=VECTOR('',#11272,1.0);
#11270=DIRECTION('',(-0.02478599656298158,0.01928672216962704,0.9995067166969573));
#11271=DIRECTION('',(0,0,-1));
#11272=DIRECTION('',(0.789217567366693,-0.6141136957923992,0));
#11273=FACE_SURFACE('',(#11278),#11274,.T.);
#11274=PLANE('',#11275);
#11275=AXIS2_PLACEMENT_3D('',#4785,#11276,#11277);
#11276=DIRECTION('',(-0,0,1));
#11277=DIRECTION('',(0.9955469306329943,-0.09426722074626052,0));
#11278=FACE_BOUND('',#11279,.T.);
#11279=EDGE_LOOP('',(#11280,#11281,#11282));
#11280=ORIENTED_EDGE('',*,*,#11283,.T.);
#11281=ORIENTED_EDGE('',*,*,#11284,.T.);
#11282=ORIENTED_EDGE('',*,*,#11285,.T.);
#11283=EDGE_CURVE('',#4786,#4788,#11286,.F.);
#11284=EDGE_CURVE('',#4788,#4790,#11287,.T.);
#11285=EDGE_CURVE('',#4790,#4786,#11288,.T.);
#11286=LINE('',#4785,#11289);
#11287=LINE('',#4787,#11290);
#11288=LINE('',#4789,#11291);
#11289=VECTOR('',#11292,1.0);
#11290=VECTOR('',#11293,1.0);
#11291=VECTOR('',#11294,1.0);
#11292=DIRECTION('',(0.9955469306329943,-0.09426722074626052,0));
#11293=DIRECTION('',(-0.042347970740842976,0.999102922312878,0));
#11294=DIRECTION('',(-0.7071071347704706,-0.7071064276024476,0));
#11295=FACE_SURFACE('',(#11300),#11296,.T.);
#11296=PLANE('',#11297);
#11297=AXIS2_PLACEMENT_3D('',#4785,#11298,#11299);
#11298=DIRECTION('',(0,-0,1));
#11299=DIRECTION('',(0.7071071347704706,0.7071064276024476,0));
#11300=FACE_BOUND('',#11301,.T.);
#11301=EDGE_LOOP('',(#11302,#11303,#11304));
#11302=ORIENTED_EDGE('',*,*,#11305,.T.);
#11303=ORIENTED_EDGE('',*,*,#11306,.T.);
#11304=ORIENTED_EDGE('',*,*,#11307,.T.);
#11305=EDGE_CURVE('',#4786,#4790,#11308,.F.);
#11306=EDGE_CURVE('',#4790,#4792,#11309,.T.);
#11307=EDGE_CURVE('',#4792,#4786,#11310,.T.);
#11308=LINE('',#4785,#11311);
#11309=LINE('',#4789,#11312);
#11310=LINE('',#4791,#11313);
#11311=VECTOR('',#11314,1.0);
#11312=VECTOR('',#11315,1.0);
#11313=VECTOR('',#11316,1.0);
#11314=DIRECTION('',(0.7071071347704706,0.7071064276024476,0));
#11315=DIRECTION('',(-0.9991028974410239,0.042348557530932335,0));
#11316=DIRECTION('',(0.09426580961415075,-0.9955470642504998,0));
#11317=FACE_SURFACE('',(#11322),#11318,.T.);
#11318=PLANE('',#11319);
#11319=AXIS2_PLACEMENT_3D('',#4787,#11320,#11321);
#11320=DIRECTION('',(-0,0,1));
#11321=DIRECTION('',(0.9994582822876474,-0.03291112223284527,0));
#11322=FACE_BOUND('',#11323,.T.);
#11323=EDGE_LOOP('',(#11324,#11325,#11326));
#11324=ORIENTED_EDGE('',*,*,#11327,.T.);
#11325=ORIENTED_EDGE('',*,*,#11328,.T.);
#11326=ORIENTED_EDGE('',*,*,#11329,.T.);
#11327=EDGE_CURVE('',#4788,#4794,#11330,.F.);
#11328=EDGE_CURVE('',#4794,#4796,#11331,.T.);
#11329=EDGE_CURVE('',#4796,#4788,#11332,.T.);
#11330=LINE('',#4787,#11333);
#11331=LINE('',#4793,#11334);
#11332=LINE('',#4795,#11335);
#11333=VECTOR('',#11336,1.0);
#11334=VECTOR('',#11337,1.0);
#11335=VECTOR('',#11338,1.0);
#11336=DIRECTION('',(0.9994582822876474,-0.03291112223284527,0));
#11337=DIRECTION('',(5.317110216653364E-10,1,0));
#11338=DIRECTION('',(-0.6981086217633383,-0.7159918660290019,0));
#11339=FACE_SURFACE('',(#11344),#11340,.T.);
#11340=PLANE('',#11341);
#11341=AXIS2_PLACEMENT_3D('',#4787,#11342,#11343);
#11342=DIRECTION('',(0,-0,1));
#11343=DIRECTION('',(0.6981086217633383,0.7159918660290019,0));
#11344=FACE_BOUND('',#11345,.T.);
#11345=EDGE_LOOP('',(#11346,#11347,#11348));
#11346=ORIENTED_EDGE('',*,*,#11349,.T.);
#11347=ORIENTED_EDGE('',*,*,#11350,.T.);
#11348=ORIENTED_EDGE('',*,*,#11351,.T.);
#11349=EDGE_CURVE('',#4788,#4796,#11352,.F.);
#11350=EDGE_CURVE('',#4796,#4790,#11353,.T.);
#11351=EDGE_CURVE('',#4790,#4788,#11354,.T.);
#11352=LINE('',#4787,#11355);
#11353=LINE('',#4795,#11356);
#11354=LINE('',#4789,#11357);
#11355=VECTOR('',#11358,1.0);
#11356=VECTOR('',#11359,1.0);
#11357=VECTOR('',#11360,1.0);
#11358=DIRECTION('',(0.6981086217633383,0.7159918660290019,0));
#11359=DIRECTION('',(-0.9998859555459122,0.015102182029027932,0));
#11360=DIRECTION('',(0.042347970740842976,-0.999102922312878,0));
#11361=FACE_SURFACE('',(#11366),#11362,.T.);
#11362=PLANE('',#11363);
#11363=AXIS2_PLACEMENT_3D('',#4789,#11364,#11365);
#11364=DIRECTION('',(-0,0,1));
#11365=DIRECTION('',(0.9998859555459122,-0.015102182029027932,0));
#11366=FACE_BOUND('',#11367,.T.);
#11367=EDGE_LOOP('',(#11368,#11369,#11370));
#11368=ORIENTED_EDGE('',*,*,#11371,.T.);
#11369=ORIENTED_EDGE('',*,*,#11372,.T.);
#11370=ORIENTED_EDGE('',*,*,#11373,.T.);
#11371=EDGE_CURVE('',#4790,#4796,#11374,.F.);
#11372=EDGE_CURVE('',#4796,#4798,#11375,.T.);
#11373=EDGE_CURVE('',#4798,#4790,#11376,.T.);
#11374=LINE('',#4789,#11377);
#11375=LINE('',#4795,#11378);
#11376=LINE('',#4797,#11379);
#11377=VECTOR('',#11380,1.0);
#11378=VECTOR('',#11381,1.0);
#11379=VECTOR('',#11382,1.0);
#11380=DIRECTION('',(0.9998859555459122,-0.015102182029027932,0));
#11381=DIRECTION('',(3.717184378003176E-09,1,0));
#11382=DIRECTION('',(-0.7071069013232999,-0.7071066610497748,0));
#11383=FACE_SURFACE('',(#11388),#11384,.T.);
#11384=PLANE('',#11385);
#11385=AXIS2_PLACEMENT_3D('',#4789,#11386,#11387);
#11386=DIRECTION('',(0,-0,1));
#11387=DIRECTION('',(0.7071069013232999,0.7071066610497748,0));
#11388=FACE_BOUND('',#11389,.T.);
#11389=EDGE_LOOP('',(#11390,#11391,#11392));
#11390=ORIENTED_EDGE('',*,*,#11393,.T.);
#11391=ORIENTED_EDGE('',*,*,#11394,.T.);
#11392=ORIENTED_EDGE('',*,*,#11395,.T.);
#11393=EDGE_CURVE('',#4790,#4798,#11396,.F.);
#11394=EDGE_CURVE('',#4798,#4800,#11397,.T.);
#11395=EDGE_CURVE('',#4800,#4790,#11398,.T.);
#11396=LINE('',#4789,#11399);
#11397=LINE('',#4797,#11400);
#11398=LINE('',#4799,#11401);
#11399=VECTOR('',#11402,1.0);
#11400=VECTOR('',#11403,1.0);
#11401=VECTOR('',#11404,1.0);
#11402=DIRECTION('',(0.7071069013232999,0.7071066610497748,0));
#11403=DIRECTION('',(-1,0,0));
#11404=DIRECTION('',(0.015102983357909305,-0.9998859434423962,0));
#11405=FACE_SURFACE('',(#11410),#11406,.T.);
#11406=PLANE('',#11407);
#11407=AXIS2_PLACEMENT_3D('',#4791,#11408,#11409);
#11408=DIRECTION('',(-0,0,1));
#11409=DIRECTION('',(0.9991028974410239,-0.042348557530932335,0));
#11410=FACE_BOUND('',#11411,.T.);
#11411=EDGE_LOOP('',(#11412,#11413,#11414));
#11412=ORIENTED_EDGE('',*,*,#11415,.T.);
#11413=ORIENTED_EDGE('',*,*,#11416,.T.);
#11414=ORIENTED_EDGE('',*,*,#11417,.T.);
#11415=EDGE_CURVE('',#4792,#4790,#11418,.F.);
#11416=EDGE_CURVE('',#4790,#4800,#11419,.T.);
#11417=EDGE_CURVE('',#4800,#4792,#11420,.T.);
#11418=LINE('',#4791,#11421);
#11419=LINE('',#4789,#11422);
#11420=LINE('',#4799,#11423);
#11421=VECTOR('',#11424,1.0);
#11422=VECTOR('',#11425,1.0);
#11423=VECTOR('',#11426,1.0);
#11424=DIRECTION('',(0.9991028974410239,-0.042348557530932335,0));
#11425=DIRECTION('',(-0.015102983357909305,0.9998859434423962,0));
#11426=DIRECTION('',(-0.7159917402504464,-0.6981087507639029,0));
#11427=FACE_SURFACE('',(#11432),#11428,.T.);
#11428=PLANE('',#11429);
#11429=AXIS2_PLACEMENT_3D('',#4791,#11430,#11431);
#11430=DIRECTION('',(0,-0,1));
#11431=DIRECTION('',(0.7159917402504464,0.6981087507639029,0));
#11432=FACE_BOUND('',#11433,.T.);
#11433=EDGE_LOOP('',(#11434,#11435,#11436));
#11434=ORIENTED_EDGE('',*,*,#11437,.T.);
#11435=ORIENTED_EDGE('',*,*,#11438,.T.);
#11436=ORIENTED_EDGE('',*,*,#11439,.T.);
#11437=EDGE_CURVE('',#4792,#4800,#11440,.F.);
#11438=EDGE_CURVE('',#4800,#4802,#11441,.T.);
#11439=EDGE_CURVE('',#4802,#4792,#11442,.T.);
#11440=LINE('',#4791,#11443);
#11441=LINE('',#4799,#11444);
#11442=LINE('',#4801,#11445);
#11443=VECTOR('',#11446,1.0);
#11444=VECTOR('',#11447,1.0);
#11445=VECTOR('',#11448,1.0);
#11446=DIRECTION('',(0.7159917402504464,0.6981087507639029,0));
#11447=DIRECTION('',(-1,0,0));
#11448=DIRECTION('',(0.03291211424143819,-0.9994582496213429,0));
#11449=FACE_SURFACE('',(#11454),#11450,.T.);
#11450=PLANE('',#11451);
#11451=AXIS2_PLACEMENT_3D('',#4793,#11452,#11453);
#11452=DIRECTION('',(0,0,1));
#11453=DIRECTION('',(0.9994582822013682,0.03291112485300529,0));
#11454=FACE_BOUND('',#11455,.T.);
#11455=EDGE_LOOP('',(#11456,#11457,#11458));
#11456=ORIENTED_EDGE('',*,*,#11459,.T.);
#11457=ORIENTED_EDGE('',*,*,#11460,.T.);
#11458=ORIENTED_EDGE('',*,*,#11461,.T.);
#11459=EDGE_CURVE('',#4794,#4804,#11462,.F.);
#11460=EDGE_CURVE('',#4804,#4806,#11463,.T.);
#11461=EDGE_CURVE('',#4806,#4794,#11464,.T.);
#11462=LINE('',#4793,#11465);
#11463=LINE('',#4803,#11466);
#11464=LINE('',#4805,#11467);
#11465=VECTOR('',#11468,1.0);
#11466=VECTOR('',#11469,1.0);
#11467=VECTOR('',#11470,1.0);
#11468=DIRECTION('',(0.9994582822013682,0.03291112485300529,0));
#11469=DIRECTION('',(0.04234813357042725,0.999102915411171,0));
#11470=DIRECTION('',(-0.6969638349205521,-0.7171062772091996,0));
#11471=FACE_SURFACE('',(#11476),#11472,.T.);
#11472=PLANE('',#11473);
#11473=AXIS2_PLACEMENT_3D('',#4793,#11474,#11475);
#11474=DIRECTION('',(0,0,1));
#11475=DIRECTION('',(0.6969638349205521,0.7171062772091996,0));
#11476=FACE_BOUND('',#11477,.T.);
#11477=EDGE_LOOP('',(#11478,#11479,#11480));
#11478=ORIENTED_EDGE('',*,*,#11481,.T.);
#11479=ORIENTED_EDGE('',*,*,#11482,.T.);
#11480=ORIENTED_EDGE('',*,*,#11483,.T.);
#11481=EDGE_CURVE('',#4794,#4806,#11484,.F.);
#11482=EDGE_CURVE('',#4806,#4796,#11485,.T.);
#11483=EDGE_CURVE('',#4796,#4794,#11486,.T.);
#11484=LINE('',#4793,#11487);
#11485=LINE('',#4805,#11488);
#11486=LINE('',#4795,#11489);
#11487=VECTOR('',#11490,1.0);
#11488=VECTOR('',#11491,1.0);
#11489=VECTOR('',#11492,1.0);
#11490=DIRECTION('',(0.6969638349205521,0.7171062772091996,0));
#11491=DIRECTION('',(-0.9998859555653944,-0.015102180739146893,0));
#11492=DIRECTION('',(-5.317110216653364E-10,-1,0));
#11493=FACE_SURFACE('',(#11498),#11494,.T.);
#11494=PLANE('',#11495);
#11495=AXIS2_PLACEMENT_3D('',#4803,#11496,#11497);
#11496=DIRECTION('',(0,0,1));
#11497=DIRECTION('',(0.9955469306329943,0.09426722074626052,0));
#11498=FACE_BOUND('',#11499,.T.);
#11499=EDGE_LOOP('',(#11500,#11501,#11502));
#11500=ORIENTED_EDGE('',*,*,#11503,.T.);
#11501=ORIENTED_EDGE('',*,*,#11504,.T.);
#11502=ORIENTED_EDGE('',*,*,#11505,.T.);
#11503=EDGE_CURVE('',#4804,#4808,#11506,.F.);
#11504=EDGE_CURVE('',#4808,#4810,#11507,.T.);
#11505=EDGE_CURVE('',#4810,#4804,#11508,.T.);
#11506=LINE('',#4803,#11509);
#11507=LINE('',#4807,#11510);
#11508=LINE('',#4809,#11511);
#11509=VECTOR('',#11512,1.0);
#11510=VECTOR('',#11513,1.0);
#11511=VECTOR('',#11514,1.0);
#11512=DIRECTION('',(0.9955469306329943,0.09426722074626052,0));
#11513=DIRECTION('',(0.09426580961415075,0.9955470642504998,0));
#11514=DIRECTION('',(-0.707106424323879,-0.7071071380490358,0));
#11515=FACE_SURFACE('',(#11520),#11516,.T.);
#11516=PLANE('',#11517);
#11517=AXIS2_PLACEMENT_3D('',#4803,#11518,#11519);
#11518=DIRECTION('',(0,0,1));
#11519=DIRECTION('',(0.707106424323879,0.7071071380490358,0));
#11520=FACE_BOUND('',#11521,.T.);
#11521=EDGE_LOOP('',(#11522,#11523,#11524));
#11522=ORIENTED_EDGE('',*,*,#11525,.T.);
#11523=ORIENTED_EDGE('',*,*,#11526,.T.);
#11524=ORIENTED_EDGE('',*,*,#11527,.T.);
#11525=EDGE_CURVE('',#4804,#4810,#11528,.F.);
#11526=EDGE_CURVE('',#4810,#4806,#11529,.T.);
#11527=EDGE_CURVE('',#4806,#4804,#11530,.T.);
#11528=LINE('',#4803,#11531);
#11529=LINE('',#4809,#11532);
#11530=LINE('',#4805,#11533);
#11531=VECTOR('',#11534,1.0);
#11532=VECTOR('',#11535,1.0);
#11533=VECTOR('',#11536,1.0);
#11534=DIRECTION('',(0.707106424323879,0.7071071380490358,0));
#11535=DIRECTION('',(-0.9991028971484804,-0.04234856443272599,0));
#11536=DIRECTION('',(-0.04234813357042725,-0.999102915411171,0));
#11537=FACE_SURFACE('',(#11542),#11538,.T.);
#11538=PLANE('',#11539);
#11539=AXIS2_PLACEMENT_3D('',#4805,#11540,#11541);
#11540=DIRECTION('',(0,0,1));
#11541=DIRECTION('',(0.9991028971484804,0.04234856443272599,0));
#11542=FACE_BOUND('',#11543,.T.);
#11543=EDGE_LOOP('',(#11544,#11545,#11546));
#11544=ORIENTED_EDGE('',*,*,#11547,.T.);
#11545=ORIENTED_EDGE('',*,*,#11548,.T.);
#11546=ORIENTED_EDGE('',*,*,#11549,.T.);
#11547=EDGE_CURVE('',#4806,#4810,#11550,.F.);
#11548=EDGE_CURVE('',#4810,#4812,#11551,.T.);
#11549=EDGE_CURVE('',#4812,#4806,#11552,.T.);
#11550=LINE('',#4805,#11553);
#11551=LINE('',#4809,#11554);
#11552=LINE('',#4811,#11555);
#11553=VECTOR('',#11556,1.0);
#11554=VECTOR('',#11557,1.0);
#11555=VECTOR('',#11558,1.0);
#11556=DIRECTION('',(0.9991028971484804,0.04234856443272599,0));
#11557=DIRECTION('',(0.03291211424143819,0.9994582496213429,0));
#11558=DIRECTION('',(-0.7171065176688051,-0.6969635875115139,0));
#11559=FACE_SURFACE('',(#11564),#11560,.T.);
#11560=PLANE('',#11561);
#11561=AXIS2_PLACEMENT_3D('',#4805,#11562,#11563);
#11562=DIRECTION('',(0,0,1));
#11563=DIRECTION('',(0.7171065176688051,0.6969635875115139,0));
#11564=FACE_BOUND('',#11565,.T.);
#11565=EDGE_LOOP('',(#11566,#11567,#11568));
#11566=ORIENTED_EDGE('',*,*,#11569,.T.);
#11567=ORIENTED_EDGE('',*,*,#11570,.T.);
#11568=ORIENTED_EDGE('',*,*,#11571,.T.);
#11569=EDGE_CURVE('',#4806,#4812,#11572,.F.);
#11570=EDGE_CURVE('',#4812,#4814,#11573,.T.);
#11571=EDGE_CURVE('',#4814,#4806,#11574,.T.);
#11572=LINE('',#4805,#11575);
#11573=LINE('',#4811,#11576);
#11574=LINE('',#4813,#11577);
#11575=VECTOR('',#11578,1.0);
#11576=VECTOR('',#11579,1.0);
#11577=VECTOR('',#11580,1.0);
#11578=DIRECTION('',(0.7171065176688051,0.6969635875115139,0));
#11579=DIRECTION('',(-1,0,0));
#11580=DIRECTION('',(-0.015102820575446993,-0.9998859459011642,0));
#11581=FACE_SURFACE('',(#11586),#11582,.T.);
#11582=PLANE('',#11583);
#11583=AXIS2_PLACEMENT_3D('',#4795,#11584,#11585);
#11584=DIRECTION('',(0,0,1));
#11585=DIRECTION('',(0.9998859555653944,0.015102180739146893,0));
#11586=FACE_BOUND('',#11587,.T.);
#11587=EDGE_LOOP('',(#11588,#11589,#11590));
#11588=ORIENTED_EDGE('',*,*,#11591,.T.);
#11589=ORIENTED_EDGE('',*,*,#11592,.T.);
#11590=ORIENTED_EDGE('',*,*,#11593,.T.);
#11591=EDGE_CURVE('',#4796,#4806,#11594,.F.);
#11592=EDGE_CURVE('',#4806,#4814,#11595,.T.);
#11593=EDGE_CURVE('',#4814,#4796,#11596,.T.);
#11594=LINE('',#4795,#11597);
#11595=LINE('',#4805,#11598);
#11596=LINE('',#4813,#11599);
#11597=VECTOR('',#11600,1.0);
#11598=VECTOR('',#11601,1.0);
#11599=VECTOR('',#11602,1.0);
#11600=DIRECTION('',(0.9998859555653944,0.015102180739146893,0));
#11601=DIRECTION('',(0.015102820575446993,0.9998859459011642,0));
#11602=DIRECTION('',(-0.7071071486854074,-0.7071064136874968,0));
#11603=FACE_SURFACE('',(#11608),#11604,.T.);
#11604=PLANE('',#11605);
#11605=AXIS2_PLACEMENT_3D('',#4795,#11606,#11607);
#11606=DIRECTION('',(0,0,1));
#11607=DIRECTION('',(0.7071071486854074,0.7071064136874968,0));
#11608=FACE_BOUND('',#11609,.T.);
#11609=EDGE_LOOP('',(#11610,#11611,#11612));
#11610=ORIENTED_EDGE('',*,*,#11613,.T.);
#11611=ORIENTED_EDGE('',*,*,#11614,.T.);
#11612=ORIENTED_EDGE('',*,*,#11615,.T.);
#11613=EDGE_CURVE('',#4796,#4814,#11616,.F.);
#11614=EDGE_CURVE('',#4814,#4798,#11617,.T.);
#11615=EDGE_CURVE('',#4798,#4796,#11618,.T.);
#11616=LINE('',#4795,#11619);
#11617=LINE('',#4813,#11620);
#11618=LINE('',#4797,#11621);
#11619=VECTOR('',#11622,1.0);
#11620=VECTOR('',#11623,1.0);
#11621=VECTOR('',#11624,1.0);
#11622=DIRECTION('',(0.7071071486854074,0.7071064136874968,0));
#11623=DIRECTION('',(-1,0,0));
#11624=DIRECTION('',(-3.717184378003176E-09,-1,0));
#11625=FACE_SURFACE('',(#11630),#11626,.T.);
#11626=PLANE('',#11627);
#11627=AXIS2_PLACEMENT_3D('',#4801,#11628,#11629);
#11628=DIRECTION('',(0,0,1));
#11629=DIRECTION('',(1,0,0));
#11630=FACE_BOUND('',#11631,.T.);
#11631=EDGE_LOOP('',(#11632,#11633,#11634));
#11632=ORIENTED_EDGE('',*,*,#11635,.T.);
#11633=ORIENTED_EDGE('',*,*,#11636,.T.);
#11634=ORIENTED_EDGE('',*,*,#11637,.T.);
#11635=EDGE_CURVE('',#4802,#4800,#11638,.F.);
#11636=EDGE_CURVE('',#4800,#4816,#11639,.T.);
#11637=EDGE_CURVE('',#4816,#4802,#11640,.T.);
#11638=LINE('',#4801,#11641);
#11639=LINE('',#4799,#11642);
#11640=LINE('',#4815,#11643);
#11641=VECTOR('',#11644,1.0);
#11642=VECTOR('',#11645,1.0);
#11643=VECTOR('',#11646,1.0);
#11644=DIRECTION('',(1,0,0));
#11645=DIRECTION('',(0.015102983357909305,0.9998859434423962,0));
#11646=DIRECTION('',(-0.7171065727986077,-0.6969635307884016,0));
#11647=FACE_SURFACE('',(#11652),#11648,.T.);
#11648=PLANE('',#11649);
#11649=AXIS2_PLACEMENT_3D('',#4801,#11650,#11651);
#11650=DIRECTION('',(0,0,1));
#11651=DIRECTION('',(0.7171065727986077,0.6969635307884016,0));
#11652=FACE_BOUND('',#11653,.T.);
#11653=EDGE_LOOP('',(#11654,#11655,#11656));
#11654=ORIENTED_EDGE('',*,*,#11657,.T.);
#11655=ORIENTED_EDGE('',*,*,#11658,.T.);
#11656=ORIENTED_EDGE('',*,*,#11659,.T.);
#11657=EDGE_CURVE('',#4802,#4816,#11660,.F.);
#11658=EDGE_CURVE('',#4816,#4818,#11661,.T.);
#11659=EDGE_CURVE('',#4818,#4802,#11662,.T.);
#11660=LINE('',#4801,#11663);
#11661=LINE('',#4815,#11664);
#11662=LINE('',#4817,#11665);
#11663=VECTOR('',#11666,1.0);
#11664=VECTOR('',#11667,1.0);
#11665=VECTOR('',#11668,1.0);
#11666=DIRECTION('',(0.7171065727986077,0.6969635307884016,0));
#11667=DIRECTION('',(-0.9991028971484804,-0.04234856443272599,0));
#11668=DIRECTION('',(-0.03291228399124366,-0.9994582440314752,0));
#11669=FACE_SURFACE('',(#11674),#11670,.T.);
#11670=PLANE('',#11671);
#11671=AXIS2_PLACEMENT_3D('',#4799,#11672,#11673);
#11672=DIRECTION('',(0,0,1));
#11673=DIRECTION('',(1,0,0));
#11674=FACE_BOUND('',#11675,.T.);
#11675=EDGE_LOOP('',(#11676,#11677,#11678));
#11676=ORIENTED_EDGE('',*,*,#11679,.T.);
#11677=ORIENTED_EDGE('',*,*,#11680,.T.);
#11678=ORIENTED_EDGE('',*,*,#11681,.T.);
#11679=EDGE_CURVE('',#4800,#4798,#11682,.F.);
#11680=EDGE_CURVE('',#4798,#4820,#11683,.T.);
#11681=EDGE_CURVE('',#4820,#4800,#11684,.T.);
#11682=LINE('',#4799,#11685);
#11683=LINE('',#4797,#11686);
#11684=LINE('',#4819,#11687);
#11685=VECTOR('',#11688,1.0);
#11686=VECTOR('',#11689,1.0);
#11687=VECTOR('',#11690,1.0);
#11688=DIRECTION('',(1,0,0));
#11689=DIRECTION('',(1.2213586647584576E-08,0.9999999999999998,0));
#11690=DIRECTION('',(-0.7071071812785248,-0.7071063810943439,0));
#11691=FACE_SURFACE('',(#11696),#11692,.T.);
#11692=PLANE('',#11693);
#11693=AXIS2_PLACEMENT_3D('',#4799,#11694,#11695);
#11694=DIRECTION('',(0,0,1));
#11695=DIRECTION('',(0.7071071812785248,0.7071063810943439,0));
#11696=FACE_BOUND('',#11697,.T.);
#11697=EDGE_LOOP('',(#11698,#11699,#11700));
#11698=ORIENTED_EDGE('',*,*,#11701,.T.);
#11699=ORIENTED_EDGE('',*,*,#11702,.T.);
#11700=ORIENTED_EDGE('',*,*,#11703,.T.);
#11701=EDGE_CURVE('',#4800,#4820,#11704,.F.);
#11702=EDGE_CURVE('',#4820,#4816,#11705,.T.);
#11703=EDGE_CURVE('',#4816,#4800,#11706,.T.);
#11704=LINE('',#4799,#11707);
#11705=LINE('',#4819,#11708);
#11706=LINE('',#4815,#11709);
#11707=VECTOR('',#11710,1.0);
#11708=VECTOR('',#11711,1.0);
#11709=VECTOR('',#11712,1.0);
#11710=DIRECTION('',(0.7071071812785248,0.7071063810943439,0));
#11711=DIRECTION('',(-0.9998859555496001,-0.015102181784860476,0));
#11712=DIRECTION('',(-0.015102983357909305,-0.9998859434423962,0));
#11713=FACE_SURFACE('',(#11718),#11714,.T.);
#11714=PLANE('',#11715);
#11715=AXIS2_PLACEMENT_3D('',#4815,#11716,#11717);
#11716=DIRECTION('',(0,0,1));
#11717=DIRECTION('',(0.9998859555496001,0.015102181784860476,0));
#11718=FACE_BOUND('',#11719,.T.);
#11719=EDGE_LOOP('',(#11720,#11721,#11722));
#11720=ORIENTED_EDGE('',*,*,#11723,.T.);
#11721=ORIENTED_EDGE('',*,*,#11724,.T.);
#11722=ORIENTED_EDGE('',*,*,#11725,.T.);
#11723=EDGE_CURVE('',#4816,#4820,#11726,.F.);
#11724=EDGE_CURVE('',#4820,#4822,#11727,.T.);
#11725=EDGE_CURVE('',#4822,#4816,#11728,.T.);
#11726=LINE('',#4815,#11729);
#11727=LINE('',#4819,#11730);
#11728=LINE('',#4821,#11731);
#11729=VECTOR('',#11732,1.0);
#11730=VECTOR('',#11733,1.0);
#11731=VECTOR('',#11734,1.0);
#11732=DIRECTION('',(0.9998859555496001,0.015102181784860476,0));
#11733=DIRECTION('',(-3.721948855569341E-09,1,0));
#11734=DIRECTION('',(-0.6969629574848778,-0.717107129997975,0));
#11735=FACE_SURFACE('',(#11740),#11736,.T.);
#11736=PLANE('',#11737);
#11737=AXIS2_PLACEMENT_3D('',#4815,#11738,#11739);
#11738=DIRECTION('',(0,0,1));
#11739=DIRECTION('',(0.6969629574848778,0.717107129997975,0));
#11740=FACE_BOUND('',#11741,.T.);
#11741=EDGE_LOOP('',(#11742,#11743,#11744));
#11742=ORIENTED_EDGE('',*,*,#11745,.T.);
#11743=ORIENTED_EDGE('',*,*,#11746,.T.);
#11744=ORIENTED_EDGE('',*,*,#11747,.T.);
#11745=EDGE_CURVE('',#4816,#4822,#11748,.F.);
#11746=EDGE_CURVE('',#4822,#4824,#11749,.T.);
#11747=EDGE_CURVE('',#4824,#4816,#11750,.T.);
#11748=LINE('',#4815,#11751);
#11749=LINE('',#4821,#11752);
#11750=LINE('',#4823,#11753);
#11751=VECTOR('',#11754,1.0);
#11752=VECTOR('',#11755,1.0);
#11753=VECTOR('',#11756,1.0);
#11754=DIRECTION('',(0.6969629574848778,0.717107129997975,0));
#11755=DIRECTION('',(-0.9994582821182084,-0.032911127378438564,0));
#11756=DIRECTION('',(-0.04234803001795992,-0.9991029198003567,0));
#11757=FACE_SURFACE('',(#11762),#11758,.T.);
#11758=PLANE('',#11759);
#11759=AXIS2_PLACEMENT_3D('',#4817,#11760,#11761);
#11760=DIRECTION('',(0,0,1));
#11761=DIRECTION('',(0.9991028971484804,0.04234856443272599,0));
#11762=FACE_BOUND('',#11763,.T.);
#11763=EDGE_LOOP('',(#11764,#11765,#11766));
#11764=ORIENTED_EDGE('',*,*,#11767,.T.);
#11765=ORIENTED_EDGE('',*,*,#11768,.T.);
#11766=ORIENTED_EDGE('',*,*,#11769,.T.);
#11767=EDGE_CURVE('',#4818,#4816,#11770,.F.);
#11768=EDGE_CURVE('',#4816,#4824,#11771,.T.);
#11769=EDGE_CURVE('',#4824,#4818,#11772,.T.);
#11770=LINE('',#4817,#11773);
#11771=LINE('',#4815,#11774);
#11772=LINE('',#4823,#11775);
#11773=VECTOR('',#11776,1.0);
#11774=VECTOR('',#11777,1.0);
#11775=VECTOR('',#11778,1.0);
#11776=DIRECTION('',(0.9991028971484804,0.04234856443272599,0));
#11777=DIRECTION('',(0.04234803001795992,0.9991029198003567,0));
#11778=DIRECTION('',(-0.7071055934541208,-0.7071079689169794,0));
#11779=FACE_SURFACE('',(#11784),#11780,.T.);
#11780=PLANE('',#11781);
#11781=AXIS2_PLACEMENT_3D('',#4817,#11782,#11783);
#11782=DIRECTION('',(0,0,1));
#11783=DIRECTION('',(0.7071055934541208,0.7071079689169794,0));
#11784=FACE_BOUND('',#11785,.T.);
#11785=EDGE_LOOP('',(#11786,#11787,#11788));
#11786=ORIENTED_EDGE('',*,*,#11789,.T.);
#11787=ORIENTED_EDGE('',*,*,#11790,.T.);
#11788=ORIENTED_EDGE('',*,*,#11791,.T.);
#11789=EDGE_CURVE('',#4818,#4824,#11792,.F.);
#11790=EDGE_CURVE('',#4824,#4826,#11793,.T.);
#11791=EDGE_CURVE('',#4826,#4818,#11794,.T.);
#11792=LINE('',#4817,#11795);
#11793=LINE('',#4823,#11796);
#11794=LINE('',#4825,#11797);
#11795=VECTOR('',#11798,1.0);
#11796=VECTOR('',#11799,1.0);
#11797=VECTOR('',#11800,1.0);
#11798=DIRECTION('',(0.7071055934541208,0.7071079689169794,0));
#11799=DIRECTION('',(-0.995546932149861,-0.09426720472677758,0));
#11800=DIRECTION('',(-0.09426540008351443,-0.9955471030278251,0));
#11801=FACE_SURFACE('',(#11806),#11802,.T.);
#11802=PLANE('',#11803);
#11803=AXIS2_PLACEMENT_3D('',#4797,#11804,#11805);
#11804=DIRECTION('',(0,0,1));
#11805=DIRECTION('',(1,0,0));
#11806=FACE_BOUND('',#11807,.T.);
#11807=EDGE_LOOP('',(#11808,#11809,#11810));
#11808=ORIENTED_EDGE('',*,*,#11811,.T.);
#11809=ORIENTED_EDGE('',*,*,#11812,.T.);
#11810=ORIENTED_EDGE('',*,*,#11813,.T.);
#11811=EDGE_CURVE('',#4798,#4814,#11814,.F.);
#11812=EDGE_CURVE('',#4814,#4828,#11815,.T.);
#11813=EDGE_CURVE('',#4828,#4798,#11816,.T.);
#11814=LINE('',#4797,#11817);
#11815=LINE('',#4813,#11818);
#11816=LINE('',#4827,#11819);
#11817=VECTOR('',#11820,1.0);
#11818=VECTOR('',#11821,1.0);
#11819=VECTOR('',#11822,1.0);
#11820=DIRECTION('',(1,0,0));
#11821=DIRECTION('',(-0.015102820575446993,0.9998859459011642,0));
#11822=DIRECTION('',(-0.7071069288591206,-0.7071066335139435,0));
#11823=FACE_SURFACE('',(#11828),#11824,.T.);
#11824=PLANE('',#11825);
#11825=AXIS2_PLACEMENT_3D('',#4797,#11826,#11827);
#11826=DIRECTION('',(0,0,1));
#11827=DIRECTION('',(0.7071069288591206,0.7071066335139435,0));
#11828=FACE_BOUND('',#11829,.T.);
#11829=EDGE_LOOP('',(#11830,#11831,#11832));
#11830=ORIENTED_EDGE('',*,*,#11833,.T.);
#11831=ORIENTED_EDGE('',*,*,#11834,.T.);
#11832=ORIENTED_EDGE('',*,*,#11835,.T.);
#11833=EDGE_CURVE('',#4798,#4828,#11836,.F.);
#11834=EDGE_CURVE('',#4828,#4820,#11837,.T.);
#11835=EDGE_CURVE('',#4820,#4798,#11838,.T.);
#11836=LINE('',#4797,#11839);
#11837=LINE('',#4827,#11840);
#11838=LINE('',#4819,#11841);
#11839=VECTOR('',#11842,1.0);
#11840=VECTOR('',#11843,1.0);
#11841=VECTOR('',#11844,1.0);
#11842=DIRECTION('',(0.7071069288591206,0.7071066335139435,0));
#11843=DIRECTION('',(-0.9998859555617067,0.015102180983314319,0));
#11844=DIRECTION('',(-1.2213586647584576E-08,-0.9999999999999998,0));
#11845=FACE_SURFACE('',(#11850),#11846,.T.);
#11846=PLANE('',#11847);
#11847=AXIS2_PLACEMENT_3D('',#4813,#11848,#11849);
#11848=DIRECTION('',(0,0,1));
#11849=DIRECTION('',(1,0,0));
#11850=FACE_BOUND('',#11851,.T.);
#11851=EDGE_LOOP('',(#11852,#11853,#11854));
#11852=ORIENTED_EDGE('',*,*,#11855,.T.);
#11853=ORIENTED_EDGE('',*,*,#11856,.T.);
#11854=ORIENTED_EDGE('',*,*,#11857,.T.);
#11855=EDGE_CURVE('',#4814,#4812,#11858,.F.);
#11856=EDGE_CURVE('',#4812,#4830,#11859,.T.);
#11857=EDGE_CURVE('',#4830,#4814,#11860,.T.);
#11858=LINE('',#4813,#11861);
#11859=LINE('',#4811,#11862);
#11860=LINE('',#4829,#11863);
#11861=VECTOR('',#11864,1.0);
#11862=VECTOR('',#11865,1.0);
#11863=VECTOR('',#11866,1.0);
#11864=DIRECTION('',(1,0,0));
#11865=DIRECTION('',(-0.03291211424143819,0.9994582496213429,0));
#11866=DIRECTION('',(-0.7159917402504464,-0.6981087507639029,0));
#11867=FACE_SURFACE('',(#11872),#11868,.T.);
#11868=PLANE('',#11869);
#11869=AXIS2_PLACEMENT_3D('',#4813,#11870,#11871);
#11870=DIRECTION('',(0,-0,1));
#11871=DIRECTION('',(0.7159917402504464,0.6981087507639029,0));
#11872=FACE_BOUND('',#11873,.T.);
#11873=EDGE_LOOP('',(#11874,#11875,#11876));
#11874=ORIENTED_EDGE('',*,*,#11877,.T.);
#11875=ORIENTED_EDGE('',*,*,#11878,.T.);
#11876=ORIENTED_EDGE('',*,*,#11879,.T.);
#11877=EDGE_CURVE('',#4814,#4830,#11880,.F.);
#11878=EDGE_CURVE('',#4830,#4828,#11881,.T.);
#11879=EDGE_CURVE('',#4828,#4814,#11882,.T.);
#11880=LINE('',#4813,#11883);
#11881=LINE('',#4829,#11884);
#11882=LINE('',#4827,#11885);
#11883=VECTOR('',#11886,1.0);
#11884=VECTOR('',#11887,1.0);
#11885=VECTOR('',#11888,1.0);
#11886=DIRECTION('',(0.7159917402504464,0.6981087507639029,0));
#11887=DIRECTION('',(-0.9991028971484804,0.04234856443272599,0));
#11888=DIRECTION('',(0.015102820575446993,-0.9998859459011642,0));
#11889=FACE_SURFACE('',(#11894),#11890,.T.);
#11890=PLANE('',#11891);
#11891=AXIS2_PLACEMENT_3D('',#4827,#11892,#11893);
#11892=DIRECTION('',(-0,0,1));
#11893=DIRECTION('',(0.9991028971484804,-0.04234856443272599,0));
#11894=FACE_BOUND('',#11895,.T.);
#11895=EDGE_LOOP('',(#11896,#11897,#11898));
#11896=ORIENTED_EDGE('',*,*,#11899,.T.);
#11897=ORIENTED_EDGE('',*,*,#11900,.T.);
#11898=ORIENTED_EDGE('',*,*,#11901,.T.);
#11899=EDGE_CURVE('',#4828,#4830,#11902,.F.);
#11900=EDGE_CURVE('',#4830,#4832,#11903,.T.);
#11901=EDGE_CURVE('',#4832,#4828,#11904,.T.);
#11902=LINE('',#4827,#11905);
#11903=LINE('',#4829,#11906);
#11904=LINE('',#4831,#11907);
#11905=VECTOR('',#11908,1.0);
#11906=VECTOR('',#11909,1.0);
#11907=VECTOR('',#11910,1.0);
#11908=DIRECTION('',(0.9991028971484804,-0.04234856443272599,0));
#11909=DIRECTION('',(-0.0942655692634505,0.9955470870086647,0));
#11910=DIRECTION('',(-0.7071061194099679,-0.7071074429625079,0));
#11911=FACE_SURFACE('',(#11916),#11912,.T.);
#11912=PLANE('',#11913);
#11913=AXIS2_PLACEMENT_3D('',#4827,#11914,#11915);
#11914=DIRECTION('',(0,-0,1));
#11915=DIRECTION('',(0.7071061194099679,0.7071074429625079,0));
#11916=FACE_BOUND('',#11917,.T.);
#11917=EDGE_LOOP('',(#11918,#11919,#11920));
#11918=ORIENTED_EDGE('',*,*,#11921,.T.);
#11919=ORIENTED_EDGE('',*,*,#11922,.T.);
#11920=ORIENTED_EDGE('',*,*,#11923,.T.);
#11921=EDGE_CURVE('',#4828,#4832,#11924,.F.);
#11922=EDGE_CURVE('',#4832,#4834,#11925,.T.);
#11923=EDGE_CURVE('',#4834,#4828,#11926,.T.);
#11924=LINE('',#4827,#11927);
#11925=LINE('',#4831,#11928);
#11926=LINE('',#4833,#11929);
#11927=VECTOR('',#11930,1.0);
#11928=VECTOR('',#11931,1.0);
#11929=VECTOR('',#11932,1.0);
#11930=DIRECTION('',(0.7071061194099679,0.7071074429625079,0));
#11931=DIRECTION('',(-0.995546932149861,0.09426720472677758,0));
#11932=DIRECTION('',(0.042348192847144084,-0.9991029128986568,0));
#11933=FACE_SURFACE('',(#11938),#11934,.T.);
#11934=PLANE('',#11935);
#11935=AXIS2_PLACEMENT_3D('',#4819,#11936,#11937);
#11936=DIRECTION('',(-0,0,1));
#11937=DIRECTION('',(0.9998859555617067,-0.015102180983314319,0));
#11938=FACE_BOUND('',#11939,.T.);
#11939=EDGE_LOOP('',(#11940,#11941,#11942));
#11940=ORIENTED_EDGE('',*,*,#11943,.T.);
#11941=ORIENTED_EDGE('',*,*,#11944,.T.);
#11942=ORIENTED_EDGE('',*,*,#11945,.T.);
#11943=EDGE_CURVE('',#4820,#4828,#11946,.F.);
#11944=EDGE_CURVE('',#4828,#4834,#11947,.T.);
#11945=EDGE_CURVE('',#4834,#4820,#11948,.T.);
#11946=LINE('',#4819,#11949);
#11947=LINE('',#4827,#11950);
#11948=LINE('',#4833,#11951);
#11949=VECTOR('',#11952,1.0);
#11950=VECTOR('',#11953,1.0);
#11951=VECTOR('',#11954,1.0);
#11952=DIRECTION('',(0.9998859555617067,-0.015102180983314319,0));
#11953=DIRECTION('',(-0.042348192847144084,0.9991029128986568,0));
#11954=DIRECTION('',(-0.6981076357755637,-0.715992827388552,0));
#11955=FACE_SURFACE('',(#11960),#11956,.T.);
#11956=PLANE('',#11957);
#11957=AXIS2_PLACEMENT_3D('',#4819,#11958,#11959);
#11958=DIRECTION('',(0,-0,1));
#11959=DIRECTION('',(0.6981076357755637,0.715992827388552,0));
#11960=FACE_BOUND('',#11961,.T.);
#11961=EDGE_LOOP('',(#11962,#11963,#11964));
#11962=ORIENTED_EDGE('',*,*,#11965,.T.);
#11963=ORIENTED_EDGE('',*,*,#11966,.T.);
#11964=ORIENTED_EDGE('',*,*,#11967,.T.);
#11965=EDGE_CURVE('',#4820,#4834,#11968,.F.);
#11966=EDGE_CURVE('',#4834,#4822,#11969,.T.);
#11967=EDGE_CURVE('',#4822,#4820,#11970,.T.);
#11968=LINE('',#4819,#11971);
#11969=LINE('',#4833,#11972);
#11970=LINE('',#4821,#11973);
#11971=VECTOR('',#11974,1.0);
#11972=VECTOR('',#11975,1.0);
#11973=VECTOR('',#11976,1.0);
#11974=DIRECTION('',(0.6981076357755637,0.715992827388552,0));
#11975=DIRECTION('',(-0.9994582820026824,0.032911130886774796,0));
#11976=DIRECTION('',(3.721948855569341E-09,-1,0));
#11977=FACE_SURFACE('',(#11982),#11978,.T.);
#11978=PLANE('',#11979);
#11979=AXIS2_PLACEMENT_3D('',#4835,#11980,#11981);
#11980=DIRECTION('',(-0,0,1));
#11981=DIRECTION('',(0.7892176472568242,-0.6141135931229686,0));
#11982=FACE_BOUND('',#11983,.T.);
#11983=EDGE_LOOP('',(#11984,#11985,#11986));
#11984=ORIENTED_EDGE('',*,*,#11987,.T.);
#11985=ORIENTED_EDGE('',*,*,#11988,.T.);
#11986=ORIENTED_EDGE('',*,*,#11989,.T.);
#11987=EDGE_CURVE('',#4836,#4838,#11990,.F.);
#11988=EDGE_CURVE('',#4838,#4840,#11991,.T.);
#11989=EDGE_CURVE('',#4840,#4836,#11992,.T.);
#11990=LINE('',#4835,#11993);
#11991=LINE('',#4837,#11994);
#11992=LINE('',#4839,#11995);
#11993=VECTOR('',#11996,1.0);
#11994=VECTOR('',#11997,1.0);
#11995=VECTOR('',#11998,1.0);
#11996=DIRECTION('',(0.7892176472568242,-0.6141135931229686,0));
#11997=DIRECTION('',(-0.3301563681320317,0.9439262537835603,0));
#11998=DIRECTION('',(-0.7071078246293361,-0.7071057377422192,0));
#11999=FACE_SURFACE('',(#12004),#12000,.T.);
#12000=PLANE('',#12001);
#12001=AXIS2_PLACEMENT_3D('',#4835,#12002,#12003);
#12002=DIRECTION('',(0,-0,1));
#12003=DIRECTION('',(0.7071078246293361,0.7071057377422192,0));
#12004=FACE_BOUND('',#12005,.T.);
#12005=EDGE_LOOP('',(#12006,#12007,#12008));
#12006=ORIENTED_EDGE('',*,*,#12009,.T.);
#12007=ORIENTED_EDGE('',*,*,#12010,.T.);
#12008=ORIENTED_EDGE('',*,*,#12011,.T.);
#12009=EDGE_CURVE('',#4836,#4840,#12012,.F.);
#12010=EDGE_CURVE('',#4840,#4842,#12013,.T.);
#12011=EDGE_CURVE('',#4842,#4836,#12014,.T.);
#12012=LINE('',#4835,#12015);
#12013=LINE('',#4839,#12016);
#12014=LINE('',#4841,#12017);
#12015=VECTOR('',#12018,1.0);
#12016=VECTOR('',#12019,1.0);
#12017=VECTOR('',#12020,1.0);
#12018=DIRECTION('',(0.7071078246293361,0.7071057377422192,0));
#12019=DIRECTION('',(-0.9439265319413648,0.3301555728700448,0));
#12020=DIRECTION('',(0.6141147412208302,-0.7892167538865814,0));
#12021=FACE_SURFACE('',(#12026),#12022,.T.);
#12022=PLANE('',#12023);
#12023=AXIS2_PLACEMENT_3D('',#4837,#12024,#12025);
#12024=DIRECTION('',(-0,0,1));
#12025=DIRECTION('',(0.9020298326751995,-0.43167369732698735,0));
#12026=FACE_BOUND('',#12027,.T.);
#12027=EDGE_LOOP('',(#12028,#12029,#12030));
#12028=ORIENTED_EDGE('',*,*,#12031,.T.);
#12029=ORIENTED_EDGE('',*,*,#12032,.T.);
#12030=ORIENTED_EDGE('',*,*,#12033,.T.);
#12031=EDGE_CURVE('',#4838,#4844,#12034,.F.);
#12032=EDGE_CURVE('',#4844,#4846,#12035,.T.);
#12033=EDGE_CURVE('',#4846,#4838,#12036,.T.);
#12034=LINE('',#4837,#12037);
#12035=LINE('',#4843,#12038);
#12036=LINE('',#4845,#12039);
#12037=VECTOR('',#12040,1.0);
#12038=VECTOR('',#12041,1.0);
#12039=VECTOR('',#12042,1.0);
#12040=DIRECTION('',(0.9020298326751995,-0.43167369732698735,0));
#12041=DIRECTION('',(-0.1738111675642011,0.9847789995882168,0));
#12042=DIRECTION('',(-0.6904909018564432,-0.7233410775377517,0));
#12043=FACE_SURFACE('',(#12048),#12044,.T.);
#12044=PLANE('',#12045);
#12045=AXIS2_PLACEMENT_3D('',#4837,#12046,#12047);
#12046=DIRECTION('',(0,-0,1));
#12047=DIRECTION('',(0.6904909018564432,0.7233410775377517,0));
#12048=FACE_BOUND('',#12049,.T.);
#12049=EDGE_LOOP('',(#12050,#12051,#12052));
#12050=ORIENTED_EDGE('',*,*,#12053,.T.);
#12051=ORIENTED_EDGE('',*,*,#12054,.T.);
#12052=ORIENTED_EDGE('',*,*,#12055,.T.);
#12053=EDGE_CURVE('',#4838,#4846,#12056,.F.);
#12054=EDGE_CURVE('',#4846,#4840,#12057,.T.);
#12055=EDGE_CURVE('',#4840,#4838,#12058,.T.);
#12056=LINE('',#4837,#12059);
#12057=LINE('',#4845,#12060);
#12058=LINE('',#4839,#12061);
#12059=VECTOR('',#12062,1.0);
#12060=VECTOR('',#12063,1.0);
#12061=VECTOR('',#12064,1.0);
#12062=DIRECTION('',(0.6904909018564432,0.7233410775377517,0));
#12063=DIRECTION('',(-0.964004720596085,0.26588512306720746,0));
#12064=DIRECTION('',(0.3301563681320317,-0.9439262537835603,0));
#12065=FACE_SURFACE('',(#12070),#12066,.T.);
#12066=PLANE('',#12067);
#12067=AXIS2_PLACEMENT_3D('',#4839,#12068,#12069);
#12068=DIRECTION('',(-0,0,1));
#12069=DIRECTION('',(0.964004720596085,-0.26588512306720746,0));
#12070=FACE_BOUND('',#12071,.T.);
#12071=EDGE_LOOP('',(#12072,#12073,#12074));
#12072=ORIENTED_EDGE('',*,*,#12075,.T.);
#12073=ORIENTED_EDGE('',*,*,#12076,.T.);
#12074=ORIENTED_EDGE('',*,*,#12077,.T.);
#12075=EDGE_CURVE('',#4840,#4846,#12078,.F.);
#12076=EDGE_CURVE('',#4846,#4786,#12079,.T.);
#12077=EDGE_CURVE('',#4786,#4840,#12080,.T.);
#12078=LINE('',#4839,#12081);
#12079=LINE('',#4845,#12082);
#12080=LINE('',#4785,#12083);
#12081=VECTOR('',#12084,1.0);
#12082=VECTOR('',#12085,1.0);
#12083=VECTOR('',#12086,1.0);
#12084=DIRECTION('',(0.964004720596085,-0.26588512306720746,0));
#12085=DIRECTION('',(-0.14598405629085456,0.989286942857768,0));
#12086=DIRECTION('',(-0.7071063071469847,-0.7071072552257923,0));
#12087=FACE_SURFACE('',(#12092),#12088,.T.);
#12088=PLANE('',#12089);
#12089=AXIS2_PLACEMENT_3D('',#4839,#12090,#12091);
#12090=DIRECTION('',(0,-0,1));
#12091=DIRECTION('',(0.7071063071469847,0.7071072552257923,0));
#12092=FACE_BOUND('',#12093,.T.);
#12093=EDGE_LOOP('',(#12094,#12095,#12096));
#12094=ORIENTED_EDGE('',*,*,#12097,.T.);
#12095=ORIENTED_EDGE('',*,*,#12098,.T.);
#12096=ORIENTED_EDGE('',*,*,#12099,.T.);
#12097=EDGE_CURVE('',#4840,#4786,#12100,.F.);
#12098=EDGE_CURVE('',#4786,#4848,#12101,.T.);
#12099=EDGE_CURVE('',#4848,#4840,#12102,.T.);
#12100=LINE('',#4839,#12103);
#12101=LINE('',#4785,#12104);
#12102=LINE('',#4847,#12105);
#12103=VECTOR('',#12106,1.0);
#12104=VECTOR('',#12107,1.0);
#12105=VECTOR('',#12108,1.0);
#12106=DIRECTION('',(0.7071063071469847,0.7071072552257923,0));
#12107=DIRECTION('',(-0.9892869527525352,0.1459839892371869,0));
#12108=DIRECTION('',(0.265886935178282,-0.964004220790293,0));
#12109=FACE_SURFACE('',(#12114),#12110,.T.);
#12110=PLANE('',#12111);
#12111=AXIS2_PLACEMENT_3D('',#4841,#12112,#12113);
#12112=DIRECTION('',(-0,0,1));
#12113=DIRECTION('',(0.9439265319413648,-0.3301555728700448,0));
#12114=FACE_BOUND('',#12115,.T.);
#12115=EDGE_LOOP('',(#12116,#12117,#12118));
#12116=ORIENTED_EDGE('',*,*,#12119,.T.);
#12117=ORIENTED_EDGE('',*,*,#12120,.T.);
#12118=ORIENTED_EDGE('',*,*,#12121,.T.);
#12119=EDGE_CURVE('',#4842,#4840,#12122,.F.);
#12120=EDGE_CURVE('',#4840,#4848,#12123,.T.);
#12121=EDGE_CURVE('',#4848,#4842,#12124,.T.);
#12122=LINE('',#4841,#12125);
#12123=LINE('',#4839,#12126);
#12124=LINE('',#4847,#12127);
#12125=VECTOR('',#12128,1.0);
#12126=VECTOR('',#12129,1.0);
#12127=VECTOR('',#12130,1.0);
#12128=DIRECTION('',(0.9439265319413648,-0.3301555728700448,0));
#12129=DIRECTION('',(-0.265886935178282,0.964004220790293,0));
#12130=DIRECTION('',(-0.7233399659703115,-0.6904920663049422,0));
#12131=FACE_SURFACE('',(#12136),#12132,.T.);
#12132=PLANE('',#12133);
#12133=AXIS2_PLACEMENT_3D('',#4841,#12134,#12135);
#12134=DIRECTION('',(0,-0,1));
#12135=DIRECTION('',(0.7233399659703115,0.6904920663049422,0));
#12136=FACE_BOUND('',#12137,.T.);
#12137=EDGE_LOOP('',(#12138,#12139,#12140));
#12138=ORIENTED_EDGE('',*,*,#12141,.T.);
#12139=ORIENTED_EDGE('',*,*,#12142,.T.);
#12140=ORIENTED_EDGE('',*,*,#12143,.T.);
#12141=EDGE_CURVE('',#4842,#4848,#12144,.F.);
#12142=EDGE_CURVE('',#4848,#4850,#12145,.T.);
#12143=EDGE_CURVE('',#4850,#4842,#12146,.T.);
#12144=LINE('',#4841,#12147);
#12145=LINE('',#4847,#12148);
#12146=LINE('',#4849,#12149);
#12147=VECTOR('',#12150,1.0);
#12148=VECTOR('',#12151,1.0);
#12149=VECTOR('',#12152,1.0);
#12150=DIRECTION('',(0.7233399659703115,0.6904920663049422,0));
#12151=DIRECTION('',(-0.9847792232015545,0.17380990061139462,0));
#12152=DIRECTION('',(0.43167256376503627,-0.9020303751495959,0));
#12153=FACE_SURFACE('',(#12158),#12154,.T.);
#12154=PLANE('',#12155);
#12155=AXIS2_PLACEMENT_3D('',#4843,#12156,#12157);
#12156=DIRECTION('',(-0,0,1));
#12157=DIRECTION('',(0.9666048306318682,-0.2562715384102133,0));
#12158=FACE_BOUND('',#12159,.T.);
#12159=EDGE_LOOP('',(#12160,#12161,#12162));
#12160=ORIENTED_EDGE('',*,*,#12163,.T.);
#12161=ORIENTED_EDGE('',*,*,#12164,.T.);
#12162=ORIENTED_EDGE('',*,*,#12165,.T.);
#12163=EDGE_CURVE('',#4844,#4852,#12166,.F.);
#12164=EDGE_CURVE('',#4852,#4854,#12167,.T.);
#12165=EDGE_CURVE('',#4854,#4844,#12168,.T.);
#12166=LINE('',#4843,#12169);
#12167=LINE('',#4851,#12170);
#12168=LINE('',#4853,#12171);
#12169=VECTOR('',#12172,1.0);
#12170=VECTOR('',#12173,1.0);
#12171=VECTOR('',#12174,1.0);
#12172=DIRECTION('',(0.9666048306318682,-0.2562715384102133,0));
#12173=DIRECTION('',(-0.075582456856932,0.9971395550350362,0));
#12174=DIRECTION('',(-0.6730446543812247,-0.7396018477592234,0));
#12175=FACE_SURFACE('',(#12180),#12176,.T.);
#12176=PLANE('',#12177);
#12177=AXIS2_PLACEMENT_3D('',#4843,#12178,#12179);
#12178=DIRECTION('',(0,-0,1));
#12179=DIRECTION('',(0.6730446543812247,0.7396018477592234,0));
#12180=FACE_BOUND('',#12181,.T.);
#12181=EDGE_LOOP('',(#12182,#12183,#12184));
#12182=ORIENTED_EDGE('',*,*,#12185,.T.);
#12183=ORIENTED_EDGE('',*,*,#12186,.T.);
#12184=ORIENTED_EDGE('',*,*,#12187,.T.);
#12185=EDGE_CURVE('',#4844,#4854,#12188,.F.);
#12186=EDGE_CURVE('',#4854,#4846,#12189,.T.);
#12187=EDGE_CURVE('',#4846,#4844,#12190,.T.);
#12188=LINE('',#4843,#12191);
#12189=LINE('',#4853,#12192);
#12190=LINE('',#4845,#12193);
#12191=VECTOR('',#12194,1.0);
#12192=VECTOR('',#12195,1.0);
#12193=VECTOR('',#12196,1.0);
#12194=DIRECTION('',(0.6730446543812247,0.7396018477592234,0));
#12195=DIRECTION('',(-0.9862739049016142,0.1651174869906935,0));
#12196=DIRECTION('',(0.1738111675642011,-0.9847789995882168,0));
#12197=FACE_SURFACE('',(#12202),#12198,.T.);
#12198=PLANE('',#12199);
#12199=AXIS2_PLACEMENT_3D('',#4851,#12200,#12201);
#12200=DIRECTION('',(-0,0,1));
#12201=DIRECTION('',(0.9963494727578912,-0.08536819158839115,0));
#12202=FACE_BOUND('',#12203,.T.);
#12203=EDGE_LOOP('',(#12204,#12205,#12206));
#12204=ORIENTED_EDGE('',*,*,#12207,.T.);
#12205=ORIENTED_EDGE('',*,*,#12208,.T.);
#12206=ORIENTED_EDGE('',*,*,#12209,.T.);
#12207=EDGE_CURVE('',#4852,#4856,#12210,.F.);
#12208=EDGE_CURVE('',#4856,#4858,#12211,.T.);
#12209=EDGE_CURVE('',#4858,#4852,#12212,.T.);
#12210=LINE('',#4851,#12213);
#12211=LINE('',#4855,#12214);
#12212=LINE('',#4857,#12215);
#12213=VECTOR('',#12216,1.0);
#12214=VECTOR('',#12217,1.0);
#12215=VECTOR('',#12218,1.0);
#12216=DIRECTION('',(0.9963494727578912,-0.08536819158839115,0));
#12217=DIRECTION('',(4.26837734665729E-09,1,0));
#12218=DIRECTION('',(-0.6568098125969214,-0.7540562777912515,0));
#12219=FACE_SURFACE('',(#12224),#12220,.T.);
#12220=PLANE('',#12221);
#12221=AXIS2_PLACEMENT_3D('',#4851,#12222,#12223);
#12222=DIRECTION('',(0,-0,1));
#12223=DIRECTION('',(0.6568098125969214,0.7540562777912515,0));
#12224=FACE_BOUND('',#12225,.T.);
#12225=EDGE_LOOP('',(#12226,#12227,#12228));
#12226=ORIENTED_EDGE('',*,*,#12229,.T.);
#12227=ORIENTED_EDGE('',*,*,#12230,.T.);
#12228=ORIENTED_EDGE('',*,*,#12231,.T.);
#12229=EDGE_CURVE('',#4852,#4858,#12232,.F.);
#12230=EDGE_CURVE('',#4858,#4854,#12233,.T.);
#12231=EDGE_CURVE('',#4854,#4852,#12234,.T.);
#12232=LINE('',#4851,#12235);
#12233=LINE('',#4857,#12236);
#12234=LINE('',#4853,#12237);
#12235=VECTOR('',#12238,1.0);
#12236=VECTOR('',#12239,1.0);
#12237=VECTOR('',#12240,1.0);
#12238=DIRECTION('',(0.6568098125969214,0.7540562777912515,0));
#12239=DIRECTION('',(-0.9984279445418507,0.0560503305782854,0));
#12240=DIRECTION('',(0.075582456856932,-0.9971395550350362,0));
#12241=FACE_SURFACE('',(#12246),#12242,.T.);
#12242=PLANE('',#12243);
#12243=AXIS2_PLACEMENT_3D('',#4853,#12244,#12245);
#12244=DIRECTION('',(-0,0,1));
#12245=DIRECTION('',(0.9984279445418507,-0.0560503305782854,0));
#12246=FACE_BOUND('',#12247,.T.);
#12247=EDGE_LOOP('',(#12248,#12249,#12250));
#12248=ORIENTED_EDGE('',*,*,#12251,.T.);
#12249=ORIENTED_EDGE('',*,*,#12252,.T.);
#12250=ORIENTED_EDGE('',*,*,#12253,.T.);
#12251=EDGE_CURVE('',#4854,#4858,#12254,.F.);
#12252=EDGE_CURVE('',#4858,#4794,#12255,.T.);
#12253=EDGE_CURVE('',#4794,#4854,#12256,.T.);
#12254=LINE('',#4853,#12257);
#12255=LINE('',#4857,#12258);
#12256=LINE('',#4793,#12259);
#12257=VECTOR('',#12260,1.0);
#12258=VECTOR('',#12261,1.0);
#12259=VECTOR('',#12262,1.0);
#12260=DIRECTION('',(0.9984279445418507,-0.0560503305782854,0));
#12261=DIRECTION('',(1.491999817883105E-08,0.9999999999999998,0));
#12262=DIRECTION('',(-0.6809456360971836,-0.7323339679956146,0));
#12263=FACE_SURFACE('',(#12268),#12264,.T.);
#12264=PLANE('',#12265);
#12265=AXIS2_PLACEMENT_3D('',#4853,#12266,#12267);
#12266=DIRECTION('',(0,-0,1));
#12267=DIRECTION('',(0.6809456360971836,0.7323339679956146,0));
#12268=FACE_BOUND('',#12269,.T.);
#12269=EDGE_LOOP('',(#12270,#12271,#12272));
#12270=ORIENTED_EDGE('',*,*,#12273,.T.);
#12271=ORIENTED_EDGE('',*,*,#12274,.T.);
#12272=ORIENTED_EDGE('',*,*,#12275,.T.);
#12273=EDGE_CURVE('',#4854,#4794,#12276,.F.);
#12274=EDGE_CURVE('',#4794,#4788,#12277,.T.);
#12275=EDGE_CURVE('',#4788,#4854,#12278,.T.);
#12276=LINE('',#4853,#12279);
#12277=LINE('',#4793,#12280);
#12278=LINE('',#4787,#12281);
#12279=VECTOR('',#12282,1.0);
#12280=VECTOR('',#12283,1.0);
#12281=VECTOR('',#12284,1.0);
#12282=DIRECTION('',(0.6809456360971836,0.7323339679956146,0));
#12283=DIRECTION('',(-0.9994582822876474,0.03291112223284527,0));
#12284=DIRECTION('',(0.06408077476070816,-0.997944715054931,0));
#12285=FACE_SURFACE('',(#12290),#12286,.T.);
#12286=PLANE('',#12287);
#12287=AXIS2_PLACEMENT_3D('',#4845,#12288,#12289);
#12288=DIRECTION('',(-0,0,1));
#12289=DIRECTION('',(0.9862739049016142,-0.1651174869906935,0));
#12290=FACE_BOUND('',#12291,.T.);
#12291=EDGE_LOOP('',(#12292,#12293,#12294));
#12292=ORIENTED_EDGE('',*,*,#12295,.T.);
#12293=ORIENTED_EDGE('',*,*,#12296,.T.);
#12294=ORIENTED_EDGE('',*,*,#12297,.T.);
#12295=EDGE_CURVE('',#4846,#4854,#12298,.F.);
#12296=EDGE_CURVE('',#4854,#4788,#12299,.T.);
#12297=EDGE_CURVE('',#4788,#4846,#12300,.T.);
#12298=LINE('',#4845,#12301);
#12299=LINE('',#4853,#12302);
#12300=LINE('',#4787,#12303);
#12301=VECTOR('',#12304,1.0);
#12302=VECTOR('',#12305,1.0);
#12303=VECTOR('',#12306,1.0);
#12304=DIRECTION('',(0.9862739049016142,-0.1651174869906935,0));
#12305=DIRECTION('',(-0.06408077476070816,0.997944715054931,0));
#12306=DIRECTION('',(-0.692073924165084,-0.7218266298016038,0));
#12307=FACE_SURFACE('',(#12312),#12308,.T.);
#12308=PLANE('',#12309);
#12309=AXIS2_PLACEMENT_3D('',#4845,#12310,#12311);
#12310=DIRECTION('',(0,-0,1));
#12311=DIRECTION('',(0.692073924165084,0.7218266298016038,0));
#12312=FACE_BOUND('',#12313,.T.);
#12313=EDGE_LOOP('',(#12314,#12315,#12316));
#12314=ORIENTED_EDGE('',*,*,#12317,.T.);
#12315=ORIENTED_EDGE('',*,*,#12318,.T.);
#12316=ORIENTED_EDGE('',*,*,#12319,.T.);
#12317=EDGE_CURVE('',#4846,#4788,#12320,.F.);
#12318=EDGE_CURVE('',#4788,#4786,#12321,.T.);
#12319=EDGE_CURVE('',#4786,#4846,#12322,.T.);
#12320=LINE('',#4845,#12323);
#12321=LINE('',#4787,#12324);
#12322=LINE('',#4785,#12325);
#12323=VECTOR('',#12326,1.0);
#12324=VECTOR('',#12327,1.0);
#12325=VECTOR('',#12328,1.0);
#12326=DIRECTION('',(0.692073924165084,0.7218266298016038,0));
#12327=DIRECTION('',(-0.9955469306329943,0.09426722074626052,0));
#12328=DIRECTION('',(0.14598405629085456,-0.989286942857768,0));
#12329=FACE_SURFACE('',(#12334),#12330,.T.);
#12330=PLANE('',#12331);
#12331=AXIS2_PLACEMENT_3D('',#4855,#12332,#12333);
#12332=DIRECTION('',(0,0,1));
#12333=DIRECTION('',(0.9963497252631919,0.0853652444965869,0));
#12334=FACE_BOUND('',#12335,.T.);
#12335=EDGE_LOOP('',(#12336,#12337,#12338));
#12336=ORIENTED_EDGE('',*,*,#12339,.T.);
#12337=ORIENTED_EDGE('',*,*,#12340,.T.);
#12338=ORIENTED_EDGE('',*,*,#12341,.T.);
#12339=EDGE_CURVE('',#4856,#4860,#12342,.F.);
#12340=EDGE_CURVE('',#4860,#4862,#12343,.T.);
#12341=EDGE_CURVE('',#4862,#4856,#12344,.T.);
#12342=LINE('',#4855,#12345);
#12343=LINE('',#4859,#12346);
#12344=LINE('',#4861,#12347);
#12345=VECTOR('',#12348,1.0);
#12346=VECTOR('',#12349,1.0);
#12347=VECTOR('',#12350,1.0);
#12348=DIRECTION('',(0.9963497252631919,0.0853652444965869,0));
#12349=DIRECTION('',(0.07558227145580566,0.9971395690882903,0));
#12350=DIRECTION('',(-0.6445227014537526,-0.7645851733526859,0));
#12351=FACE_SURFACE('',(#12356),#12352,.T.);
#12352=PLANE('',#12353);
#12353=AXIS2_PLACEMENT_3D('',#4855,#12354,#12355);
#12354=DIRECTION('',(0,0,1));
#12355=DIRECTION('',(0.6445227014537526,0.7645851733526859,0));
#12356=FACE_BOUND('',#12357,.T.);
#12357=EDGE_LOOP('',(#12358,#12359,#12360));
#12358=ORIENTED_EDGE('',*,*,#12361,.T.);
#12359=ORIENTED_EDGE('',*,*,#12362,.T.);
#12360=ORIENTED_EDGE('',*,*,#12363,.T.);
#12361=EDGE_CURVE('',#4856,#4862,#12364,.F.);
#12362=EDGE_CURVE('',#4862,#4858,#12365,.T.);
#12363=EDGE_CURVE('',#4858,#4856,#12366,.T.);
#12364=LINE('',#4855,#12367);
#12365=LINE('',#4861,#12368);
#12366=LINE('',#4857,#12369);
#12367=VECTOR('',#12370,1.0);
#12368=VECTOR('',#12371,1.0);
#12369=VECTOR('',#12372,1.0);
#12370=DIRECTION('',(0.6445227014537526,0.7645851733526859,0));
#12371=DIRECTION('',(-0.9984279443799439,-0.05605033346234231,0));
#12372=DIRECTION('',(-4.26837734665729E-09,-1,0));
#12373=FACE_SURFACE('',(#12378),#12374,.T.);
#12374=PLANE('',#12375);
#12375=AXIS2_PLACEMENT_3D('',#4859,#12376,#12377);
#12376=DIRECTION('',(0,0,1));
#12377=DIRECTION('',(0.9666040736933543,0.2562743934134124,0));
#12378=FACE_BOUND('',#12379,.T.);
#12379=EDGE_LOOP('',(#12380,#12381,#12382));
#12380=ORIENTED_EDGE('',*,*,#12383,.T.);
#12381=ORIENTED_EDGE('',*,*,#12384,.T.);
#12382=ORIENTED_EDGE('',*,*,#12385,.T.);
#12383=EDGE_CURVE('',#4860,#4864,#12386,.F.);
#12384=EDGE_CURVE('',#4864,#4866,#12387,.T.);
#12385=EDGE_CURVE('',#4866,#4860,#12388,.T.);
#12386=LINE('',#4859,#12389);
#12387=LINE('',#4863,#12390);
#12388=LINE('',#4865,#12391);
#12389=VECTOR('',#12392,1.0);
#12390=VECTOR('',#12393,1.0);
#12391=VECTOR('',#12394,1.0);
#12392=DIRECTION('',(0.9666040736933543,0.2562743934134124,0));
#12393=DIRECTION('',(0.17381133508317181,0.9847789700214994,0));
#12394=DIRECTION('',(-0.6413679801147923,-0.7672334156457677,0));
#12395=FACE_SURFACE('',(#12400),#12396,.T.);
#12396=PLANE('',#12397);
#12397=AXIS2_PLACEMENT_3D('',#4859,#12398,#12399);
#12398=DIRECTION('',(0,0,1));
#12399=DIRECTION('',(0.6413679801147923,0.7672334156457677,0));
#12400=FACE_BOUND('',#12401,.T.);
#12401=EDGE_LOOP('',(#12402,#12403,#12404));
#12402=ORIENTED_EDGE('',*,*,#12405,.T.);
#12403=ORIENTED_EDGE('',*,*,#12406,.T.);
#12404=ORIENTED_EDGE('',*,*,#12407,.T.);
#12405=EDGE_CURVE('',#4860,#4866,#12408,.F.);
#12406=EDGE_CURVE('',#4866,#4862,#12409,.T.);
#12407=EDGE_CURVE('',#4862,#4860,#12410,.T.);
#12408=LINE('',#4859,#12411);
#12409=LINE('',#4865,#12412);
#12410=LINE('',#4861,#12413);
#12411=VECTOR('',#12414,1.0);
#12412=VECTOR('',#12415,1.0);
#12413=VECTOR('',#12416,1.0);
#12414=DIRECTION('',(0.6413679801147923,0.7672334156457677,0));
#12415=DIRECTION('',(-0.9862739049016142,-0.1651174869906935,0));
#12416=DIRECTION('',(-0.07558227145580566,-0.9971395690882903,0));
#12417=FACE_SURFACE('',(#12422),#12418,.T.);
#12418=PLANE('',#12419);
#12419=AXIS2_PLACEMENT_3D('',#4861,#12420,#12421);
#12420=DIRECTION('',(0,0,1));
#12421=DIRECTION('',(0.9862739049016142,0.1651174869906935,0));
#12422=FACE_BOUND('',#12423,.T.);
#12423=EDGE_LOOP('',(#12424,#12425,#12426));
#12424=ORIENTED_EDGE('',*,*,#12427,.T.);
#12425=ORIENTED_EDGE('',*,*,#12428,.T.);
#12426=ORIENTED_EDGE('',*,*,#12429,.T.);
#12427=EDGE_CURVE('',#4862,#4866,#12430,.F.);
#12428=EDGE_CURVE('',#4866,#4808,#12431,.T.);
#12429=EDGE_CURVE('',#4808,#4862,#12432,.T.);
#12430=LINE('',#4861,#12433);
#12431=LINE('',#4865,#12434);
#12432=LINE('',#4807,#12435);
#12433=VECTOR('',#12436,1.0);
#12434=VECTOR('',#12437,1.0);
#12435=VECTOR('',#12438,1.0);
#12436=DIRECTION('',(0.9862739049016142,0.1651174869906935,0));
#12437=DIRECTION('',(0.14598405629085456,0.989286942857768,0));
#12438=DIRECTION('',(-0.6833166884633897,-0.7301221153118338,0));
#12439=FACE_SURFACE('',(#12444),#12440,.T.);
#12440=PLANE('',#12441);
#12441=AXIS2_PLACEMENT_3D('',#4861,#12442,#12443);
#12442=DIRECTION('',(0,0,1));
#12443=DIRECTION('',(0.6833166884633897,0.7301221153118338,0));
#12444=FACE_BOUND('',#12445,.T.);
#12445=EDGE_LOOP('',(#12446,#12447,#12448));
#12446=ORIENTED_EDGE('',*,*,#12449,.T.);
#12447=ORIENTED_EDGE('',*,*,#12450,.T.);
#12448=ORIENTED_EDGE('',*,*,#12451,.T.);
#12449=EDGE_CURVE('',#4862,#4808,#12452,.F.);
#12450=EDGE_CURVE('',#4808,#4804,#12453,.T.);
#12451=EDGE_CURVE('',#4804,#4862,#12454,.T.);
#12452=LINE('',#4861,#12455);
#12453=LINE('',#4807,#12456);
#12454=LINE('',#4803,#12457);
#12455=VECTOR('',#12458,1.0);
#12456=VECTOR('',#12459,1.0);
#12457=VECTOR('',#12460,1.0);
#12458=DIRECTION('',(0.6833166884633897,0.7301221153118338,0));
#12459=DIRECTION('',(-0.9955469306329943,-0.09426722074626052,0));
#12460=DIRECTION('',(-0.06408077476070816,-0.997944715054931,0));
#12461=FACE_SURFACE('',(#12466),#12462,.T.);
#12462=PLANE('',#12463);
#12463=AXIS2_PLACEMENT_3D('',#4857,#12464,#12465);
#12464=DIRECTION('',(0,0,1));
#12465=DIRECTION('',(0.9984279443799439,0.05605033346234231,0));
#12466=FACE_BOUND('',#12467,.T.);
#12467=EDGE_LOOP('',(#12468,#12469,#12470));
#12468=ORIENTED_EDGE('',*,*,#12471,.T.);
#12469=ORIENTED_EDGE('',*,*,#12472,.T.);
#12470=ORIENTED_EDGE('',*,*,#12473,.T.);
#12471=EDGE_CURVE('',#4858,#4862,#12474,.F.);
#12472=EDGE_CURVE('',#4862,#4804,#12475,.T.);
#12473=EDGE_CURVE('',#4804,#4858,#12476,.T.);
#12474=LINE('',#4857,#12477);
#12475=LINE('',#4861,#12478);
#12476=LINE('',#4803,#12479);
#12477=VECTOR('',#12480,1.0);
#12478=VECTOR('',#12481,1.0);
#12479=VECTOR('',#12482,1.0);
#12480=DIRECTION('',(0.9984279443799439,0.05605033346234231,0));
#12481=DIRECTION('',(0.06408077476070816,0.997944715054931,0));
#12482=DIRECTION('',(-0.6763013128389144,-0.7366250974901417,0));
#12483=FACE_SURFACE('',(#12488),#12484,.T.);
#12484=PLANE('',#12485);
#12485=AXIS2_PLACEMENT_3D('',#4857,#12486,#12487);
#12486=DIRECTION('',(0,0,1));
#12487=DIRECTION('',(0.6763013128389144,0.7366250974901417,0));
#12488=FACE_BOUND('',#12489,.T.);
#12489=EDGE_LOOP('',(#12490,#12491,#12492));
#12490=ORIENTED_EDGE('',*,*,#12493,.T.);
#12491=ORIENTED_EDGE('',*,*,#12494,.T.);
#12492=ORIENTED_EDGE('',*,*,#12495,.T.);
#12493=EDGE_CURVE('',#4858,#4804,#12496,.F.);
#12494=EDGE_CURVE('',#4804,#4794,#12497,.T.);
#12495=EDGE_CURVE('',#4794,#4858,#12498,.T.);
#12496=LINE('',#4857,#12499);
#12497=LINE('',#4803,#12500);
#12498=LINE('',#4793,#12501);
#12499=VECTOR('',#12502,1.0);
#12500=VECTOR('',#12503,1.0);
#12501=VECTOR('',#12504,1.0);
#12502=DIRECTION('',(0.6763013128389144,0.7366250974901417,0));
#12503=DIRECTION('',(-0.9994582822013682,-0.03291112485300529,0));
#12504=DIRECTION('',(-1.491999817883105E-08,-0.9999999999999998,0));
#12505=FACE_SURFACE('',(#12510),#12506,.T.);
#12506=PLANE('',#12507);
#12507=AXIS2_PLACEMENT_3D('',#4863,#12508,#12509);
#12508=DIRECTION('',(0,0,1));
#12509=DIRECTION('',(0.9020297947006506,0.43167377667898965,0));
#12510=FACE_BOUND('',#12511,.T.);
#12511=EDGE_LOOP('',(#12512,#12513,#12514));
#12512=ORIENTED_EDGE('',*,*,#12515,.T.);
#12513=ORIENTED_EDGE('',*,*,#12516,.T.);
#12514=ORIENTED_EDGE('',*,*,#12517,.T.);
#12515=EDGE_CURVE('',#4864,#4868,#12518,.F.);
#12516=EDGE_CURVE('',#4868,#4870,#12519,.T.);
#12517=EDGE_CURVE('',#4870,#4864,#12520,.T.);
#12518=LINE('',#4863,#12521);
#12519=LINE('',#4867,#12522);
#12520=LINE('',#4869,#12523);
#12521=VECTOR('',#12524,1.0);
#12522=VECTOR('',#12525,1.0);
#12523=VECTOR('',#12526,1.0);
#12524=DIRECTION('',(0.9020297947006506,0.43167377667898965,0));
#12525=DIRECTION('',(0.3301567039190174,0.9439261363355346,0));
#12526=DIRECTION('',(-0.6550013947945698,-0.7556276681125222,0));
#12527=FACE_SURFACE('',(#12532),#12528,.T.);
#12528=PLANE('',#12529);
#12529=AXIS2_PLACEMENT_3D('',#4863,#12530,#12531);
#12530=DIRECTION('',(0,0,1));
#12531=DIRECTION('',(0.6550013947945698,0.7556276681125222,0));
#12532=FACE_BOUND('',#12533,.T.);
#12533=EDGE_LOOP('',(#12534,#12535,#12536));
#12534=ORIENTED_EDGE('',*,*,#12537,.T.);
#12535=ORIENTED_EDGE('',*,*,#12538,.T.);
#12536=ORIENTED_EDGE('',*,*,#12539,.T.);
#12537=EDGE_CURVE('',#4864,#4870,#12540,.F.);
#12538=EDGE_CURVE('',#4870,#4866,#12541,.T.);
#12539=EDGE_CURVE('',#4866,#4864,#12542,.T.);
#12540=LINE('',#4863,#12543);
#12541=LINE('',#4869,#12544);
#12542=LINE('',#4865,#12545);
#12543=VECTOR('',#12546,1.0);
#12544=VECTOR('',#12547,1.0);
#12545=VECTOR('',#12548,1.0);
#12546=DIRECTION('',(0.6550013947945698,0.7556276681125222,0));
#12547=DIRECTION('',(-0.964004720596085,-0.26588512306720746,0));
#12548=DIRECTION('',(-0.17381133508317181,-0.9847789700214994,0));
#12549=FACE_SURFACE('',(#12554),#12550,.T.);
#12550=PLANE('',#12551);
#12551=AXIS2_PLACEMENT_3D('',#4867,#12552,#12553);
#12552=DIRECTION('',(0,0,1));
#12553=DIRECTION('',(0.7892176472568242,0.6141135931229686,0));
#12554=FACE_BOUND('',#12555,.T.);
#12555=EDGE_LOOP('',(#12556,#12557,#12558));
#12556=ORIENTED_EDGE('',*,*,#12559,.T.);
#12557=ORIENTED_EDGE('',*,*,#12560,.T.);
#12558=ORIENTED_EDGE('',*,*,#12561,.T.);
#12559=EDGE_CURVE('',#4868,#4872,#12562,.F.);
#12560=EDGE_CURVE('',#4872,#4874,#12563,.T.);
#12561=EDGE_CURVE('',#4874,#4868,#12564,.T.);
#12562=LINE('',#4867,#12565);
#12563=LINE('',#4871,#12566);
#12564=LINE('',#4873,#12567);
#12565=VECTOR('',#12568,1.0);
#12566=VECTOR('',#12569,1.0);
#12567=VECTOR('',#12570,1.0);
#12568=DIRECTION('',(0.7892176472568242,0.6141135931229686,0));
#12569=DIRECTION('',(0.6141147412208302,0.7892167538865814,0));
#12570=DIRECTION('',(-0.7071073342824005,-0.7071062280902619,0));
#12571=FACE_SURFACE('',(#12576),#12572,.T.);
#12572=PLANE('',#12573);
#12573=AXIS2_PLACEMENT_3D('',#4867,#12574,#12575);
#12574=DIRECTION('',(0,0,1));
#12575=DIRECTION('',(0.7071073342824005,0.7071062280902619,0));
#12576=FACE_BOUND('',#12577,.T.);
#12577=EDGE_LOOP('',(#12578,#12579,#12580));
#12578=ORIENTED_EDGE('',*,*,#12581,.T.);
#12579=ORIENTED_EDGE('',*,*,#12582,.T.);
#12580=ORIENTED_EDGE('',*,*,#12583,.T.);
#12581=EDGE_CURVE('',#4868,#4874,#12584,.F.);
#12582=EDGE_CURVE('',#4874,#4870,#12585,.T.);
#12583=EDGE_CURVE('',#4870,#4868,#12586,.T.);
#12584=LINE('',#4867,#12587);
#12585=LINE('',#4873,#12588);
#12586=LINE('',#4869,#12589);
#12587=VECTOR('',#12590,1.0);
#12588=VECTOR('',#12591,1.0);
#12589=VECTOR('',#12592,1.0);
#12590=DIRECTION('',(0.7071073342824005,0.7071062280902619,0));
#12591=DIRECTION('',(-0.9439264908619115,-0.3301556903176404,0));
#12592=DIRECTION('',(-0.3301567039190174,-0.9439261363355346,0));
#12593=FACE_SURFACE('',(#12598),#12594,.T.);
#12594=PLANE('',#12595);
#12595=AXIS2_PLACEMENT_3D('',#4869,#12596,#12597);
#12596=DIRECTION('',(0,0,1));
#12597=DIRECTION('',(0.9439264908619115,0.3301556903176404,0));
#12598=FACE_BOUND('',#12599,.T.);
#12599=EDGE_LOOP('',(#12600,#12601,#12602));
#12600=ORIENTED_EDGE('',*,*,#12603,.T.);
#12601=ORIENTED_EDGE('',*,*,#12604,.T.);
#12602=ORIENTED_EDGE('',*,*,#12605,.T.);
#12603=EDGE_CURVE('',#4870,#4874,#12606,.F.);
#12604=EDGE_CURVE('',#4874,#4876,#12607,.T.);
#12605=EDGE_CURVE('',#4876,#4870,#12608,.T.);
#12606=LINE('',#4869,#12609);
#12607=LINE('',#4873,#12610);
#12608=LINE('',#4875,#12611);
#12609=VECTOR('',#12612,1.0);
#12610=VECTOR('',#12613,1.0);
#12611=VECTOR('',#12614,1.0);
#12612=DIRECTION('',(0.9439264908619115,0.3301556903176404,0));
#12613=DIRECTION('',(0.43167256376503627,0.9020303751495959,0));
#12614=DIRECTION('',(-0.7556278578524132,-0.6550011759053362,0));
#12615=FACE_SURFACE('',(#12620),#12616,.T.);
#12616=PLANE('',#12617);
#12617=AXIS2_PLACEMENT_3D('',#4869,#12618,#12619);
#12618=DIRECTION('',(0,0,1));
#12619=DIRECTION('',(0.7556278578524132,0.6550011759053362,0));
#12620=FACE_BOUND('',#12621,.T.);
#12621=EDGE_LOOP('',(#12622,#12623,#12624));
#12622=ORIENTED_EDGE('',*,*,#12625,.T.);
#12623=ORIENTED_EDGE('',*,*,#12626,.T.);
#12624=ORIENTED_EDGE('',*,*,#12627,.T.);
#12625=EDGE_CURVE('',#4870,#4876,#12628,.F.);
#12626=EDGE_CURVE('',#4876,#4878,#12629,.T.);
#12627=EDGE_CURVE('',#4878,#4870,#12630,.T.);
#12628=LINE('',#4869,#12631);
#12629=LINE('',#4875,#12632);
#12630=LINE('',#4877,#12633);
#12631=VECTOR('',#12634,1.0);
#12632=VECTOR('',#12635,1.0);
#12633=VECTOR('',#12636,1.0);
#12634=DIRECTION('',(0.7556278578524132,0.6550011759053362,0));
#12635=DIRECTION('',(-0.9847792127647723,-0.17380995974453026,0));
#12636=DIRECTION('',(-0.265886935178282,-0.964004220790293,0));
#12637=FACE_SURFACE('',(#12642),#12638,.T.);
#12638=PLANE('',#12639);
#12639=AXIS2_PLACEMENT_3D('',#4865,#12640,#12641);
#12640=DIRECTION('',(0,0,1));
#12641=DIRECTION('',(0.964004720596085,0.26588512306720746,0));
#12642=FACE_BOUND('',#12643,.T.);
#12643=EDGE_LOOP('',(#12644,#12645,#12646));
#12644=ORIENTED_EDGE('',*,*,#12647,.T.);
#12645=ORIENTED_EDGE('',*,*,#12648,.T.);
#12646=ORIENTED_EDGE('',*,*,#12649,.T.);
#12647=EDGE_CURVE('',#4866,#4870,#12650,.F.);
#12648=EDGE_CURVE('',#4870,#4878,#12651,.T.);
#12649=EDGE_CURVE('',#4878,#4866,#12652,.T.);
#12650=LINE('',#4865,#12653);
#12651=LINE('',#4869,#12654);
#12652=LINE('',#4877,#12655);
#12653=VECTOR('',#12656,1.0);
#12654=VECTOR('',#12657,1.0);
#12655=VECTOR('',#12658,1.0);
#12656=DIRECTION('',(0.964004720596085,0.26588512306720746,0));
#12657=DIRECTION('',(0.265886935178282,0.964004220790293,0));
#12658=DIRECTION('',(-0.7071070955244695,-0.707106466848486,0));
#12659=FACE_SURFACE('',(#12664),#12660,.T.);
#12660=PLANE('',#12661);
#12661=AXIS2_PLACEMENT_3D('',#4865,#12662,#12663);
#12662=DIRECTION('',(0,0,1));
#12663=DIRECTION('',(0.7071070955244695,0.707106466848486,0));
#12664=FACE_BOUND('',#12665,.T.);
#12665=EDGE_LOOP('',(#12666,#12667,#12668));
#12666=ORIENTED_EDGE('',*,*,#12669,.T.);
#12667=ORIENTED_EDGE('',*,*,#12670,.T.);
#12668=ORIENTED_EDGE('',*,*,#12671,.T.);
#12669=EDGE_CURVE('',#4866,#4878,#12672,.F.);
#12670=EDGE_CURVE('',#4878,#4808,#12673,.T.);
#12671=EDGE_CURVE('',#4808,#4866,#12674,.T.);
#12672=LINE('',#4865,#12675);
#12673=LINE('',#4877,#12676);
#12674=LINE('',#4807,#12677);
#12675=VECTOR('',#12678,1.0);
#12676=VECTOR('',#12679,1.0);
#12677=VECTOR('',#12680,1.0);
#12678=DIRECTION('',(0.7071070955244695,0.707106466848486,0));
#12679=DIRECTION('',(-0.9892869527525352,-0.1459839892371869,0));
#12680=DIRECTION('',(-0.14598405629085456,-0.989286942857768,0));
#12681=FACE_SURFACE('',(#12686),#12682,.T.);
#12682=PLANE('',#12683);
#12683=AXIS2_PLACEMENT_3D('',#4807,#12684,#12685);
#12684=DIRECTION('',(0,0,1));
#12685=DIRECTION('',(0.9892869527525352,0.1459839892371869,0));
#12686=FACE_BOUND('',#12687,.T.);
#12687=EDGE_LOOP('',(#12688,#12689,#12690));
#12688=ORIENTED_EDGE('',*,*,#12691,.T.);
#12689=ORIENTED_EDGE('',*,*,#12692,.T.);
#12690=ORIENTED_EDGE('',*,*,#12693,.T.);
#12691=EDGE_CURVE('',#4808,#4878,#12694,.F.);
#12692=EDGE_CURVE('',#4878,#4880,#12695,.T.);
#12693=EDGE_CURVE('',#4880,#4808,#12696,.T.);
#12694=LINE('',#4807,#12697);
#12695=LINE('',#4877,#12698);
#12696=LINE('',#4879,#12699);
#12697=VECTOR('',#12700,1.0);
#12698=VECTOR('',#12701,1.0);
#12699=VECTOR('',#12702,1.0);
#12700=DIRECTION('',(0.9892869527525352,0.1459839892371869,0));
#12701=DIRECTION('',(0.16511699598821392,0.9862739871028883,0));
#12702=DIRECTION('',(-0.7301225905003395,-0.6833161807253458,0));
#12703=FACE_SURFACE('',(#12708),#12704,.T.);
#12704=PLANE('',#12705);
#12705=AXIS2_PLACEMENT_3D('',#4807,#12706,#12707);
#12706=DIRECTION('',(0,0,1));
#12707=DIRECTION('',(0.7301225905003395,0.6833161807253458,0));
#12708=FACE_BOUND('',#12709,.T.);
#12709=EDGE_LOOP('',(#12710,#12711,#12712));
#12710=ORIENTED_EDGE('',*,*,#12713,.T.);
#12711=ORIENTED_EDGE('',*,*,#12714,.T.);
#12712=ORIENTED_EDGE('',*,*,#12715,.T.);
#12713=EDGE_CURVE('',#4808,#4880,#12716,.F.);
#12714=EDGE_CURVE('',#4880,#4810,#12717,.T.);
#12715=EDGE_CURVE('',#4810,#4808,#12718,.T.);
#12716=LINE('',#4807,#12719);
#12717=LINE('',#4879,#12720);
#12718=LINE('',#4809,#12721);
#12719=VECTOR('',#12722,1.0);
#12720=VECTOR('',#12723,1.0);
#12721=VECTOR('',#12724,1.0);
#12722=DIRECTION('',(0.7301225905003395,0.6833161807253458,0));
#12723=DIRECTION('',(-0.9979447667238421,-0.06407997010374307,0));
#12724=DIRECTION('',(-0.09426580961415075,-0.9955470642504998,0));
#12725=FACE_SURFACE('',(#12730),#12726,.T.);
#12726=PLANE('',#12727);
#12727=AXIS2_PLACEMENT_3D('',#4877,#12728,#12729);
#12728=DIRECTION('',(0,0,1));
#12729=DIRECTION('',(0.9847792127647723,0.17380995974453026,0));
#12730=FACE_BOUND('',#12731,.T.);
#12731=EDGE_LOOP('',(#12732,#12733,#12734));
#12732=ORIENTED_EDGE('',*,*,#12735,.T.);
#12733=ORIENTED_EDGE('',*,*,#12736,.T.);
#12734=ORIENTED_EDGE('',*,*,#12737,.T.);
#12735=EDGE_CURVE('',#4878,#4876,#12738,.F.);
#12736=EDGE_CURVE('',#4876,#4882,#12739,.T.);
#12737=EDGE_CURVE('',#4882,#4878,#12740,.T.);
#12738=LINE('',#4877,#12741);
#12739=LINE('',#4875,#12742);
#12740=LINE('',#4881,#12743);
#12741=VECTOR('',#12744,1.0);
#12742=VECTOR('',#12745,1.0);
#12743=VECTOR('',#12746,1.0);
#12744=DIRECTION('',(0.9847792127647723,0.17380995974453026,0));
#12745=DIRECTION('',(0.25627366491936404,0.9666042668376741,0));
#12746=DIRECTION('',(-0.7672333780316081,-0.6413680251105504,0));
#12747=FACE_SURFACE('',(#12752),#12748,.T.);
#12748=PLANE('',#12749);
#12749=AXIS2_PLACEMENT_3D('',#4877,#12750,#12751);
#12750=DIRECTION('',(0,0,1));
#12751=DIRECTION('',(0.7672333780316081,0.6413680251105504,0));
#12752=FACE_BOUND('',#12753,.T.);
#12753=EDGE_LOOP('',(#12754,#12755,#12756));
#12754=ORIENTED_EDGE('',*,*,#12757,.T.);
#12755=ORIENTED_EDGE('',*,*,#12758,.T.);
#12756=ORIENTED_EDGE('',*,*,#12759,.T.);
#12757=EDGE_CURVE('',#4878,#4882,#12760,.F.);
#12758=EDGE_CURVE('',#4882,#4880,#12761,.T.);
#12759=EDGE_CURVE('',#4880,#4878,#12762,.T.);
#12760=LINE('',#4877,#12763);
#12761=LINE('',#4881,#12764);
#12762=LINE('',#4879,#12765);
#12763=VECTOR('',#12766,1.0);
#12764=VECTOR('',#12767,1.0);
#12765=VECTOR('',#12768,1.0);
#12766=DIRECTION('',(0.7672333780316081,0.6413680251105504,0));
#12767=DIRECTION('',(-0.9971396449753195,-0.07558127028896812,0));
#12768=DIRECTION('',(-0.16511699598821392,-0.9862739871028883,0));
#12769=FACE_SURFACE('',(#12774),#12770,.T.);
#12770=PLANE('',#12771);
#12771=AXIS2_PLACEMENT_3D('',#4879,#12772,#12773);
#12772=DIRECTION('',(0,0,1));
#12773=DIRECTION('',(0.9971396449753195,0.07558127028896812,0));
#12774=FACE_BOUND('',#12775,.T.);
#12775=EDGE_LOOP('',(#12776,#12777,#12778));
#12776=ORIENTED_EDGE('',*,*,#12779,.T.);
#12777=ORIENTED_EDGE('',*,*,#12780,.T.);
#12778=ORIENTED_EDGE('',*,*,#12781,.T.);
#12779=EDGE_CURVE('',#4880,#4882,#12782,.F.);
#12780=EDGE_CURVE('',#4882,#4884,#12783,.T.);
#12781=EDGE_CURVE('',#4884,#4880,#12784,.T.);
#12782=LINE('',#4879,#12785);
#12783=LINE('',#4881,#12786);
#12784=LINE('',#4883,#12787);
#12785=VECTOR('',#12788,1.0);
#12786=VECTOR('',#12789,1.0);
#12787=VECTOR('',#12790,1.0);
#12788=DIRECTION('',(0.9971396449753195,0.07558127028896812,0));
#12789=DIRECTION('',(0.08536769844039713,0.9963495150111679,0));
#12790=DIRECTION('',(-0.7645851932309267,-0.6445226778725685,0));
#12791=FACE_SURFACE('',(#12796),#12792,.T.);
#12792=PLANE('',#12793);
#12793=AXIS2_PLACEMENT_3D('',#4879,#12794,#12795);
#12794=DIRECTION('',(0,0,1));
#12795=DIRECTION('',(0.7645851932309267,0.6445226778725685,0));
#12796=FACE_BOUND('',#12797,.T.);
#12797=EDGE_LOOP('',(#12798,#12799,#12800));
#12798=ORIENTED_EDGE('',*,*,#12801,.T.);
#12799=ORIENTED_EDGE('',*,*,#12802,.T.);
#12800=ORIENTED_EDGE('',*,*,#12803,.T.);
#12801=EDGE_CURVE('',#4880,#4884,#12804,.F.);
#12802=EDGE_CURVE('',#4884,#4886,#12805,.T.);
#12803=EDGE_CURVE('',#4886,#4880,#12806,.T.);
#12804=LINE('',#4879,#12807);
#12805=LINE('',#4883,#12808);
#12806=LINE('',#4885,#12809);
#12807=VECTOR('',#12810,1.0);
#12808=VECTOR('',#12811,1.0);
#12809=VECTOR('',#12812,1.0);
#12810=DIRECTION('',(0.7645851932309267,0.6445226778725685,0));
#12811=DIRECTION('',(-1,0,0));
#12812=DIRECTION('',(-0.056050867738948226,-0.998427914386267,0));
#12813=FACE_SURFACE('',(#12818),#12814,.T.);
#12814=PLANE('',#12815);
#12815=AXIS2_PLACEMENT_3D('',#4809,#12816,#12817);
#12816=DIRECTION('',(0,0,1));
#12817=DIRECTION('',(0.9979447667238421,0.06407997010374307,0));
#12818=FACE_BOUND('',#12819,.T.);
#12819=EDGE_LOOP('',(#12820,#12821,#12822));
#12820=ORIENTED_EDGE('',*,*,#12823,.T.);
#12821=ORIENTED_EDGE('',*,*,#12824,.T.);
#12822=ORIENTED_EDGE('',*,*,#12825,.T.);
#12823=EDGE_CURVE('',#4810,#4880,#12826,.F.);
#12824=EDGE_CURVE('',#4880,#4886,#12827,.T.);
#12825=EDGE_CURVE('',#4886,#4810,#12828,.T.);
#12826=LINE('',#4809,#12829);
#12827=LINE('',#4879,#12830);
#12828=LINE('',#4885,#12831);
#12829=VECTOR('',#12832,1.0);
#12830=VECTOR('',#12833,1.0);
#12831=VECTOR('',#12834,1.0);
#12832=DIRECTION('',(0.9979447667238421,0.06407997010374307,0));
#12833=DIRECTION('',(0.056050867738948226,0.998427914386267,0));
#12834=DIRECTION('',(-0.7366261267763858,-0.6763001917421139,0));
#12835=FACE_SURFACE('',(#12840),#12836,.T.);
#12836=PLANE('',#12837);
#12837=AXIS2_PLACEMENT_3D('',#4809,#12838,#12839);
#12838=DIRECTION('',(0,0,1));
#12839=DIRECTION('',(0.7366261267763858,0.6763001917421139,0));
#12840=FACE_BOUND('',#12841,.T.);
#12841=EDGE_LOOP('',(#12842,#12843,#12844));
#12842=ORIENTED_EDGE('',*,*,#12845,.T.);
#12843=ORIENTED_EDGE('',*,*,#12846,.T.);
#12844=ORIENTED_EDGE('',*,*,#12847,.T.);
#12845=EDGE_CURVE('',#4810,#4886,#12848,.F.);
#12846=EDGE_CURVE('',#4886,#4812,#12849,.T.);
#12847=EDGE_CURVE('',#4812,#4810,#12850,.T.);
#12848=LINE('',#4809,#12851);
#12849=LINE('',#4885,#12852);
#12850=LINE('',#4811,#12853);
#12851=VECTOR('',#12854,1.0);
#12852=VECTOR('',#12855,1.0);
#12853=VECTOR('',#12856,1.0);
#12854=DIRECTION('',(0.7366261267763858,0.6763001917421139,0));
#12855=DIRECTION('',(-1,0,0));
#12856=DIRECTION('',(-0.03291211424143819,-0.9994582496213429,0));
#12857=FACE_SURFACE('',(#12862),#12858,.T.);
#12858=PLANE('',#12859);
#12859=AXIS2_PLACEMENT_3D('',#4811,#12860,#12861);
#12860=DIRECTION('',(0,0,1));
#12861=DIRECTION('',(1,0,0));
#12862=FACE_BOUND('',#12863,.T.);
#12863=EDGE_LOOP('',(#12864,#12865,#12866));
#12864=ORIENTED_EDGE('',*,*,#12867,.T.);
#12865=ORIENTED_EDGE('',*,*,#12868,.T.);
#12866=ORIENTED_EDGE('',*,*,#12869,.T.);
#12867=EDGE_CURVE('',#4812,#4886,#12870,.F.);
#12868=EDGE_CURVE('',#4886,#4888,#12871,.T.);
#12869=EDGE_CURVE('',#4888,#4812,#12872,.T.);
#12870=LINE('',#4811,#12873);
#12871=LINE('',#4885,#12874);
#12872=LINE('',#4887,#12875);
#12873=VECTOR('',#12876,1.0);
#12874=VECTOR('',#12877,1.0);
#12875=VECTOR('',#12878,1.0);
#12876=DIRECTION('',(1,0,0));
#12877=DIRECTION('',(-0.05605123032904311,0.998427894030711,0));
#12878=DIRECTION('',(-0.7323342441543563,-0.6809453390976897,0));
#12879=FACE_SURFACE('',(#12884),#12880,.T.);
#12880=PLANE('',#12881);
#12881=AXIS2_PLACEMENT_3D('',#4811,#12882,#12883);
#12882=DIRECTION('',(0,-0,1));
#12883=DIRECTION('',(0.7323342441543563,0.6809453390976897,0));
#12884=FACE_BOUND('',#12885,.T.);
#12885=EDGE_LOOP('',(#12886,#12887,#12888));
#12886=ORIENTED_EDGE('',*,*,#12889,.T.);
#12887=ORIENTED_EDGE('',*,*,#12890,.T.);
#12888=ORIENTED_EDGE('',*,*,#12891,.T.);
#12889=EDGE_CURVE('',#4812,#4888,#12892,.F.);
#12890=EDGE_CURVE('',#4888,#4830,#12893,.T.);
#12891=EDGE_CURVE('',#4830,#4812,#12894,.T.);
#12892=LINE('',#4811,#12895);
#12893=LINE('',#4887,#12896);
#12894=LINE('',#4829,#12897);
#12895=VECTOR('',#12898,1.0);
#12896=VECTOR('',#12899,1.0);
#12897=VECTOR('',#12900,1.0);
#12898=DIRECTION('',(0.7323342441543563,0.6809453390976897,0));
#12899=DIRECTION('',(-0.9979447653798323,0.06407999103457558,0));
#12900=DIRECTION('',(0.03291211424143819,-0.9994582496213429,0));
#12901=FACE_SURFACE('',(#12906),#12902,.T.);
#12902=PLANE('',#12903);
#12903=AXIS2_PLACEMENT_3D('',#4885,#12904,#12905);
#12904=DIRECTION('',(0,0,1));
#12905=DIRECTION('',(1,0,0));
#12906=FACE_BOUND('',#12907,.T.);
#12907=EDGE_LOOP('',(#12908,#12909,#12910));
#12908=ORIENTED_EDGE('',*,*,#12911,.T.);
#12909=ORIENTED_EDGE('',*,*,#12912,.T.);
#12910=ORIENTED_EDGE('',*,*,#12913,.T.);
#12911=EDGE_CURVE('',#4886,#4884,#12914,.F.);
#12912=EDGE_CURVE('',#4884,#4890,#12915,.T.);
#12913=EDGE_CURVE('',#4890,#4886,#12916,.T.);
#12914=LINE('',#4885,#12917);
#12915=LINE('',#4883,#12918);
#12916=LINE('',#4889,#12919);
#12917=VECTOR('',#12920,1.0);
#12918=VECTOR('',#12921,1.0);
#12919=VECTOR('',#12922,1.0);
#12920=DIRECTION('',(1,0,0));
#12921=DIRECTION('',(-0.0853673050799564,0.9963495487143985,0));
#12922=DIRECTION('',(-0.7540559126144386,-0.6568102318411353,0));
#12923=FACE_SURFACE('',(#12928),#12924,.T.);
#12924=PLANE('',#12925);
#12925=AXIS2_PLACEMENT_3D('',#4885,#12926,#12927);
#12926=DIRECTION('',(0,-0,1));
#12927=DIRECTION('',(0.7540559126144386,0.6568102318411353,0));
#12928=FACE_BOUND('',#12929,.T.);
#12929=EDGE_LOOP('',(#12930,#12931,#12932));
#12930=ORIENTED_EDGE('',*,*,#12933,.T.);
#12931=ORIENTED_EDGE('',*,*,#12934,.T.);
#12932=ORIENTED_EDGE('',*,*,#12935,.T.);
#12933=EDGE_CURVE('',#4886,#4890,#12936,.F.);
#12934=EDGE_CURVE('',#4890,#4888,#12937,.T.);
#12935=EDGE_CURVE('',#4888,#4886,#12938,.T.);
#12936=LINE('',#4885,#12939);
#12937=LINE('',#4889,#12940);
#12938=LINE('',#4887,#12941);
#12939=VECTOR('',#12942,1.0);
#12940=VECTOR('',#12943,1.0);
#12941=VECTOR('',#12944,1.0);
#12942=DIRECTION('',(0.7540559126144386,0.6568102318411353,0));
#12943=DIRECTION('',(-0.9971396487217717,0.07558122086220681,0));
#12944=DIRECTION('',(0.05605123032904311,-0.998427894030711,0));
#12945=FACE_SURFACE('',(#12950),#12946,.T.);
#12946=PLANE('',#12947);
#12947=AXIS2_PLACEMENT_3D('',#4887,#12948,#12949);
#12948=DIRECTION('',(-0,0,1));
#12949=DIRECTION('',(0.9971396487217717,-0.07558122086220681,0));
#12950=FACE_BOUND('',#12951,.T.);
#12951=EDGE_LOOP('',(#12952,#12953,#12954));
#12952=ORIENTED_EDGE('',*,*,#12955,.T.);
#12953=ORIENTED_EDGE('',*,*,#12956,.T.);
#12954=ORIENTED_EDGE('',*,*,#12957,.T.);
#12955=EDGE_CURVE('',#4888,#4890,#12958,.F.);
#12956=EDGE_CURVE('',#4890,#4892,#12959,.T.);
#12957=EDGE_CURVE('',#4892,#4888,#12960,.T.);
#12958=LINE('',#4887,#12961);
#12959=LINE('',#4889,#12962);
#12960=LINE('',#4891,#12963);
#12961=VECTOR('',#12964,1.0);
#12962=VECTOR('',#12965,1.0);
#12963=VECTOR('',#12966,1.0);
#12964=DIRECTION('',(0.9971396487217717,-0.07558122086220681,0));
#12965=DIRECTION('',(-0.2562732950830099,0.9666043648914981,0));
#12966=DIRECTION('',(-0.7396000167867125,-0.6730466664125858,0));
#12967=FACE_SURFACE('',(#12972),#12968,.T.);
#12968=PLANE('',#12969);
#12969=AXIS2_PLACEMENT_3D('',#4887,#12970,#12971);
#12970=DIRECTION('',(0,-0,1));
#12971=DIRECTION('',(0.7396000167867125,0.6730466664125858,0));
#12972=FACE_BOUND('',#12973,.T.);
#12973=EDGE_LOOP('',(#12974,#12975,#12976));
#12974=ORIENTED_EDGE('',*,*,#12977,.T.);
#12975=ORIENTED_EDGE('',*,*,#12978,.T.);
#12976=ORIENTED_EDGE('',*,*,#12979,.T.);
#12977=EDGE_CURVE('',#4888,#4892,#12980,.F.);
#12978=EDGE_CURVE('',#4892,#4894,#12981,.T.);
#12979=EDGE_CURVE('',#4894,#4888,#12982,.T.);
#12980=LINE('',#4887,#12983);
#12981=LINE('',#4891,#12984);
#12982=LINE('',#4893,#12985);
#12983=VECTOR('',#12986,1.0);
#12984=VECTOR('',#12987,1.0);
#12985=VECTOR('',#12988,1.0);
#12986=DIRECTION('',(0.7396000167867125,0.6730466664125858,0));
#12987=DIRECTION('',(-0.9847792127647723,0.17380995974453026,0));
#12988=DIRECTION('',(0.16511619070470596,-0.9862741219190369,0));
#12989=FACE_SURFACE('',(#12994),#12990,.T.);
#12990=PLANE('',#12991);
#12991=AXIS2_PLACEMENT_3D('',#4829,#12992,#12993);
#12992=DIRECTION('',(-0,0,1));
#12993=DIRECTION('',(0.9979447653798323,-0.06407999103457558,0));
#12994=FACE_BOUND('',#12995,.T.);
#12995=EDGE_LOOP('',(#12996,#12997,#12998));
#12996=ORIENTED_EDGE('',*,*,#12999,.T.);
#12997=ORIENTED_EDGE('',*,*,#13000,.T.);
#12998=ORIENTED_EDGE('',*,*,#13001,.T.);
#12999=EDGE_CURVE('',#4830,#4888,#13002,.F.);
#13000=EDGE_CURVE('',#4888,#4894,#13003,.T.);
#13001=EDGE_CURVE('',#4894,#4830,#13004,.T.);
#13002=LINE('',#4829,#13005);
#13003=LINE('',#4887,#13006);
#13004=LINE('',#4893,#13007);
#13005=VECTOR('',#13008,1.0);
#13006=VECTOR('',#13009,1.0);
#13007=VECTOR('',#13010,1.0);
#13008=DIRECTION('',(0.9979447653798323,-0.06407999103457558,0));
#13009=DIRECTION('',(-0.16511619070470596,0.9862741219190369,0));
#13010=DIRECTION('',(-0.7218267670122953,-0.6920737810555876,0));
#13011=FACE_SURFACE('',(#13016),#13012,.T.);
#13012=PLANE('',#13013);
#13013=AXIS2_PLACEMENT_3D('',#4829,#13014,#13015);
#13014=DIRECTION('',(0,-0,1));
#13015=DIRECTION('',(0.7218267670122953,0.6920737810555876,0));
#13016=FACE_BOUND('',#13017,.T.);
#13017=EDGE_LOOP('',(#13018,#13019,#13020));
#13018=ORIENTED_EDGE('',*,*,#13021,.T.);
#13019=ORIENTED_EDGE('',*,*,#13022,.T.);
#13020=ORIENTED_EDGE('',*,*,#13023,.T.);
#13021=EDGE_CURVE('',#4830,#4894,#13024,.F.);
#13022=EDGE_CURVE('',#4894,#4832,#13025,.T.);
#13023=EDGE_CURVE('',#4832,#4830,#13026,.T.);
#13024=LINE('',#4829,#13027);
#13025=LINE('',#4893,#13028);
#13026=LINE('',#4831,#13029);
#13027=VECTOR('',#13030,1.0);
#13028=VECTOR('',#13031,1.0);
#13029=VECTOR('',#13032,1.0);
#13030=DIRECTION('',(0.7218267670122953,0.6920737810555876,0));
#13031=DIRECTION('',(-0.9892869527525352,0.1459839892371869,0));
#13032=DIRECTION('',(0.0942655692634505,-0.9955470870086647,0));
#13033=FACE_SURFACE('',(#13038),#13034,.T.);
#13034=PLANE('',#13035);
#13035=AXIS2_PLACEMENT_3D('',#4831,#13036,#13037);
#13036=DIRECTION('',(-0,0,1));
#13037=DIRECTION('',(0.9892869527525352,-0.1459839892371869,0));
#13038=FACE_BOUND('',#13039,.T.);
#13039=EDGE_LOOP('',(#13040,#13041,#13042));
#13040=ORIENTED_EDGE('',*,*,#13043,.T.);
#13041=ORIENTED_EDGE('',*,*,#13044,.T.);
#13042=ORIENTED_EDGE('',*,*,#13045,.T.);
#13043=EDGE_CURVE('',#4832,#4894,#13046,.F.);
#13044=EDGE_CURVE('',#4894,#4896,#13047,.T.);
#13045=EDGE_CURVE('',#4896,#4832,#13048,.T.);
#13046=LINE('',#4831,#13049);
#13047=LINE('',#4893,#13050);
#13048=LINE('',#4895,#13051);
#13049=VECTOR('',#13052,1.0);
#13050=VECTOR('',#13053,1.0);
#13051=VECTOR('',#13054,1.0);
#13052=DIRECTION('',(0.9892869527525352,-0.1459839892371869,0));
#13053=DIRECTION('',(-0.2658872815897987,0.9640041252446937,0));
#13054=DIRECTION('',(-0.7071061436029861,-0.707107418769534,0));
#13055=FACE_SURFACE('',(#13060),#13056,.T.);
#13056=PLANE('',#13057);
#13057=AXIS2_PLACEMENT_3D('',#4831,#13058,#13059);
#13058=DIRECTION('',(0,-0,1));
#13059=DIRECTION('',(0.7071061436029861,0.707107418769534,0));
#13060=FACE_BOUND('',#13061,.T.);
#13061=EDGE_LOOP('',(#13062,#13063,#13064));
#13062=ORIENTED_EDGE('',*,*,#13065,.T.);
#13063=ORIENTED_EDGE('',*,*,#13066,.T.);
#13064=ORIENTED_EDGE('',*,*,#13067,.T.);
#13065=EDGE_CURVE('',#4832,#4896,#13068,.F.);
#13066=EDGE_CURVE('',#4896,#4898,#13069,.T.);
#13067=EDGE_CURVE('',#4898,#4832,#13070,.T.);
#13068=LINE('',#4831,#13071);
#13069=LINE('',#4895,#13072);
#13070=LINE('',#4897,#13073);
#13071=VECTOR('',#13074,1.0);
#13072=VECTOR('',#13075,1.0);
#13073=VECTOR('',#13076,1.0);
#13074=DIRECTION('',(0.7071061436029861,0.707107418769534,0));
#13075=DIRECTION('',(-0.9640046942434781,0.2658852186123522,0));
#13076=DIRECTION('',(0.14598405629085456,-0.989286942857768,0));
#13077=FACE_SURFACE('',(#13082),#13078,.T.);
#13078=PLANE('',#13079);
#13079=AXIS2_PLACEMENT_3D('',#4893,#13080,#13081);
#13080=DIRECTION('',(-0,0,1));
#13081=DIRECTION('',(0.9847792127647723,-0.17380995974453026,0));
#13082=FACE_BOUND('',#13083,.T.);
#13083=EDGE_LOOP('',(#13084,#13085,#13086));
#13084=ORIENTED_EDGE('',*,*,#13087,.T.);
#13085=ORIENTED_EDGE('',*,*,#13088,.T.);
#13086=ORIENTED_EDGE('',*,*,#13089,.T.);
#13087=EDGE_CURVE('',#4894,#4892,#13090,.F.);
#13088=EDGE_CURVE('',#4892,#4900,#13091,.T.);
#13089=EDGE_CURVE('',#4900,#4894,#13092,.T.);
#13090=LINE('',#4893,#13093);
#13091=LINE('',#4891,#13094);
#13092=LINE('',#4899,#13095);
#13093=VECTOR('',#13096,1.0);
#13094=VECTOR('',#13097,1.0);
#13095=VECTOR('',#13098,1.0);
#13096=DIRECTION('',(0.9847792127647723,-0.17380995974453026,0));
#13097=DIRECTION('',(-0.43167256376503627,0.9020303751495959,0));
#13098=DIRECTION('',(-0.7233397734528464,-0.690492267980739,0));
#13099=FACE_SURFACE('',(#13104),#13100,.T.);
#13100=PLANE('',#13101);
#13101=AXIS2_PLACEMENT_3D('',#4893,#13102,#13103);
#13102=DIRECTION('',(0,-0,1));
#13103=DIRECTION('',(0.7233397734528464,0.690492267980739,0));
#13104=FACE_BOUND('',#13105,.T.);
#13105=EDGE_LOOP('',(#13106,#13107,#13108));
#13106=ORIENTED_EDGE('',*,*,#13109,.T.);
#13107=ORIENTED_EDGE('',*,*,#13110,.T.);
#13108=ORIENTED_EDGE('',*,*,#13111,.T.);
#13109=EDGE_CURVE('',#4894,#4900,#13112,.F.);
#13110=EDGE_CURVE('',#4900,#4896,#13113,.T.);
#13111=EDGE_CURVE('',#4896,#4894,#13114,.T.);
#13112=LINE('',#4893,#13115);
#13113=LINE('',#4899,#13116);
#13114=LINE('',#4895,#13117);
#13115=VECTOR('',#13118,1.0);
#13116=VECTOR('',#13119,1.0);
#13117=VECTOR('',#13120,1.0);
#13118=DIRECTION('',(0.7233397734528464,0.690492267980739,0));
#13119=DIRECTION('',(-0.9439265319413648,0.3301555728700448,0));
#13120=DIRECTION('',(0.2658872815897987,-0.9640041252446937,0));
#13121=FACE_SURFACE('',(#13126),#13122,.T.);
#13122=PLANE('',#13123);
#13123=AXIS2_PLACEMENT_3D('',#4895,#13124,#13125);
#13124=DIRECTION('',(-0,0,1));
#13125=DIRECTION('',(0.9439265319413648,-0.3301555728700448,0));
#13126=FACE_BOUND('',#13127,.T.);
#13127=EDGE_LOOP('',(#13128,#13129,#13130));
#13128=ORIENTED_EDGE('',*,*,#13131,.T.);
#13129=ORIENTED_EDGE('',*,*,#13132,.T.);
#13130=ORIENTED_EDGE('',*,*,#13133,.T.);
#13131=EDGE_CURVE('',#4896,#4900,#13134,.F.);
#13132=EDGE_CURVE('',#4900,#4902,#13135,.T.);
#13133=EDGE_CURVE('',#4902,#4896,#13136,.T.);
#13134=LINE('',#4895,#13137);
#13135=LINE('',#4899,#13138);
#13136=LINE('',#4901,#13139);
#13137=VECTOR('',#13140,1.0);
#13138=VECTOR('',#13141,1.0);
#13139=VECTOR('',#13142,1.0);
#13140=DIRECTION('',(0.9439265319413648,-0.3301555728700448,0));
#13141=DIRECTION('',(-0.6141147412208302,0.7892167538865814,0));
#13142=DIRECTION('',(-0.7071078246293361,-0.7071057377422192,0));
#13143=FACE_SURFACE('',(#13148),#13144,.T.);
#13144=PLANE('',#13145);
#13145=AXIS2_PLACEMENT_3D('',#4895,#13146,#13147);
#13146=DIRECTION('',(0,-0,1));
#13147=DIRECTION('',(0.7071078246293361,0.7071057377422192,0));
#13148=FACE_BOUND('',#13149,.T.);
#13149=EDGE_LOOP('',(#13150,#13151,#13152));
#13150=ORIENTED_EDGE('',*,*,#13153,.T.);
#13151=ORIENTED_EDGE('',*,*,#13154,.T.);
#13152=ORIENTED_EDGE('',*,*,#13155,.T.);
#13153=EDGE_CURVE('',#4896,#4902,#13156,.F.);
#13154=EDGE_CURVE('',#4902,#4904,#13157,.T.);
#13155=EDGE_CURVE('',#4904,#4896,#13158,.T.);
#13156=LINE('',#4895,#13159);
#13157=LINE('',#4901,#13160);
#13158=LINE('',#4903,#13161);
#13159=VECTOR('',#13162,1.0);
#13160=VECTOR('',#13163,1.0);
#13161=VECTOR('',#13164,1.0);
#13162=DIRECTION('',(0.7071078246293361,0.7071057377422192,0));
#13163=DIRECTION('',(-0.7892176472568242,0.6141135931229686,0));
#13164=DIRECTION('',(0.3301563681320317,-0.9439262537835603,0));
#13165=FACE_SURFACE('',(#13170),#13166,.T.);
#13166=PLANE('',#13167);
#13167=AXIS2_PLACEMENT_3D('',#4897,#13168,#13169);
#13168=DIRECTION('',(-0,0,1));
#13169=DIRECTION('',(0.9640046942434781,-0.2658852186123522,0));
#13170=FACE_BOUND('',#13171,.T.);
#13171=EDGE_LOOP('',(#13172,#13173,#13174));
#13172=ORIENTED_EDGE('',*,*,#13175,.T.);
#13173=ORIENTED_EDGE('',*,*,#13176,.T.);
#13174=ORIENTED_EDGE('',*,*,#13177,.T.);
#13175=EDGE_CURVE('',#4898,#4896,#13178,.F.);
#13176=EDGE_CURVE('',#4896,#4904,#13179,.T.);
#13177=EDGE_CURVE('',#4904,#4898,#13180,.T.);
#13178=LINE('',#4897,#13181);
#13179=LINE('',#4895,#13182);
#13180=LINE('',#4903,#13183);
#13181=VECTOR('',#13184,1.0);
#13182=VECTOR('',#13185,1.0);
#13183=VECTOR('',#13186,1.0);
#13184=DIRECTION('',(0.9640046942434781,-0.2658852186123522,0));
#13185=DIRECTION('',(-0.3301563681320317,0.9439262537835603,0));
#13186=DIRECTION('',(-0.6904906905857422,-0.7233412792136398,0));
#13187=FACE_SURFACE('',(#13192),#13188,.T.);
#13188=PLANE('',#13189);
#13189=AXIS2_PLACEMENT_3D('',#4897,#13190,#13191);
#13190=DIRECTION('',(0,-0,1));
#13191=DIRECTION('',(0.6904906905857422,0.7233412792136398,0));
#13192=FACE_BOUND('',#13193,.T.);
#13193=EDGE_LOOP('',(#13194,#13195,#13196));
#13194=ORIENTED_EDGE('',*,*,#13197,.T.);
#13195=ORIENTED_EDGE('',*,*,#13198,.T.);
#13196=ORIENTED_EDGE('',*,*,#13199,.T.);
#13197=EDGE_CURVE('',#4898,#4904,#13200,.F.);
#13198=EDGE_CURVE('',#4904,#4906,#13201,.T.);
#13199=EDGE_CURVE('',#4906,#4898,#13202,.T.);
#13200=LINE('',#4897,#13203);
#13201=LINE('',#4903,#13204);
#13202=LINE('',#4905,#13205);
#13203=VECTOR('',#13206,1.0);
#13204=VECTOR('',#13207,1.0);
#13205=VECTOR('',#13208,1.0);
#13206=DIRECTION('',(0.6904906905857422,0.7233412792136398,0));
#13207=DIRECTION('',(-0.9020297947006506,0.43167377667898965,0));
#13208=DIRECTION('',(0.17381133508317181,-0.9847789700214994,0));
#13209=FACE_SURFACE('',(#13214),#13210,.T.);
#13210=PLANE('',#13211);
#13211=AXIS2_PLACEMENT_3D('',#4821,#13212,#13213);
#13212=DIRECTION('',(-0,0,1));
#13213=DIRECTION('',(0.9994582820026824,-0.032911130886774796,0));
#13214=FACE_BOUND('',#13215,.T.);
#13215=EDGE_LOOP('',(#13216,#13217,#13218));
#13216=ORIENTED_EDGE('',*,*,#13219,.T.);
#13217=ORIENTED_EDGE('',*,*,#13220,.T.);
#13218=ORIENTED_EDGE('',*,*,#13221,.T.);
#13219=EDGE_CURVE('',#4822,#4834,#13222,.F.);
#13220=EDGE_CURVE('',#4834,#4908,#13223,.T.);
#13221=EDGE_CURVE('',#4908,#4822,#13224,.T.);
#13222=LINE('',#4821,#13225);
#13223=LINE('',#4833,#13226);
#13224=LINE('',#4907,#13227);
#13225=VECTOR('',#13228,1.0);
#13226=VECTOR('',#13229,1.0);
#13227=VECTOR('',#13230,1.0);
#13228=DIRECTION('',(0.9994582820026824,-0.032911130886774796,0));
#13229=DIRECTION('',(-0.06408044879546158,0.9979447359860024,0));
#13230=DIRECTION('',(-0.6809456661520867,-0.7323339400496819,0));
#13231=FACE_SURFACE('',(#13236),#13232,.T.);
#13232=PLANE('',#13233);
#13233=AXIS2_PLACEMENT_3D('',#4821,#13234,#13235);
#13234=DIRECTION('',(0,-0,1));
#13235=DIRECTION('',(0.6809456661520867,0.7323339400496819,0));
#13236=FACE_BOUND('',#13237,.T.);
#13237=EDGE_LOOP('',(#13238,#13239,#13240));
#13238=ORIENTED_EDGE('',*,*,#13241,.T.);
#13239=ORIENTED_EDGE('',*,*,#13242,.T.);
#13240=ORIENTED_EDGE('',*,*,#13243,.T.);
#13241=EDGE_CURVE('',#4822,#4908,#13244,.F.);
#13242=EDGE_CURVE('',#4908,#4910,#13245,.T.);
#13243=EDGE_CURVE('',#4910,#4822,#13246,.T.);
#13244=LINE('',#4821,#13247);
#13245=LINE('',#4907,#13248);
#13246=LINE('',#4909,#13249);
#13247=VECTOR('',#13250,1.0);
#13248=VECTOR('',#13251,1.0);
#13249=VECTOR('',#13252,1.0);
#13250=DIRECTION('',(0.6809456661520867,0.7323339400496819,0));
#13251=DIRECTION('',(-0.9984277921600485,0.0560530448986574,0));
#13252=DIRECTION('',(4.262851845675994E-09,-1,0));
#13253=FACE_SURFACE('',(#13258),#13254,.T.);
#13254=PLANE('',#13255);
#13255=AXIS2_PLACEMENT_3D('',#4833,#13256,#13257);
#13256=DIRECTION('',(-0,0,1));
#13257=DIRECTION('',(0.995546932149861,-0.09426720472677758,0));
#13258=FACE_BOUND('',#13259,.T.);
#13259=EDGE_LOOP('',(#13260,#13261,#13262));
#13260=ORIENTED_EDGE('',*,*,#13263,.T.);
#13261=ORIENTED_EDGE('',*,*,#13264,.T.);
#13262=ORIENTED_EDGE('',*,*,#13265,.T.);
#13263=EDGE_CURVE('',#4834,#4832,#13266,.F.);
#13264=EDGE_CURVE('',#4832,#4898,#13267,.T.);
#13265=EDGE_CURVE('',#4898,#4834,#13268,.T.);
#13266=LINE('',#4833,#13269);
#13267=LINE('',#4831,#13270);
#13268=LINE('',#4897,#13271);
#13269=VECTOR('',#13272,1.0);
#13270=VECTOR('',#13273,1.0);
#13271=VECTOR('',#13274,1.0);
#13272=DIRECTION('',(0.995546932149861,-0.09426720472677758,0));
#13273=DIRECTION('',(-0.14598405629085456,0.989286942857768,0));
#13274=DIRECTION('',(-0.6920739965195261,-0.7218265604295058,0));
#13275=FACE_SURFACE('',(#13280),#13276,.T.);
#13276=PLANE('',#13277);
#13277=AXIS2_PLACEMENT_3D('',#4833,#13278,#13279);
#13278=DIRECTION('',(0,-0,1));
#13279=DIRECTION('',(0.6920739965195261,0.7218265604295058,0));
#13280=FACE_BOUND('',#13281,.T.);
#13281=EDGE_LOOP('',(#13282,#13283,#13284));
#13282=ORIENTED_EDGE('',*,*,#13285,.T.);
#13283=ORIENTED_EDGE('',*,*,#13286,.T.);
#13284=ORIENTED_EDGE('',*,*,#13287,.T.);
#13285=EDGE_CURVE('',#4834,#4898,#13288,.F.);
#13286=EDGE_CURVE('',#4898,#4908,#13289,.T.);
#13287=EDGE_CURVE('',#4908,#4834,#13290,.T.);
#13288=LINE('',#4833,#13291);
#13289=LINE('',#4897,#13292);
#13290=LINE('',#4907,#13293);
#13291=VECTOR('',#13294,1.0);
#13292=VECTOR('',#13295,1.0);
#13293=VECTOR('',#13296,1.0);
#13294=DIRECTION('',(0.6920739965195261,0.7218265604295058,0));
#13295=DIRECTION('',(-0.9862738998991591,0.16511751687117737,0));
#13296=DIRECTION('',(0.06408044879546158,-0.9979447359860024,0));
#13297=FACE_SURFACE('',(#13302),#13298,.T.);
#13298=PLANE('',#13299);
#13299=AXIS2_PLACEMENT_3D('',#4907,#13300,#13301);
#13300=DIRECTION('',(-0,0,1));
#13301=DIRECTION('',(0.9862738998991591,-0.16511751687117737,0));
#13302=FACE_BOUND('',#13303,.T.);
#13303=EDGE_LOOP('',(#13304,#13305,#13306));
#13304=ORIENTED_EDGE('',*,*,#13307,.T.);
#13305=ORIENTED_EDGE('',*,*,#13308,.T.);
#13306=ORIENTED_EDGE('',*,*,#13309,.T.);
#13307=EDGE_CURVE('',#4908,#4898,#13310,.F.);
#13308=EDGE_CURVE('',#4898,#4906,#13311,.T.);
#13309=EDGE_CURVE('',#4906,#4908,#13312,.T.);
#13310=LINE('',#4907,#13313);
#13311=LINE('',#4897,#13314);
#13312=LINE('',#4905,#13315);
#13313=VECTOR('',#13316,1.0);
#13314=VECTOR('',#13317,1.0);
#13315=VECTOR('',#13318,1.0);
#13316=DIRECTION('',(0.9862738998991591,-0.16511751687117737,0));
#13317=DIRECTION('',(-0.17381133508317181,0.9847789700214994,0));
#13318=DIRECTION('',(-0.6730444858493023,-0.7396020011248268,0));
#13319=FACE_SURFACE('',(#13324),#13320,.T.);
#13320=PLANE('',#13321);
#13321=AXIS2_PLACEMENT_3D('',#4907,#13322,#13323);
#13322=DIRECTION('',(0,-0,1));
#13323=DIRECTION('',(0.6730444858493023,0.7396020011248268,0));
#13324=FACE_BOUND('',#13325,.T.);
#13325=EDGE_LOOP('',(#13326,#13327,#13328));
#13326=ORIENTED_EDGE('',*,*,#13329,.T.);
#13327=ORIENTED_EDGE('',*,*,#13330,.T.);
#13328=ORIENTED_EDGE('',*,*,#13331,.T.);
#13329=EDGE_CURVE('',#4908,#4906,#13332,.F.);
#13330=EDGE_CURVE('',#4906,#4912,#13333,.T.);
#13331=EDGE_CURVE('',#4912,#4908,#13334,.T.);
#13332=LINE('',#4907,#13335);
#13333=LINE('',#4905,#13336);
#13334=LINE('',#4911,#13337);
#13335=VECTOR('',#13338,1.0);
#13336=VECTOR('',#13339,1.0);
#13337=VECTOR('',#13340,1.0);
#13338=DIRECTION('',(0.6730444858493023,0.7396020011248268,0));
#13339=DIRECTION('',(-0.9666040736933543,0.2562743934134124,0));
#13340=DIRECTION('',(0.07558243447665601,-0.9971395567314447,0));
#13341=FACE_SURFACE('',(#13346),#13342,.T.);
#13342=PLANE('',#13343);
#13343=AXIS2_PLACEMENT_3D('',#4909,#13344,#13345);
#13344=DIRECTION('',(-0,0,1));
#13345=DIRECTION('',(0.9984277921600485,-0.0560530448986574,0));
#13346=FACE_BOUND('',#13347,.T.);
#13347=EDGE_LOOP('',(#13348,#13349,#13350));
#13348=ORIENTED_EDGE('',*,*,#13351,.T.);
#13349=ORIENTED_EDGE('',*,*,#13352,.T.);
#13350=ORIENTED_EDGE('',*,*,#13353,.T.);
#13351=EDGE_CURVE('',#4910,#4908,#13354,.F.);
#13352=EDGE_CURVE('',#4908,#4912,#13355,.T.);
#13353=EDGE_CURVE('',#4912,#4910,#13356,.T.);
#13354=LINE('',#4909,#13357);
#13355=LINE('',#4907,#13358);
#13356=LINE('',#4911,#13359);
#13357=VECTOR('',#13360,1.0);
#13358=VECTOR('',#13361,1.0);
#13359=VECTOR('',#13362,1.0);
#13360=DIRECTION('',(0.9984277921600485,-0.0560530448986574,0));
#13361=DIRECTION('',(-0.07558243447665601,0.9971395567314447,0));
#13362=DIRECTION('',(-0.6568097807361275,-0.7540563055431339,0));
#13363=FACE_SURFACE('',(#13368),#13364,.T.);
#13364=PLANE('',#13365);
#13365=AXIS2_PLACEMENT_3D('',#4909,#13366,#13367);
#13366=DIRECTION('',(0,-0,1));
#13367=DIRECTION('',(0.6568097807361275,0.7540563055431339,0));
#13368=FACE_BOUND('',#13369,.T.);
#13369=EDGE_LOOP('',(#13370,#13371,#13372));
#13370=ORIENTED_EDGE('',*,*,#13373,.T.);
#13371=ORIENTED_EDGE('',*,*,#13374,.T.);
#13372=ORIENTED_EDGE('',*,*,#13375,.T.);
#13373=EDGE_CURVE('',#4910,#4912,#13376,.F.);
#13374=EDGE_CURVE('',#4912,#4914,#13377,.T.);
#13375=EDGE_CURVE('',#4914,#4910,#13378,.T.);
#13376=LINE('',#4909,#13379);
#13377=LINE('',#4911,#13380);
#13378=LINE('',#4913,#13381);
#13379=VECTOR('',#13382,1.0);
#13380=VECTOR('',#13383,1.0);
#13381=VECTOR('',#13384,1.0);
#13382=DIRECTION('',(0.6568097807361275,0.7540563055431339,0));
#13383=DIRECTION('',(-0.9963497252631919,0.0853652444965869,0));
#13384=DIRECTION('',(2.7744500507149414E-08,-0.9999999999999996,0));
#13385=FACE_SURFACE('',(#13390),#13386,.T.);
#13386=PLANE('',#13387);
#13387=AXIS2_PLACEMENT_3D('',#4825,#13388,#13389);
#13388=DIRECTION('',(0,0,1));
#13389=DIRECTION('',(0.995546932149861,0.09426720472677758,0));
#13390=FACE_BOUND('',#13391,.T.);
#13391=EDGE_LOOP('',(#13392,#13393,#13394));
#13392=ORIENTED_EDGE('',*,*,#13395,.T.);
#13393=ORIENTED_EDGE('',*,*,#13396,.T.);
#13394=ORIENTED_EDGE('',*,*,#13397,.T.);
#13395=EDGE_CURVE('',#4826,#4824,#13398,.F.);
#13396=EDGE_CURVE('',#4824,#4916,#13399,.T.);
#13397=EDGE_CURVE('',#4916,#4826,#13400,.T.);
#13398=LINE('',#4825,#13401);
#13399=LINE('',#4823,#13402);
#13400=LINE('',#4915,#13403);
#13401=VECTOR('',#13404,1.0);
#13402=VECTOR('',#13405,1.0);
#13403=VECTOR('',#13406,1.0);
#13404=DIRECTION('',(0.995546932149861,0.09426720472677758,0));
#13405=DIRECTION('',(0.06408061177808744,0.99794472552048,0));
#13406=DIRECTION('',(-0.6833166884633897,-0.7301221153118338,0));
#13407=FACE_SURFACE('',(#13412),#13408,.T.);
#13408=PLANE('',#13409);
#13409=AXIS2_PLACEMENT_3D('',#4825,#13410,#13411);
#13410=DIRECTION('',(0,0,1));
#13411=DIRECTION('',(0.6833166884633897,0.7301221153118338,0));
#13412=FACE_BOUND('',#13413,.T.);
#13413=EDGE_LOOP('',(#13414,#13415,#13416));
#13414=ORIENTED_EDGE('',*,*,#13417,.T.);
#13415=ORIENTED_EDGE('',*,*,#13418,.T.);
#13416=ORIENTED_EDGE('',*,*,#13419,.T.);
#13417=EDGE_CURVE('',#4826,#4916,#13420,.F.);
#13418=EDGE_CURVE('',#4916,#4918,#13421,.T.);
#13419=EDGE_CURVE('',#4918,#4826,#13422,.T.);
#13420=LINE('',#4825,#13423);
#13421=LINE('',#4915,#13424);
#13422=LINE('',#4917,#13425);
#13423=VECTOR('',#13426,1.0);
#13424=VECTOR('',#13427,1.0);
#13425=VECTOR('',#13428,1.0);
#13426=DIRECTION('',(0.6833166884633897,0.7301221153118338,0));
#13427=DIRECTION('',(-0.986274353221888,-0.16511480907764337,0));
#13428=DIRECTION('',(-0.14598368349679203,-0.9892869978690251,0));
#13429=FACE_SURFACE('',(#13434),#13430,.T.);
#13430=PLANE('',#13431);
#13431=AXIS2_PLACEMENT_3D('',#4823,#13432,#13433);
#13432=DIRECTION('',(0,0,1));
#13433=DIRECTION('',(0.9994582821182084,0.032911127378438564,0));
#13434=FACE_BOUND('',#13435,.T.);
#13435=EDGE_LOOP('',(#13436,#13437,#13438));
#13436=ORIENTED_EDGE('',*,*,#13439,.T.);
#13437=ORIENTED_EDGE('',*,*,#13440,.T.);
#13438=ORIENTED_EDGE('',*,*,#13441,.T.);
#13439=EDGE_CURVE('',#4824,#4822,#13442,.F.);
#13440=EDGE_CURVE('',#4822,#4910,#13443,.T.);
#13441=EDGE_CURVE('',#4910,#4824,#13444,.T.);
#13442=LINE('',#4823,#13445);
#13443=LINE('',#4821,#13446);
#13444=LINE('',#4909,#13447);
#13445=VECTOR('',#13448,1.0);
#13446=VECTOR('',#13449,1.0);
#13447=VECTOR('',#13450,1.0);
#13448=DIRECTION('',(0.9994582821182084,0.032911127378438564,0));
#13449=DIRECTION('',(-4.262851845675994E-09,1,0));
#13450=DIRECTION('',(-0.6763004177133451,-0.7366259193109858,0));
#13451=FACE_SURFACE('',(#13456),#13452,.T.);
#13452=PLANE('',#13453);
#13453=AXIS2_PLACEMENT_3D('',#4823,#13454,#13455);
#13454=DIRECTION('',(0,0,1));
#13455=DIRECTION('',(0.6763004177133451,0.7366259193109858,0));
#13456=FACE_BOUND('',#13457,.T.);
#13457=EDGE_LOOP('',(#13458,#13459,#13460));
#13458=ORIENTED_EDGE('',*,*,#13461,.T.);
#13459=ORIENTED_EDGE('',*,*,#13462,.T.);
#13460=ORIENTED_EDGE('',*,*,#13463,.T.);
#13461=EDGE_CURVE('',#4824,#4910,#13464,.F.);
#13462=EDGE_CURVE('',#4910,#4916,#13465,.T.);
#13463=EDGE_CURVE('',#4916,#4824,#13466,.T.);
#13464=LINE('',#4823,#13467);
#13465=LINE('',#4909,#13468);
#13466=LINE('',#4915,#13469);
#13467=VECTOR('',#13470,1.0);
#13468=VECTOR('',#13471,1.0);
#13469=VECTOR('',#13472,1.0);
#13470=DIRECTION('',(0.6763004177133451,0.7366259193109858,0));
#13471=DIRECTION('',(-0.9984277919170147,-0.05605304922762356,0));
#13472=DIRECTION('',(-0.06408061177808744,-0.99794472552048,0));
#13473=FACE_SURFACE('',(#13478),#13474,.T.);
#13474=PLANE('',#13475);
#13475=AXIS2_PLACEMENT_3D('',#4915,#13476,#13477);
#13476=DIRECTION('',(0,0,1));
#13477=DIRECTION('',(0.9984277919170147,0.05605304922762356,0));
#13478=FACE_BOUND('',#13479,.T.);
#13479=EDGE_LOOP('',(#13480,#13481,#13482));
#13480=ORIENTED_EDGE('',*,*,#13483,.T.);
#13481=ORIENTED_EDGE('',*,*,#13484,.T.);
#13482=ORIENTED_EDGE('',*,*,#13485,.T.);
#13483=EDGE_CURVE('',#4916,#4910,#13486,.F.);
#13484=EDGE_CURVE('',#4910,#4914,#13487,.T.);
#13485=EDGE_CURVE('',#4914,#4916,#13488,.T.);
#13486=LINE('',#4915,#13489);
#13487=LINE('',#4909,#13490);
#13488=LINE('',#4913,#13491);
#13489=VECTOR('',#13492,1.0);
#13490=VECTOR('',#13493,1.0);
#13491=VECTOR('',#13494,1.0);
#13492=DIRECTION('',(0.9984277919170147,0.05605304922762356,0));
#13493=DIRECTION('',(-2.7744500507149414E-08,0.9999999999999996,0));
#13494=DIRECTION('',(-0.6445227172669777,-0.7645851600226043,0));
#13495=FACE_SURFACE('',(#13500),#13496,.T.);
#13496=PLANE('',#13497);
#13497=AXIS2_PLACEMENT_3D('',#4915,#13498,#13499);
#13498=DIRECTION('',(0,0,1));
#13499=DIRECTION('',(0.6445227172669777,0.7645851600226043,0));
#13500=FACE_BOUND('',#13501,.T.);
#13501=EDGE_LOOP('',(#13502,#13503,#13504));
#13502=ORIENTED_EDGE('',*,*,#13505,.T.);
#13503=ORIENTED_EDGE('',*,*,#13506,.T.);
#13504=ORIENTED_EDGE('',*,*,#13507,.T.);
#13505=EDGE_CURVE('',#4916,#4914,#13508,.F.);
#13506=EDGE_CURVE('',#4914,#4920,#13509,.T.);
#13507=EDGE_CURVE('',#4920,#4916,#13510,.T.);
#13508=LINE('',#4915,#13511);
#13509=LINE('',#4913,#13512);
#13510=LINE('',#4919,#13513);
#13511=VECTOR('',#13514,1.0);
#13512=VECTOR('',#13515,1.0);
#13513=VECTOR('',#13516,1.0);
#13514=DIRECTION('',(0.6445227172669777,0.7645851600226043,0));
#13515=DIRECTION('',(-0.9963497255958476,-0.08536524061396135,0));
#13516=DIRECTION('',(-0.07558227145580566,-0.9971395690882903,0));
#13517=FACE_SURFACE('',(#13522),#13518,.T.);
#13518=PLANE('',#13519);
#13519=AXIS2_PLACEMENT_3D('',#4917,#13520,#13521);
#13520=DIRECTION('',(0,0,1));
#13521=DIRECTION('',(0.986274353221888,0.16511480907764337,0));
#13522=FACE_BOUND('',#13523,.T.);
#13523=EDGE_LOOP('',(#13524,#13525,#13526));
#13524=ORIENTED_EDGE('',*,*,#13527,.T.);
#13525=ORIENTED_EDGE('',*,*,#13528,.T.);
#13526=ORIENTED_EDGE('',*,*,#13529,.T.);
#13527=EDGE_CURVE('',#4918,#4916,#13530,.F.);
#13528=EDGE_CURVE('',#4916,#4920,#13531,.T.);
#13529=EDGE_CURVE('',#4920,#4918,#13532,.T.);
#13530=LINE('',#4917,#13533);
#13531=LINE('',#4915,#13534);
#13532=LINE('',#4919,#13535);
#13533=VECTOR('',#13536,1.0);
#13534=VECTOR('',#13537,1.0);
#13535=VECTOR('',#13538,1.0);
#13536=DIRECTION('',(0.986274353221888,0.16511480907764337,0));
#13537=DIRECTION('',(0.07558227145580566,0.9971395690882903,0));
#13538=DIRECTION('',(-0.6413687914715632,-0.7672327373921856,0));
#13539=FACE_SURFACE('',(#13544),#13540,.T.);
#13540=PLANE('',#13541);
#13541=AXIS2_PLACEMENT_3D('',#4917,#13542,#13543);
#13542=DIRECTION('',(0,0,1));
#13543=DIRECTION('',(0.6413687914715632,0.7672327373921856,0));
#13544=FACE_BOUND('',#13545,.T.);
#13545=EDGE_LOOP('',(#13546,#13547,#13548));
#13546=ORIENTED_EDGE('',*,*,#13549,.T.);
#13547=ORIENTED_EDGE('',*,*,#13550,.T.);
#13548=ORIENTED_EDGE('',*,*,#13551,.T.);
#13549=EDGE_CURVE('',#4918,#4920,#13552,.F.);
#13550=EDGE_CURVE('',#4920,#4922,#13553,.T.);
#13551=EDGE_CURVE('',#4922,#4918,#13554,.T.);
#13552=LINE('',#4917,#13555);
#13553=LINE('',#4919,#13556);
#13554=LINE('',#4921,#13557);
#13555=VECTOR('',#13558,1.0);
#13556=VECTOR('',#13559,1.0);
#13557=VECTOR('',#13560,1.0);
#13558=DIRECTION('',(0.6413687914715632,0.7672327373921856,0));
#13559=DIRECTION('',(-0.9666040868367577,-0.25627434383971764,0));
#13560=DIRECTION('',(-0.1738116111811797,-0.9847789212907648,0));
#13561=FACE_SURFACE('',(#13566),#13562,.T.);
#13562=PLANE('',#13563);
#13563=AXIS2_PLACEMENT_3D('',#4923,#13564,#13565);
#13564=DIRECTION('',(0,0,1));
#13565=DIRECTION('',(0.9847792232015545,0.17380990061139462,0));
#13566=FACE_BOUND('',#13567,.T.);
#13567=EDGE_LOOP('',(#13568,#13569,#13570));
#13568=ORIENTED_EDGE('',*,*,#13571,.T.);
#13569=ORIENTED_EDGE('',*,*,#13572,.T.);
#13570=ORIENTED_EDGE('',*,*,#13573,.T.);
#13571=EDGE_CURVE('',#4924,#4926,#13574,.F.);
#13572=EDGE_CURVE('',#4926,#4928,#13575,.T.);
#13573=EDGE_CURVE('',#4928,#4924,#13576,.T.);
#13574=LINE('',#4923,#13577);
#13575=LINE('',#4925,#13578);
#13576=LINE('',#4927,#13579);
#13577=VECTOR('',#13580,1.0);
#13578=VECTOR('',#13581,1.0);
#13579=VECTOR('',#13582,1.0);
#13580=DIRECTION('',(0.9847792232015545,0.17380990061139462,0));
#13581=DIRECTION('',(0.2658872815897987,0.9640041252446937,0));
#13582=DIRECTION('',(-0.755628039784914,-0.6550009660228053,0));
#13583=FACE_SURFACE('',(#13588),#13584,.T.);
#13584=PLANE('',#13585);
#13585=AXIS2_PLACEMENT_3D('',#4923,#13586,#13587);
#13586=DIRECTION('',(0,0,1));
#13587=DIRECTION('',(0.755628039784914,0.6550009660228053,0));
#13588=FACE_BOUND('',#13589,.T.);
#13589=EDGE_LOOP('',(#13590,#13591,#13592));
#13590=ORIENTED_EDGE('',*,*,#13593,.T.);
#13591=ORIENTED_EDGE('',*,*,#13594,.T.);
#13592=ORIENTED_EDGE('',*,*,#13595,.T.);
#13593=EDGE_CURVE('',#4924,#4928,#13596,.F.);
#13594=EDGE_CURVE('',#4928,#4930,#13597,.T.);
#13595=EDGE_CURVE('',#4930,#4924,#13598,.T.);
#13596=LINE('',#4923,#13599);
#13597=LINE('',#4927,#13600);
#13598=LINE('',#4929,#13601);
#13599=VECTOR('',#13602,1.0);
#13600=VECTOR('',#13603,1.0);
#13601=VECTOR('',#13604,1.0);
#13602=DIRECTION('',(0.755628039784914,0.6550009660228053,0));
#13603=DIRECTION('',(-0.9439265730207743,-0.3301554554225277,0));
#13604=DIRECTION('',(-0.43167256376503627,-0.9020303751495959,0));
#13605=FACE_SURFACE('',(#13610),#13606,.T.);
#13606=PLANE('',#13607);
#13607=AXIS2_PLACEMENT_3D('',#4925,#13608,#13609);
#13608=DIRECTION('',(0,0,1));
#13609=DIRECTION('',(0.9892869527525352,0.1459839892371869,0));
#13610=FACE_BOUND('',#13611,.T.);
#13611=EDGE_LOOP('',(#13612,#13613,#13614));
#13612=ORIENTED_EDGE('',*,*,#13615,.T.);
#13613=ORIENTED_EDGE('',*,*,#13616,.T.);
#13614=ORIENTED_EDGE('',*,*,#13617,.T.);
#13615=EDGE_CURVE('',#4926,#4826,#13618,.F.);
#13616=EDGE_CURVE('',#4826,#4918,#13619,.T.);
#13617=EDGE_CURVE('',#4918,#4926,#13620,.T.);
#13618=LINE('',#4925,#13621);
#13619=LINE('',#4825,#13622);
#13620=LINE('',#4917,#13623);
#13621=VECTOR('',#13624,1.0);
#13622=VECTOR('',#13625,1.0);
#13623=VECTOR('',#13626,1.0);
#13624=DIRECTION('',(0.9892869527525352,0.1459839892371869,0));
#13625=DIRECTION('',(0.14598368349679203,0.9892869978690251,0));
#13626=DIRECTION('',(-0.7071062916330991,-0.7071072707396571,0));
#13627=FACE_SURFACE('',(#13632),#13628,.T.);
#13628=PLANE('',#13629);
#13629=AXIS2_PLACEMENT_3D('',#4925,#13630,#13631);
#13630=DIRECTION('',(0,0,1));
#13631=DIRECTION('',(0.7071062916330991,0.7071072707396571,0));
#13632=FACE_BOUND('',#13633,.T.);
#13633=EDGE_LOOP('',(#13634,#13635,#13636));
#13634=ORIENTED_EDGE('',*,*,#13637,.T.);
#13635=ORIENTED_EDGE('',*,*,#13638,.T.);
#13636=ORIENTED_EDGE('',*,*,#13639,.T.);
#13637=EDGE_CURVE('',#4926,#4918,#13640,.F.);
#13638=EDGE_CURVE('',#4918,#4928,#13641,.T.);
#13639=EDGE_CURVE('',#4928,#4926,#13642,.T.);
#13640=LINE('',#4925,#13643);
#13641=LINE('',#4917,#13644);
#13642=LINE('',#4927,#13645);
#13643=VECTOR('',#13646,1.0);
#13644=VECTOR('',#13647,1.0);
#13645=VECTOR('',#13648,1.0);
#13646=DIRECTION('',(0.7071062916330991,0.7071072707396571,0));
#13647=DIRECTION('',(-0.9640039774653721,-0.26588781737970285,0));
#13648=DIRECTION('',(-0.2658872815897987,-0.9640041252446937,0));
#13649=FACE_SURFACE('',(#13654),#13650,.T.);
#13650=PLANE('',#13651);
#13651=AXIS2_PLACEMENT_3D('',#4927,#13652,#13653);
#13652=DIRECTION('',(0,0,1));
#13653=DIRECTION('',(0.9640039774653721,0.26588781737970285,0));
#13654=FACE_BOUND('',#13655,.T.);
#13655=EDGE_LOOP('',(#13656,#13657,#13658));
#13656=ORIENTED_EDGE('',*,*,#13659,.T.);
#13657=ORIENTED_EDGE('',*,*,#13660,.T.);
#13658=ORIENTED_EDGE('',*,*,#13661,.T.);
#13659=EDGE_CURVE('',#4928,#4918,#13662,.F.);
#13660=EDGE_CURVE('',#4918,#4922,#13663,.T.);
#13661=EDGE_CURVE('',#4922,#4928,#13664,.T.);
#13662=LINE('',#4927,#13665);
#13663=LINE('',#4917,#13666);
#13664=LINE('',#4921,#13667);
#13665=VECTOR('',#13668,1.0);
#13666=VECTOR('',#13669,1.0);
#13667=VECTOR('',#13670,1.0);
#13668=DIRECTION('',(0.9640039774653721,0.26588781737970285,0));
#13669=DIRECTION('',(0.1738116111811797,0.9847789212907648,0));
#13670=DIRECTION('',(-0.6550012131998165,-0.7556278255244235,0));
#13671=FACE_SURFACE('',(#13676),#13672,.T.);
#13672=PLANE('',#13673);
#13673=AXIS2_PLACEMENT_3D('',#4927,#13674,#13675);
#13674=DIRECTION('',(0,0,1));
#13675=DIRECTION('',(0.6550012131998165,0.7556278255244235,0));
#13676=FACE_BOUND('',#13677,.T.);
#13677=EDGE_LOOP('',(#13678,#13679,#13680));
#13678=ORIENTED_EDGE('',*,*,#13681,.T.);
#13679=ORIENTED_EDGE('',*,*,#13682,.T.);
#13680=ORIENTED_EDGE('',*,*,#13683,.T.);
#13681=EDGE_CURVE('',#4928,#4922,#13684,.F.);
#13682=EDGE_CURVE('',#4922,#4932,#13685,.T.);
#13683=EDGE_CURVE('',#4932,#4928,#13686,.T.);
#13684=LINE('',#4927,#13687);
#13685=LINE('',#4921,#13688);
#13686=LINE('',#4931,#13689);
#13687=VECTOR('',#13690,1.0);
#13688=VECTOR('',#13691,1.0);
#13689=VECTOR('',#13692,1.0);
#13690=DIRECTION('',(0.6550012131998165,0.7556278255244235,0));
#13691=DIRECTION('',(-0.9020298326751995,-0.43167369732698735,0));
#13692=DIRECTION('',(-0.3301560323449207,-0.9439263712314959,0));
#13693=FACE_SURFACE('',(#13698),#13694,.T.);
#13694=PLANE('',#13695);
#13695=AXIS2_PLACEMENT_3D('',#4929,#13696,#13697);
#13696=DIRECTION('',(0,0,1));
#13697=DIRECTION('',(0.9439265730207743,0.3301554554225277,0));
#13698=FACE_BOUND('',#13699,.T.);
#13699=EDGE_LOOP('',(#13700,#13701,#13702));
#13700=ORIENTED_EDGE('',*,*,#13703,.T.);
#13701=ORIENTED_EDGE('',*,*,#13704,.T.);
#13702=ORIENTED_EDGE('',*,*,#13705,.T.);
#13703=EDGE_CURVE('',#4930,#4928,#13706,.F.);
#13704=EDGE_CURVE('',#4928,#4932,#13707,.T.);
#13705=EDGE_CURVE('',#4932,#4930,#13708,.T.);
#13706=LINE('',#4929,#13709);
#13707=LINE('',#4927,#13710);
#13708=LINE('',#4931,#13711);
#13709=VECTOR('',#13712,1.0);
#13710=VECTOR('',#13713,1.0);
#13711=VECTOR('',#13714,1.0);
#13712=DIRECTION('',(0.9439265730207743,0.3301554554225277,0));
#13713=DIRECTION('',(0.3301560323449207,0.9439263712314959,0));
#13714=DIRECTION('',(-0.7071073342824005,-0.7071062280902619,0));
#13715=FACE_SURFACE('',(#13720),#13716,.T.);
#13716=PLANE('',#13717);
#13717=AXIS2_PLACEMENT_3D('',#4929,#13718,#13719);
#13718=DIRECTION('',(0,0,1));
#13719=DIRECTION('',(0.7071073342824005,0.7071062280902619,0));
#13720=FACE_BOUND('',#13721,.T.);
#13721=EDGE_LOOP('',(#13722,#13723,#13724));
#13722=ORIENTED_EDGE('',*,*,#13725,.T.);
#13723=ORIENTED_EDGE('',*,*,#13726,.T.);
#13724=ORIENTED_EDGE('',*,*,#13727,.T.);
#13725=EDGE_CURVE('',#4930,#4932,#13728,.F.);
#13726=EDGE_CURVE('',#4932,#4934,#13729,.T.);
#13727=EDGE_CURVE('',#4934,#4930,#13730,.T.);
#13728=LINE('',#4929,#13731);
#13729=LINE('',#4931,#13732);
#13730=LINE('',#4933,#13733);
#13731=VECTOR('',#13734,1.0);
#13732=VECTOR('',#13735,1.0);
#13733=VECTOR('',#13736,1.0);
#13734=DIRECTION('',(0.7071073342824005,0.7071062280902619,0));
#13735=DIRECTION('',(-0.7892176472568242,-0.6141135931229686,0));
#13736=DIRECTION('',(-0.6141147412208302,-0.7892167538865814,0));
#13737=FACE_SURFACE('',(#13742),#13738,.T.);
#13738=PLANE('',#13739);
#13739=AXIS2_PLACEMENT_3D('',#4935,#13740,#13741);
#13740=DIRECTION('',(0,0,1));
#13741=DIRECTION('',(1,0,0));
#13742=FACE_BOUND('',#13743,.T.);
#13743=EDGE_LOOP('',(#13744,#13745,#13746));
#13744=ORIENTED_EDGE('',*,*,#13747,.T.);
#13745=ORIENTED_EDGE('',*,*,#13748,.T.);
#13746=ORIENTED_EDGE('',*,*,#13749,.T.);
#13747=EDGE_CURVE('',#4936,#4938,#13750,.F.);
#13748=EDGE_CURVE('',#4938,#4940,#13751,.T.);
#13749=EDGE_CURVE('',#4940,#4936,#13752,.T.);
#13750=LINE('',#4935,#13753);
#13751=LINE('',#4937,#13754);
#13752=LINE('',#4939,#13755);
#13753=VECTOR('',#13756,1.0);
#13754=VECTOR('',#13757,1.0);
#13755=VECTOR('',#13758,1.0);
#13756=DIRECTION('',(1,0,0));
#13757=DIRECTION('',(0.056050867738948226,0.998427914386267,0));
#13758=DIRECTION('',(-0.7645852907703754,-0.6445225621633276,0));
#13759=FACE_SURFACE('',(#13764),#13760,.T.);
#13760=PLANE('',#13761);
#13761=AXIS2_PLACEMENT_3D('',#4935,#13762,#13763);
#13762=DIRECTION('',(0,0,1));
#13763=DIRECTION('',(0.7645852907703754,0.6445225621633276,0));
#13764=FACE_BOUND('',#13765,.T.);
#13765=EDGE_LOOP('',(#13766,#13767,#13768));
#13766=ORIENTED_EDGE('',*,*,#13769,.T.);
#13767=ORIENTED_EDGE('',*,*,#13770,.T.);
#13768=ORIENTED_EDGE('',*,*,#13771,.T.);
#13769=EDGE_CURVE('',#4936,#4940,#13772,.F.);
#13770=EDGE_CURVE('',#4940,#4942,#13773,.T.);
#13771=EDGE_CURVE('',#4942,#4936,#13774,.T.);
#13772=LINE('',#4935,#13775);
#13773=LINE('',#4939,#13776);
#13774=LINE('',#4941,#13777);
#13775=VECTOR('',#13778,1.0);
#13776=VECTOR('',#13779,1.0);
#13777=VECTOR('',#13780,1.0);
#13778=DIRECTION('',(0.7645852907703754,0.6445225621633276,0));
#13779=DIRECTION('',(-0.9971396487217717,-0.07558122086220681,0));
#13780=DIRECTION('',(-0.0853673050799564,-0.9963495487143985,0));
#13781=FACE_SURFACE('',(#13786),#13782,.T.);
#13782=PLANE('',#13783);
#13783=AXIS2_PLACEMENT_3D('',#4937,#13784,#13785);
#13784=DIRECTION('',(0,0,1));
#13785=DIRECTION('',(1,0,0));
#13786=FACE_BOUND('',#13787,.T.);
#13787=EDGE_LOOP('',(#13788,#13789,#13790));
#13788=ORIENTED_EDGE('',*,*,#13791,.T.);
#13789=ORIENTED_EDGE('',*,*,#13792,.T.);
#13790=ORIENTED_EDGE('',*,*,#13793,.T.);
#13791=EDGE_CURVE('',#4938,#4802,#13794,.F.);
#13792=EDGE_CURVE('',#4802,#4818,#13795,.T.);
#13793=EDGE_CURVE('',#4818,#4938,#13796,.T.);
#13794=LINE('',#4937,#13797);
#13795=LINE('',#4801,#13798);
#13796=LINE('',#4817,#13799);
#13797=VECTOR('',#13800,1.0);
#13798=VECTOR('',#13801,1.0);
#13799=VECTOR('',#13802,1.0);
#13800=DIRECTION('',(1,0,0));
#13801=DIRECTION('',(0.03291228399124366,0.9994582440314752,0));
#13802=DIRECTION('',(-0.7366261793700942,-0.6763001344570454,0));
#13803=FACE_SURFACE('',(#13808),#13804,.T.);
#13804=PLANE('',#13805);
#13805=AXIS2_PLACEMENT_3D('',#4937,#13806,#13807);
#13806=DIRECTION('',(0,0,1));
#13807=DIRECTION('',(0.7366261793700942,0.6763001344570454,0));
#13808=FACE_BOUND('',#13809,.T.);
#13809=EDGE_LOOP('',(#13810,#13811,#13812));
#13810=ORIENTED_EDGE('',*,*,#13813,.T.);
#13811=ORIENTED_EDGE('',*,*,#13814,.T.);
#13812=ORIENTED_EDGE('',*,*,#13815,.T.);
#13813=EDGE_CURVE('',#4938,#4818,#13816,.F.);
#13814=EDGE_CURVE('',#4818,#4940,#13817,.T.);
#13815=EDGE_CURVE('',#4940,#4938,#13818,.T.);
#13816=LINE('',#4937,#13819);
#13817=LINE('',#4817,#13820);
#13818=LINE('',#4939,#13821);
#13819=VECTOR('',#13822,1.0);
#13820=VECTOR('',#13823,1.0);
#13821=VECTOR('',#13824,1.0);
#13822=DIRECTION('',(0.7366261793700942,0.6763001344570454,0));
#13823=DIRECTION('',(-0.9979447673958464,-0.06407995963833191,0));
#13824=DIRECTION('',(-0.056050867738948226,-0.998427914386267,0));
#13825=FACE_SURFACE('',(#13830),#13826,.T.);
#13826=PLANE('',#13827);
#13827=AXIS2_PLACEMENT_3D('',#4939,#13828,#13829);
#13828=DIRECTION('',(0,0,1));
#13829=DIRECTION('',(0.9979447673958464,0.06407995963833191,0));
#13830=FACE_BOUND('',#13831,.T.);
#13831=EDGE_LOOP('',(#13832,#13833,#13834));
#13832=ORIENTED_EDGE('',*,*,#13835,.T.);
#13833=ORIENTED_EDGE('',*,*,#13836,.T.);
#13834=ORIENTED_EDGE('',*,*,#13837,.T.);
#13835=EDGE_CURVE('',#4940,#4818,#13838,.F.);
#13836=EDGE_CURVE('',#4818,#4826,#13839,.T.);
#13837=EDGE_CURVE('',#4826,#4940,#13840,.T.);
#13838=LINE('',#4939,#13841);
#13839=LINE('',#4817,#13842);
#13840=LINE('',#4825,#13843);
#13841=VECTOR('',#13844,1.0);
#13842=VECTOR('',#13845,1.0);
#13843=VECTOR('',#13846,1.0);
#13844=DIRECTION('',(0.9979447673958464,0.06407995963833191,0));
#13845=DIRECTION('',(0.09426540008351443,0.9955471030278251,0));
#13846=DIRECTION('',(-0.7301217686595841,-0.6833170588602343,0));
#13847=FACE_SURFACE('',(#13852),#13848,.T.);
#13848=PLANE('',#13849);
#13849=AXIS2_PLACEMENT_3D('',#4939,#13850,#13851);
#13850=DIRECTION('',(0,0,1));
#13851=DIRECTION('',(0.7301217686595841,0.6833170588602343,0));
#13852=FACE_BOUND('',#13853,.T.);
#13853=EDGE_LOOP('',(#13854,#13855,#13856));
#13854=ORIENTED_EDGE('',*,*,#13857,.T.);
#13855=ORIENTED_EDGE('',*,*,#13858,.T.);
#13856=ORIENTED_EDGE('',*,*,#13859,.T.);
#13857=EDGE_CURVE('',#4940,#4826,#13860,.F.);
#13858=EDGE_CURVE('',#4826,#4926,#13861,.T.);
#13859=EDGE_CURVE('',#4926,#4940,#13862,.T.);
#13860=LINE('',#4939,#13863);
#13861=LINE('',#4825,#13864);
#13862=LINE('',#4925,#13865);
#13863=VECTOR('',#13866,1.0);
#13864=VECTOR('',#13867,1.0);
#13865=VECTOR('',#13868,1.0);
#13866=DIRECTION('',(0.7301217686595841,0.6833170588602343,0));
#13867=DIRECTION('',(-0.9892869527525352,-0.1459839892371869,0));
#13868=DIRECTION('',(-0.16511654766639394,-0.9862740621585521,0));
#13869=FACE_SURFACE('',(#13874),#13870,.T.);
#13870=PLANE('',#13871);
#13871=AXIS2_PLACEMENT_3D('',#4941,#13872,#13873);
#13872=DIRECTION('',(0,0,1));
#13873=DIRECTION('',(0.9971396487217717,0.07558122086220681,0));
#13874=FACE_BOUND('',#13875,.T.);
#13875=EDGE_LOOP('',(#13876,#13877,#13878));
#13876=ORIENTED_EDGE('',*,*,#13879,.T.);
#13877=ORIENTED_EDGE('',*,*,#13880,.T.);
#13878=ORIENTED_EDGE('',*,*,#13881,.T.);
#13879=EDGE_CURVE('',#4942,#4940,#13882,.F.);
#13880=EDGE_CURVE('',#4940,#4926,#13883,.T.);
#13881=EDGE_CURVE('',#4926,#4942,#13884,.T.);
#13882=LINE('',#4941,#13885);
#13883=LINE('',#4939,#13886);
#13884=LINE('',#4925,#13887);
#13885=VECTOR('',#13888,1.0);
#13886=VECTOR('',#13889,1.0);
#13887=VECTOR('',#13890,1.0);
#13888=DIRECTION('',(0.9971396487217717,0.07558122086220681,0));
#13889=DIRECTION('',(0.16511654766639394,0.9862740621585521,0));
#13890=DIRECTION('',(-0.7672327474947273,-0.6413687793864713,0));
#13891=FACE_SURFACE('',(#13896),#13892,.T.);
#13892=PLANE('',#13893);
#13893=AXIS2_PLACEMENT_3D('',#4941,#13894,#13895);
#13894=DIRECTION('',(0,0,1));
#13895=DIRECTION('',(0.7672327474947273,0.6413687793864713,0));
#13896=FACE_BOUND('',#13897,.T.);
#13897=EDGE_LOOP('',(#13898,#13899,#13900));
#13898=ORIENTED_EDGE('',*,*,#13901,.T.);
#13899=ORIENTED_EDGE('',*,*,#13902,.T.);
#13900=ORIENTED_EDGE('',*,*,#13903,.T.);
#13901=EDGE_CURVE('',#4942,#4926,#13904,.F.);
#13902=EDGE_CURVE('',#4926,#4924,#13905,.T.);
#13903=EDGE_CURVE('',#4924,#4942,#13906,.T.);
#13904=LINE('',#4941,#13907);
#13905=LINE('',#4925,#13908);
#13906=LINE('',#4923,#13909);
#13907=VECTOR('',#13910,1.0);
#13908=VECTOR('',#13911,1.0);
#13909=VECTOR('',#13912,1.0);
#13910=DIRECTION('',(0.7672327474947273,0.6413687793864713,0));
#13911=DIRECTION('',(-0.9847792232015545,-0.17380990061139462,0));
#13912=DIRECTION('',(-0.2562732950830099,-0.9666043648914981,0));
#13913=FACE_SURFACE('',(#13918),#13914,.T.);
#13914=PLANE('',#13915);
#13915=AXIS2_PLACEMENT_3D('',#4849,#13916,#13917);
#13916=DIRECTION('',(-0,0,1));
#13917=DIRECTION('',(0.9847792232015545,-0.17380990061139462,0));
#13918=FACE_BOUND('',#13919,.T.);
#13919=EDGE_LOOP('',(#13920,#13921,#13922));
#13920=ORIENTED_EDGE('',*,*,#13923,.T.);
#13921=ORIENTED_EDGE('',*,*,#13924,.T.);
#13922=ORIENTED_EDGE('',*,*,#13925,.T.);
#13923=EDGE_CURVE('',#4850,#4848,#13926,.F.);
#13924=EDGE_CURVE('',#4848,#4944,#13927,.T.);
#13925=EDGE_CURVE('',#4944,#4850,#13928,.T.);
#13926=LINE('',#4849,#13929);
#13927=LINE('',#4847,#13930);
#13928=LINE('',#4943,#13931);
#13929=VECTOR('',#13932,1.0);
#13930=VECTOR('',#13933,1.0);
#13931=VECTOR('',#13934,1.0);
#13932=DIRECTION('',(0.9847792232015545,-0.17380990061139462,0));
#13933=DIRECTION('',(-0.1651173529507519,0.9862739273419615,0));
#13934=DIRECTION('',(-0.7396010277632301,-0.6730455554652847,0));
#13935=FACE_SURFACE('',(#13940),#13936,.T.);
#13936=PLANE('',#13937);
#13937=AXIS2_PLACEMENT_3D('',#4849,#13938,#13939);
#13938=DIRECTION('',(0,-0,1));
#13939=DIRECTION('',(0.7396010277632301,0.6730455554652847,0));
#13940=FACE_BOUND('',#13941,.T.);
#13941=EDGE_LOOP('',(#13942,#13943,#13944));
#13942=ORIENTED_EDGE('',*,*,#13945,.T.);
#13943=ORIENTED_EDGE('',*,*,#13946,.T.);
#13944=ORIENTED_EDGE('',*,*,#13947,.T.);
#13945=EDGE_CURVE('',#4850,#4944,#13948,.F.);
#13946=EDGE_CURVE('',#4944,#4946,#13949,.T.);
#13947=EDGE_CURVE('',#4946,#4850,#13950,.T.);
#13948=LINE('',#4849,#13951);
#13949=LINE('',#4943,#13952);
#13950=LINE('',#4945,#13953);
#13951=VECTOR('',#13954,1.0);
#13952=VECTOR('',#13955,1.0);
#13953=VECTOR('',#13956,1.0);
#13954=DIRECTION('',(0.7396010277632301,0.6730455554652847,0));
#13955=DIRECTION('',(-0.9971396487217717,0.07558122086220681,0));
#13956=DIRECTION('',(0.25627441283948443,-0.9666040685429467,0));
#13957=FACE_SURFACE('',(#13962),#13958,.T.);
#13958=PLANE('',#13959);
#13959=AXIS2_PLACEMENT_3D('',#4847,#13960,#13961);
#13960=DIRECTION('',(-0,0,1));
#13961=DIRECTION('',(0.9892869527525352,-0.1459839892371869,0));
#13962=FACE_BOUND('',#13963,.T.);
#13963=EDGE_LOOP('',(#13964,#13965,#13966));
#13964=ORIENTED_EDGE('',*,*,#13967,.T.);
#13965=ORIENTED_EDGE('',*,*,#13968,.T.);
#13966=ORIENTED_EDGE('',*,*,#13969,.T.);
#13967=EDGE_CURVE('',#4848,#4786,#13970,.F.);
#13968=EDGE_CURVE('',#4786,#4792,#13971,.T.);
#13969=EDGE_CURVE('',#4792,#4848,#13972,.T.);
#13970=LINE('',#4847,#13973);
#13971=LINE('',#4785,#13974);
#13972=LINE('',#4791,#13975);
#13973=VECTOR('',#13976,1.0);
#13974=VECTOR('',#13977,1.0);
#13975=VECTOR('',#13978,1.0);
#13976=DIRECTION('',(0.9892869527525352,-0.1459839892371869,0));
#13977=DIRECTION('',(-0.09426580961415075,0.9955470642504998,0));
#13978=DIRECTION('',(-0.7218278078622185,-0.6920726954567882,0));
#13979=FACE_SURFACE('',(#13984),#13980,.T.);
#13980=PLANE('',#13981);
#13981=AXIS2_PLACEMENT_3D('',#4847,#13982,#13983);
#13982=DIRECTION('',(0,-0,1));
#13983=DIRECTION('',(0.7218278078622185,0.6920726954567882,0));
#13984=FACE_BOUND('',#13985,.T.);
#13985=EDGE_LOOP('',(#13986,#13987,#13988));
#13986=ORIENTED_EDGE('',*,*,#13989,.T.);
#13987=ORIENTED_EDGE('',*,*,#13990,.T.);
#13988=ORIENTED_EDGE('',*,*,#13991,.T.);
#13989=EDGE_CURVE('',#4848,#4792,#13992,.F.);
#13990=EDGE_CURVE('',#4792,#4944,#13993,.T.);
#13991=EDGE_CURVE('',#4944,#4848,#13994,.T.);
#13992=LINE('',#4847,#13995);
#13993=LINE('',#4791,#13996);
#13994=LINE('',#4943,#13997);
#13995=VECTOR('',#13998,1.0);
#13996=VECTOR('',#13999,1.0);
#13997=VECTOR('',#14000,1.0);
#13998=DIRECTION('',(0.7218278078622185,0.6920726954567882,0));
#13999=DIRECTION('',(-0.9979447680678504,0.06407994917292417,0));
#14000=DIRECTION('',(0.1651173529507519,-0.9862739273419615,0));
#14001=FACE_SURFACE('',(#14006),#14002,.T.);
#14002=PLANE('',#14003);
#14003=AXIS2_PLACEMENT_3D('',#4943,#14004,#14005);
#14004=DIRECTION('',(-0,0,1));
#14005=DIRECTION('',(0.9979447680678504,-0.06407994917292417,0));
#14006=FACE_BOUND('',#14007,.T.);
#14007=EDGE_LOOP('',(#14008,#14009,#14010));
#14008=ORIENTED_EDGE('',*,*,#14011,.T.);
#14009=ORIENTED_EDGE('',*,*,#14012,.T.);
#14010=ORIENTED_EDGE('',*,*,#14013,.T.);
#14011=EDGE_CURVE('',#4944,#4792,#14014,.F.);
#14012=EDGE_CURVE('',#4792,#4802,#14015,.T.);
#14013=EDGE_CURVE('',#4802,#4944,#14016,.T.);
#14014=LINE('',#4943,#14017);
#14015=LINE('',#4791,#14018);
#14016=LINE('',#4801,#14019);
#14017=VECTOR('',#14020,1.0);
#14018=VECTOR('',#14021,1.0);
#14019=VECTOR('',#14022,1.0);
#14020=DIRECTION('',(0.9979447680678504,-0.06407994917292417,0));
#14021=DIRECTION('',(-0.03291211424143819,0.9994582496213429,0));
#14022=DIRECTION('',(-0.7323344742096967,-0.6809450916806781,0));
#14023=FACE_SURFACE('',(#14028),#14024,.T.);
#14024=PLANE('',#14025);
#14025=AXIS2_PLACEMENT_3D('',#4943,#14026,#14027);
#14026=DIRECTION('',(0,-0,1));
#14027=DIRECTION('',(0.7323344742096967,0.6809450916806781,0));
#14028=FACE_BOUND('',#14029,.T.);
#14029=EDGE_LOOP('',(#14030,#14031,#14032));
#14030=ORIENTED_EDGE('',*,*,#14033,.T.);
#14031=ORIENTED_EDGE('',*,*,#14034,.T.);
#14032=ORIENTED_EDGE('',*,*,#14035,.T.);
#14033=EDGE_CURVE('',#4944,#4802,#14036,.F.);
#14034=EDGE_CURVE('',#4802,#4938,#14037,.T.);
#14035=EDGE_CURVE('',#4938,#4944,#14038,.T.);
#14036=LINE('',#4943,#14039);
#14037=LINE('',#4801,#14040);
#14038=LINE('',#4937,#14041);
#14039=VECTOR('',#14042,1.0);
#14040=VECTOR('',#14043,1.0);
#14041=VECTOR('',#14044,1.0);
#14042=DIRECTION('',(0.7323344742096967,0.6809450916806781,0));
#14043=DIRECTION('',(-1,0,0));
#14044=DIRECTION('',(0.05605050514883117,-0.9984279347416923,0));
#14045=FACE_SURFACE('',(#14050),#14046,.T.);
#14046=PLANE('',#14047);
#14047=AXIS2_PLACEMENT_3D('',#4945,#14048,#14049);
#14048=DIRECTION('',(-0,0,1));
#14049=DIRECTION('',(0.9971396487217717,-0.07558122086220681,0));
#14050=FACE_BOUND('',#14051,.T.);
#14051=EDGE_LOOP('',(#14052,#14053,#14054));
#14052=ORIENTED_EDGE('',*,*,#14055,.T.);
#14053=ORIENTED_EDGE('',*,*,#14056,.T.);
#14054=ORIENTED_EDGE('',*,*,#14057,.T.);
#14055=EDGE_CURVE('',#4946,#4944,#14058,.F.);
#14056=EDGE_CURVE('',#4944,#4938,#14059,.T.);
#14057=EDGE_CURVE('',#4938,#4946,#14060,.T.);
#14058=LINE('',#4945,#14061);
#14059=LINE('',#4943,#14062);
#14060=LINE('',#4937,#14063);
#14061=VECTOR('',#14064,1.0);
#14062=VECTOR('',#14065,1.0);
#14063=VECTOR('',#14066,1.0);
#14064=DIRECTION('',(0.9971396487217717,-0.07558122086220681,0));
#14065=DIRECTION('',(-0.05605050514883117,0.9984279347416923,0));
#14066=DIRECTION('',(-0.7540561379890479,-0.6568099730980355,0));
#14067=FACE_SURFACE('',(#14072),#14068,.T.);
#14068=PLANE('',#14069);
#14069=AXIS2_PLACEMENT_3D('',#4945,#14070,#14071);
#14070=DIRECTION('',(0,-0,1));
#14071=DIRECTION('',(0.7540561379890479,0.6568099730980355,0));
#14072=FACE_BOUND('',#14073,.T.);
#14073=EDGE_LOOP('',(#14074,#14075,#14076));
#14074=ORIENTED_EDGE('',*,*,#14077,.T.);
#14075=ORIENTED_EDGE('',*,*,#14078,.T.);
#14076=ORIENTED_EDGE('',*,*,#14079,.T.);
#14077=EDGE_CURVE('',#4946,#4938,#14080,.F.);
#14078=EDGE_CURVE('',#4938,#4936,#14081,.T.);
#14079=EDGE_CURVE('',#4936,#4946,#14082,.T.);
#14080=LINE('',#4945,#14083);
#14081=LINE('',#4937,#14084);
#14082=LINE('',#4935,#14085);
#14083=VECTOR('',#14086,1.0);
#14084=VECTOR('',#14087,1.0);
#14085=VECTOR('',#14088,1.0);
#14086=DIRECTION('',(0.7540561379890479,0.6568099730980355,0));
#14087=DIRECTION('',(-1,0,0));
#14088=DIRECTION('',(0.08536691171947575,-0.9963495824174762,0));
#14089=FACE_SURFACE('',(#14094),#14090,.T.);
#14090=PLANE('',#14091);
#14091=AXIS2_PLACEMENT_3D('',#4899,#14092,#14093);
#14092=DIRECTION('',(-0.9020303751495959,-0.4316725637650362,0));
#14093=DIRECTION('',(0.43167256376503627,-0.9020303751495959,0));
#14094=FACE_BOUND('',#14095,.T.);
#14095=EDGE_LOOP('',(#14096,#14097,#14098));
#14096=ORIENTED_EDGE('',*,*,#14099,.T.);
#14097=ORIENTED_EDGE('',*,*,#14100,.T.);
#14098=ORIENTED_EDGE('',*,*,#14101,.T.);
#14099=EDGE_CURVE('',#4900,#4892,#14102,.F.);
#14100=EDGE_CURVE('',#4892,#4948,#14103,.T.);
#14101=EDGE_CURVE('',#4948,#4900,#14104,.T.);
#14102=LINE('',#4899,#14105);
#14103=LINE('',#4891,#14106);
#14104=LINE('',#4947,#14107);
#14105=VECTOR('',#14108,1.0);
#14106=VECTOR('',#14109,1.0);
#14107=VECTOR('',#14110,1.0);
#14108=DIRECTION('',(0.43167256376503627,-0.9020303751495959,0));
#14109=DIRECTION('',(0,0,1));
#14110=DIRECTION('',(-0.00833255048883839,0.017411840071195703,-0.9998136808564314));
#14111=FACE_SURFACE('',(#14116),#14112,.T.);
#14112=PLANE('',#14113);
#14113=AXIS2_PLACEMENT_3D('',#4899,#14114,#14115);
#14114=DIRECTION('',(-0.9020303751495959,-0.4316725637650362,0));
#14115=DIRECTION('',(0.00833255048883839,-0.017411840071195703,0.9998136808564314));
#14116=FACE_BOUND('',#14117,.T.);
#14117=EDGE_LOOP('',(#14118,#14119,#14120));
#14118=ORIENTED_EDGE('',*,*,#14121,.T.);
#14119=ORIENTED_EDGE('',*,*,#14122,.T.);
#14120=ORIENTED_EDGE('',*,*,#14123,.T.);
#14121=EDGE_CURVE('',#4900,#4948,#14124,.F.);
#14122=EDGE_CURVE('',#4948,#4950,#14125,.T.);
#14123=EDGE_CURVE('',#4950,#4900,#14126,.T.);
#14124=LINE('',#4899,#14127);
#14125=LINE('',#4947,#14128);
#14126=LINE('',#4949,#14129);
#14127=VECTOR('',#14130,1.0);
#14128=VECTOR('',#14131,1.0);
#14129=VECTOR('',#14132,1.0);
#14130=DIRECTION('',(0.00833255048883839,-0.017411840071195703,0.9998136808564314));
#14131=DIRECTION('',(-0.43167256376503627,0.9020303751495959,0));
#14132=DIRECTION('',(0,0,-1));
#14133=FACE_SURFACE('',(#14138),#14134,.T.);
#14134=PLANE('',#14135);
#14135=AXIS2_PLACEMENT_3D('',#4843,#14136,#14137);
#14136=DIRECTION('',(0.4316736973269874,0.9020298326751996,0));
#14137=DIRECTION('',(-0.9020298326751995,0.43167369732698735,0));
#14138=FACE_BOUND('',#14139,.T.);
#14139=EDGE_LOOP('',(#14140,#14141,#14142));
#14140=ORIENTED_EDGE('',*,*,#14143,.T.);
#14141=ORIENTED_EDGE('',*,*,#14144,.T.);
#14142=ORIENTED_EDGE('',*,*,#14145,.T.);
#14143=EDGE_CURVE('',#4844,#4838,#14146,.F.);
#14144=EDGE_CURVE('',#4838,#4952,#14147,.T.);
#14145=EDGE_CURVE('',#4952,#4844,#14148,.T.);
#14146=LINE('',#4843,#14149);
#14147=LINE('',#4837,#14150);
#14148=LINE('',#4951,#14151);
#14149=VECTOR('',#14152,1.0);
#14150=VECTOR('',#14153,1.0);
#14151=VECTOR('',#14154,1.0);
#14152=DIRECTION('',(-0.9020298326751995,0.43167369732698735,0));
#14153=DIRECTION('',(0,0,1));
#14154=DIRECTION('',(0.01741184607727741,-0.008332580255328612,-0.9998136805037575));
#14155=FACE_SURFACE('',(#14160),#14156,.T.);
#14156=PLANE('',#14157);
#14157=AXIS2_PLACEMENT_3D('',#4843,#14158,#14159);
#14158=DIRECTION('',(0.4316736973269874,0.9020298326751996,-0));
#14159=DIRECTION('',(-0.01741184607727741,0.008332580255328612,0.9998136805037575));
#14160=FACE_BOUND('',#14161,.T.);
#14161=EDGE_LOOP('',(#14162,#14163,#14164));
#14162=ORIENTED_EDGE('',*,*,#14165,.T.);
#14163=ORIENTED_EDGE('',*,*,#14166,.T.);
#14164=ORIENTED_EDGE('',*,*,#14167,.T.);
#14165=EDGE_CURVE('',#4844,#4952,#14168,.F.);
#14166=EDGE_CURVE('',#4952,#4954,#14169,.T.);
#14167=EDGE_CURVE('',#4954,#4844,#14170,.T.);
#14168=LINE('',#4843,#14171);
#14169=LINE('',#4951,#14172);
#14170=LINE('',#4953,#14173);
#14171=VECTOR('',#14174,1.0);
#14172=VECTOR('',#14175,1.0);
#14173=VECTOR('',#14176,1.0);
#14174=DIRECTION('',(-0.01741184607727741,0.008332580255328612,0.9998136805037575));
#14175=DIRECTION('',(0.9020298326751995,-0.43167369732698735,0));
#14176=DIRECTION('',(0,0,-1));
#14177=FACE_SURFACE('',(#14182),#14178,.T.);
#14178=PLANE('',#14179);
#14179=AXIS2_PLACEMENT_3D('',#4955,#14180,#14181);
#14180=DIRECTION('',(-0.7892176723158809,-0.6141135609187464,0));
#14181=DIRECTION('',(-0.6141135609187464,0.789217672315881,0));
#14182=FACE_BOUND('',#14183,.T.);
#14183=EDGE_LOOP('',(#14184,#14185,#14186));
#14184=ORIENTED_EDGE('',*,*,#14187,.T.);
#14185=ORIENTED_EDGE('',*,*,#14188,.T.);
#14186=ORIENTED_EDGE('',*,*,#14189,.T.);
#14187=EDGE_CURVE('',#4956,#4958,#14190,.F.);
#14188=EDGE_CURVE('',#4958,#4902,#14191,.T.);
#14189=EDGE_CURVE('',#4902,#4956,#14192,.T.);
#14190=LINE('',#4955,#14193);
#14191=LINE('',#4957,#14194);
#14192=LINE('',#4901,#14195);
#14193=VECTOR('',#14196,1.0);
#14194=VECTOR('',#14197,1.0);
#14195=VECTOR('',#14198,1.0);
#14196=DIRECTION('',(-0.6141135609187464,0.789217672315881,0));
#14197=DIRECTION('',(0,0,-1));
#14198=DIRECTION('',(0.003675594185563683,-0.004723627798038754,0.9999820885134937));
#14199=FACE_SURFACE('',(#14204),#14200,.T.);
#14200=PLANE('',#14201);
#14201=AXIS2_PLACEMENT_3D('',#4901,#14202,#14203);
#14202=DIRECTION('',(-0.7892167538865814,-0.6141147412208301,0));
#14203=DIRECTION('',(0.6141147412208302,-0.7892167538865814,0));
#14204=FACE_BOUND('',#14205,.T.);
#14205=EDGE_LOOP('',(#14206,#14207,#14208));
#14206=ORIENTED_EDGE('',*,*,#14209,.T.);
#14207=ORIENTED_EDGE('',*,*,#14210,.T.);
#14208=ORIENTED_EDGE('',*,*,#14211,.T.);
#14209=EDGE_CURVE('',#4902,#4900,#14212,.F.);
#14210=EDGE_CURVE('',#4900,#4950,#14213,.T.);
#14211=EDGE_CURVE('',#4950,#4902,#14214,.T.);
#14212=LINE('',#4901,#14215);
#14213=LINE('',#4899,#14216);
#14214=LINE('',#4949,#14217);
#14215=VECTOR('',#14218,1.0);
#14216=VECTOR('',#14219,1.0);
#14217=VECTOR('',#14220,1.0);
#14218=DIRECTION('',(0.6141147412208302,-0.7892167538865814,0));
#14219=DIRECTION('',(0,0,1));
#14220=DIRECTION('',(-0.011639578872488341,0.014958362074309539,-0.9998203676699755));
#14221=FACE_SURFACE('',(#14226),#14222,.T.);
#14222=PLANE('',#14223);
#14223=AXIS2_PLACEMENT_3D('',#4955,#14224,#14225);
#14224=DIRECTION('',(-0.7892163301050329,-0.6141152858344624,-1.3081516524728568E-08));
#14225=DIRECTION('',(-0.003675594185563683,0.004723627798038754,-0.9999820885134937));
#14226=FACE_BOUND('',#14227,.T.);
#14227=EDGE_LOOP('',(#14228,#14229,#14230));
#14228=ORIENTED_EDGE('',*,*,#14231,.T.);
#14229=ORIENTED_EDGE('',*,*,#14232,.T.);
#14230=ORIENTED_EDGE('',*,*,#14233,.T.);
#14231=EDGE_CURVE('',#4956,#4902,#14234,.F.);
#14232=EDGE_CURVE('',#4902,#4950,#14235,.T.);
#14233=EDGE_CURVE('',#4950,#4956,#14236,.T.);
#14234=LINE('',#4955,#14237);
#14235=LINE('',#4901,#14238);
#14236=LINE('',#4949,#14239);
#14237=VECTOR('',#14240,1.0);
#14238=VECTOR('',#14241,1.0);
#14239=VECTOR('',#14242,1.0);
#14240=DIRECTION('',(-0.003675594185563683,0.004723627798038754,-0.9999820885134937));
#14241=DIRECTION('',(0.011639578872488341,-0.014958362074309539,0.9998203676699755));
#14242=DIRECTION('',(-0.6141152858344625,0.7892163301050329,0));
#14243=FACE_SURFACE('',(#14248),#14244,.T.);
#14244=PLANE('',#14245);
#14245=AXIS2_PLACEMENT_3D('',#4959,#14246,#14247);
#14246=DIRECTION('',(0.2562727326311966,0.9666045140127058,0));
#14247=DIRECTION('',(0.9666045140127059,-0.2562727326311966,0));
#14248=FACE_BOUND('',#14249,.T.);
#14249=EDGE_LOOP('',(#14250,#14251,#14252));
#14250=ORIENTED_EDGE('',*,*,#14253,.T.);
#14251=ORIENTED_EDGE('',*,*,#14254,.T.);
#14252=ORIENTED_EDGE('',*,*,#14255,.T.);
#14253=EDGE_CURVE('',#4960,#4962,#14256,.F.);
#14254=EDGE_CURVE('',#4962,#4852,#14257,.T.);
#14255=EDGE_CURVE('',#4852,#4960,#14258,.T.);
#14256=LINE('',#4959,#14259);
#14257=LINE('',#4961,#14260);
#14258=LINE('',#4851,#14261);
#14259=VECTOR('',#14262,1.0);
#14260=VECTOR('',#14263,1.0);
#14261=VECTOR('',#14264,1.0);
#14262=DIRECTION('',(0.9666045140127059,-0.2562727326311966,0));
#14263=DIRECTION('',(0,0,-1));
#14264=DIRECTION('',(-0.016513410311562813,0.004378147136967285,0.999854058904363));
#14265=FACE_SURFACE('',(#14270),#14266,.T.);
#14266=PLANE('',#14267);
#14267=AXIS2_PLACEMENT_3D('',#4851,#14268,#14269);
#14268=DIRECTION('',(0.2562715384102133,0.9666048306318682,0));
#14269=DIRECTION('',(-0.9666048306318682,0.2562715384102133,0));
#14270=FACE_BOUND('',#14271,.T.);
#14271=EDGE_LOOP('',(#14272,#14273,#14274));
#14272=ORIENTED_EDGE('',*,*,#14275,.T.);
#14273=ORIENTED_EDGE('',*,*,#14276,.T.);
#14274=ORIENTED_EDGE('',*,*,#14277,.T.);
#14275=EDGE_CURVE('',#4852,#4844,#14278,.F.);
#14276=EDGE_CURVE('',#4844,#4954,#14279,.T.);
#14277=EDGE_CURVE('',#4954,#4852,#14280,.T.);
#14278=LINE('',#4851,#14281);
#14279=LINE('',#4843,#14282);
#14280=LINE('',#4953,#14283);
#14281=VECTOR('',#14284,1.0);
#14282=VECTOR('',#14285,1.0);
#14283=VECTOR('',#14286,1.0);
#14284=DIRECTION('',(-0.9666048306318682,0.2562715384102133,0));
#14285=DIRECTION('',(0,0,1));
#14286=DIRECTION('',(0.018999992728050714,-0.00503738157714095,-0.9998067938672853));
#14287=FACE_SURFACE('',(#14292),#14288,.T.);
#14288=PLANE('',#14289);
#14289=AXIS2_PLACEMENT_3D('',#4959,#14290,#14291);
#14290=DIRECTION('',(0.25626361041474616,0.9666069325104043,-1.6125097511582165E-07));
#14291=DIRECTION('',(0.016513410311562813,-0.004378147136967285,-0.999854058904363));
#14292=FACE_BOUND('',#14293,.T.);
#14293=EDGE_LOOP('',(#14294,#14295,#14296));
#14294=ORIENTED_EDGE('',*,*,#14297,.T.);
#14295=ORIENTED_EDGE('',*,*,#14298,.T.);
#14296=ORIENTED_EDGE('',*,*,#14299,.T.);
#14297=EDGE_CURVE('',#4960,#4852,#14300,.F.);
#14298=EDGE_CURVE('',#4852,#4954,#14301,.T.);
#14299=EDGE_CURVE('',#4954,#4960,#14302,.T.);
#14300=LINE('',#4959,#14303);
#14301=LINE('',#4851,#14304);
#14302=LINE('',#4953,#14305);
#14303=VECTOR('',#14306,1.0);
#14304=VECTOR('',#14307,1.0);
#14305=VECTOR('',#14308,1.0);
#14306=DIRECTION('',(0.016513410311562813,-0.004378147136967285,-0.999854058904363));
#14307=DIRECTION('',(-0.018999992728050714,0.00503738157714095,0.9998067938672853));
#14308=DIRECTION('',(0.9666069325104168,-0.25626361041474943,0));
#14309=FACE_SURFACE('',(#14314),#14310,.T.);
#14310=PLANE('',#14311);
#14311=AXIS2_PLACEMENT_3D('',#4963,#14312,#14313);
#14312=DIRECTION('',(-0.6141141584637715,-0.7892172073481,0));
#14313=DIRECTION('',(-0.7892172073481,0.6141141584637715,0));
#14314=FACE_BOUND('',#14315,.T.);
#14315=EDGE_LOOP('',(#14316,#14317,#14318));
#14316=ORIENTED_EDGE('',*,*,#14319,.T.);
#14317=ORIENTED_EDGE('',*,*,#14320,.T.);
#14318=ORIENTED_EDGE('',*,*,#14321,.T.);
#14319=EDGE_CURVE('',#4964,#4966,#14322,.F.);
#14320=EDGE_CURVE('',#4966,#4904,#14323,.T.);
#14321=EDGE_CURVE('',#4904,#4964,#14324,.T.);
#14322=LINE('',#4963,#14325);
#14323=LINE('',#4965,#14326);
#14324=LINE('',#4903,#14327);
#14325=VECTOR('',#14328,1.0);
#14326=VECTOR('',#14329,1.0);
#14327=VECTOR('',#14330,1.0);
#14328=DIRECTION('',(-0.7892172073481,0.6141141584637715,0));
#14329=DIRECTION('',(0,0,-1));
#14330=DIRECTION('',(0.010236502364108297,-0.007965337015484054,0.9999158801747171));
#14331=FACE_SURFACE('',(#14336),#14332,.T.);
#14332=PLANE('',#14333);
#14333=AXIS2_PLACEMENT_3D('',#4903,#14334,#14335);
#14334=DIRECTION('',(-0.6141135931229686,-0.7892176472568242,0));
#14335=DIRECTION('',(0.7892176472568242,-0.6141135931229686,0));
#14336=FACE_BOUND('',#14337,.T.);
#14337=EDGE_LOOP('',(#14338,#14339,#14340));
#14338=ORIENTED_EDGE('',*,*,#14341,.T.);
#14339=ORIENTED_EDGE('',*,*,#14342,.T.);
#14340=ORIENTED_EDGE('',*,*,#14343,.T.);
#14341=EDGE_CURVE('',#4904,#4902,#14344,.F.);
#14342=EDGE_CURVE('',#4902,#4958,#14345,.T.);
#14343=EDGE_CURVE('',#4958,#4904,#14346,.T.);
#14344=LINE('',#4903,#14347);
#14345=LINE('',#4901,#14348);
#14346=LINE('',#4957,#14349);
#14347=VECTOR('',#14350,1.0);
#14348=VECTOR('',#14351,1.0);
#14349=VECTOR('',#14352,1.0);
#14350=DIRECTION('',(0.7892176472568242,-0.6141135931229686,0));
#14351=DIRECTION('',(0,0,1));
#14352=DIRECTION('',(-0.01495839214843555,0.011639567338043616,-0.9998203673543147));
#14353=FACE_SURFACE('',(#14358),#14354,.T.);
#14354=PLANE('',#14355);
#14355=AXIS2_PLACEMENT_3D('',#4963,#14356,#14357);
#14356=DIRECTION('',(-0.6141123678980609,-0.7892186006390346,-2.942963759965142E-08));
#14357=DIRECTION('',(-0.010236502364108297,0.007965337015484054,-0.9999158801747171));
#14358=FACE_BOUND('',#14359,.T.);
#14359=EDGE_LOOP('',(#14360,#14361,#14362));
#14360=ORIENTED_EDGE('',*,*,#14363,.T.);
#14361=ORIENTED_EDGE('',*,*,#14364,.T.);
#14362=ORIENTED_EDGE('',*,*,#14365,.T.);
#14363=EDGE_CURVE('',#4964,#4904,#14366,.F.);
#14364=EDGE_CURVE('',#4904,#4958,#14367,.T.);
#14365=EDGE_CURVE('',#4958,#4964,#14368,.T.);
#14366=LINE('',#4963,#14369);
#14367=LINE('',#4903,#14370);
#14368=LINE('',#4957,#14371);
#14369=VECTOR('',#14372,1.0);
#14370=VECTOR('',#14373,1.0);
#14371=VECTOR('',#14374,1.0);
#14372=DIRECTION('',(-0.010236502364108297,0.007965337015484054,-0.9999158801747171));
#14373=DIRECTION('',(0.01495839214843555,-0.011639567338043616,0.9998203673543147));
#14374=DIRECTION('',(-0.7892186006390348,0.6141123678980611,0));
#14375=FACE_SURFACE('',(#14380),#14376,.T.);
#14376=PLANE('',#14377);
#14377=AXIS2_PLACEMENT_3D('',#4855,#14378,#14379);
#14378=DIRECTION('',(0.08536819158839115,0.9963494727578911,0));
#14379=DIRECTION('',(-0.9963494727578912,0.08536819158839115,0));
#14380=FACE_BOUND('',#14381,.T.);
#14381=EDGE_LOOP('',(#14382,#14383,#14384));
#14382=ORIENTED_EDGE('',*,*,#14385,.T.);
#14383=ORIENTED_EDGE('',*,*,#14386,.T.);
#14384=ORIENTED_EDGE('',*,*,#14387,.T.);
#14385=EDGE_CURVE('',#4856,#4852,#14388,.F.);
#14386=EDGE_CURVE('',#4852,#4962,#14389,.T.);
#14387=EDGE_CURVE('',#4962,#4856,#14390,.T.);
#14388=LINE('',#4855,#14391);
#14389=LINE('',#4851,#14392);
#14390=LINE('',#4961,#14393);
#14391=VECTOR('',#14394,1.0);
#14392=VECTOR('',#14395,1.0);
#14393=VECTOR('',#14396,1.0);
#14394=DIRECTION('',(-0.9963494727578912,0.08536819158839115,0));
#14395=DIRECTION('',(0,0,1));
#14396=DIRECTION('',(0.01978219669645873,-0.0016949578474187558,-0.9998028764770374));
#14397=FACE_SURFACE('',(#14402),#14398,.T.);
#14398=PLANE('',#14399);
#14399=AXIS2_PLACEMENT_3D('',#4855,#14400,#14401);
#14400=DIRECTION('',(0.08536819158839115,0.9963494727578911,-0));
#14401=DIRECTION('',(-0.01978219669645873,0.0016949578474187558,0.9998028764770374));
#14402=FACE_BOUND('',#14403,.T.);
#14403=EDGE_LOOP('',(#14404,#14405,#14406));
#14404=ORIENTED_EDGE('',*,*,#14407,.T.);
#14405=ORIENTED_EDGE('',*,*,#14408,.T.);
#14406=ORIENTED_EDGE('',*,*,#14409,.T.);
#14407=EDGE_CURVE('',#4856,#4962,#14410,.F.);
#14408=EDGE_CURVE('',#4962,#4968,#14411,.T.);
#14409=EDGE_CURVE('',#4968,#4856,#14412,.T.);
#14410=LINE('',#4855,#14413);
#14411=LINE('',#4961,#14414);
#14412=LINE('',#4967,#14415);
#14413=VECTOR('',#14416,1.0);
#14414=VECTOR('',#14417,1.0);
#14415=VECTOR('',#14418,1.0);
#14416=DIRECTION('',(-0.01978219669645873,0.0016949578474187558,0.9998028764770374));
#14417=DIRECTION('',(0.9963494727578912,-0.08536819158839115,0));
#14418=DIRECTION('',(0,0,-1));
#14419=FACE_SURFACE('',(#14424),#14420,.T.);
#14420=PLANE('',#14421);
#14421=AXIS2_PLACEMENT_3D('',#4969,#14422,#14423);
#14422=DIRECTION('',(-0.43167377667898965,-0.9020297947006505,-0));
#14423=DIRECTION('',(0,0,-1));
#14424=FACE_BOUND('',#14425,.T.);
#14425=EDGE_LOOP('',(#14426,#14427,#14428));
#14426=ORIENTED_EDGE('',*,*,#14429,.T.);
#14427=ORIENTED_EDGE('',*,*,#14430,.T.);
#14428=ORIENTED_EDGE('',*,*,#14431,.T.);
#14429=EDGE_CURVE('',#4970,#4906,#14432,.F.);
#14430=EDGE_CURVE('',#4906,#4904,#14433,.T.);
#14431=EDGE_CURVE('',#4904,#4970,#14434,.T.);
#14432=LINE('',#4969,#14435);
#14433=LINE('',#4905,#14436);
#14434=LINE('',#4903,#14437);
#14435=VECTOR('',#14438,1.0);
#14436=VECTOR('',#14439,1.0);
#14437=VECTOR('',#14440,1.0);
#14438=DIRECTION('',(0,0,-1));
#14439=DIRECTION('',(0.9020297947006506,-0.43167377667898965,0));
#14440=DIRECTION('',(-0.017411842144733656,0.00833258025589934,0.9998136805722384));
#14441=FACE_SURFACE('',(#14446),#14442,.T.);
#14442=PLANE('',#14443);
#14443=AXIS2_PLACEMENT_3D('',#4969,#14444,#14445);
#14444=DIRECTION('',(-0.43167377667898965,-0.9020297947006505,0));
#14445=DIRECTION('',(0.017411842144733656,-0.00833258025589934,-0.9998136805722384));
#14446=FACE_BOUND('',#14447,.T.);
#14447=EDGE_LOOP('',(#14448,#14449,#14450));
#14448=ORIENTED_EDGE('',*,*,#14451,.T.);
#14449=ORIENTED_EDGE('',*,*,#14452,.T.);
#14450=ORIENTED_EDGE('',*,*,#14453,.T.);
#14451=EDGE_CURVE('',#4970,#4904,#14454,.F.);
#14452=EDGE_CURVE('',#4904,#4966,#14455,.T.);
#14453=EDGE_CURVE('',#4966,#4970,#14456,.T.);
#14454=LINE('',#4969,#14457);
#14455=LINE('',#4903,#14458);
#14456=LINE('',#4965,#14459);
#14457=VECTOR('',#14460,1.0);
#14458=VECTOR('',#14461,1.0);
#14459=VECTOR('',#14462,1.0);
#14460=DIRECTION('',(0.017411842144733656,-0.00833258025589934,-0.9998136805722384));
#14461=DIRECTION('',(0,0,1));
#14462=DIRECTION('',(-0.9020297947006506,0.43167377667898965,0));
#14463=FACE_SURFACE('',(#14468),#14464,.T.);
#14464=PLANE('',#14465);
#14465=AXIS2_PLACEMENT_3D('',#4971,#14466,#14467);
#14466=DIRECTION('',(-0.08536524449658692,0.9963497252631919,0));
#14467=DIRECTION('',(0,0,-1));
#14468=FACE_BOUND('',#14469,.T.);
#14469=EDGE_LOOP('',(#14470,#14471,#14472));
#14470=ORIENTED_EDGE('',*,*,#14473,.T.);
#14471=ORIENTED_EDGE('',*,*,#14474,.T.);
#14472=ORIENTED_EDGE('',*,*,#14475,.T.);
#14473=EDGE_CURVE('',#4972,#4860,#14476,.F.);
#14474=EDGE_CURVE('',#4860,#4856,#14477,.T.);
#14475=EDGE_CURVE('',#4856,#4972,#14478,.T.);
#14476=LINE('',#4971,#14479);
#14477=LINE('',#4859,#14480);
#14478=LINE('',#4855,#14481);
#14479=VECTOR('',#14482,1.0);
#14480=VECTOR('',#14483,1.0);
#14481=VECTOR('',#14484,1.0);
#14482=DIRECTION('',(0,0,-1));
#14483=DIRECTION('',(-0.9963497252631919,-0.0853652444965869,0));
#14484=DIRECTION('',(0.019782195792443627,0.001694898826870474,0.9998028765949797));
#14485=FACE_SURFACE('',(#14490),#14486,.T.);
#14486=PLANE('',#14487);
#14487=AXIS2_PLACEMENT_3D('',#4967,#14488,#14489);
#14488=DIRECTION('',(0,0,1));
#14489=DIRECTION('',(1,0,0));
#14490=FACE_BOUND('',#14491,.T.);
#14491=EDGE_LOOP('',(#14492,#14493,#14494));
#14492=ORIENTED_EDGE('',*,*,#14495,.T.);
#14493=ORIENTED_EDGE('',*,*,#14496,.T.);
#14494=ORIENTED_EDGE('',*,*,#14497,.T.);
#14495=EDGE_CURVE('',#4968,#4974,#14498,.F.);
#14496=EDGE_CURVE('',#4974,#4972,#14499,.T.);
#14497=EDGE_CURVE('',#4972,#4968,#14500,.T.);
#14498=LINE('',#4967,#14501);
#14499=LINE('',#4973,#14502);
#14500=LINE('',#4971,#14503);
#14501=VECTOR('',#14504,1.0);
#14502=VECTOR('',#14505,1.0);
#14503=VECTOR('',#14506,1.0);
#14504=DIRECTION('',(1,0,0));
#14505=DIRECTION('',(0.9963497251953826,0.08536524528803156,0));
#14506=DIRECTION('',(-0.9963497252631919,-0.0853652444965869,0));
#14507=FACE_SURFACE('',(#14512),#14508,.T.);
#14508=PLANE('',#14509);
#14509=AXIS2_PLACEMENT_3D('',#4971,#14510,#14511);
#14510=DIRECTION('',(-0.08536524449658692,0.9963497252631919,0));
#14511=DIRECTION('',(-0.019782195792443627,-0.001694898826870474,-0.9998028765949797));
#14512=FACE_BOUND('',#14513,.T.);
#14513=EDGE_LOOP('',(#14514,#14515,#14516));
#14514=ORIENTED_EDGE('',*,*,#14517,.T.);
#14515=ORIENTED_EDGE('',*,*,#14518,.T.);
#14516=ORIENTED_EDGE('',*,*,#14519,.T.);
#14517=EDGE_CURVE('',#4972,#4856,#14520,.F.);
#14518=EDGE_CURVE('',#4856,#4968,#14521,.T.);
#14519=EDGE_CURVE('',#4968,#4972,#14522,.T.);
#14520=LINE('',#4971,#14523);
#14521=LINE('',#4855,#14524);
#14522=LINE('',#4967,#14525);
#14523=VECTOR('',#14526,1.0);
#14524=VECTOR('',#14527,1.0);
#14525=VECTOR('',#14528,1.0);
#14526=DIRECTION('',(-0.019782195792443627,-0.001694898826870474,-0.9998028765949797));
#14527=DIRECTION('',(0,0,1));
#14528=DIRECTION('',(0.9963497252631919,0.0853652444965869,0));
#14529=FACE_SURFACE('',(#14534),#14530,.T.);
#14530=PLANE('',#14531);
#14531=AXIS2_PLACEMENT_3D('',#4975,#14532,#14533);
#14532=DIRECTION('',(-0.25627278967206746,-0.9666044988896422,0));
#14533=DIRECTION('',(-0.9666044988896422,0.2562727896720674,0));
#14534=FACE_BOUND('',#14535,.T.);
#14535=EDGE_LOOP('',(#14536,#14537,#14538));
#14536=ORIENTED_EDGE('',*,*,#14539,.T.);
#14537=ORIENTED_EDGE('',*,*,#14540,.T.);
#14538=ORIENTED_EDGE('',*,*,#14541,.T.);
#14539=EDGE_CURVE('',#4976,#4978,#14542,.F.);
#14540=EDGE_CURVE('',#4978,#4912,#14543,.T.);
#14541=EDGE_CURVE('',#4912,#4976,#14544,.T.);
#14542=LINE('',#4975,#14545);
#14543=LINE('',#4977,#14546);
#14544=LINE('',#4911,#14547);
#14545=VECTOR('',#14548,1.0);
#14546=VECTOR('',#14549,1.0);
#14547=VECTOR('',#14550,1.0);
#14548=DIRECTION('',(-0.9666044988896422,0.2562727896720674,0));
#14549=DIRECTION('',(0,0,-1));
#14550=DIRECTION('',(0.016513406378740336,-0.004378147137251698,0.9998540589693153));
#14551=FACE_SURFACE('',(#14556),#14552,.T.);
#14552=PLANE('',#14553);
#14553=AXIS2_PLACEMENT_3D('',#4911,#14554,#14555);
#14554=DIRECTION('',(-0.25627439341341235,-0.9666040736933542,0));
#14555=DIRECTION('',(0.9666040736933543,-0.2562743934134124,0));
#14556=FACE_BOUND('',#14557,.T.);
#14557=EDGE_LOOP('',(#14558,#14559,#14560));
#14558=ORIENTED_EDGE('',*,*,#14561,.T.);
#14559=ORIENTED_EDGE('',*,*,#14562,.T.);
#14560=ORIENTED_EDGE('',*,*,#14563,.T.);
#14561=EDGE_CURVE('',#4912,#4906,#14564,.F.);
#14562=EDGE_CURVE('',#4906,#4970,#14565,.T.);
#14563=EDGE_CURVE('',#4970,#4912,#14566,.T.);
#14564=LINE('',#4911,#14567);
#14565=LINE('',#4905,#14568);
#14566=LINE('',#4969,#14569);
#14567=VECTOR('',#14570,1.0);
#14568=VECTOR('',#14571,1.0);
#14569=VECTOR('',#14572,1.0);
#14570=DIRECTION('',(0.9666040736933543,-0.2562743934134124,0));
#14571=DIRECTION('',(0,0,1));
#14572=DIRECTION('',(-0.018999988790112582,0.0050374405969992285,-0.9998067936447558));
#14573=FACE_SURFACE('',(#14578),#14574,.T.);
#14574=PLANE('',#14575);
#14575=AXIS2_PLACEMENT_3D('',#4975,#14576,#14577);
#14576=DIRECTION('',(-0.256285039968319,-0.9666012509242838,2.1654579341263734E-07));
#14577=DIRECTION('',(-0.016513406378740336,0.004378147137251698,-0.9998540589693153));
#14578=FACE_BOUND('',#14579,.T.);
#14579=EDGE_LOOP('',(#14580,#14581,#14582));
#14580=ORIENTED_EDGE('',*,*,#14583,.T.);
#14581=ORIENTED_EDGE('',*,*,#14584,.T.);
#14582=ORIENTED_EDGE('',*,*,#14585,.T.);
#14583=EDGE_CURVE('',#4976,#4912,#14586,.F.);
#14584=EDGE_CURVE('',#4912,#4970,#14587,.T.);
#14585=EDGE_CURVE('',#4970,#4976,#14588,.T.);
#14586=LINE('',#4975,#14589);
#14587=LINE('',#4911,#14590);
#14588=LINE('',#4969,#14591);
#14589=VECTOR('',#14592,1.0);
#14590=VECTOR('',#14593,1.0);
#14591=VECTOR('',#14594,1.0);
#14592=DIRECTION('',(-0.016513406378740336,0.004378147137251698,-0.9998540589693153));
#14593=DIRECTION('',(0.018999988790112582,-0.0050374405969992285,0.9998067936447558));
#14594=DIRECTION('',(-0.9666012509243065,0.25628503996832497,0));
#14595=FACE_SURFACE('',(#14600),#14596,.T.);
#14596=PLANE('',#14597);
#14597=AXIS2_PLACEMENT_3D('',#4979,#14598,#14599);
#14598=DIRECTION('',(-0.25626398907564024,0.9666068321210233,0));
#14599=DIRECTION('',(0.9666068321210234,0.2562639890756403,0));
#14600=FACE_BOUND('',#14601,.T.);
#14601=EDGE_LOOP('',(#14602,#14603,#14604));
#14602=ORIENTED_EDGE('',*,*,#14605,.T.);
#14603=ORIENTED_EDGE('',*,*,#14606,.T.);
#14604=ORIENTED_EDGE('',*,*,#14607,.T.);
#14605=EDGE_CURVE('',#4980,#4982,#14608,.F.);
#14606=EDGE_CURVE('',#4982,#4864,#14609,.T.);
#14607=EDGE_CURVE('',#4864,#4980,#14610,.T.);
#14608=LINE('',#4979,#14611);
#14609=LINE('',#4981,#14612);
#14610=LINE('',#4863,#14613);
#14611=VECTOR('',#14614,1.0);
#14612=VECTOR('',#14615,1.0);
#14613=VECTOR('',#14616,1.0);
#14614=DIRECTION('',(0.9666068321210234,0.2562639890756403,0));
#14615=DIRECTION('',(0,0,-1));
#14616=DIRECTION('',(-0.0024878315294003593,-0.0006595666518033303,0.9999966878275713));
#14617=FACE_SURFACE('',(#14622),#14618,.T.);
#14618=PLANE('',#14619);
#14619=AXIS2_PLACEMENT_3D('',#4863,#14620,#14621);
#14620=DIRECTION('',(-0.25627439341341235,0.9666040736933542,0));
#14621=DIRECTION('',(-0.9666040736933543,-0.2562743934134124,0));
#14622=FACE_BOUND('',#14623,.T.);
#14623=EDGE_LOOP('',(#14624,#14625,#14626));
#14624=ORIENTED_EDGE('',*,*,#14627,.T.);
#14625=ORIENTED_EDGE('',*,*,#14628,.T.);
#14626=ORIENTED_EDGE('',*,*,#14629,.T.);
#14627=EDGE_CURVE('',#4864,#4860,#14630,.F.);
#14628=EDGE_CURVE('',#4860,#4972,#14631,.T.);
#14629=EDGE_CURVE('',#4972,#4864,#14632,.T.);
#14630=LINE('',#4863,#14633);
#14631=LINE('',#4859,#14634);
#14632=LINE('',#4971,#14635);
#14633=VECTOR('',#14636,1.0);
#14634=VECTOR('',#14637,1.0);
#14635=VECTOR('',#14638,1.0);
#14636=DIRECTION('',(-0.9666040736933543,-0.2562743934134124,0));
#14637=DIRECTION('',(0,0,1));
#14638=DIRECTION('',(0.018999988790112582,0.0050374405969992285,-0.9998067936447558));
#14639=FACE_SURFACE('',(#14644),#14640,.T.);
#14640=PLANE('',#14641);
#14641=AXIS2_PLACEMENT_3D('',#4979,#14642,#14643);
#14642=DIRECTION('',(-0.2562759606499635,0.9666036581727473,-3.187679607672888E-08));
#14643=DIRECTION('',(0.0024878315294003593,0.0006595666518033303,-0.9999966878275713));
#14644=FACE_BOUND('',#14645,.T.);
#14645=EDGE_LOOP('',(#14646,#14647,#14648));
#14646=ORIENTED_EDGE('',*,*,#14649,.T.);
#14647=ORIENTED_EDGE('',*,*,#14650,.T.);
#14648=ORIENTED_EDGE('',*,*,#14651,.T.);
#14649=EDGE_CURVE('',#4980,#4864,#14652,.F.);
#14650=EDGE_CURVE('',#4864,#4972,#14653,.T.);
#14651=EDGE_CURVE('',#4972,#4980,#14654,.T.);
#14652=LINE('',#4979,#14655);
#14653=LINE('',#4863,#14656);
#14654=LINE('',#4971,#14657);
#14655=VECTOR('',#14658,1.0);
#14656=VECTOR('',#14659,1.0);
#14657=VECTOR('',#14660,1.0);
#14658=DIRECTION('',(0.0024878315294003593,0.0006595666518033303,-0.9999966878275713));
#14659=DIRECTION('',(-0.018999988790112582,-0.0050374405969992285,0.9998067936447558));
#14660=DIRECTION('',(0.9666036581727478,0.25627596064996366,0));
#14661=FACE_SURFACE('',(#14666),#14662,.T.);
#14662=PLANE('',#14663);
#14663=AXIS2_PLACEMENT_3D('',#4983,#14664,#14665);
#14664=DIRECTION('',(0.789216330105033,-0.6141152858344625,0));
#14665=DIRECTION('',(-0.6141152858344625,-0.7892163301050329,0));
#14666=FACE_BOUND('',#14667,.T.);
#14667=EDGE_LOOP('',(#14668,#14669,#14670));
#14668=ORIENTED_EDGE('',*,*,#14671,.T.);
#14669=ORIENTED_EDGE('',*,*,#14672,.T.);
#14670=ORIENTED_EDGE('',*,*,#14673,.T.);
#14671=EDGE_CURVE('',#4984,#4986,#14674,.F.);
#14672=EDGE_CURVE('',#4986,#4930,#14675,.T.);
#14673=EDGE_CURVE('',#4930,#4984,#14676,.T.);
#14674=LINE('',#4983,#14677);
#14675=LINE('',#4985,#14678);
#14676=LINE('',#4929,#14679);
#14677=VECTOR('',#14680,1.0);
#14678=VECTOR('',#14681,1.0);
#14679=VECTOR('',#14682,1.0);
#14680=DIRECTION('',(-0.6141152858344625,-0.7892163301050329,0));
#14681=DIRECTION('',(0,0,-1));
#14682=DIRECTION('',(0.007965339973301275,0.010236475995261701,0.9999158804211024));
#14683=FACE_SURFACE('',(#14688),#14684,.T.);
#14684=PLANE('',#14685);
#14685=AXIS2_PLACEMENT_3D('',#4929,#14686,#14687);
#14686=DIRECTION('',(0.7892167538865814,-0.6141147412208301,0));
#14687=DIRECTION('',(0.6141147412208302,0.7892167538865814,0));
#14688=FACE_BOUND('',#14689,.T.);
#14689=EDGE_LOOP('',(#14690,#14691,#14692));
#14690=ORIENTED_EDGE('',*,*,#14693,.T.);
#14691=ORIENTED_EDGE('',*,*,#14694,.T.);
#14692=ORIENTED_EDGE('',*,*,#14695,.T.);
#14693=EDGE_CURVE('',#4930,#4934,#14696,.F.);
#14694=EDGE_CURVE('',#4934,#4988,#14697,.T.);
#14695=EDGE_CURVE('',#4988,#4930,#14698,.T.);
#14696=LINE('',#4929,#14699);
#14697=LINE('',#4933,#14700);
#14698=LINE('',#4987,#14701);
#14699=VECTOR('',#14702,1.0);
#14700=VECTOR('',#14703,1.0);
#14701=VECTOR('',#14704,1.0);
#14702=DIRECTION('',(0.6141147412208302,0.7892167538865814,0));
#14703=DIRECTION('',(0,0,1));
#14704=DIRECTION('',(-0.011639578872488341,-0.014958362074309539,-0.9998203676699755));
#14705=FACE_SURFACE('',(#14710),#14706,.T.);
#14706=PLANE('',#14707);
#14707=AXIS2_PLACEMENT_3D('',#4983,#14708,#14709);
#14708=DIRECTION('',(0.7892176723158805,-0.614113560918746,-2.8350608884826943E-08));
#14709=DIRECTION('',(-0.007965339973301275,-0.010236475995261701,-0.9999158804211024));
#14710=FACE_BOUND('',#14711,.T.);
#14711=EDGE_LOOP('',(#14712,#14713,#14714));
#14712=ORIENTED_EDGE('',*,*,#14715,.T.);
#14713=ORIENTED_EDGE('',*,*,#14716,.T.);
#14714=ORIENTED_EDGE('',*,*,#14717,.T.);
#14715=EDGE_CURVE('',#4984,#4930,#14718,.F.);
#14716=EDGE_CURVE('',#4930,#4988,#14719,.T.);
#14717=EDGE_CURVE('',#4988,#4984,#14720,.T.);
#14718=LINE('',#4983,#14721);
#14719=LINE('',#4929,#14722);
#14720=LINE('',#4987,#14723);
#14721=VECTOR('',#14724,1.0);
#14722=VECTOR('',#14725,1.0);
#14723=VECTOR('',#14726,1.0);
#14724=DIRECTION('',(-0.007965339973301275,-0.010236475995261701,-0.9999158804211024));
#14725=DIRECTION('',(0.011639578872488341,0.014958362074309539,0.9998203676699755));
#14726=DIRECTION('',(-0.6141135609187464,-0.789217672315881,0));
#14727=FACE_SURFACE('',(#14732),#14728,.T.);
#14728=PLANE('',#14729);
#14729=AXIS2_PLACEMENT_3D('',#4989,#14730,#14731);
#14730=DIRECTION('',(-0,-1,0));
#14731=DIRECTION('',(-1,0,0));
#14732=FACE_BOUND('',#14733,.T.);
#14733=EDGE_LOOP('',(#14734,#14735,#14736));
#14734=ORIENTED_EDGE('',*,*,#14737,.T.);
#14735=ORIENTED_EDGE('',*,*,#14738,.T.);
#14736=ORIENTED_EDGE('',*,*,#14739,.T.);
#14737=EDGE_CURVE('',#4990,#4992,#14740,.F.);
#14738=EDGE_CURVE('',#4992,#4914,#14741,.T.);
#14739=EDGE_CURVE('',#4914,#4990,#14742,.T.);
#14740=LINE('',#4989,#14743);
#14741=LINE('',#4991,#14744);
#14742=LINE('',#4913,#14745);
#14743=VECTOR('',#14746,1.0);
#14744=VECTOR('',#14747,1.0);
#14745=VECTOR('',#14748,1.0);
#14746=DIRECTION('',(-1,0,0));
#14747=DIRECTION('',(0,0,-1));
#14748=DIRECTION('',(8.903910726082639E-10,0,1));
#14749=FACE_SURFACE('',(#14754),#14750,.T.);
#14750=PLANE('',#14751);
#14751=AXIS2_PLACEMENT_3D('',#4913,#14752,#14753);
#14752=DIRECTION('',(-0.08536524449658692,-0.9963497252631919,0));
#14753=DIRECTION('',(0.9963497252631919,-0.0853652444965869,0));
#14754=FACE_BOUND('',#14755,.T.);
#14755=EDGE_LOOP('',(#14756,#14757,#14758));
#14756=ORIENTED_EDGE('',*,*,#14759,.T.);
#14757=ORIENTED_EDGE('',*,*,#14760,.T.);
#14758=ORIENTED_EDGE('',*,*,#14761,.T.);
#14759=EDGE_CURVE('',#4914,#4912,#14762,.F.);
#14760=EDGE_CURVE('',#4912,#4978,#14763,.T.);
#14761=EDGE_CURVE('',#4978,#4914,#14764,.T.);
#14762=LINE('',#4913,#14765);
#14763=LINE('',#4911,#14766);
#14764=LINE('',#4977,#14767);
#14765=VECTOR('',#14768,1.0);
#14766=VECTOR('',#14769,1.0);
#14767=VECTOR('',#14770,1.0);
#14768=DIRECTION('',(0.9963497252631919,-0.0853652444965869,0));
#14769=DIRECTION('',(0,0,1));
#14770=DIRECTION('',(-0.019782195792443627,0.001694898826870474,-0.9998028765949797));
#14771=FACE_SURFACE('',(#14776),#14772,.T.);
#14772=PLANE('',#14773);
#14773=AXIS2_PLACEMENT_3D('',#4913,#14774,#14775);
#14774=DIRECTION('',(-0.08536524831010141,-0.9963497249364576,7.600845500630196E-11));
#14775=DIRECTION('',(0.019782195792443627,-0.001694898826870474,0.9998028765949797));
#14776=FACE_BOUND('',#14777,.T.);
#14777=EDGE_LOOP('',(#14778,#14779,#14780));
#14778=ORIENTED_EDGE('',*,*,#14781,.T.);
#14779=ORIENTED_EDGE('',*,*,#14782,.T.);
#14780=ORIENTED_EDGE('',*,*,#14783,.T.);
#14781=EDGE_CURVE('',#4914,#4978,#14784,.F.);
#14782=EDGE_CURVE('',#4978,#4990,#14785,.T.);
#14783=EDGE_CURVE('',#4990,#4914,#14786,.T.);
#14784=LINE('',#4913,#14787);
#14785=LINE('',#4977,#14788);
#14786=LINE('',#4989,#14789);
#14787=VECTOR('',#14790,1.0);
#14788=VECTOR('',#14791,1.0);
#14789=VECTOR('',#14792,1.0);
#14790=DIRECTION('',(0.019782195792443627,-0.001694898826870474,0.9998028765949797));
#14791=DIRECTION('',(-0.9963497249364577,0.08536524831010141,0));
#14792=DIRECTION('',(-8.903910726082639E-10,0,-1));
#14793=FACE_SURFACE('',(#14798),#14794,.T.);
#14794=PLANE('',#14795);
#14795=AXIS2_PLACEMENT_3D('',#4867,#14796,#14797);
#14796=DIRECTION('',(-0.43167377667898965,0.9020297947006505,0));
#14797=DIRECTION('',(-0.9020297947006506,-0.43167377667898965,0));
#14798=FACE_BOUND('',#14799,.T.);
#14799=EDGE_LOOP('',(#14800,#14801,#14802));
#14800=ORIENTED_EDGE('',*,*,#14803,.T.);
#14801=ORIENTED_EDGE('',*,*,#14804,.T.);
#14802=ORIENTED_EDGE('',*,*,#14805,.T.);
#14803=EDGE_CURVE('',#4868,#4864,#14806,.F.);
#14804=EDGE_CURVE('',#4864,#4982,#14807,.T.);
#14805=EDGE_CURVE('',#4982,#4868,#14808,.T.);
#14806=LINE('',#4867,#14809);
#14807=LINE('',#4863,#14810);
#14808=LINE('',#4981,#14811);
#14809=VECTOR('',#14812,1.0);
#14810=VECTOR('',#14813,1.0);
#14811=VECTOR('',#14814,1.0);
#14812=DIRECTION('',(-0.9020297947006506,-0.43167377667898965,0));
#14813=DIRECTION('',(0,0,1));
#14814=DIRECTION('',(0.017411842144733656,0.00833258025589934,-0.9998136805722384));
#14815=FACE_SURFACE('',(#14820),#14816,.T.);
#14816=PLANE('',#14817);
#14817=AXIS2_PLACEMENT_3D('',#4867,#14818,#14819);
#14818=DIRECTION('',(-0.43167377667898965,0.9020297947006505,0));
#14819=DIRECTION('',(-0.017411842144733656,-0.00833258025589934,0.9998136805722384));
#14820=FACE_BOUND('',#14821,.T.);
#14821=EDGE_LOOP('',(#14822,#14823,#14824));
#14822=ORIENTED_EDGE('',*,*,#14825,.T.);
#14823=ORIENTED_EDGE('',*,*,#14826,.T.);
#14824=ORIENTED_EDGE('',*,*,#14827,.T.);
#14825=EDGE_CURVE('',#4868,#4982,#14828,.F.);
#14826=EDGE_CURVE('',#4982,#4994,#14829,.T.);
#14827=EDGE_CURVE('',#4994,#4868,#14830,.T.);
#14828=LINE('',#4867,#14831);
#14829=LINE('',#4981,#14832);
#14830=LINE('',#4993,#14833);
#14831=VECTOR('',#14834,1.0);
#14832=VECTOR('',#14835,1.0);
#14833=VECTOR('',#14836,1.0);
#14834=DIRECTION('',(-0.017411842144733656,-0.00833258025589934,0.9998136805722384));
#14835=DIRECTION('',(0.9020297947006506,0.43167377667898965,0));
#14836=DIRECTION('',(0,0,-1));
#14837=FACE_SURFACE('',(#14842),#14838,.T.);
#14838=PLANE('',#14839);
#14839=AXIS2_PLACEMENT_3D('',#4995,#14840,#14841);
#14840=DIRECTION('',(0.9020303751495959,-0.4316725637650362,0));
#14841=DIRECTION('',(0,0,-1));
#14842=FACE_BOUND('',#14843,.T.);
#14843=EDGE_LOOP('',(#14844,#14845,#14846));
#14844=ORIENTED_EDGE('',*,*,#14847,.T.);
#14845=ORIENTED_EDGE('',*,*,#14848,.T.);
#14846=ORIENTED_EDGE('',*,*,#14849,.T.);
#14847=EDGE_CURVE('',#4996,#4924,#14850,.F.);
#14848=EDGE_CURVE('',#4924,#4930,#14851,.T.);
#14849=EDGE_CURVE('',#4930,#4996,#14852,.T.);
#14850=LINE('',#4995,#14853);
#14851=LINE('',#4923,#14854);
#14852=LINE('',#4929,#14855);
#14853=VECTOR('',#14856,1.0);
#14854=VECTOR('',#14857,1.0);
#14855=VECTOR('',#14858,1.0);
#14856=DIRECTION('',(0,0,-1));
#14857=DIRECTION('',(0.43167256376503627,0.9020303751495959,0));
#14858=DIRECTION('',(-0.00833255048883839,-0.017411840071195703,0.9998136808564314));
#14859=FACE_SURFACE('',(#14864),#14860,.T.);
#14860=PLANE('',#14861);
#14861=AXIS2_PLACEMENT_3D('',#4995,#14862,#14863);
#14862=DIRECTION('',(0.9020303751495959,-0.4316725637650362,0));
#14863=DIRECTION('',(0.00833255048883839,0.017411840071195703,-0.9998136808564314));
#14864=FACE_BOUND('',#14865,.T.);
#14865=EDGE_LOOP('',(#14866,#14867,#14868));
#14866=ORIENTED_EDGE('',*,*,#14869,.T.);
#14867=ORIENTED_EDGE('',*,*,#14870,.T.);
#14868=ORIENTED_EDGE('',*,*,#14871,.T.);
#14869=EDGE_CURVE('',#4996,#4930,#14872,.F.);
#14870=EDGE_CURVE('',#4930,#4986,#14873,.T.);
#14871=EDGE_CURVE('',#4986,#4996,#14874,.T.);
#14872=LINE('',#4995,#14875);
#14873=LINE('',#4929,#14876);
#14874=LINE('',#4985,#14877);
#14875=VECTOR('',#14878,1.0);
#14876=VECTOR('',#14879,1.0);
#14877=VECTOR('',#14880,1.0);
#14878=DIRECTION('',(0.00833255048883839,0.017411840071195703,-0.9998136808564314));
#14879=DIRECTION('',(0,0,1));
#14880=DIRECTION('',(-0.43167256376503627,-0.9020303751495959,0));
#14881=FACE_SURFACE('',(#14886),#14882,.T.);
#14882=PLANE('',#14883);
#14883=AXIS2_PLACEMENT_3D('',#4997,#14884,#14885);
#14884=DIRECTION('',(0.08536524061396135,-0.9963497255958473,0));
#14885=DIRECTION('',(0,0,-1));
#14886=FACE_BOUND('',#14887,.T.);
#14887=EDGE_LOOP('',(#14888,#14889,#14890));
#14888=ORIENTED_EDGE('',*,*,#14891,.T.);
#14889=ORIENTED_EDGE('',*,*,#14892,.T.);
#14890=ORIENTED_EDGE('',*,*,#14893,.T.);
#14891=EDGE_CURVE('',#4998,#4920,#14894,.F.);
#14892=EDGE_CURVE('',#4920,#4914,#14895,.T.);
#14893=EDGE_CURVE('',#4914,#4998,#14896,.T.);
#14894=LINE('',#4997,#14897);
#14895=LINE('',#4919,#14898);
#14896=LINE('',#4913,#14899);
#14897=VECTOR('',#14900,1.0);
#14898=VECTOR('',#14901,1.0);
#14899=VECTOR('',#14902,1.0);
#14900=DIRECTION('',(0,0,-1));
#14901=DIRECTION('',(0.9963497255958476,0.08536524061396135,0));
#14902=DIRECTION('',(-0.01978219669843766,-0.0016948988268400851,0.9998028765770536));
#14903=FACE_SURFACE('',(#14908),#14904,.T.);
#14904=PLANE('',#14905);
#14905=AXIS2_PLACEMENT_3D('',#4997,#14906,#14907);
#14906=DIRECTION('',(0.08536524061396135,-0.9963497255958473,0));
#14907=DIRECTION('',(0.01978219669843766,0.0016948988268400851,-0.9998028765770536));
#14908=FACE_BOUND('',#14909,.T.);
#14909=EDGE_LOOP('',(#14910,#14911,#14912));
#14910=ORIENTED_EDGE('',*,*,#14913,.T.);
#14911=ORIENTED_EDGE('',*,*,#14914,.T.);
#14912=ORIENTED_EDGE('',*,*,#14915,.T.);
#14913=EDGE_CURVE('',#4998,#4914,#14916,.F.);
#14914=EDGE_CURVE('',#4914,#4992,#14917,.T.);
#14915=EDGE_CURVE('',#4992,#4998,#14918,.T.);
#14916=LINE('',#4997,#14919);
#14917=LINE('',#4913,#14920);
#14918=LINE('',#4991,#14921);
#14919=VECTOR('',#14922,1.0);
#14920=VECTOR('',#14923,1.0);
#14921=VECTOR('',#14924,1.0);
#14922=DIRECTION('',(0.01978219669843766,0.0016948988268400851,-0.9998028765770536));
#14923=DIRECTION('',(0,0,1));
#14924=DIRECTION('',(-0.9963497255958476,-0.08536524061396135,0));
#14925=FACE_SURFACE('',(#14930),#14926,.T.);
#14926=PLANE('',#14927);
#14927=AXIS2_PLACEMENT_3D('',#4999,#14928,#14929);
#14928=DIRECTION('',(-0.6141123678980611,0.7892186006390348,0));
#14929=DIRECTION('',(0.7892186006390348,0.6141123678980611,0));
#14930=FACE_BOUND('',#14931,.T.);
#14931=EDGE_LOOP('',(#14932,#14933,#14934));
#14932=ORIENTED_EDGE('',*,*,#14935,.T.);
#14933=ORIENTED_EDGE('',*,*,#14936,.T.);
#14934=ORIENTED_EDGE('',*,*,#14937,.T.);
#14935=EDGE_CURVE('',#5000,#5002,#14938,.F.);
#14936=EDGE_CURVE('',#5002,#4872,#14939,.T.);
#14937=EDGE_CURVE('',#4872,#5000,#14940,.T.);
#14938=LINE('',#4999,#14941);
#14939=LINE('',#5001,#14942);
#14940=LINE('',#4871,#14943);
#14941=VECTOR('',#14944,1.0);
#14942=VECTOR('',#14945,1.0);
#14943=VECTOR('',#14946,1.0);
#14944=DIRECTION('',(0.7892186006390348,0.6141123678980611,0));
#14945=DIRECTION('',(0,0,-1));
#14946=DIRECTION('',(-0.00472363150870368,-0.0036755856090303503,0.9999820885274898));
#14947=FACE_SURFACE('',(#14952),#14948,.T.);
#14948=PLANE('',#14949);
#14949=AXIS2_PLACEMENT_3D('',#4871,#14950,#14951);
#14950=DIRECTION('',(-0.6141135931229686,0.7892176472568242,0));
#14951=DIRECTION('',(-0.7892176472568242,-0.6141135931229686,0));
#14952=FACE_BOUND('',#14953,.T.);
#14953=EDGE_LOOP('',(#14954,#14955,#14956));
#14954=ORIENTED_EDGE('',*,*,#14957,.T.);
#14955=ORIENTED_EDGE('',*,*,#14958,.T.);
#14956=ORIENTED_EDGE('',*,*,#14959,.T.);
#14957=EDGE_CURVE('',#4872,#4868,#14960,.F.);
#14958=EDGE_CURVE('',#4868,#4994,#14961,.T.);
#14959=EDGE_CURVE('',#4994,#4872,#14962,.T.);
#14960=LINE('',#4871,#14963);
#14961=LINE('',#4867,#14964);
#14962=LINE('',#4993,#14965);
#14963=VECTOR('',#14966,1.0);
#14964=VECTOR('',#14967,1.0);
#14965=VECTOR('',#14968,1.0);
#14966=DIRECTION('',(-0.7892176472568242,-0.6141135931229686,0));
#14967=DIRECTION('',(0,0,1));
#14968=DIRECTION('',(0.01495839214843555,0.011639567338043616,-0.9998203673543147));
#14969=FACE_SURFACE('',(#14974),#14970,.T.);
#14970=PLANE('',#14971);
#14971=AXIS2_PLACEMENT_3D('',#4999,#14972,#14973);
#14972=DIRECTION('',(-0.6141141584637714,0.7892172073480997,-1.3579375943709045E-08));
#14973=DIRECTION('',(0.00472363150870368,0.0036755856090303503,-0.9999820885274898));
#14974=FACE_BOUND('',#14975,.T.);
#14975=EDGE_LOOP('',(#14976,#14977,#14978));
#14976=ORIENTED_EDGE('',*,*,#14979,.T.);
#14977=ORIENTED_EDGE('',*,*,#14980,.T.);
#14978=ORIENTED_EDGE('',*,*,#14981,.T.);
#14979=EDGE_CURVE('',#5000,#4872,#14982,.F.);
#14980=EDGE_CURVE('',#4872,#4994,#14983,.T.);
#14981=EDGE_CURVE('',#4994,#5000,#14984,.T.);
#14982=LINE('',#4999,#14985);
#14983=LINE('',#4871,#14986);
#14984=LINE('',#4993,#14987);
#14985=VECTOR('',#14988,1.0);
#14986=VECTOR('',#14989,1.0);
#14987=VECTOR('',#14990,1.0);
#14988=DIRECTION('',(0.00472363150870368,0.0036755856090303503,-0.9999820885274898));
#14989=DIRECTION('',(-0.01495839214843555,-0.011639567338043616,0.9998203673543147));
#14990=DIRECTION('',(0.7892172073481,0.6141141584637715,0));
#14991=FACE_SURFACE('',(#14996),#14992,.T.);
#14992=PLANE('',#14993);
#14993=AXIS2_PLACEMENT_3D('',#5003,#14994,#14995);
#14994=DIRECTION('',(0.9666043359741463,-0.256273404152635,0));
#14995=DIRECTION('',(-0.25627340415263494,-0.9666043359741462,0));
#14996=FACE_BOUND('',#14997,.T.);
#14997=EDGE_LOOP('',(#14998,#14999,#15000));
#14998=ORIENTED_EDGE('',*,*,#15001,.T.);
#14999=ORIENTED_EDGE('',*,*,#15002,.T.);
#15000=ORIENTED_EDGE('',*,*,#15003,.T.);
#15001=EDGE_CURVE('',#5004,#5006,#15004,.F.);
#15002=EDGE_CURVE('',#5006,#4942,#15005,.T.);
#15003=EDGE_CURVE('',#4942,#5004,#15006,.T.);
#15004=LINE('',#5003,#15007);
#15005=LINE('',#5005,#15008);
#15006=LINE('',#4941,#15009);
#15007=VECTOR('',#15010,1.0);
#15008=VECTOR('',#15011,1.0);
#15009=VECTOR('',#15012,1.0);
#15010=DIRECTION('',(-0.25627340415263494,-0.9666043359741462,0));
#15011=DIRECTION('',(0,0,-1));
#15012=DIRECTION('',(0.004378165740478324,0.016513434167516185,0.999854058428901));
#15013=FACE_SURFACE('',(#15018),#15014,.T.);
#15014=PLANE('',#15015);
#15015=AXIS2_PLACEMENT_3D('',#4941,#15016,#15017);
#15016=DIRECTION('',(0.9666043648914981,-0.2562732950830099,0));
#15017=DIRECTION('',(0.2562732950830099,0.9666043648914981,0));
#15018=FACE_BOUND('',#15019,.T.);
#15019=EDGE_LOOP('',(#15020,#15021,#15022));
#15020=ORIENTED_EDGE('',*,*,#15023,.T.);
#15021=ORIENTED_EDGE('',*,*,#15024,.T.);
#15022=ORIENTED_EDGE('',*,*,#15025,.T.);
#15023=EDGE_CURVE('',#4942,#4924,#15026,.F.);
#15024=EDGE_CURVE('',#4924,#4996,#15027,.T.);
#15025=EDGE_CURVE('',#4996,#4942,#15028,.T.);
#15026=LINE('',#4941,#15029);
#15027=LINE('',#4923,#15030);
#15028=LINE('',#4995,#15031);
#15029=VECTOR('',#15032,1.0);
#15030=VECTOR('',#15033,1.0);
#15031=VECTOR('',#15034,1.0);
#15032=DIRECTION('',(0.2562732950830099,0.9666043648914981,0));
#15033=DIRECTION('',(0,0,1));
#15034=DIRECTION('',(-0.0050374293951462425,-0.01900003369295231,-0.9998067928478761));
#15035=FACE_SURFACE('',(#15040),#15036,.T.);
#15036=PLANE('',#15037);
#15037=AXIS2_PLACEMENT_3D('',#5003,#15038,#15039);
#15038=DIRECTION('',(0.9666045568611675,-0.25627257101614653,-1.47271738504215E-08));
#15039=DIRECTION('',(-0.004378165740478324,-0.016513434167516185,-0.999854058428901));
#15040=FACE_BOUND('',#15041,.T.);
#15041=EDGE_LOOP('',(#15042,#15043,#15044));
#15042=ORIENTED_EDGE('',*,*,#15045,.T.);
#15043=ORIENTED_EDGE('',*,*,#15046,.T.);
#15044=ORIENTED_EDGE('',*,*,#15047,.T.);
#15045=EDGE_CURVE('',#5004,#4942,#15048,.F.);
#15046=EDGE_CURVE('',#4942,#4996,#15049,.T.);
#15047=EDGE_CURVE('',#4996,#5004,#15050,.T.);
#15048=LINE('',#5003,#15051);
#15049=LINE('',#4941,#15052);
#15050=LINE('',#4995,#15053);
#15051=VECTOR('',#15054,1.0);
#15052=VECTOR('',#15055,1.0);
#15053=VECTOR('',#15056,1.0);
#15054=DIRECTION('',(-0.004378165740478324,-0.016513434167516185,-0.999854058428901));
#15055=DIRECTION('',(0.0050374293951462425,0.01900003369295231,0.9998067928478761));
#15056=DIRECTION('',(-0.2562725710161466,-0.9666045568611675,0));
#15057=FACE_SURFACE('',(#15062),#15058,.T.);
#15058=PLANE('',#15059);
#15059=AXIS2_PLACEMENT_3D('',#5007,#15060,#15061);
#15060=DIRECTION('',(0.2562846612813009,-0.9666013513294551,0));
#15061=DIRECTION('',(-0.9666013513294552,-0.25628466128130095,0));
#15062=FACE_BOUND('',#15063,.T.);
#15063=EDGE_LOOP('',(#15064,#15065,#15066));
#15064=ORIENTED_EDGE('',*,*,#15067,.T.);
#15065=ORIENTED_EDGE('',*,*,#15068,.T.);
#15066=ORIENTED_EDGE('',*,*,#15069,.T.);
#15067=EDGE_CURVE('',#5008,#5010,#15070,.F.);
#15068=EDGE_CURVE('',#5010,#4922,#15071,.T.);
#15069=EDGE_CURVE('',#4922,#5008,#15072,.T.);
#15070=LINE('',#5007,#15073);
#15071=LINE('',#5009,#15074);
#15072=LINE('',#4921,#15075);
#15073=VECTOR('',#15076,1.0);
#15074=VECTOR('',#15077,1.0);
#15075=VECTOR('',#15078,1.0);
#15076=DIRECTION('',(-0.9666013513294552,-0.25628466128130095,0));
#15077=DIRECTION('',(0,0,-1));
#15078=DIRECTION('',(0.002487839398167564,0.0006596256839541004,0.9999966877690576));
#15079=FACE_SURFACE('',(#15084),#15080,.T.);
#15080=PLANE('',#15081);
#15081=AXIS2_PLACEMENT_3D('',#4921,#15082,#15083);
#15082=DIRECTION('',(0.25627434383971764,-0.9666040868367577,0));
#15083=DIRECTION('',(0.9666040868367577,0.25627434383971764,0));
#15084=FACE_BOUND('',#15085,.T.);
#15085=EDGE_LOOP('',(#15086,#15087,#15088));
#15086=ORIENTED_EDGE('',*,*,#15089,.T.);
#15087=ORIENTED_EDGE('',*,*,#15090,.T.);
#15088=ORIENTED_EDGE('',*,*,#15091,.T.);
#15089=EDGE_CURVE('',#4922,#4920,#15092,.F.);
#15090=EDGE_CURVE('',#4920,#4998,#15093,.T.);
#15091=EDGE_CURVE('',#4998,#4922,#15094,.T.);
#15092=LINE('',#4921,#15095);
#15093=LINE('',#4919,#15096);
#15094=LINE('',#4997,#15097);
#15095=VECTOR('',#15098,1.0);
#15096=VECTOR('',#15099,1.0);
#15097=VECTOR('',#15100,1.0);
#15098=DIRECTION('',(0.9666040868367577,0.25627434383971764,0));
#15099=DIRECTION('',(0,0,1));
#15100=DIRECTION('',(-0.01899999272240177,-0.005037440596622728,-0.9998067935700299));
#15101=FACE_SURFACE('',(#15106),#15102,.T.);
#15102=PLANE('',#15103);
#15103=AXIS2_PLACEMENT_3D('',#5007,#15104,#15105);
#15104=DIRECTION('',(0.2562727896720673,-0.9666044988896416,3.161097341465996E-08));
#15105=DIRECTION('',(-0.002487839398167564,-0.0006596256839541004,-0.9999966877690576));
#15106=FACE_BOUND('',#15107,.T.);
#15107=EDGE_LOOP('',(#15108,#15109,#15110));
#15108=ORIENTED_EDGE('',*,*,#15111,.T.);
#15109=ORIENTED_EDGE('',*,*,#15112,.T.);
#15110=ORIENTED_EDGE('',*,*,#15113,.T.);
#15111=EDGE_CURVE('',#5008,#4922,#15114,.F.);
#15112=EDGE_CURVE('',#4922,#4998,#15115,.T.);
#15113=EDGE_CURVE('',#4998,#5008,#15116,.T.);
#15114=LINE('',#5007,#15117);
#15115=LINE('',#4921,#15118);
#15116=LINE('',#4997,#15119);
#15117=VECTOR('',#15120,1.0);
#15118=VECTOR('',#15121,1.0);
#15119=VECTOR('',#15122,1.0);
#15120=DIRECTION('',(-0.002487839398167564,-0.0006596256839541004,-0.9999966877690576));
#15121=DIRECTION('',(0.01899999272240177,0.005037440596622728,0.9998067935700299));
#15122=DIRECTION('',(-0.9666044988896422,-0.2562727896720674,0));
#15123=FACE_SURFACE('',(#15128),#15124,.T.);
#15124=PLANE('',#15125);
#15125=AXIS2_PLACEMENT_3D('',#5011,#15126,#15127);
#15126=DIRECTION('',(-0.7892160360888951,0.6141156636824465,0));
#15127=DIRECTION('',(0.6141156636824465,0.7892160360888951,0));
#15128=FACE_BOUND('',#15129,.T.);
#15129=EDGE_LOOP('',(#15130,#15131,#15132));
#15130=ORIENTED_EDGE('',*,*,#15133,.T.);
#15131=ORIENTED_EDGE('',*,*,#15134,.T.);
#15132=ORIENTED_EDGE('',*,*,#15135,.T.);
#15133=EDGE_CURVE('',#5012,#5014,#15136,.F.);
#15134=EDGE_CURVE('',#5014,#4874,#15137,.T.);
#15135=EDGE_CURVE('',#4874,#5012,#15138,.T.);
#15136=LINE('',#5011,#15139);
#15137=LINE('',#5013,#15140);
#15138=LINE('',#4873,#15141);
#15139=VECTOR('',#15142,1.0);
#15140=VECTOR('',#15143,1.0);
#15141=VECTOR('',#15144,1.0);
#15142=DIRECTION('',(0.6141156636824465,0.7892160360888951,0));
#15143=DIRECTION('',(0,0,-1));
#15144=DIRECTION('',(-0.007965347841078968,-0.010236475994620145,0.999915880358434));
#15145=FACE_SURFACE('',(#15150),#15146,.T.);
#15146=PLANE('',#15147);
#15147=AXIS2_PLACEMENT_3D('',#4873,#15148,#15149);
#15148=DIRECTION('',(-0.7892167538865814,0.6141147412208301,0));
#15149=DIRECTION('',(-0.6141147412208302,-0.7892167538865814,0));
#15150=FACE_BOUND('',#15151,.T.);
#15151=EDGE_LOOP('',(#15152,#15153,#15154));
#15152=ORIENTED_EDGE('',*,*,#15155,.T.);
#15153=ORIENTED_EDGE('',*,*,#15156,.T.);
#15154=ORIENTED_EDGE('',*,*,#15157,.T.);
#15155=EDGE_CURVE('',#4874,#4872,#15158,.F.);
#15156=EDGE_CURVE('',#4872,#5002,#15159,.T.);
#15157=EDGE_CURVE('',#5002,#4874,#15160,.T.);
#15158=LINE('',#4873,#15161);
#15159=LINE('',#4871,#15162);
#15160=LINE('',#5001,#15163);
#15161=VECTOR('',#15164,1.0);
#15162=VECTOR('',#15165,1.0);
#15163=VECTOR('',#15166,1.0);
#15164=DIRECTION('',(-0.6141147412208302,-0.7892167538865814,0));
#15165=DIRECTION('',(0,0,1));
#15166=DIRECTION('',(0.011639578872488341,0.014958362074309539,-0.9998203676699755));
#15167=FACE_SURFACE('',(#15172),#15168,.T.);
#15168=PLANE('',#15169);
#15169=AXIS2_PLACEMENT_3D('',#5011,#15170,#15171);
#15170=DIRECTION('',(-0.7892183095148616,0.6141127420323584,-4.802006903727534E-08));
#15171=DIRECTION('',(0.007965347841078968,0.010236475994620145,-0.999915880358434));
#15172=FACE_BOUND('',#15173,.T.);
#15173=EDGE_LOOP('',(#15174,#15175,#15176));
#15174=ORIENTED_EDGE('',*,*,#15177,.T.);
#15175=ORIENTED_EDGE('',*,*,#15178,.T.);
#15176=ORIENTED_EDGE('',*,*,#15179,.T.);
#15177=EDGE_CURVE('',#5012,#4874,#15180,.F.);
#15178=EDGE_CURVE('',#4874,#5002,#15181,.T.);
#15179=EDGE_CURVE('',#5002,#5012,#15182,.T.);
#15180=LINE('',#5011,#15183);
#15181=LINE('',#4873,#15184);
#15182=LINE('',#5001,#15185);
#15183=VECTOR('',#15186,1.0);
#15184=VECTOR('',#15187,1.0);
#15185=VECTOR('',#15188,1.0);
#15186=DIRECTION('',(0.007965347841078968,0.010236475994620145,-0.999915880358434));
#15187=DIRECTION('',(-0.011639578872488341,-0.014958362074309539,0.9998203676699755));
#15188=DIRECTION('',(0.6141127420323591,0.7892183095148625,0));
#15189=FACE_SURFACE('',(#15194),#15190,.T.);
#15190=PLANE('',#15191);
#15191=AXIS2_PLACEMENT_3D('',#5015,#15192,#15193);
#15192=DIRECTION('',(0.9963495487143985,-0.08536730507995641,0));
#15193=DIRECTION('',(0,0,-1));
#15194=FACE_BOUND('',#15195,.T.);
#15195=EDGE_LOOP('',(#15196,#15197,#15198));
#15196=ORIENTED_EDGE('',*,*,#15199,.T.);
#15197=ORIENTED_EDGE('',*,*,#15200,.T.);
#15198=ORIENTED_EDGE('',*,*,#15201,.T.);
#15199=EDGE_CURVE('',#5016,#4936,#15202,.F.);
#15200=EDGE_CURVE('',#4936,#4942,#15203,.T.);
#15201=EDGE_CURVE('',#4942,#5016,#15204,.T.);
#15202=LINE('',#5015,#15205);
#15203=LINE('',#4935,#15206);
#15204=LINE('',#4941,#15207);
#15205=VECTOR('',#15208,1.0);
#15206=VECTOR('',#15209,1.0);
#15207=VECTOR('',#15210,1.0);
#15208=DIRECTION('',(0,0,-1));
#15209=DIRECTION('',(0.0853673050799564,0.9963495487143985,0));
#15210=DIRECTION('',(-0.0016949421354179673,-0.019782220255623574,0.9998028760375295));
#15211=FACE_SURFACE('',(#15216),#15212,.T.);
#15212=PLANE('',#15213);
#15213=AXIS2_PLACEMENT_3D('',#5015,#15214,#15215);
#15214=DIRECTION('',(0.9963495487143985,-0.08536730507995641,0));
#15215=DIRECTION('',(0.0016949421354179673,0.019782220255623574,-0.9998028760375295));
#15216=FACE_BOUND('',#15217,.T.);
#15217=EDGE_LOOP('',(#15218,#15219,#15220));
#15218=ORIENTED_EDGE('',*,*,#15221,.T.);
#15219=ORIENTED_EDGE('',*,*,#15222,.T.);
#15220=ORIENTED_EDGE('',*,*,#15223,.T.);
#15221=EDGE_CURVE('',#5016,#4942,#15224,.F.);
#15222=EDGE_CURVE('',#4942,#5006,#15225,.T.);
#15223=EDGE_CURVE('',#5006,#5016,#15226,.T.);
#15224=LINE('',#5015,#15227);
#15225=LINE('',#4941,#15228);
#15226=LINE('',#5005,#15229);
#15227=VECTOR('',#15230,1.0);
#15228=VECTOR('',#15231,1.0);
#15229=VECTOR('',#15232,1.0);
#15230=DIRECTION('',(0.0016949421354179673,0.019782220255623574,-0.9998028760375295));
#15231=DIRECTION('',(0,0,1));
#15232=DIRECTION('',(-0.0853673050799564,-0.9963495487143985,0));
#15233=FACE_SURFACE('',(#15238),#15234,.T.);
#15234=PLANE('',#15235);
#15235=AXIS2_PLACEMENT_3D('',#5017,#15236,#15237);
#15236=DIRECTION('',(0.4316736973269874,-0.9020298326751996,0));
#15237=DIRECTION('',(0,0,-1));
#15238=FACE_BOUND('',#15239,.T.);
#15239=EDGE_LOOP('',(#15240,#15241,#15242));
#15240=ORIENTED_EDGE('',*,*,#15243,.T.);
#15241=ORIENTED_EDGE('',*,*,#15244,.T.);
#15242=ORIENTED_EDGE('',*,*,#15245,.T.);
#15243=EDGE_CURVE('',#5018,#4932,#15246,.F.);
#15244=EDGE_CURVE('',#4932,#4922,#15247,.T.);
#15245=EDGE_CURVE('',#4922,#5018,#15248,.T.);
#15246=LINE('',#5017,#15249);
#15247=LINE('',#4931,#15250);
#15248=LINE('',#4921,#15251);
#15249=VECTOR('',#15252,1.0);
#15250=VECTOR('',#15253,1.0);
#15251=VECTOR('',#15254,1.0);
#15252=DIRECTION('',(0,0,-1));
#15253=DIRECTION('',(0.9020298326751995,0.43167369732698735,0));
#15254=DIRECTION('',(-0.01741184607727741,-0.008332580255328612,0.9998136805037575));
#15255=FACE_SURFACE('',(#15260),#15256,.T.);
#15256=PLANE('',#15257);
#15257=AXIS2_PLACEMENT_3D('',#5017,#15258,#15259);
#15258=DIRECTION('',(0.4316736973269874,-0.9020298326751996,0));
#15259=DIRECTION('',(0.01741184607727741,0.008332580255328612,-0.9998136805037575));
#15260=FACE_BOUND('',#15261,.T.);
#15261=EDGE_LOOP('',(#15262,#15263,#15264));
#15262=ORIENTED_EDGE('',*,*,#15265,.T.);
#15263=ORIENTED_EDGE('',*,*,#15266,.T.);
#15264=ORIENTED_EDGE('',*,*,#15267,.T.);
#15265=EDGE_CURVE('',#5018,#4922,#15268,.F.);
#15266=EDGE_CURVE('',#4922,#5010,#15269,.T.);
#15267=EDGE_CURVE('',#5010,#5018,#15270,.T.);
#15268=LINE('',#5017,#15271);
#15269=LINE('',#4921,#15272);
#15270=LINE('',#5009,#15273);
#15271=VECTOR('',#15274,1.0);
#15272=VECTOR('',#15275,1.0);
#15273=VECTOR('',#15276,1.0);
#15274=DIRECTION('',(0.01741184607727741,0.008332580255328612,-0.9998136805037575));
#15275=DIRECTION('',(0,0,1));
#15276=DIRECTION('',(-0.9020298326751995,-0.43167369732698735,0));
#15277=FACE_SURFACE('',(#15282),#15278,.T.);
#15278=PLANE('',#15279);
#15279=AXIS2_PLACEMENT_3D('',#4875,#15280,#15281);
#15280=DIRECTION('',(-0.9020303751495959,0.4316725637650362,0));
#15281=DIRECTION('',(-0.43167256376503627,-0.9020303751495959,0));
#15282=FACE_BOUND('',#15283,.T.);
#15283=EDGE_LOOP('',(#15284,#15285,#15286));
#15284=ORIENTED_EDGE('',*,*,#15287,.T.);
#15285=ORIENTED_EDGE('',*,*,#15288,.T.);
#15286=ORIENTED_EDGE('',*,*,#15289,.T.);
#15287=EDGE_CURVE('',#4876,#4874,#15290,.F.);
#15288=EDGE_CURVE('',#4874,#5014,#15291,.T.);
#15289=EDGE_CURVE('',#5014,#4876,#15292,.T.);
#15290=LINE('',#4875,#15293);
#15291=LINE('',#4873,#15294);
#15292=LINE('',#5013,#15295);
#15293=VECTOR('',#15296,1.0);
#15294=VECTOR('',#15297,1.0);
#15295=VECTOR('',#15298,1.0);
#15296=DIRECTION('',(-0.43167256376503627,-0.9020303751495959,0));
#15297=DIRECTION('',(0,0,1));
#15298=DIRECTION('',(0.00833255048883839,0.017411840071195703,-0.9998136808564314));
#15299=FACE_SURFACE('',(#15304),#15300,.T.);
#15300=PLANE('',#15301);
#15301=AXIS2_PLACEMENT_3D('',#4875,#15302,#15303);
#15302=DIRECTION('',(-0.9020303751495959,0.4316725637650362,0));
#15303=DIRECTION('',(-0.00833255048883839,-0.017411840071195703,0.9998136808564314));
#15304=FACE_BOUND('',#15305,.T.);
#15305=EDGE_LOOP('',(#15306,#15307,#15308));
#15306=ORIENTED_EDGE('',*,*,#15309,.T.);
#15307=ORIENTED_EDGE('',*,*,#15310,.T.);
#15308=ORIENTED_EDGE('',*,*,#15311,.T.);
#15309=EDGE_CURVE('',#4876,#5014,#15312,.F.);
#15310=EDGE_CURVE('',#5014,#5020,#15313,.T.);
#15311=EDGE_CURVE('',#5020,#4876,#15314,.T.);
#15312=LINE('',#4875,#15315);
#15313=LINE('',#5013,#15316);
#15314=LINE('',#5019,#15317);
#15315=VECTOR('',#15318,1.0);
#15316=VECTOR('',#15319,1.0);
#15317=VECTOR('',#15320,1.0);
#15318=DIRECTION('',(-0.00833255048883839,-0.017411840071195703,0.9998136808564314));
#15319=DIRECTION('',(0.43167256376503627,0.9020303751495959,0));
#15320=DIRECTION('',(0,0,-1));
#15321=FACE_SURFACE('',(#15326),#15322,.T.);
#15322=PLANE('',#15323);
#15323=AXIS2_PLACEMENT_3D('',#5021,#15324,#15325);
#15324=DIRECTION('',(0.9963495824174762,0.08536691171947576,0));
#15325=DIRECTION('',(0,0,-1));
#15326=FACE_BOUND('',#15327,.T.);
#15327=EDGE_LOOP('',(#15328,#15329,#15330));
#15328=ORIENTED_EDGE('',*,*,#15331,.T.);
#15329=ORIENTED_EDGE('',*,*,#15332,.T.);
#15330=ORIENTED_EDGE('',*,*,#15333,.T.);
#15331=EDGE_CURVE('',#5022,#4946,#15334,.F.);
#15332=EDGE_CURVE('',#4946,#4936,#15335,.T.);
#15333=EDGE_CURVE('',#4936,#5022,#15336,.T.);
#15334=LINE('',#5021,#15337);
#15335=LINE('',#4945,#15338);
#15336=LINE('',#4935,#15339);
#15337=VECTOR('',#15340,1.0);
#15338=VECTOR('',#15341,1.0);
#15339=VECTOR('',#15342,1.0);
#15340=DIRECTION('',(0,0,-1));
#15341=DIRECTION('',(-0.08536691171947575,0.9963495824174762,0));
#15342=DIRECTION('',(0.0016949342680528843,-0.019782220255887367,0.9998028760508617));
#15343=FACE_SURFACE('',(#15348),#15344,.T.);
#15344=PLANE('',#15345);
#15345=AXIS2_PLACEMENT_3D('',#5021,#15346,#15347);
#15346=DIRECTION('',(0.9963495824174762,0.08536691171947576,0));
#15347=DIRECTION('',(-0.0016949342680528843,0.019782220255887367,-0.9998028760508617));
#15348=FACE_BOUND('',#15349,.T.);
#15349=EDGE_LOOP('',(#15350,#15351,#15352));
#15350=ORIENTED_EDGE('',*,*,#15353,.T.);
#15351=ORIENTED_EDGE('',*,*,#15354,.T.);
#15352=ORIENTED_EDGE('',*,*,#15355,.T.);
#15353=EDGE_CURVE('',#5022,#4936,#15356,.F.);
#15354=EDGE_CURVE('',#4936,#5016,#15357,.T.);
#15355=EDGE_CURVE('',#5016,#5022,#15358,.T.);
#15356=LINE('',#5021,#15359);
#15357=LINE('',#4935,#15360);
#15358=LINE('',#5015,#15361);
#15359=VECTOR('',#15362,1.0);
#15360=VECTOR('',#15363,1.0);
#15361=VECTOR('',#15364,1.0);
#15362=DIRECTION('',(-0.0016949342680528843,0.019782220255887367,-0.9998028760508617));
#15363=DIRECTION('',(0,0,1));
#15364=DIRECTION('',(0.08536691171947575,-0.9963495824174762,0));
#15365=FACE_SURFACE('',(#15370),#15366,.T.);
#15366=PLANE('',#15367);
#15367=AXIS2_PLACEMENT_3D('',#5023,#15368,#15369);
#15368=DIRECTION('',(0.6141130050971746,-0.789218104816734,0));
#15369=DIRECTION('',(-0.7892181048167342,-0.6141130050971747,0));
#15370=FACE_BOUND('',#15371,.T.);
#15371=EDGE_LOOP('',(#15372,#15373,#15374));
#15372=ORIENTED_EDGE('',*,*,#15375,.T.);
#15373=ORIENTED_EDGE('',*,*,#15376,.T.);
#15374=ORIENTED_EDGE('',*,*,#15377,.T.);
#15375=EDGE_CURVE('',#5024,#4988,#15378,.F.);
#15376=EDGE_CURVE('',#4988,#4934,#15379,.T.);
#15377=EDGE_CURVE('',#4934,#5024,#15380,.T.);
#15378=LINE('',#5023,#15381);
#15379=LINE('',#4987,#15382);
#15380=LINE('',#4933,#15383);
#15381=VECTOR('',#15384,1.0);
#15382=VECTOR('',#15385,1.0);
#15383=VECTOR('',#15386,1.0);
#15384=DIRECTION('',(-0.7892181048167342,-0.6141130050971747,0));
#15385=DIRECTION('',(0,0,-1));
#15386=DIRECTION('',(0.004723623640081357,0.0036755856091669698,0.9999820885646586));
#15387=FACE_SURFACE('',(#15392),#15388,.T.);
#15388=PLANE('',#15389);
#15389=AXIS2_PLACEMENT_3D('',#4933,#15390,#15391);
#15390=DIRECTION('',(0.6141135931229686,-0.7892176472568242,0));
#15391=DIRECTION('',(0.7892176472568242,0.6141135931229686,0));
#15392=FACE_BOUND('',#15393,.T.);
#15393=EDGE_LOOP('',(#15394,#15395,#15396));
#15394=ORIENTED_EDGE('',*,*,#15397,.T.);
#15395=ORIENTED_EDGE('',*,*,#15398,.T.);
#15396=ORIENTED_EDGE('',*,*,#15399,.T.);
#15397=EDGE_CURVE('',#4934,#4932,#15400,.F.);
#15398=EDGE_CURVE('',#4932,#5018,#15401,.T.);
#15399=EDGE_CURVE('',#5018,#4934,#15402,.T.);
#15400=LINE('',#4933,#15403);
#15401=LINE('',#4931,#15404);
#15402=LINE('',#5017,#15405);
#15403=VECTOR('',#15406,1.0);
#15404=VECTOR('',#15407,1.0);
#15405=VECTOR('',#15408,1.0);
#15406=DIRECTION('',(0.7892176472568242,0.6141135931229686,0));
#15407=DIRECTION('',(0,0,1));
#15408=DIRECTION('',(-0.01495839214843555,-0.011639567338043616,-0.9998203673543147));
#15409=FACE_SURFACE('',(#15414),#15410,.T.);
#15410=PLANE('',#15411);
#15411=AXIS2_PLACEMENT_3D('',#5023,#15412,#15413);
#15412=DIRECTION('',(0.6141138644483563,-0.7892174361304404,-6.5171820071927216E-09));
#15413=DIRECTION('',(-0.004723623640081357,-0.0036755856091669698,-0.9999820885646586));
#15414=FACE_BOUND('',#15415,.T.);
#15415=EDGE_LOOP('',(#15416,#15417,#15418));
#15416=ORIENTED_EDGE('',*,*,#15419,.T.);
#15417=ORIENTED_EDGE('',*,*,#15420,.T.);
#15418=ORIENTED_EDGE('',*,*,#15421,.T.);
#15419=EDGE_CURVE('',#5024,#4934,#15422,.F.);
#15420=EDGE_CURVE('',#4934,#5018,#15423,.T.);
#15421=EDGE_CURVE('',#5018,#5024,#15424,.T.);
#15422=LINE('',#5023,#15425);
#15423=LINE('',#4933,#15426);
#15424=LINE('',#5017,#15427);
#15425=VECTOR('',#15428,1.0);
#15426=VECTOR('',#15429,1.0);
#15427=VECTOR('',#15430,1.0);
#15428=DIRECTION('',(-0.004723623640081357,-0.0036755856091669698,-0.9999820885646586));
#15429=DIRECTION('',(0.01495839214843555,0.011639567338043616,0.9998203673543147));
#15430=DIRECTION('',(-0.7892174361304404,-0.6141138644483563,0));
#15431=FACE_SURFACE('',(#15436),#15432,.T.);
#15432=PLANE('',#15433);
#15433=AXIS2_PLACEMENT_3D('',#5025,#15434,#15435);
#15434=DIRECTION('',(-0.9666043372320942,0.2562733994079447,0));
#15435=DIRECTION('',(0.25627339940794475,0.9666043372320943,0));
#15436=FACE_BOUND('',#15437,.T.);
#15437=EDGE_LOOP('',(#15438,#15439,#15440));
#15438=ORIENTED_EDGE('',*,*,#15441,.T.);
#15439=ORIENTED_EDGE('',*,*,#15442,.T.);
#15440=ORIENTED_EDGE('',*,*,#15443,.T.);
#15441=EDGE_CURVE('',#5026,#5028,#15444,.F.);
#15442=EDGE_CURVE('',#5028,#4882,#15445,.T.);
#15443=EDGE_CURVE('',#4882,#5026,#15446,.T.);
#15444=LINE('',#5025,#15447);
#15445=LINE('',#5027,#15448);
#15446=LINE('',#4881,#15449);
#15447=VECTOR('',#15450,1.0);
#15448=VECTOR('',#15451,1.0);
#15449=VECTOR('',#15452,1.0);
#15450=DIRECTION('',(0.25627339940794475,0.9666043372320943,0));
#15451=DIRECTION('',(0,0,-1));
#15452=DIRECTION('',(-0.004378150009466385,-0.016513375160979536,0.9998540594723249));
#15453=FACE_SURFACE('',(#15458),#15454,.T.);
#15454=PLANE('',#15455);
#15455=AXIS2_PLACEMENT_3D('',#4881,#15456,#15457);
#15456=DIRECTION('',(-0.9666042668376743,0.2562736649193641,0));
#15457=DIRECTION('',(-0.25627366491936404,-0.9666042668376741,0));
#15458=FACE_BOUND('',#15459,.T.);
#15459=EDGE_LOOP('',(#15460,#15461,#15462));
#15460=ORIENTED_EDGE('',*,*,#15463,.T.);
#15461=ORIENTED_EDGE('',*,*,#15464,.T.);
#15462=ORIENTED_EDGE('',*,*,#15465,.T.);
#15463=EDGE_CURVE('',#4882,#4876,#15466,.F.);
#15464=EDGE_CURVE('',#4876,#5020,#15467,.T.);
#15465=EDGE_CURVE('',#5020,#4882,#15468,.T.);
#15466=LINE('',#4881,#15469);
#15467=LINE('',#4875,#15470);
#15468=LINE('',#5019,#15471);
#15469=VECTOR('',#15472,1.0);
#15470=VECTOR('',#15473,1.0);
#15471=VECTOR('',#15474,1.0);
#15472=DIRECTION('',(-0.25627366491936404,-0.9666042668376741,0));
#15473=DIRECTION('',(0,0,1));
#15474=DIRECTION('',(0.005037421533576335,0.018999974694032442,-0.999806794008682));
#15475=FACE_SURFACE('',(#15480),#15476,.T.);
#15476=PLANE('',#15477);
#15477=AXIS2_PLACEMENT_3D('',#5025,#15478,#15479);
#15478=DIRECTION('',(-0.9666037995192925,0.25627542752840304,3.585053335302626E-08));
#15479=DIRECTION('',(0.004378150009466385,0.016513375160979536,-0.9998540594723249));
#15480=FACE_BOUND('',#15481,.T.);
#15481=EDGE_LOOP('',(#15482,#15483,#15484));
#15482=ORIENTED_EDGE('',*,*,#15485,.T.);
#15483=ORIENTED_EDGE('',*,*,#15486,.T.);
#15484=ORIENTED_EDGE('',*,*,#15487,.T.);
#15485=EDGE_CURVE('',#5026,#4882,#15488,.F.);
#15486=EDGE_CURVE('',#4882,#5020,#15489,.T.);
#15487=EDGE_CURVE('',#5020,#5026,#15490,.T.);
#15488=LINE('',#5025,#15491);
#15489=LINE('',#4881,#15492);
#15490=LINE('',#5019,#15493);
#15491=VECTOR('',#15494,1.0);
#15492=VECTOR('',#15495,1.0);
#15493=VECTOR('',#15496,1.0);
#15494=DIRECTION('',(0.004378150009466385,0.016513375160979536,-0.9998540594723249));
#15495=DIRECTION('',(-0.005037421533576335,-0.018999974694032442,0.999806794008682));
#15496=DIRECTION('',(0.25627542752840315,0.9666037995192932,0));
#15497=FACE_SURFACE('',(#15502),#15498,.T.);
#15498=PLANE('',#15499);
#15499=AXIS2_PLACEMENT_3D('',#5029,#15500,#15501);
#15500=DIRECTION('',(0.9666045568611675,0.25627257101614653,0));
#15501=DIRECTION('',(0.2562725710161466,-0.9666045568611675,0));
#15502=FACE_BOUND('',#15503,.T.);
#15503=EDGE_LOOP('',(#15504,#15505,#15506));
#15504=ORIENTED_EDGE('',*,*,#15507,.T.);
#15505=ORIENTED_EDGE('',*,*,#15508,.T.);
#15506=ORIENTED_EDGE('',*,*,#15509,.T.);
#15507=EDGE_CURVE('',#5030,#5032,#15510,.F.);
#15508=EDGE_CURVE('',#5032,#4850,#15511,.T.);
#15509=EDGE_CURVE('',#4850,#5030,#15512,.T.);
#15510=LINE('',#5029,#15513);
#15511=LINE('',#5031,#15514);
#15512=LINE('',#4849,#15515);
#15513=VECTOR('',#15516,1.0);
#15514=VECTOR('',#15517,1.0);
#15515=VECTOR('',#15518,1.0);
#15516=DIRECTION('',(0.2562725710161466,-0.9666045568611675,0));
#15517=DIRECTION('',(0,0,-1));
#15518=DIRECTION('',(-0.0006595958757335487,0.0024878525885265747,0.9999966877559038));
#15519=FACE_SURFACE('',(#15524),#15520,.T.);
#15520=PLANE('',#15521);
#15521=AXIS2_PLACEMENT_3D('',#4849,#15522,#15523);
#15522=DIRECTION('',(0.9666040685429468,0.2562744128394845,0));
#15523=DIRECTION('',(-0.25627441283948443,0.9666040685429467,0));
#15524=FACE_BOUND('',#15525,.T.);
#15525=EDGE_LOOP('',(#15526,#15527,#15528));
#15526=ORIENTED_EDGE('',*,*,#15529,.T.);
#15527=ORIENTED_EDGE('',*,*,#15530,.T.);
#15528=ORIENTED_EDGE('',*,*,#15531,.T.);
#15529=EDGE_CURVE('',#4850,#4946,#15532,.F.);
#15530=EDGE_CURVE('',#4946,#5022,#15533,.T.);
#15531=EDGE_CURVE('',#5022,#4850,#15534,.T.);
#15532=LINE('',#4849,#15535);
#15533=LINE('',#4945,#15536);
#15534=LINE('',#5021,#15537);
#15535=VECTOR('',#15538,1.0);
#15536=VECTOR('',#15539,1.0);
#15537=VECTOR('',#15540,1.0);
#15538=DIRECTION('',(-0.25627441283948443,0.9666040685429467,0));
#15539=DIRECTION('',(0,0,1));
#15540=DIRECTION('',(0.005037437268014083,-0.018999974692526445,-0.9998067939294344));
#15541=FACE_SURFACE('',(#15546),#15542,.T.);
#15542=PLANE('',#15543);
#15543=AXIS2_PLACEMENT_3D('',#5029,#15544,#15545);
#15544=DIRECTION('',(0.9666039949847078,0.2562746902829124,-5.6430533959298455E-09));
#15545=DIRECTION('',(0.0006595958757335487,-0.0024878525885265747,-0.9999966877559038));
#15546=FACE_BOUND('',#15547,.T.);
#15547=EDGE_LOOP('',(#15548,#15549,#15550));
#15548=ORIENTED_EDGE('',*,*,#15551,.T.);
#15549=ORIENTED_EDGE('',*,*,#15552,.T.);
#15550=ORIENTED_EDGE('',*,*,#15553,.T.);
#15551=EDGE_CURVE('',#5030,#4850,#15554,.F.);
#15552=EDGE_CURVE('',#4850,#5022,#15555,.T.);
#15553=EDGE_CURVE('',#5022,#5030,#15556,.T.);
#15554=LINE('',#5029,#15557);
#15555=LINE('',#4849,#15558);
#15556=LINE('',#5021,#15559);
#15557=VECTOR('',#15560,1.0);
#15558=VECTOR('',#15561,1.0);
#15559=VECTOR('',#15562,1.0);
#15560=DIRECTION('',(0.0006595958757335487,-0.0024878525885265747,-0.9999966877559038));
#15561=DIRECTION('',(-0.005037437268014083,0.018999974692526445,0.9998067939294344));
#15562=DIRECTION('',(0.25627469028291244,-0.9666039949847081,0));
#15563=FACE_SURFACE('',(#15568),#15564,.T.);
#15564=PLANE('',#15565);
#15565=AXIS2_PLACEMENT_3D('',#4883,#15566,#15567);
#15566=DIRECTION('',(-0.9963495150111678,0.08536769844039713,0));
#15567=DIRECTION('',(-0.08536769844039713,-0.9963495150111679,0));
#15568=FACE_BOUND('',#15569,.T.);
#15569=EDGE_LOOP('',(#15570,#15571,#15572));
#15570=ORIENTED_EDGE('',*,*,#15573,.T.);
#15571=ORIENTED_EDGE('',*,*,#15574,.T.);
#15572=ORIENTED_EDGE('',*,*,#15575,.T.);
#15573=EDGE_CURVE('',#4884,#4882,#15576,.F.);
#15574=EDGE_CURVE('',#4882,#5028,#15577,.T.);
#15575=EDGE_CURVE('',#5028,#4884,#15578,.T.);
#15576=LINE('',#4883,#15579);
#15577=LINE('',#4881,#15580);
#15578=LINE('',#5027,#15581);
#15579=VECTOR('',#15582,1.0);
#15580=VECTOR('',#15583,1.0);
#15581=VECTOR('',#15584,1.0);
#15582=DIRECTION('',(-0.08536769844039713,-0.9963495150111679,0));
#15583=DIRECTION('',(0,0,1));
#15584=DIRECTION('',(0.0016949500027830502,0.01978222025535978,-0.9998028760241973));
#15585=FACE_SURFACE('',(#15590),#15586,.T.);
#15586=PLANE('',#15587);
#15587=AXIS2_PLACEMENT_3D('',#4883,#15588,#15589);
#15588=DIRECTION('',(-0.9963495150111678,0.08536769844039713,0));
#15589=DIRECTION('',(-0.0016949500027830502,-0.01978222025535978,0.9998028760241973));
#15590=FACE_BOUND('',#15591,.T.);
#15591=EDGE_LOOP('',(#15592,#15593,#15594));
#15592=ORIENTED_EDGE('',*,*,#15595,.T.);
#15593=ORIENTED_EDGE('',*,*,#15596,.T.);
#15594=ORIENTED_EDGE('',*,*,#15597,.T.);
#15595=EDGE_CURVE('',#4884,#5028,#15598,.F.);
#15596=EDGE_CURVE('',#5028,#5034,#15599,.T.);
#15597=EDGE_CURVE('',#5034,#4884,#15600,.T.);
#15598=LINE('',#4883,#15601);
#15599=LINE('',#5027,#15602);
#15600=LINE('',#5033,#15603);
#15601=VECTOR('',#15604,1.0);
#15602=VECTOR('',#15605,1.0);
#15603=VECTOR('',#15606,1.0);
#15604=DIRECTION('',(-0.0016949500027830502,-0.01978222025535978,0.9998028760241973));
#15605=DIRECTION('',(0.08536769844039713,0.9963495150111679,0));
#15606=DIRECTION('',(0,0,-1));
#15607=FACE_SURFACE('',(#15612),#15608,.T.);
#15608=PLANE('',#15609);
#15609=AXIS2_PLACEMENT_3D('',#5035,#15610,#15611);
#15610=DIRECTION('',(0.9020303751495959,0.4316725637650362,0));
#15611=DIRECTION('',(0,0,-1));
#15612=FACE_BOUND('',#15613,.T.);
#15613=EDGE_LOOP('',(#15614,#15615,#15616));
#15614=ORIENTED_EDGE('',*,*,#15617,.T.);
#15615=ORIENTED_EDGE('',*,*,#15618,.T.);
#15616=ORIENTED_EDGE('',*,*,#15619,.T.);
#15617=EDGE_CURVE('',#5036,#4842,#15620,.F.);
#15618=EDGE_CURVE('',#4842,#4850,#15621,.T.);
#15619=EDGE_CURVE('',#4850,#5036,#15622,.T.);
#15620=LINE('',#5035,#15623);
#15621=LINE('',#4841,#15624);
#15622=LINE('',#4849,#15625);
#15623=VECTOR('',#15626,1.0);
#15624=VECTOR('',#15627,1.0);
#15625=VECTOR('',#15628,1.0);
#15626=DIRECTION('',(0,0,-1));
#15627=DIRECTION('',(-0.43167256376503627,0.9020303751495959,0));
#15628=DIRECTION('',(0.00833255048883839,-0.017411840071195703,0.9998136808564314));
#15629=FACE_SURFACE('',(#15634),#15630,.T.);
#15630=PLANE('',#15631);
#15631=AXIS2_PLACEMENT_3D('',#5035,#15632,#15633);
#15632=DIRECTION('',(0.9020303751495959,0.4316725637650362,0));
#15633=DIRECTION('',(-0.00833255048883839,0.017411840071195703,-0.9998136808564314));
#15634=FACE_BOUND('',#15635,.T.);
#15635=EDGE_LOOP('',(#15636,#15637,#15638));
#15636=ORIENTED_EDGE('',*,*,#15639,.T.);
#15637=ORIENTED_EDGE('',*,*,#15640,.T.);
#15638=ORIENTED_EDGE('',*,*,#15641,.T.);
#15639=EDGE_CURVE('',#5036,#4850,#15642,.F.);
#15640=EDGE_CURVE('',#4850,#5032,#15643,.T.);
#15641=EDGE_CURVE('',#5032,#5036,#15644,.T.);
#15642=LINE('',#5035,#15645);
#15643=LINE('',#4849,#15646);
#15644=LINE('',#5031,#15647);
#15645=VECTOR('',#15648,1.0);
#15646=VECTOR('',#15649,1.0);
#15647=VECTOR('',#15650,1.0);
#15648=DIRECTION('',(-0.00833255048883839,0.017411840071195703,-0.9998136808564314));
#15649=DIRECTION('',(0,0,1));
#15650=DIRECTION('',(0.43167256376503627,-0.9020303751495959,0));
#15651=FACE_SURFACE('',(#15656),#15652,.T.);
#15652=PLANE('',#15653);
#15653=AXIS2_PLACEMENT_3D('',#4889,#15654,#15655);
#15654=DIRECTION('',(-0.9963495487143985,-0.08536730507995641,0));
#15655=DIRECTION('',(0.0853673050799564,-0.9963495487143985,0));
#15656=FACE_BOUND('',#15657,.T.);
#15657=EDGE_LOOP('',(#15658,#15659,#15660));
#15658=ORIENTED_EDGE('',*,*,#15661,.T.);
#15659=ORIENTED_EDGE('',*,*,#15662,.T.);
#15660=ORIENTED_EDGE('',*,*,#15663,.T.);
#15661=EDGE_CURVE('',#4890,#4884,#15664,.F.);
#15662=EDGE_CURVE('',#4884,#5034,#15665,.T.);
#15663=EDGE_CURVE('',#5034,#4890,#15666,.T.);
#15664=LINE('',#4889,#15667);
#15665=LINE('',#4883,#15668);
#15666=LINE('',#5033,#15669);
#15667=VECTOR('',#15670,1.0);
#15668=VECTOR('',#15671,1.0);
#15669=VECTOR('',#15672,1.0);
#15670=DIRECTION('',(0.0853673050799564,-0.9963495487143985,0));
#15671=DIRECTION('',(0,0,1));
#15672=DIRECTION('',(-0.0016949421354179673,0.019782220255623574,-0.9998028760375295));
#15673=FACE_SURFACE('',(#15678),#15674,.T.);
#15674=PLANE('',#15675);
#15675=AXIS2_PLACEMENT_3D('',#4889,#15676,#15677);
#15676=DIRECTION('',(-0.9963495487143985,-0.08536730507995641,0));
#15677=DIRECTION('',(0.0016949421354179673,-0.019782220255623574,0.9998028760375295));
#15678=FACE_BOUND('',#15679,.T.);
#15679=EDGE_LOOP('',(#15680,#15681,#15682));
#15680=ORIENTED_EDGE('',*,*,#15683,.T.);
#15681=ORIENTED_EDGE('',*,*,#15684,.T.);
#15682=ORIENTED_EDGE('',*,*,#15685,.T.);
#15683=EDGE_CURVE('',#4890,#5034,#15686,.F.);
#15684=EDGE_CURVE('',#5034,#5038,#15687,.T.);
#15685=EDGE_CURVE('',#5038,#4890,#15688,.T.);
#15686=LINE('',#4889,#15689);
#15687=LINE('',#5033,#15690);
#15688=LINE('',#5037,#15691);
#15689=VECTOR('',#15692,1.0);
#15690=VECTOR('',#15693,1.0);
#15691=VECTOR('',#15694,1.0);
#15692=DIRECTION('',(0.0016949421354179673,-0.019782220255623574,0.9998028760375295));
#15693=DIRECTION('',(-0.0853673050799564,0.9963495487143985,0));
#15694=DIRECTION('',(0,0,-1));
#15695=FACE_SURFACE('',(#15700),#15696,.T.);
#15696=PLANE('',#15697);
#15697=AXIS2_PLACEMENT_3D('',#5039,#15698,#15699);
#15698=DIRECTION('',(0.7892176723158809,0.6141135609187464,0));
#15699=DIRECTION('',(0.6141135609187464,-0.789217672315881,0));
#15700=FACE_BOUND('',#15701,.T.);
#15701=EDGE_LOOP('',(#15702,#15703,#15704));
#15702=ORIENTED_EDGE('',*,*,#15705,.T.);
#15703=ORIENTED_EDGE('',*,*,#15706,.T.);
#15704=ORIENTED_EDGE('',*,*,#15707,.T.);
#15705=EDGE_CURVE('',#5040,#5042,#15708,.F.);
#15706=EDGE_CURVE('',#5042,#4836,#15709,.T.);
#15707=EDGE_CURVE('',#4836,#5040,#15710,.T.);
#15708=LINE('',#5039,#15711);
#15709=LINE('',#5041,#15712);
#15710=LINE('',#4835,#15713);
#15711=VECTOR('',#15714,1.0);
#15712=VECTOR('',#15715,1.0);
#15713=VECTOR('',#15716,1.0);
#15714=DIRECTION('',(0.6141135609187464,-0.789217672315881,0));
#15715=DIRECTION('',(0,0,-1));
#15716=DIRECTION('',(-0.003675594185563683,0.004723627798038754,0.9999820885134937));
#15717=FACE_SURFACE('',(#15722),#15718,.T.);
#15718=PLANE('',#15719);
#15719=AXIS2_PLACEMENT_3D('',#4835,#15720,#15721);
#15720=DIRECTION('',(0.7892167538865814,0.6141147412208301,0));
#15721=DIRECTION('',(-0.6141147412208302,0.7892167538865814,0));
#15722=FACE_BOUND('',#15723,.T.);
#15723=EDGE_LOOP('',(#15724,#15725,#15726));
#15724=ORIENTED_EDGE('',*,*,#15727,.T.);
#15725=ORIENTED_EDGE('',*,*,#15728,.T.);
#15726=ORIENTED_EDGE('',*,*,#15729,.T.);
#15727=EDGE_CURVE('',#4836,#4842,#15730,.F.);
#15728=EDGE_CURVE('',#4842,#5036,#15731,.T.);
#15729=EDGE_CURVE('',#5036,#4836,#15732,.T.);
#15730=LINE('',#4835,#15733);
#15731=LINE('',#4841,#15734);
#15732=LINE('',#5035,#15735);
#15733=VECTOR('',#15736,1.0);
#15734=VECTOR('',#15737,1.0);
#15735=VECTOR('',#15738,1.0);
#15736=DIRECTION('',(-0.6141147412208302,0.7892167538865814,0));
#15737=DIRECTION('',(0,0,1));
#15738=DIRECTION('',(0.011639578872488341,-0.014958362074309539,-0.9998203676699755));
#15739=FACE_SURFACE('',(#15744),#15740,.T.);
#15740=PLANE('',#15741);
#15741=AXIS2_PLACEMENT_3D('',#5039,#15742,#15743);
#15742=DIRECTION('',(0.7892163301050329,0.6141152858344624,-1.3081516524728568E-08));
#15743=DIRECTION('',(0.003675594185563683,-0.004723627798038754,-0.9999820885134937));
#15744=FACE_BOUND('',#15745,.T.);
#15745=EDGE_LOOP('',(#15746,#15747,#15748));
#15746=ORIENTED_EDGE('',*,*,#15749,.T.);
#15747=ORIENTED_EDGE('',*,*,#15750,.T.);
#15748=ORIENTED_EDGE('',*,*,#15751,.T.);
#15749=EDGE_CURVE('',#5040,#4836,#15752,.F.);
#15750=EDGE_CURVE('',#4836,#5036,#15753,.T.);
#15751=EDGE_CURVE('',#5036,#5040,#15754,.T.);
#15752=LINE('',#5039,#15755);
#15753=LINE('',#4835,#15756);
#15754=LINE('',#5035,#15757);
#15755=VECTOR('',#15758,1.0);
#15756=VECTOR('',#15759,1.0);
#15757=VECTOR('',#15760,1.0);
#15758=DIRECTION('',(0.003675594185563683,-0.004723627798038754,-0.9999820885134937));
#15759=DIRECTION('',(-0.011639578872488341,0.014958362074309539,0.9998203676699755));
#15760=DIRECTION('',(0.6141152858344625,-0.7892163301050329,0));
#15761=FACE_SURFACE('',(#15766),#15762,.T.);
#15762=PLANE('',#15763);
#15763=AXIS2_PLACEMENT_3D('',#5043,#15764,#15765);
#15764=DIRECTION('',(-0.9666037995192933,-0.2562754275284032,0));
#15765=DIRECTION('',(-0.25627542752840315,0.9666037995192932,0));
#15766=FACE_BOUND('',#15767,.T.);
#15767=EDGE_LOOP('',(#15768,#15769,#15770));
#15768=ORIENTED_EDGE('',*,*,#15771,.T.);
#15769=ORIENTED_EDGE('',*,*,#15772,.T.);
#15770=ORIENTED_EDGE('',*,*,#15773,.T.);
#15771=EDGE_CURVE('',#5044,#4948,#15774,.F.);
#15772=EDGE_CURVE('',#4948,#4892,#15775,.T.);
#15773=EDGE_CURVE('',#4892,#5044,#15776,.T.);
#15774=LINE('',#5043,#15777);
#15775=LINE('',#4947,#15778);
#15776=LINE('',#4891,#15779);
#15777=VECTOR('',#15780,1.0);
#15778=VECTOR('',#15781,1.0);
#15779=VECTOR('',#15782,1.0);
#15780=DIRECTION('',(-0.25627542752840315,0.9666037995192932,0));
#15781=DIRECTION('',(0,0,-1));
#15782=DIRECTION('',(0.0006596037446429025,-0.002487852588513662,0.9999966877507135));
#15783=FACE_SURFACE('',(#15788),#15784,.T.);
#15784=PLANE('',#15785);
#15785=AXIS2_PLACEMENT_3D('',#4891,#15786,#15787);
#15786=DIRECTION('',(-0.9666043648914981,-0.2562732950830099,0));
#15787=DIRECTION('',(0.2562732950830099,-0.9666043648914981,0));
#15788=FACE_BOUND('',#15789,.T.);
#15789=EDGE_LOOP('',(#15790,#15791,#15792));
#15790=ORIENTED_EDGE('',*,*,#15793,.T.);
#15791=ORIENTED_EDGE('',*,*,#15794,.T.);
#15792=ORIENTED_EDGE('',*,*,#15795,.T.);
#15793=EDGE_CURVE('',#4892,#4890,#15796,.F.);
#15794=EDGE_CURVE('',#4890,#5038,#15797,.T.);
#15795=EDGE_CURVE('',#5038,#4892,#15798,.T.);
#15796=LINE('',#4891,#15799);
#15797=LINE('',#4889,#15800);
#15798=LINE('',#5037,#15801);
#15799=VECTOR('',#15802,1.0);
#15800=VECTOR('',#15803,1.0);
#15801=VECTOR('',#15804,1.0);
#15802=DIRECTION('',(0.2562732950830099,-0.9666043648914981,0));
#15803=DIRECTION('',(0,0,1));
#15804=DIRECTION('',(-0.0050374293951462425,0.01900003369295231,-0.9998067928478761));
#15805=FACE_SURFACE('',(#15810),#15806,.T.);
#15806=PLANE('',#15807);
#15807=AXIS2_PLACEMENT_3D('',#5043,#15808,#15809);
#15808=DIRECTION('',(-0.9666044500558731,-0.25627297386221404,6.533477784687066E-09));
#15809=DIRECTION('',(-0.0006596037446429025,0.002487852588513662,-0.9999966877507135));
#15810=FACE_BOUND('',#15811,.T.);
#15811=EDGE_LOOP('',(#15812,#15813,#15814));
#15812=ORIENTED_EDGE('',*,*,#15815,.T.);
#15813=ORIENTED_EDGE('',*,*,#15816,.T.);
#15814=ORIENTED_EDGE('',*,*,#15817,.T.);
#15815=EDGE_CURVE('',#5044,#4892,#15818,.F.);
#15816=EDGE_CURVE('',#4892,#5038,#15819,.T.);
#15817=EDGE_CURVE('',#5038,#5044,#15820,.T.);
#15818=LINE('',#5043,#15821);
#15819=LINE('',#4891,#15822);
#15820=LINE('',#5037,#15823);
#15821=VECTOR('',#15824,1.0);
#15822=VECTOR('',#15825,1.0);
#15823=VECTOR('',#15826,1.0);
#15824=DIRECTION('',(-0.0006596037446429025,0.002487852588513662,-0.9999966877507135));
#15825=DIRECTION('',(0.0050374293951462425,-0.01900003369295231,0.9998067928478761));
#15826=DIRECTION('',(-0.25627297386221404,0.9666044500558731,0));
#15827=FACE_SURFACE('',(#15832),#15828,.T.);
#15828=PLANE('',#15829);
#15829=AXIS2_PLACEMENT_3D('',#5045,#15830,#15831);
#15830=DIRECTION('',(0.6141138644483563,0.7892174361304404,0));
#15831=DIRECTION('',(0.7892174361304404,-0.6141138644483563,0));
#15832=FACE_BOUND('',#15833,.T.);
#15833=EDGE_LOOP('',(#15834,#15835,#15836));
#15834=ORIENTED_EDGE('',*,*,#15837,.T.);
#15835=ORIENTED_EDGE('',*,*,#15838,.T.);
#15836=ORIENTED_EDGE('',*,*,#15839,.T.);
#15837=EDGE_CURVE('',#5046,#4952,#15840,.F.);
#15838=EDGE_CURVE('',#4952,#4838,#15841,.T.);
#15839=EDGE_CURVE('',#4838,#5046,#15842,.T.);
#15840=LINE('',#5045,#15843);
#15841=LINE('',#4951,#15844);
#15842=LINE('',#4837,#15845);
#15843=VECTOR('',#15846,1.0);
#15844=VECTOR('',#15847,1.0);
#15845=VECTOR('',#15848,1.0);
#15846=DIRECTION('',(0.7892174361304404,-0.6141138644483563,0));
#15847=DIRECTION('',(0,0,-1));
#15848=DIRECTION('',(-0.01023651023156072,0.007965337014842496,0.9999158800941803));
#15849=FACE_SURFACE('',(#15854),#15850,.T.);
#15850=PLANE('',#15851);
#15851=AXIS2_PLACEMENT_3D('',#4837,#15852,#15853);
#15852=DIRECTION('',(0.6141135931229686,0.7892176472568242,0));
#15853=DIRECTION('',(-0.7892176472568242,0.6141135931229686,0));
#15854=FACE_BOUND('',#15855,.T.);
#15855=EDGE_LOOP('',(#15856,#15857,#15858));
#15856=ORIENTED_EDGE('',*,*,#15859,.T.);
#15857=ORIENTED_EDGE('',*,*,#15860,.T.);
#15858=ORIENTED_EDGE('',*,*,#15861,.T.);
#15859=EDGE_CURVE('',#4838,#4836,#15862,.F.);
#15860=EDGE_CURVE('',#4836,#5042,#15863,.T.);
#15861=EDGE_CURVE('',#5042,#4838,#15864,.T.);
#15862=LINE('',#4837,#15865);
#15863=LINE('',#4835,#15866);
#15864=LINE('',#5041,#15867);
#15865=VECTOR('',#15868,1.0);
#15866=VECTOR('',#15869,1.0);
#15867=VECTOR('',#15870,1.0);
#15868=DIRECTION('',(-0.7892176472568242,0.6141135931229686,0));
#15869=DIRECTION('',(0,0,1));
#15870=DIRECTION('',(0.01495839214843555,-0.011639567338043616,-0.9998203673543147));
#15871=FACE_SURFACE('',(#15876),#15872,.T.);
#15872=PLANE('',#15873);
#15873=AXIS2_PLACEMENT_3D('',#5045,#15874,#15875);
#15874=DIRECTION('',(0.6141130050971746,0.7892181048167339,-1.412425698151268E-08));
#15875=DIRECTION('',(0.01023651023156072,-0.007965337014842496,-0.9999158800941803));
#15876=FACE_BOUND('',#15877,.T.);
#15877=EDGE_LOOP('',(#15878,#15879,#15880));
#15878=ORIENTED_EDGE('',*,*,#15881,.T.);
#15879=ORIENTED_EDGE('',*,*,#15882,.T.);
#15880=ORIENTED_EDGE('',*,*,#15883,.T.);
#15881=EDGE_CURVE('',#5046,#4838,#15884,.F.);
#15882=EDGE_CURVE('',#4838,#5042,#15885,.T.);
#15883=EDGE_CURVE('',#5042,#5046,#15886,.T.);
#15884=LINE('',#5045,#15887);
#15885=LINE('',#4837,#15888);
#15886=LINE('',#5041,#15889);
#15887=VECTOR('',#15890,1.0);
#15888=VECTOR('',#15891,1.0);
#15889=VECTOR('',#15892,1.0);
#15890=DIRECTION('',(0.01023651023156072,-0.007965337014842496,-0.9999158800941803));
#15891=DIRECTION('',(-0.01495839214843555,0.011639567338043616,0.9998203673543147));
#15892=DIRECTION('',(0.7892181048167342,-0.6141130050971747,0));
ENDSEC;
END-ISO-10303-21;
