ISO-10303-21;
HEADER;
FILE_DESCRIPTION((''),'2;1');
FILE_NAME('ai back', '2026-10-07T13:42:37', (''), (''), 'ImageToStl.com STEP Converter','', '');
FILE_SCHEMA(('AUTOMOTIVE_DESIGN_CC2'));
ENDSEC;
DATA;
#1=PRODUCT_DEFINITION_CONTEXT('',#4,'design');
#2=APPLICATION_PROTOCOL_DEFINITION('INTERNATIONAL STANDARD','automotive_design',1994,#4);
#3=(GEOMETRIC_REPRESENTATION_CONTEXT(3)GLOBAL_UNCERTAINTY_ASSIGNED_CONTEXT((#5))GLOBAL_UNIT_ASSIGNED_CONTEXT((#6,#7,#8))REPRESENTATION_CONTEXT('NONE','WORKSPACE'));
#4=APPLICATION_CONTEXT(' ');
#5=UNCERTAINTY_MEASURE_WITH_UNIT(LENGTH_MEASURE(1.0E-006),#6,'','');
#6=(CONVERSION_BASED_UNIT('METRE',#10)LENGTH_UNIT()NAMED_UNIT(#11));
#7=(NAMED_UNIT(#12)PLANE_ANGLE_UNIT()SI_UNIT($,.RADIAN.));
#8=(NAMED_UNIT(#12)SOLID_ANGLE_UNIT()SI_UNIT($,.STERADIAN.));
#9=AXIS2_PLACEMENT_3D('',#14,#15,#16);
#10=LENGTH_MEASURE_WITH_UNIT(LENGTH_MEASURE(1.0),#17);
#11=DIMENSIONAL_EXPONENTS(1.0,0.0,0.0,0.0,0.0,0.0,0.0);
#12=DIMENSIONAL_EXPONENTS(0.0,0.0,0.0,0.0,0.0,0.0,0.0);
#13=PRODUCT_CONTEXT('',#4,'mechanical');
#14=CARTESIAN_POINT('',(0.0,0.0,0.0));
#15=DIRECTION('',(0.0,0.0,1.0));
#16=DIRECTION('',(1.0,0.0,0.0));
#17=(NAMED_UNIT(#11)LENGTH_UNIT()SI_UNIT(.MILLI.,.METRE.));
#18=PRESENTATION_STYLE_ASSIGNMENT((#19));
#19=SURFACE_STYLE_USAGE(.BOTH.,#20);
#20=SURFACE_SIDE_STYLE('',(#21));
#21=SURFACE_STYLE_FILL_AREA(#22);
#22=FILL_AREA_STYLE('',(#23));
#23=FILL_AREA_STYLE_COLOUR('',#24);
#24=COLOUR_RGB('',0.10548,0.00876,0.01013);
#25=SHAPE_DEFINITION_REPRESENTATION(#26,#27);
#26=PRODUCT_DEFINITION_SHAPE('productshape0','',#30);
#27=MANIFOLD_SURFACE_SHAPE_REPRESENTATION('',(#28,#9),#3);
#28=SHELL_BASED_SURFACE_MODEL('shell0',(#33));
#29=PRODUCT('product0','','',(#13));
#30=PRODUCT_DEFINITION('mesh0','',#31,#2);
#31=PRODUCT_DEFINITION_FORMATION_WITH_SPECIFIED_SOURCE('prodsource0','',#29,.NOT_KNOWN.);
#32=STYLED_ITEM('',(#18),#33);
#33=CLOSED_SHELL('',(#618,#640,#662,#684,#706,#728,#750,#772,#794,#816,#838,#860,#882,#904,#926,#948,#970,#992,#1014,#1036,#1058,#1080,#1102,#1124,#1146,#1168,#1190,#1212,#1234,#1256,#1278,#1300,#1322,#1344,#1366,#1388,#1410,#1432,#1454,#1476,#1498,#1520,#1542,#1564,#1586,#1608,#1630,#1652,#1674,#1696,#1718,#1740,#1762,#1784,#1806,#1828,#1850,#1872,#1894,#1916,#1938,#1960,#1982,#2004,#2026,#2048,#2070,#2092,#2114,#2136,#2158,#2180,#2202,#2224,#2246,#2268,#2290,#2312,#2334,#2356,#2378,#2400,#2422,#2444,#2466,#2488,#2510,#2532,#2554,#2576,#2598,#2620,#2642,#2664,#2686,#2708,#2730,#2752,#2774,#2796,#2818,#2840,#2862,#2884,#2906,#2928,#2950,#2972,#2994,#3016,#3038,#3060,#3082,#3104,#3126,#3148,#3170,#3192,#3214,#3236,#3258,#3280,#3302,#3324,#3346,#3368,#3390,#3412,#3434,#3456,#3478,#3500,#3522,#3544,#3566,#3588,#3610,#3632,#3654,#3676,#3698,#3720,#3742,#3764,#3786,#3808,#3830,#3852,#3874,#3896,#3918,#3940,#3962,#3984,#4006,#4028,#4050,#4072,#4094,#4116,#4138,#4160,#4182,#4204,#4226,#4248,#4270,#4292,#4314,#4336,#4358,#4380,#4402,#4424,#4446,#4468,#4490,#4512,#4534,#4556,#4578,#4600,#4622,#4644,#4666,#4688,#4710,#4732,#4754,#4776,#4798,#4820,#4842,#4864,#4886,#4908,#4930,#4952,#4974,#4996,#5018,#5040,#5062,#5084,#5106,#5128,#5150,#5172,#5194,#5216,#5238,#5260,#5282,#5304,#5326,#5348,#5370,#5392,#5414,#5436,#5458,#5480,#5502,#5524,#5546,#5568,#5590,#5612,#5634,#5656,#5678,#5700,#5722,#5744,#5766,#5788,#5810,#5832,#5854,#5876,#5898,#5920,#5942,#5964,#5986,#6008,#6030,#6052,#6074,#6096,#6118,#6140,#6162,#6184,#6206,#6228,#6250,#6272,#6294,#6316,#6338,#6360,#6382,#6404,#6426,#6448,#6470,#6492,#6514,#6536,#6558,#6580,#6602,#6624,#6646,#6668,#6690,#6712,#6734,#6756,#6778,#6800,#6822,#6844,#6866,#6888,#6910,#6932,#6954,#6976,#6998,#7020,#7042,#7064,#7086,#7108,#7130,#7152,#7174,#7196,#7218,#7240,#7262,#7284,#7306,#7328,#7350,#7372,#7394,#7416,#7438,#7460,#7482,#7504,#7526,#7548,#7570,#7592,#7614,#7636,#7658,#7680,#7702,#7724,#7746,#7768,#7790,#7812,#7834,#7856,#7878,#7900,#7922,#7944,#7966,#7988,#8010,#8032,#8054,#8076,#8098,#8120,#8142,#8164,#8186,#8208,#8230,#8252,#8274,#8296,#8318,#8340,#8362,#8384,#8406,#8428,#8450,#8472,#8494,#8516,#8538,#8560,#8582,#8604,#8626,#8648,#8670,#8692,#8714,#8736,#8758,#8780,#8802,#8824,#8846,#8868,#8890,#8912,#8934,#8956,#8978,#9000,#9022,#9044,#9066,#9088,#9110,#9132,#9154,#9176,#9198,#9220,#9242,#9264,#9286,#9308,#9330,#9352,#9374,#9396,#9418,#9440,#9462,#9484,#9506,#9528,#9550,#9572,#9594,#9616,#9638,#9660,#9682,#9704,#9726,#9748,#9770,#9792,#9814,#9836,#9858,#9880,#9902,#9924,#9946,#9968,#9990,#10012,#10034,#10056,#10078,#10100,#10122,#10144,#10166,#10188,#10210,#10232,#10254,#10276,#10298,#10320,#10342,#10364));
#34=CARTESIAN_POINT('',(30.037788580706547,-71.401192119454,335.0709627162905));
#35=VERTEX_POINT('',#34);
#36=CARTESIAN_POINT('',(30.037788580706547,-71.40119211945398,343.0596525180845));
#37=VERTEX_POINT('',#36);
#38=CARTESIAN_POINT('',(22.049098778912594,-71.40119211945398,343.0596525180845));
#39=VERTEX_POINT('',#38);
#40=CARTESIAN_POINT('',(22.049098778912594,-71.401192119454,335.0709627162905));
#41=VERTEX_POINT('',#40);
#42=CARTESIAN_POINT('',(31.4102492931122,-70.95290114576788,343.0596525180845));
#43=VERTEX_POINT('',#42);
#44=CARTESIAN_POINT('',(31.4102492931122,-70.95290114576788,335.0709627162905));
#45=VERTEX_POINT('',#44);
#46=CARTESIAN_POINT('',(31.4102492931122,-69.39643694111034,335.0709627162905));
#47=VERTEX_POINT('',#46);
#48=CARTESIAN_POINT('',(31.4102492931122,-69.39643694111034,343.0596525180845));
#49=VERTEX_POINT('',#48);
#50=CARTESIAN_POINT('',(22.049098778912594,-69.39643694111034,344.43211323049013));
#51=VERTEX_POINT('',#50);
#52=CARTESIAN_POINT('',(22.049098778912594,-70.95290114576788,344.43211323049013));
#53=VERTEX_POINT('',#52);
#54=CARTESIAN_POINT('',(30.037788580706547,-70.95290114576788,344.43211323049013));
#55=VERTEX_POINT('',#54);
#56=CARTESIAN_POINT('',(30.037788580706547,-69.39643694111034,344.43211323049013));
#57=VERTEX_POINT('',#56);
#58=CARTESIAN_POINT('',(20.67663806650694,-70.95290114576788,335.0709627162905));
#59=VERTEX_POINT('',#58);
#60=CARTESIAN_POINT('',(20.67663806650694,-70.95290114576788,343.0596525180845));
#61=VERTEX_POINT('',#60);
#62=CARTESIAN_POINT('',(20.67663806650694,-69.39643694111034,343.0596525180845));
#63=VERTEX_POINT('',#62);
#64=CARTESIAN_POINT('',(20.67663806650694,-69.39643694111034,335.0709627162905));
#65=VERTEX_POINT('',#64);
#66=CARTESIAN_POINT('',(22.049098778912594,-70.95290114576788,333.69850200388487));
#67=VERTEX_POINT('',#66);
#68=CARTESIAN_POINT('',(22.049098778912594,-71.05260700422531,333.73287884611364));
#69=VERTEX_POINT('',#68);
#70=CARTESIAN_POINT('',(21.734059670702663,-71.05688095310548,333.7736349941101));
#71=VERTEX_POINT('',#70);
#72=CARTESIAN_POINT('',(21.743845312833855,-70.95290114576788,333.73287884611364));
#73=VERTEX_POINT('',#72);
#74=CARTESIAN_POINT('',(22.049098778912594,-71.14736261002068,333.83435255490144));
#75=VERTEX_POINT('',#74);
#76=CARTESIAN_POINT('',(21.735360754271824,-71.15075525621907,333.8800395213689));
#77=VERTEX_POINT('',#76);
#78=CARTESIAN_POINT('',(22.049098778912594,-71.2323905044498,333.99789174967873));
#79=VERTEX_POINT('',#78);
#80=CARTESIAN_POINT('',(21.739326897236424,-71.22849584633165,334.03376195545025));
#81=VERTEX_POINT('',#80);
#82=CARTESIAN_POINT('',(22.049098778912594,-71.30340154560338,334.21529521460434));
#83=VERTEX_POINT('',#82);
#84=CARTESIAN_POINT('',(21.73837172108142,-71.29123396215324,334.2258735612263));
#85=VERTEX_POINT('',#84);
#86=CARTESIAN_POINT('',(21.443538060726496,-71.05626242563149,333.8806654958655));
#87=VERTEX_POINT('',#86);
#88=CARTESIAN_POINT('',(21.453747242901727,-70.95290114576788,333.8343522273376));
#89=VERTEX_POINT('',#88);
#90=CARTESIAN_POINT('',(21.46068373475987,-71.1453609819315,333.979985144847));
#91=VERTEX_POINT('',#90);
#92=CARTESIAN_POINT('',(21.48247459159643,-71.2139850056236,334.10988222308674));
#93=VERTEX_POINT('',#92);
#94=CARTESIAN_POINT('',(21.482158164927796,-71.26670588658047,334.2714422771478));
#95=VERTEX_POINT('',#94);
#96=CARTESIAN_POINT('',(21.20400962384838,-71.05439485997526,334.03514329216));
#97=VERTEX_POINT('',#96);
#98=CARTESIAN_POINT('',(21.19343127722641,-70.95290114576788,333.99789174967873));
#99=VERTEX_POINT('',#98);
#100=CARTESIAN_POINT('',(21.249578667333708,-71.13808266504064,334.11023697472456));
#101=VERTEX_POINT('',#100);
#102=CARTESIAN_POINT('',(21.29884295848865,-71.19795956970331,334.2003995765822));
#103=VERTEX_POINT('',#102);
#104=CARTESIAN_POINT('',(21.29884263092481,-71.23725580454061,334.32070656830274));
#105=VERTEX_POINT('',#104);
#106=CARTESIAN_POINT('',(21.743845312833855,-71.38996350800035,335.0709627162905));
#107=VERTEX_POINT('',#106);
#108=CARTESIAN_POINT('',(21.7307604477146,-71.37665120470169,334.7559236080806));
#109=VERTEX_POINT('',#108);
#110=CARTESIAN_POINT('',(22.049098778912594,-71.38996350800035,334.7657092502118));
#111=VERTEX_POINT('',#110);
#112=CARTESIAN_POINT('',(21.453747242901727,-71.35681884505675,335.0709627162905));
#113=VERTEX_POINT('',#112);
#114=CARTESIAN_POINT('',(21.44336052112567,-71.34189597367885,334.75722469164975));
#115=VERTEX_POINT('',#114);
#116=CARTESIAN_POINT('',(21.19343094966257,-71.30340154560338,335.0709627162905));
#117=VERTEX_POINT('',#116);
#118=CARTESIAN_POINT('',(21.205354600971987,-71.29168515232065,334.76119083461435));
#119=VERTEX_POINT('',#118);
#120=CARTESIAN_POINT('',(21.19343094966257,-71.30340154560338,335.0709627162905));
#121=VERTEX_POINT('',#120);
#122=CARTESIAN_POINT('',(20.9760278123008,-71.23239039745663,335.0709627162905));
#123=VERTEX_POINT('',#122);
#124=CARTESIAN_POINT('',(21.01327935478207,-71.228935160258,334.76023565845935));
#125=VERTEX_POINT('',#124);
#126=CARTESIAN_POINT('',(21.205354600971987,-71.29168515232065,334.76119083461435));
#127=VERTEX_POINT('',#126);
#128=CARTESIAN_POINT('',(21.73265409426881,-71.34169150974479,334.4654019981044));
#129=VERTEX_POINT('',#128);
#130=CARTESIAN_POINT('',(22.049098778912594,-71.3568189520499,334.47561118027966));
#131=VERTEX_POINT('',#130);
#132=CARTESIAN_POINT('',(21.45987530720481,-71.30925043383958,334.4825476721378));
#133=VERTEX_POINT('',#132);
#134=CARTESIAN_POINT('',(21.249780119094794,-71.26682176017576,334.50433852897436));
#135=VERTEX_POINT('',#134);
#136=CARTESIAN_POINT('',(21.088373037346628,-71.21405080641871,334.5040221023057));
#137=VERTEX_POINT('',#136);
#138=CARTESIAN_POINT('',(21.249780119094794,-71.26682176017576,334.50433852897436));
#139=VERTEX_POINT('',#138);
#140=CARTESIAN_POINT('',(21.73837172108142,-71.29123396215324,334.2258735612263));
#141=VERTEX_POINT('',#140);
#142=CARTESIAN_POINT('',(22.049098778912594,-71.30340154560338,334.21529521460434));
#143=VERTEX_POINT('',#142);
#144=CARTESIAN_POINT('',(21.482158164927796,-71.26670588658047,334.2714422771478));
#145=VERTEX_POINT('',#144);
#146=CARTESIAN_POINT('',(21.29884263092481,-71.23725580454061,334.32070656830274));
#147=VERTEX_POINT('',#146);
#148=CARTESIAN_POINT('',(21.178535639204256,-71.19795946271016,334.32070656830274));
#149=VERTEX_POINT('',#148);
#150=CARTESIAN_POINT('',(21.29884263092481,-71.23725580454061,334.32070656830274));
#151=VERTEX_POINT('',#150);
#152=CARTESIAN_POINT('',(20.711014908735706,-70.95290114576788,334.7657092502118));
#153=VERTEX_POINT('',#152);
#154=CARTESIAN_POINT('',(20.751771056732196,-71.05580331797002,334.75262438509253));
#155=VERTEX_POINT('',#154);
#156=CARTESIAN_POINT('',(20.711014908735706,-71.05260700422531,335.0709627162905));
#157=VERTEX_POINT('',#156);
#158=CARTESIAN_POINT('',(20.812488617523513,-70.95290114576788,334.47561118027966));
#159=VERTEX_POINT('',#158);
#160=CARTESIAN_POINT('',(20.858175583990942,-71.05537834112748,334.4652244585036));
#161=VERTEX_POINT('',#160);
#162=CARTESIAN_POINT('',(20.9760278123008,-70.95290114576788,334.2152948870405));
#163=VERTEX_POINT('',#162);
#164=CARTESIAN_POINT('',(21.011898018072316,-71.05408286791261,334.2272185383499));
#165=VERTEX_POINT('',#164);
#166=CARTESIAN_POINT('',(20.9760278123008,-70.95290114576788,334.2152948870405));
#167=VERTEX_POINT('',#166);
#168=CARTESIAN_POINT('',(21.011898018072316,-71.05408286791261,334.2272185383499));
#169=VERTEX_POINT('',#168);
#170=CARTESIAN_POINT('',(20.858801558487585,-71.15069726592485,334.75451803164674));
#171=VERTEX_POINT('',#170);
#172=CARTESIAN_POINT('',(20.812488289959674,-71.14736261002068,335.0709627162905));
#173=VERTEX_POINT('',#172);
#174=CARTESIAN_POINT('',(20.95812120746905,-71.14509692280578,334.48173924458274));
#175=VERTEX_POINT('',#174);
#176=CARTESIAN_POINT('',(21.088018285708813,-71.1379793096454,334.2716440564727));
#177=VERTEX_POINT('',#176);
#178=CARTESIAN_POINT('',(21.088018285708813,-71.1379793096454,334.2716440564727));
#179=VERTEX_POINT('',#178);
#180=CARTESIAN_POINT('',(21.178535639204256,-71.19795946271016,334.32070656830274));
#181=VERTEX_POINT('',#180);
#182=CARTESIAN_POINT('',(22.049098778912594,-71.38996350800035,343.3649059841632));
#183=VERTEX_POINT('',#182);
#184=CARTESIAN_POINT('',(21.734059670702663,-71.37665120470169,343.37799084928247));
#185=VERTEX_POINT('',#184);
#186=CARTESIAN_POINT('',(21.743845312833855,-71.38996350800035,343.0596525180845));
#187=VERTEX_POINT('',#186);
#188=CARTESIAN_POINT('',(22.049098778912594,-71.35681884505674,343.65500405409534));
#189=VERTEX_POINT('',#188);
#190=CARTESIAN_POINT('',(21.735360754271824,-71.34189597367885,343.6653907758714));
#191=VERTEX_POINT('',#190);
#192=CARTESIAN_POINT('',(22.049098778912594,-71.30340154560338,343.9153203473345));
#193=VERTEX_POINT('',#192);
#194=CARTESIAN_POINT('',(21.739326897236424,-71.29168515232065,343.9033966960251));
#195=VERTEX_POINT('',#194);
#196=CARTESIAN_POINT('',(22.049098778912594,-71.23239039745663,344.13272348469627));
#197=VERTEX_POINT('',#196);
#198=CARTESIAN_POINT('',(21.73837172108142,-71.228935160258,344.095471942215));
#199=VERTEX_POINT('',#198);
#200=CARTESIAN_POINT('',(21.443538060726496,-71.34169150974478,343.37609720272826));
#201=VERTEX_POINT('',#200);
#202=CARTESIAN_POINT('',(21.453747242901727,-71.3568189520499,343.0596525180845));
#203=VERTEX_POINT('',#202);
#204=CARTESIAN_POINT('',(21.46068373475987,-71.30925043383958,343.64887598979226));
#205=VERTEX_POINT('',#204);
#206=CARTESIAN_POINT('',(21.48247459159643,-71.26682176017574,343.8589711779023));
#207=VERTEX_POINT('',#206);
#208=CARTESIAN_POINT('',(21.482158164927796,-71.21405091341187,344.02037825965044));
#209=VERTEX_POINT('',#208);
#210=CARTESIAN_POINT('',(21.20400962384838,-71.29123396215323,343.37037957591565));
#211=VERTEX_POINT('',#210);
#212=CARTESIAN_POINT('',(21.19343127722641,-71.30340154560338,343.0596525180845));
#213=VERTEX_POINT('',#212);
#214=CARTESIAN_POINT('',(21.249578667333708,-71.26670588658047,343.6265931320693));
#215=VERTEX_POINT('',#214);
#216=CARTESIAN_POINT('',(21.29884295848865,-71.23725580454061,343.80990866607226));
#217=VERTEX_POINT('',#216);
#218=CARTESIAN_POINT('',(21.29884263092481,-71.19795956970331,343.9302156577928));
#219=VERTEX_POINT('',#218);
#220=CARTESIAN_POINT('',(21.743845312833855,-70.95290114576788,344.39773638826136));
#221=VERTEX_POINT('',#220);
#222=CARTESIAN_POINT('',(21.7307604477146,-71.05580331797002,344.3569802402649));
#223=VERTEX_POINT('',#222);
#224=CARTESIAN_POINT('',(22.049098778912594,-71.05260700422531,344.39773638826136));
#225=VERTEX_POINT('',#224);
#226=CARTESIAN_POINT('',(21.453747242901727,-70.95290114576788,344.29626267947356));
#227=VERTEX_POINT('',#226);
#228=CARTESIAN_POINT('',(21.44336052112567,-71.05537834112748,344.2505757130061));
#229=VERTEX_POINT('',#228);
#230=CARTESIAN_POINT('',(21.19343094966257,-70.95290114576788,344.13272348469627));
#231=VERTEX_POINT('',#230);
#232=CARTESIAN_POINT('',(21.205354600971987,-71.05408286791261,344.09685327892475));
#233=VERTEX_POINT('',#232);
#234=CARTESIAN_POINT('',(21.19343094966257,-70.95290114576788,344.13272348469627));
#235=VERTEX_POINT('',#234);
#236=CARTESIAN_POINT('',(20.9760278123008,-70.95290114576788,343.91532001977066));
#237=VERTEX_POINT('',#236);
#238=CARTESIAN_POINT('',(21.01327935478207,-71.05439485997526,343.9047416731487));
#239=VERTEX_POINT('',#238);
#240=CARTESIAN_POINT('',(21.205354600971987,-71.05408286791261,344.09685327892475));
#241=VERTEX_POINT('',#240);
#242=CARTESIAN_POINT('',(21.73265409426881,-71.15069726592485,344.2499497385095));
#243=VERTEX_POINT('',#242);
#244=CARTESIAN_POINT('',(22.049098778912594,-71.14736261002066,344.2962630070374));
#245=VERTEX_POINT('',#244);
#246=CARTESIAN_POINT('',(21.45987530720481,-71.14509692280576,344.150630089528));
#247=VERTEX_POINT('',#246);
#248=CARTESIAN_POINT('',(21.249780119094794,-71.13797930964539,344.02073301128826));
#249=VERTEX_POINT('',#248);
#250=CARTESIAN_POINT('',(21.088373037346628,-71.13808266504063,343.85917262966336));
#251=VERTEX_POINT('',#250);
#252=CARTESIAN_POINT('',(21.249780119094794,-71.13797930964539,344.02073301128826));
#253=VERTEX_POINT('',#252);
#254=CARTESIAN_POINT('',(21.73837172108142,-71.228935160258,344.095471942215));
#255=VERTEX_POINT('',#254);
#256=CARTESIAN_POINT('',(22.049098778912594,-71.23239039745663,344.13272348469627));
#257=VERTEX_POINT('',#256);
#258=CARTESIAN_POINT('',(21.482158164927796,-71.21405091341187,344.02037825965044));
#259=VERTEX_POINT('',#258);
#260=CARTESIAN_POINT('',(21.29884263092481,-71.19795956970331,343.9302156577928));
#261=VERTEX_POINT('',#260);
#262=CARTESIAN_POINT('',(21.178535639204256,-71.19795956970331,343.8099083385084));
#263=VERTEX_POINT('',#262);
#264=CARTESIAN_POINT('',(21.29884263092481,-71.19795956970331,343.9302156577928));
#265=VERTEX_POINT('',#264);
#266=CARTESIAN_POINT('',(20.711014908735706,-71.05260700422531,343.0596525180845));
#267=VERTEX_POINT('',#266);
#268=CARTESIAN_POINT('',(20.751771056732196,-71.05688095310548,343.3746916262944));
#269=VERTEX_POINT('',#268);
#270=CARTESIAN_POINT('',(20.711014908735706,-70.95290114576788,343.3649059841632));
#271=VERTEX_POINT('',#270);
#272=CARTESIAN_POINT('',(20.812488617523513,-71.14736261002066,343.0596525180845));
#273=VERTEX_POINT('',#272);
#274=CARTESIAN_POINT('',(20.858175583990942,-71.15075525621907,343.37339054272525));
#275=VERTEX_POINT('',#274);
#276=CARTESIAN_POINT('',(20.9760278123008,-71.23239050444978,343.0596525180845));
#277=VERTEX_POINT('',#276);
#278=CARTESIAN_POINT('',(21.011898018072316,-71.22849584633165,343.36942439976065));
#279=VERTEX_POINT('',#278);
#280=CARTESIAN_POINT('',(21.19343127722641,-71.30340154560338,343.0596525180845));
#281=VERTEX_POINT('',#280);
#282=CARTESIAN_POINT('',(21.20400962384838,-71.29123396215323,343.37037957591565));
#283=VERTEX_POINT('',#282);
#284=CARTESIAN_POINT('',(20.858801558487585,-71.05626242563147,343.6652132362706));
#285=VERTEX_POINT('',#284);
#286=CARTESIAN_POINT('',(20.812488289959674,-70.95290114576788,343.65500405409534));
#287=VERTEX_POINT('',#286);
#288=CARTESIAN_POINT('',(20.95812120746905,-71.14536098193149,343.6480675622372));
#289=VERTEX_POINT('',#288);
#290=CARTESIAN_POINT('',(21.088018285708813,-71.2139850056236,343.62627670540064));
#291=VERTEX_POINT('',#290);
#292=CARTESIAN_POINT('',(21.249578667333708,-71.26670588658047,343.6265931320693));
#293=VERTEX_POINT('',#292);
#294=CARTESIAN_POINT('',(21.29884295848865,-71.23725580454061,343.80990866607226));
#295=VERTEX_POINT('',#294);
#296=CARTESIAN_POINT('',(30.037788580706547,-70.95290114576788,333.69850200388487));
#297=VERTEX_POINT('',#296);
#298=CARTESIAN_POINT('',(30.343042046785285,-70.95290114576788,333.73287884611364));
#299=VERTEX_POINT('',#298);
#300=CARTESIAN_POINT('',(30.35612691190454,-71.05580331797002,333.7736349941101));
#301=VERTEX_POINT('',#300);
#302=CARTESIAN_POINT('',(30.037788580706547,-71.05260700422531,333.73287884611364));
#303=VERTEX_POINT('',#302);
#304=CARTESIAN_POINT('',(30.633140116717414,-70.95290114576788,333.83435255490144));
#305=VERTEX_POINT('',#304);
#306=CARTESIAN_POINT('',(30.64352683849347,-71.05537834112748,333.8800395213689));
#307=VERTEX_POINT('',#306);
#308=CARTESIAN_POINT('',(30.89345640995657,-70.95290114576788,333.99789174967873));
#309=VERTEX_POINT('',#308);
#310=CARTESIAN_POINT('',(30.881532758647154,-71.05408286791261,334.03376195545025));
#311=VERTEX_POINT('',#310);
#312=CARTESIAN_POINT('',(31.11085954731834,-70.95290114576788,334.21529521460434));
#313=VERTEX_POINT('',#312);
#314=CARTESIAN_POINT('',(31.07360800483707,-71.05439485997526,334.2258735612263));
#315=VERTEX_POINT('',#314);
#316=CARTESIAN_POINT('',(30.35423326535033,-71.15069726592485,333.8806654958655));
#317=VERTEX_POINT('',#316);
#318=CARTESIAN_POINT('',(30.037788580706547,-71.14736261002068,333.8343522273376));
#319=VERTEX_POINT('',#318);
#320=CARTESIAN_POINT('',(30.62701205241433,-71.14509692280578,333.979985144847));
#321=VERTEX_POINT('',#320);
#322=CARTESIAN_POINT('',(30.837107240524347,-71.1379793096454,334.10988222308674));
#323=VERTEX_POINT('',#322);
#324=CARTESIAN_POINT('',(30.998514322272513,-71.13808266504064,334.2714422771478));
#325=VERTEX_POINT('',#324);
#326=CARTESIAN_POINT('',(30.34851563853772,-71.228935160258,334.03514329216));
#327=VERTEX_POINT('',#326);
#328=CARTESIAN_POINT('',(30.037788580706547,-71.23239039745663,333.99789174967873));
#329=VERTEX_POINT('',#328);
#330=CARTESIAN_POINT('',(30.604729194691345,-71.21405080641871,334.11023697472456));
#331=VERTEX_POINT('',#330);
#332=CARTESIAN_POINT('',(30.78804472869433,-71.19795946271016,334.2003995765822));
#333=VERTEX_POINT('',#332);
#334=CARTESIAN_POINT('',(30.908351720414885,-71.19795956970331,334.32070656830274));
#335=VERTEX_POINT('',#334);
#336=CARTESIAN_POINT('',(31.375872450883435,-71.05260700422531,335.0709627162905));
#337=VERTEX_POINT('',#336);
#338=CARTESIAN_POINT('',(31.335116302886945,-71.05688095310548,334.7559236080806));
#339=VERTEX_POINT('',#338);
#340=CARTESIAN_POINT('',(31.375872450883435,-70.95290114576788,334.7657092502118));
#341=VERTEX_POINT('',#340);
#342=CARTESIAN_POINT('',(31.274398742095627,-71.14736261002068,335.0709627162905));
#343=VERTEX_POINT('',#342);
#344=CARTESIAN_POINT('',(31.2287117756282,-71.15075525621907,334.75722469164975));
#345=VERTEX_POINT('',#344);
#346=CARTESIAN_POINT('',(31.11085954731834,-71.2323905044498,335.0709627162905));
#347=VERTEX_POINT('',#346);
#348=CARTESIAN_POINT('',(31.074989341546825,-71.22849584633165,334.76119083461435));
#349=VERTEX_POINT('',#348);
#350=CARTESIAN_POINT('',(30.89345608239273,-71.30340154560338,335.0709627162905));
#351=VERTEX_POINT('',#350);
#352=CARTESIAN_POINT('',(30.882877735770762,-71.29123396215324,334.76023565845935));
#353=VERTEX_POINT('',#352);
#354=CARTESIAN_POINT('',(31.228085801131556,-71.05626242563149,334.4654019981044));
#355=VERTEX_POINT('',#354);
#356=CARTESIAN_POINT('',(31.274399069659466,-70.95290114576788,334.47561118027966));
#357=VERTEX_POINT('',#356);
#358=CARTESIAN_POINT('',(31.128766152150092,-71.1453609819315,334.4825476721378));
#359=VERTEX_POINT('',#358);
#360=CARTESIAN_POINT('',(30.998869073910328,-71.2139850056236,334.50433852897436));
#361=VERTEX_POINT('',#360);
#362=CARTESIAN_POINT('',(30.837308692285433,-71.26670588658047,334.5040221023057));
#363=VERTEX_POINT('',#362);
#364=CARTESIAN_POINT('',(30.78804440113049,-71.23725580454061,334.32070656830274));
#365=VERTEX_POINT('',#364);
#366=CARTESIAN_POINT('',(30.037788580706547,-71.38996350800035,334.7657092502118));
#367=VERTEX_POINT('',#366);
#368=CARTESIAN_POINT('',(30.352827688916477,-71.37665120470169,334.75262438509253));
#369=VERTEX_POINT('',#368);
#370=CARTESIAN_POINT('',(30.343042046785285,-71.38996350800035,335.0709627162905));
#371=VERTEX_POINT('',#370);
#372=CARTESIAN_POINT('',(30.037788580706547,-71.35681884505675,334.47561118027966));
#373=VERTEX_POINT('',#372);
#374=CARTESIAN_POINT('',(30.351526605347317,-71.34189597367885,334.4652244585036));
#375=VERTEX_POINT('',#374);
#376=CARTESIAN_POINT('',(30.037788580706547,-71.30340154560338,334.2152948870405));
#377=VERTEX_POINT('',#376);
#378=CARTESIAN_POINT('',(30.347560462382717,-71.29168515232065,334.2272185383499));
#379=VERTEX_POINT('',#378);
#380=CARTESIAN_POINT('',(30.037788580706547,-71.30340154560338,334.2152948870405));
#381=VERTEX_POINT('',#380);
#382=CARTESIAN_POINT('',(30.347560462382717,-71.29168515232065,334.2272185383499));
#383=VERTEX_POINT('',#382);
#384=CARTESIAN_POINT('',(30.643349298892645,-71.34169150974479,334.75451803164674));
#385=VERTEX_POINT('',#384);
#386=CARTESIAN_POINT('',(30.633140116717414,-71.3568189520499,335.0709627162905));
#387=VERTEX_POINT('',#386);
#388=CARTESIAN_POINT('',(30.626203624859272,-71.30925043383958,334.48173924458274));
#389=VERTEX_POINT('',#388);
#390=CARTESIAN_POINT('',(30.604412768022712,-71.26682176017576,334.2716440564727));
#391=VERTEX_POINT('',#390);
#392=CARTESIAN_POINT('',(30.604412768022712,-71.26682176017576,334.2716440564727));
#393=VERTEX_POINT('',#392);
#394=CARTESIAN_POINT('',(30.78804440113049,-71.23725580454061,334.32070656830274));
#395=VERTEX_POINT('',#394);
#396=CARTESIAN_POINT('',(30.908351720414885,-71.19795956970331,334.32070656830274));
#397=VERTEX_POINT('',#396);
#398=CARTESIAN_POINT('',(30.037788580706547,-71.05260700422531,344.39773638826136));
#399=VERTEX_POINT('',#398);
#400=CARTESIAN_POINT('',(30.352827688916477,-71.05688095310548,344.3569802402649));
#401=VERTEX_POINT('',#400);
#402=CARTESIAN_POINT('',(30.343042046785285,-70.95290114576788,344.39773638826136));
#403=VERTEX_POINT('',#402);
#404=CARTESIAN_POINT('',(30.037788580706547,-71.14736261002066,344.29626267947356));
#405=VERTEX_POINT('',#404);
#406=CARTESIAN_POINT('',(30.351526605347317,-71.15075525621907,344.2505757130061));
#407=VERTEX_POINT('',#406);
#408=CARTESIAN_POINT('',(30.037788580706547,-71.23239050444978,344.13272348469627));
#409=VERTEX_POINT('',#408);
#410=CARTESIAN_POINT('',(30.347560462382717,-71.22849584633165,344.09685327892475));
#411=VERTEX_POINT('',#410);
#412=CARTESIAN_POINT('',(30.037788580706547,-71.23239050444978,344.13272348469627));
#413=VERTEX_POINT('',#412);
#414=CARTESIAN_POINT('',(30.037788580706547,-71.30340154560338,343.91532001977066));
#415=VERTEX_POINT('',#414);
#416=CARTESIAN_POINT('',(30.34851563853772,-71.29123396215323,343.9047416731487));
#417=VERTEX_POINT('',#416);
#418=CARTESIAN_POINT('',(30.347560462382717,-71.22849584633165,344.09685327892475));
#419=VERTEX_POINT('',#418);
#420=CARTESIAN_POINT('',(30.643349298892645,-71.05626242563147,344.2499497385095));
#421=VERTEX_POINT('',#420);
#422=CARTESIAN_POINT('',(30.633140116717414,-70.95290114576788,344.2962630070374));
#423=VERTEX_POINT('',#422);
#424=CARTESIAN_POINT('',(30.626203624859272,-71.14536098193149,344.150630089528));
#425=VERTEX_POINT('',#424);
#426=CARTESIAN_POINT('',(30.604412768022712,-71.2139850056236,344.02073301128826));
#427=VERTEX_POINT('',#426);
#428=CARTESIAN_POINT('',(30.604729194691345,-71.26670588658047,343.8591729572272));
#429=VERTEX_POINT('',#428);
#430=CARTESIAN_POINT('',(30.604412768022712,-71.2139850056236,344.02073301128826));
#431=VERTEX_POINT('',#430);
#432=CARTESIAN_POINT('',(30.882877735770762,-71.05439485997526,344.095471942215));
#433=VERTEX_POINT('',#432);
#434=CARTESIAN_POINT('',(30.89345608239273,-70.95290114576788,344.13272348469627));
#435=VERTEX_POINT('',#434);
#436=CARTESIAN_POINT('',(30.837308692285433,-71.13808266504063,344.02037825965044));
#437=VERTEX_POINT('',#436);
#438=CARTESIAN_POINT('',(30.78804440113049,-71.19795956970331,343.9302156577928));
#439=VERTEX_POINT('',#438);
#440=CARTESIAN_POINT('',(30.78804472869433,-71.23725580454061,343.80990866607226));
#441=VERTEX_POINT('',#440);
#442=CARTESIAN_POINT('',(30.78804440113049,-71.19795956970331,343.9302156577928));
#443=VERTEX_POINT('',#442);
#444=CARTESIAN_POINT('',(30.343042046785285,-71.38996350800035,343.0596525180845));
#445=VERTEX_POINT('',#444);
#446=CARTESIAN_POINT('',(30.35612691190454,-71.37665120470169,343.3746916262944));
#447=VERTEX_POINT('',#446);
#448=CARTESIAN_POINT('',(30.037788580706547,-71.38996350800035,343.3649059841632));
#449=VERTEX_POINT('',#448);
#450=CARTESIAN_POINT('',(30.633140116717414,-71.35681884505674,343.0596525180845));
#451=VERTEX_POINT('',#450);
#452=CARTESIAN_POINT('',(30.64352683849347,-71.34189597367885,343.37339054272525));
#453=VERTEX_POINT('',#452);
#454=CARTESIAN_POINT('',(30.89345640995657,-71.30340154560338,343.0596525180845));
#455=VERTEX_POINT('',#454);
#456=CARTESIAN_POINT('',(30.881532758647154,-71.29168515232065,343.36942439976065));
#457=VERTEX_POINT('',#456);
#458=CARTESIAN_POINT('',(31.11085954731834,-71.23239039745663,343.0596525180845));
#459=VERTEX_POINT('',#458);
#460=CARTESIAN_POINT('',(31.07360800483707,-71.228935160258,343.37037957591565));
#461=VERTEX_POINT('',#460);
#462=CARTESIAN_POINT('',(30.35423326535033,-71.34169150974478,343.6652132362706));
#463=VERTEX_POINT('',#462);
#464=CARTESIAN_POINT('',(30.037788580706547,-71.3568189520499,343.65500405409534));
#465=VERTEX_POINT('',#464);
#466=CARTESIAN_POINT('',(30.62701205241433,-71.30925043383958,343.6480675622372));
#467=VERTEX_POINT('',#466);
#468=CARTESIAN_POINT('',(30.837107240524347,-71.26682176017574,343.62627670540064));
#469=VERTEX_POINT('',#468);
#470=CARTESIAN_POINT('',(30.998514322272513,-71.2140508064187,343.6265931320693));
#471=VERTEX_POINT('',#470);
#472=CARTESIAN_POINT('',(30.908351720414885,-71.19795946271014,343.80990866607226));
#473=VERTEX_POINT('',#472);
#474=CARTESIAN_POINT('',(31.375872450883435,-70.95290114576788,343.3649059841632));
#475=VERTEX_POINT('',#474);
#476=CARTESIAN_POINT('',(31.335116302886945,-71.05580331797002,343.37799084928247));
#477=VERTEX_POINT('',#476);
#478=CARTESIAN_POINT('',(31.375872450883435,-71.05260700422531,343.0596525180845));
#479=VERTEX_POINT('',#478);
#480=CARTESIAN_POINT('',(31.274398742095627,-70.95290114576788,343.65500405409534));
#481=VERTEX_POINT('',#480);
#482=CARTESIAN_POINT('',(31.2287117756282,-71.05537834112748,343.6653907758714));
#483=VERTEX_POINT('',#482);
#484=CARTESIAN_POINT('',(31.11085954731834,-70.95290114576788,343.9153203473345));
#485=VERTEX_POINT('',#484);
#486=CARTESIAN_POINT('',(31.074989341546825,-71.05408286791261,343.9033966960251));
#487=VERTEX_POINT('',#486);
#488=CARTESIAN_POINT('',(31.228085801131556,-71.15069726592485,343.37609720272826));
#489=VERTEX_POINT('',#488);
#490=CARTESIAN_POINT('',(31.274399069659466,-71.14736261002066,343.0596525180845));
#491=VERTEX_POINT('',#490);
#492=CARTESIAN_POINT('',(31.128766152150092,-71.14509692280576,343.64887598979226));
#493=VERTEX_POINT('',#492);
#494=CARTESIAN_POINT('',(30.998869073910328,-71.13797930964539,343.8589711779023));
#495=VERTEX_POINT('',#494);
#496=CARTESIAN_POINT('',(30.908351720414885,-71.19795946271014,343.80990866607226));
#497=VERTEX_POINT('',#496);
#498=CARTESIAN_POINT('',(21.743845312833855,-69.39643694111034,333.73287884611364));
#499=VERTEX_POINT('',#498);
#500=CARTESIAN_POINT('',(22.049098778912594,-69.39643694111034,333.69850200388487));
#501=VERTEX_POINT('',#500);
#502=CARTESIAN_POINT('',(21.453747242901727,-69.39643694111034,333.83435255490144));
#503=VERTEX_POINT('',#502);
#504=CARTESIAN_POINT('',(21.19343094966257,-69.39643694111034,333.99789174967873));
#505=VERTEX_POINT('',#504);
#506=CARTESIAN_POINT('',(20.9760278123008,-69.39643694111034,334.21529521460434));
#507=VERTEX_POINT('',#506);
#508=CARTESIAN_POINT('',(20.9760278123008,-69.39643694111034,334.21529521460434));
#509=VERTEX_POINT('',#508);
#510=CARTESIAN_POINT('',(20.812488289959674,-69.39643694111034,334.47561118027966));
#511=VERTEX_POINT('',#510);
#512=CARTESIAN_POINT('',(20.711014908735706,-69.39643694111034,334.7657092502118));
#513=VERTEX_POINT('',#512);
#514=CARTESIAN_POINT('',(21.743845312833855,-69.39643694111034,344.39773638826136));
#515=VERTEX_POINT('',#514);
#516=CARTESIAN_POINT('',(21.453747242901727,-69.39643694111034,344.2962630070374));
#517=VERTEX_POINT('',#516);
#518=CARTESIAN_POINT('',(21.19343127722641,-69.39643694111034,344.13272348469627));
#519=VERTEX_POINT('',#518);
#520=CARTESIAN_POINT('',(20.9760278123008,-69.39643694111034,343.9153203473345));
#521=VERTEX_POINT('',#520);
#522=CARTESIAN_POINT('',(21.19343127722641,-69.39643694111034,344.13272348469627));
#523=VERTEX_POINT('',#522);
#524=CARTESIAN_POINT('',(20.812488617523513,-69.39643694111034,343.65500405409534));
#525=VERTEX_POINT('',#524);
#526=CARTESIAN_POINT('',(20.711014908735706,-69.39643694111034,343.3649059841632));
#527=VERTEX_POINT('',#526);
#528=CARTESIAN_POINT('',(30.037788580706547,-69.39643694111034,333.69850200388487));
#529=VERTEX_POINT('',#528);
#530=CARTESIAN_POINT('',(30.343042046785285,-69.39643694111034,333.73287884611364));
#531=VERTEX_POINT('',#530);
#532=CARTESIAN_POINT('',(30.633140116717414,-69.39643694111034,333.8343522273376));
#533=VERTEX_POINT('',#532);
#534=CARTESIAN_POINT('',(30.89345608239273,-69.39643694111034,333.99789174967873));
#535=VERTEX_POINT('',#534);
#536=CARTESIAN_POINT('',(31.11085954731834,-69.39643694111034,334.2152948870405));
#537=VERTEX_POINT('',#536);
#538=CARTESIAN_POINT('',(31.274398742095627,-69.39643694111034,334.47561118027966));
#539=VERTEX_POINT('',#538);
#540=CARTESIAN_POINT('',(31.375872450883435,-69.39643694111034,334.7657092502118));
#541=VERTEX_POINT('',#540);
#542=CARTESIAN_POINT('',(30.343042046785285,-69.39643694111034,344.39773638826136));
#543=VERTEX_POINT('',#542);
#544=CARTESIAN_POINT('',(30.633140116717414,-69.39643694111034,344.29626267947356));
#545=VERTEX_POINT('',#544);
#546=CARTESIAN_POINT('',(30.89345640995657,-69.39643694111034,344.13272348469627));
#547=VERTEX_POINT('',#546);
#548=CARTESIAN_POINT('',(31.11085954731834,-69.39643694111034,343.91532001977066));
#549=VERTEX_POINT('',#548);
#550=CARTESIAN_POINT('',(31.274399069659466,-69.39643694111034,343.65500405409534));
#551=VERTEX_POINT('',#550);
#552=CARTESIAN_POINT('',(31.375872450883435,-69.39643694111034,343.3649059841632));
#553=VERTEX_POINT('',#552);
#554=CARTESIAN_POINT('',(31.4102492931122,-69.39643694111034,335.0709627162905));
#555=VERTEX_POINT('',#554);
#556=CARTESIAN_POINT('',(31.375872450883435,-69.39643694111034,334.7657092502118));
#557=VERTEX_POINT('',#556);
#558=CARTESIAN_POINT('',(31.274398742095627,-69.39643694111034,334.47561118027966));
#559=VERTEX_POINT('',#558);
#560=CARTESIAN_POINT('',(31.11085954731834,-69.39643694111034,334.2152948870405));
#561=VERTEX_POINT('',#560);
#562=CARTESIAN_POINT('',(30.89345608239273,-69.39643694111034,333.99789174967873));
#563=VERTEX_POINT('',#562);
#564=CARTESIAN_POINT('',(30.633140116717414,-69.39643694111034,333.8343522273376));
#565=VERTEX_POINT('',#564);
#566=CARTESIAN_POINT('',(30.343042046785285,-69.39643694111034,333.73287884611364));
#567=VERTEX_POINT('',#566);
#568=CARTESIAN_POINT('',(30.037788580706547,-69.39643694111034,333.69850200388487));
#569=VERTEX_POINT('',#568);
#570=CARTESIAN_POINT('',(22.049098778912594,-69.39643694111034,333.69850200388487));
#571=VERTEX_POINT('',#570);
#572=CARTESIAN_POINT('',(21.743845312833855,-69.39643694111034,333.73287884611364));
#573=VERTEX_POINT('',#572);
#574=CARTESIAN_POINT('',(21.453747242901727,-69.39643694111034,333.83435255490144));
#575=VERTEX_POINT('',#574);
#576=CARTESIAN_POINT('',(21.19343094966257,-69.39643694111034,333.99789174967873));
#577=VERTEX_POINT('',#576);
#578=CARTESIAN_POINT('',(20.9760278123008,-69.39643694111034,334.21529521460434));
#579=VERTEX_POINT('',#578);
#580=CARTESIAN_POINT('',(20.812488289959674,-69.39643694111034,334.47561118027966));
#581=VERTEX_POINT('',#580);
#582=CARTESIAN_POINT('',(20.711014908735706,-69.39643694111034,334.7657092502118));
#583=VERTEX_POINT('',#582);
#584=CARTESIAN_POINT('',(20.67663806650694,-69.39643694111034,335.0709627162905));
#585=VERTEX_POINT('',#584);
#586=CARTESIAN_POINT('',(20.67663806650694,-69.39643694111034,343.0596525180845));
#587=VERTEX_POINT('',#586);
#588=CARTESIAN_POINT('',(20.711014908735706,-69.39643694111034,343.3649059841632));
#589=VERTEX_POINT('',#588);
#590=CARTESIAN_POINT('',(20.812488617523513,-69.39643694111034,343.65500405409534));
#591=VERTEX_POINT('',#590);
#592=CARTESIAN_POINT('',(20.9760278123008,-69.39643694111034,343.9153203473345));
#593=VERTEX_POINT('',#592);
#594=CARTESIAN_POINT('',(21.19343127722641,-69.39643694111034,344.13272348469627));
#595=VERTEX_POINT('',#594);
#596=CARTESIAN_POINT('',(21.453747242901727,-69.39643694111034,344.2962630070374));
#597=VERTEX_POINT('',#596);
#598=CARTESIAN_POINT('',(21.743845312833855,-69.39643694111034,344.39773638826136));
#599=VERTEX_POINT('',#598);
#600=CARTESIAN_POINT('',(22.049098778912594,-69.39643694111034,344.43211323049013));
#601=VERTEX_POINT('',#600);
#602=CARTESIAN_POINT('',(30.037788580706547,-69.39643694111034,344.43211323049013));
#603=VERTEX_POINT('',#602);
#604=CARTESIAN_POINT('',(30.343042046785285,-69.39643694111034,344.39773638826136));
#605=VERTEX_POINT('',#604);
#606=CARTESIAN_POINT('',(30.633140116717414,-69.39643694111034,344.29626267947356));
#607=VERTEX_POINT('',#606);
#608=CARTESIAN_POINT('',(30.89345640995657,-69.39643694111034,344.13272348469627));
#609=VERTEX_POINT('',#608);
#610=CARTESIAN_POINT('',(31.11085954731834,-69.39643694111034,343.91532001977066));
#611=VERTEX_POINT('',#610);
#612=CARTESIAN_POINT('',(31.274399069659466,-69.39643694111034,343.65500405409534));
#613=VERTEX_POINT('',#612);
#614=CARTESIAN_POINT('',(31.375872450883435,-69.39643694111034,343.3649059841632));
#615=VERTEX_POINT('',#614);
#616=CARTESIAN_POINT('',(31.4102492931122,-69.39643694111034,343.0596525180845));
#617=VERTEX_POINT('',#616);
#618=FACE_SURFACE('',(#623),#619,.T.);
#619=PLANE('',#620);
#620=AXIS2_PLACEMENT_3D('',#34,#621,#622);
#621=DIRECTION('',(0,-1,1.77887176342869E-15));
#622=DIRECTION('',(0,1.77887176342869E-15,1));
#623=FACE_BOUND('',#624,.T.);
#624=EDGE_LOOP('',(#625,#626,#627));
#625=ORIENTED_EDGE('',*,*,#628,.T.);
#626=ORIENTED_EDGE('',*,*,#629,.T.);
#627=ORIENTED_EDGE('',*,*,#630,.T.);
#628=EDGE_CURVE('',#35,#37,#631,.F.);
#629=EDGE_CURVE('',#37,#39,#632,.T.);
#630=EDGE_CURVE('',#39,#35,#633,.T.);
#631=LINE('',#34,#634);
#632=LINE('',#36,#635);
#633=LINE('',#38,#636);
#634=VECTOR('',#637,1.0);
#635=VECTOR('',#638,1.0);
#636=VECTOR('',#639,1.0);
#637=DIRECTION('',(0,1.77887176342869E-15,1));
#638=DIRECTION('',(-1,0,0));
#639=DIRECTION('',(0.7071067811865475,-1.2578522867816989E-15,-0.7071067811865475));
#640=FACE_SURFACE('',(#645),#641,.T.);
#641=PLANE('',#642);
#642=AXIS2_PLACEMENT_3D('',#34,#643,#644);
#643=DIRECTION('',(0,-1,1.77887176342869E-15));
#644=DIRECTION('',(-0.7071067811865475,1.2578522867816989E-15,0.7071067811865475));
#645=FACE_BOUND('',#646,.T.);
#646=EDGE_LOOP('',(#647,#648,#649));
#647=ORIENTED_EDGE('',*,*,#650,.T.);
#648=ORIENTED_EDGE('',*,*,#651,.T.);
#649=ORIENTED_EDGE('',*,*,#652,.T.);
#650=EDGE_CURVE('',#35,#39,#653,.F.);
#651=EDGE_CURVE('',#39,#41,#654,.T.);
#652=EDGE_CURVE('',#41,#35,#655,.T.);
#653=LINE('',#34,#656);
#654=LINE('',#38,#657);
#655=LINE('',#40,#658);
#656=VECTOR('',#659,1.0);
#657=VECTOR('',#660,1.0);
#658=VECTOR('',#661,1.0);
#659=DIRECTION('',(-0.7071067811865475,1.2578522867816989E-15,0.7071067811865475));
#660=DIRECTION('',(0,-1.77887176342869E-15,-1));
#661=DIRECTION('',(1,0,0));
#662=FACE_SURFACE('',(#667),#663,.T.);
#663=PLANE('',#664);
#664=AXIS2_PLACEMENT_3D('',#42,#665,#666);
#665=DIRECTION('',(1,0,0));
#666=DIRECTION('',(0,0,-1));
#667=FACE_BOUND('',#668,.T.);
#668=EDGE_LOOP('',(#669,#670,#671));
#669=ORIENTED_EDGE('',*,*,#672,.T.);
#670=ORIENTED_EDGE('',*,*,#673,.T.);
#671=ORIENTED_EDGE('',*,*,#674,.T.);
#672=EDGE_CURVE('',#43,#45,#675,.F.);
#673=EDGE_CURVE('',#45,#47,#676,.T.);
#674=EDGE_CURVE('',#47,#43,#677,.T.);
#675=LINE('',#42,#678);
#676=LINE('',#44,#679);
#677=LINE('',#46,#680);
#678=VECTOR('',#681,1.0);
#679=VECTOR('',#682,1.0);
#680=VECTOR('',#683,1.0);
#681=DIRECTION('',(0,0,-1));
#682=DIRECTION('',(0,1,0));
#683=DIRECTION('',(0,-0.19123758610095043,0.9815437767426787));
#684=FACE_SURFACE('',(#689),#685,.T.);
#685=PLANE('',#686);
#686=AXIS2_PLACEMENT_3D('',#42,#687,#688);
#687=DIRECTION('',(1,-0,0));
#688=DIRECTION('',(0,0.19123758610095043,-0.9815437767426787));
#689=FACE_BOUND('',#690,.T.);
#690=EDGE_LOOP('',(#691,#692,#693));
#691=ORIENTED_EDGE('',*,*,#694,.T.);
#692=ORIENTED_EDGE('',*,*,#695,.T.);
#693=ORIENTED_EDGE('',*,*,#696,.T.);
#694=EDGE_CURVE('',#43,#47,#697,.F.);
#695=EDGE_CURVE('',#47,#49,#698,.T.);
#696=EDGE_CURVE('',#49,#43,#699,.T.);
#697=LINE('',#42,#700);
#698=LINE('',#46,#701);
#699=LINE('',#48,#702);
#700=VECTOR('',#703,1.0);
#701=VECTOR('',#704,1.0);
#702=VECTOR('',#705,1.0);
#703=DIRECTION('',(0,0.19123758610095043,-0.9815437767426787));
#704=DIRECTION('',(0,0,1));
#705=DIRECTION('',(0,-1,0));
#706=FACE_SURFACE('',(#711),#707,.T.);
#707=PLANE('',#708);
#708=AXIS2_PLACEMENT_3D('',#50,#709,#710);
#709=DIRECTION('',(0,0,1));
#710=DIRECTION('',(0,-1,0));
#711=FACE_BOUND('',#712,.T.);
#712=EDGE_LOOP('',(#713,#714,#715));
#713=ORIENTED_EDGE('',*,*,#716,.T.);
#714=ORIENTED_EDGE('',*,*,#717,.T.);
#715=ORIENTED_EDGE('',*,*,#718,.T.);
#716=EDGE_CURVE('',#51,#53,#719,.F.);
#717=EDGE_CURVE('',#53,#55,#720,.T.);
#718=EDGE_CURVE('',#55,#51,#721,.T.);
#719=LINE('',#50,#722);
#720=LINE('',#52,#723);
#721=LINE('',#54,#724);
#722=VECTOR('',#725,1.0);
#723=VECTOR('',#726,1.0);
#724=VECTOR('',#727,1.0);
#725=DIRECTION('',(0,-1,0));
#726=DIRECTION('',(1,0,0));
#727=DIRECTION('',(-0.9815437767426787,0.19123758610095043,0));
#728=FACE_SURFACE('',(#733),#729,.T.);
#729=PLANE('',#730);
#730=AXIS2_PLACEMENT_3D('',#50,#731,#732);
#731=DIRECTION('',(-0,0,1));
#732=DIRECTION('',(0.9815437767426787,-0.19123758610095043,0));
#733=FACE_BOUND('',#734,.T.);
#734=EDGE_LOOP('',(#735,#736,#737));
#735=ORIENTED_EDGE('',*,*,#738,.T.);
#736=ORIENTED_EDGE('',*,*,#739,.T.);
#737=ORIENTED_EDGE('',*,*,#740,.T.);
#738=EDGE_CURVE('',#51,#55,#741,.F.);
#739=EDGE_CURVE('',#55,#57,#742,.T.);
#740=EDGE_CURVE('',#57,#51,#743,.T.);
#741=LINE('',#50,#744);
#742=LINE('',#54,#745);
#743=LINE('',#56,#746);
#744=VECTOR('',#747,1.0);
#745=VECTOR('',#748,1.0);
#746=VECTOR('',#749,1.0);
#747=DIRECTION('',(0.9815437767426787,-0.19123758610095043,0));
#748=DIRECTION('',(0,1,0));
#749=DIRECTION('',(-1,0,0));
#750=FACE_SURFACE('',(#755),#751,.T.);
#751=PLANE('',#752);
#752=AXIS2_PLACEMENT_3D('',#58,#753,#754);
#753=DIRECTION('',(-1,0,0));
#754=DIRECTION('',(0,0,1));
#755=FACE_BOUND('',#756,.T.);
#756=EDGE_LOOP('',(#757,#758,#759));
#757=ORIENTED_EDGE('',*,*,#760,.T.);
#758=ORIENTED_EDGE('',*,*,#761,.T.);
#759=ORIENTED_EDGE('',*,*,#762,.T.);
#760=EDGE_CURVE('',#59,#61,#763,.F.);
#761=EDGE_CURVE('',#61,#63,#764,.T.);
#762=EDGE_CURVE('',#63,#59,#765,.T.);
#763=LINE('',#58,#766);
#764=LINE('',#60,#767);
#765=LINE('',#62,#768);
#766=VECTOR('',#769,1.0);
#767=VECTOR('',#770,1.0);
#768=VECTOR('',#771,1.0);
#769=DIRECTION('',(0,0,1));
#770=DIRECTION('',(0,1,0));
#771=DIRECTION('',(0,-0.19123758610095043,-0.9815437767426787));
#772=FACE_SURFACE('',(#777),#773,.T.);
#773=PLANE('',#774);
#774=AXIS2_PLACEMENT_3D('',#58,#775,#776);
#775=DIRECTION('',(-1,0,0));
#776=DIRECTION('',(0,0.19123758610095043,0.9815437767426787));
#777=FACE_BOUND('',#778,.T.);
#778=EDGE_LOOP('',(#779,#780,#781));
#779=ORIENTED_EDGE('',*,*,#782,.T.);
#780=ORIENTED_EDGE('',*,*,#783,.T.);
#781=ORIENTED_EDGE('',*,*,#784,.T.);
#782=EDGE_CURVE('',#59,#63,#785,.F.);
#783=EDGE_CURVE('',#63,#65,#786,.T.);
#784=EDGE_CURVE('',#65,#59,#787,.T.);
#785=LINE('',#58,#788);
#786=LINE('',#62,#789);
#787=LINE('',#64,#790);
#788=VECTOR('',#791,1.0);
#789=VECTOR('',#792,1.0);
#790=VECTOR('',#793,1.0);
#791=DIRECTION('',(0,0.19123758610095043,0.9815437767426787));
#792=DIRECTION('',(0,0,-1));
#793=DIRECTION('',(0,-1,0));
#794=FACE_SURFACE('',(#799),#795,.T.);
#795=PLANE('',#796);
#796=AXIS2_PLACEMENT_3D('',#66,#797,#798);
#797=DIRECTION('',(-0.11707060906792607,-0.32371126603192524,-0.9388852372555834));
#798=DIRECTION('',(0,-0.9453860961014136,0.32595264885889336));
#799=FACE_BOUND('',#800,.T.);
#800=EDGE_LOOP('',(#801,#802,#803));
#801=ORIENTED_EDGE('',*,*,#804,.T.);
#802=ORIENTED_EDGE('',*,*,#805,.T.);
#803=ORIENTED_EDGE('',*,*,#806,.T.);
#804=EDGE_CURVE('',#67,#69,#807,.F.);
#805=EDGE_CURVE('',#69,#71,#808,.T.);
#806=EDGE_CURVE('',#71,#67,#809,.T.);
#807=LINE('',#66,#810);
#808=LINE('',#68,#811);
#809=LINE('',#70,#812);
#810=VECTOR('',#813,1.0);
#811=VECTOR('',#814,1.0);
#812=VECTOR('',#815,1.0);
#813=DIRECTION('',(0,-0.9453860961014136,0.32595264885889336));
#814=DIRECTION('',(-0.9916457363634044,-0.013453070028468218,0.12828775646604312));
#815=DIRECTION('',(0.9261594597307631,0.30568230951988234,-0.2208777507985175));
#816=FACE_SURFACE('',(#821),#817,.T.);
#817=PLANE('',#818);
#818=AXIS2_PLACEMENT_3D('',#66,#819,#820);
#819=DIRECTION('',(-0.10464739746835354,-0.3543743710365067,-0.929229641883846));
#820=DIRECTION('',(-0.9261594597307631,-0.30568230951988234,0.2208777507985175));
#821=FACE_BOUND('',#822,.T.);
#822=EDGE_LOOP('',(#823,#824,#825));
#823=ORIENTED_EDGE('',*,*,#826,.T.);
#824=ORIENTED_EDGE('',*,*,#827,.T.);
#825=ORIENTED_EDGE('',*,*,#828,.T.);
#826=EDGE_CURVE('',#67,#71,#829,.F.);
#827=EDGE_CURVE('',#71,#73,#830,.T.);
#828=EDGE_CURVE('',#73,#67,#831,.T.);
#829=LINE('',#66,#832);
#830=LINE('',#70,#833);
#831=LINE('',#72,#834);
#832=VECTOR('',#835,1.0);
#833=VECTOR('',#836,1.0);
#834=VECTOR('',#837,1.0);
#835=DIRECTION('',(-0.9261594597307631,-0.30568230951988234,0.2208777507985175));
#836=DIRECTION('',(0.0872861793451326,0.9274813026946807,-0.36353755795943254));
#837=DIRECTION('',(0.9937183524026392,0,-0.11190994637736189));
#838=FACE_SURFACE('',(#843),#839,.T.);
#839=PLANE('',#840);
#840=AXIS2_PLACEMENT_3D('',#68,#841,#842);
#841=DIRECTION('',(-0.09110239848760655,-0.7278476915059818,-0.6796602761374382));
#842=DIRECTION('',(0,-0.6824984253240807,0.7308870633895161));
#843=FACE_BOUND('',#844,.T.);
#844=EDGE_LOOP('',(#845,#846,#847));
#845=ORIENTED_EDGE('',*,*,#848,.T.);
#846=ORIENTED_EDGE('',*,*,#849,.T.);
#847=ORIENTED_EDGE('',*,*,#850,.T.);
#848=EDGE_CURVE('',#69,#75,#851,.F.);
#849=EDGE_CURVE('',#75,#77,#852,.T.);
#850=EDGE_CURVE('',#77,#69,#853,.T.);
#851=LINE('',#68,#854);
#852=LINE('',#74,#855);
#853=LINE('',#76,#856);
#854=VECTOR('',#857,1.0);
#855=VECTOR('',#858,1.0);
#856=VECTOR('',#859,1.0);
#857=DIRECTION('',(0,-0.6824984253240807,0.7308870633895161));
#858=DIRECTION('',(-0.9895062582149092,-0.010700152297644275,0.1440932742855698));
#859=DIRECTION('',(0.8710883288479473,0.27250696470881,-0.4085891304600279));
#860=FACE_SURFACE('',(#865),#861,.T.);
#861=PLANE('',#862);
#862=AXIS2_PLACEMENT_3D('',#68,#863,#864);
#863=DIRECTION('',(-0.07512751835518472,-0.7482163136800303,-0.6591875332019395));
#864=DIRECTION('',(-0.8710883288479473,-0.27250696470881,0.4085891304600279));
#865=FACE_BOUND('',#866,.T.);
#866=EDGE_LOOP('',(#867,#868,#869));
#867=ORIENTED_EDGE('',*,*,#870,.T.);
#868=ORIENTED_EDGE('',*,*,#871,.T.);
#869=ORIENTED_EDGE('',*,*,#872,.T.);
#870=EDGE_CURVE('',#69,#77,#873,.F.);
#871=EDGE_CURVE('',#77,#71,#874,.T.);
#872=EDGE_CURVE('',#71,#69,#875,.T.);
#873=LINE('',#68,#876);
#874=LINE('',#76,#877);
#875=LINE('',#70,#878);
#876=VECTOR('',#879,1.0);
#877=VECTOR('',#880,1.0);
#878=VECTOR('',#881,1.0);
#879=DIRECTION('',(-0.8710883288479473,-0.27250696470881,0.4085891304600279));
#880=DIRECTION('',(-0.009168928372864206,0.6615461002682701,-0.7498484433352763));
#881=DIRECTION('',(0.9916457363634044,0.013453070028468218,-0.12828775646604312));
#882=FACE_SURFACE('',(#887),#883,.T.);
#883=PLANE('',#884);
#884=AXIS2_PLACEMENT_3D('',#74,#885,#886);
#885=DIRECTION('',(-0.0644372528570055,-0.885400622372362,-0.4603407198444176));
#886=DIRECTION('',(0,-0.4612994104161495,0.8872445288361674));
#887=FACE_BOUND('',#888,.T.);
#888=EDGE_LOOP('',(#889,#890,#891));
#889=ORIENTED_EDGE('',*,*,#892,.T.);
#890=ORIENTED_EDGE('',*,*,#893,.T.);
#891=ORIENTED_EDGE('',*,*,#894,.T.);
#892=EDGE_CURVE('',#75,#79,#895,.F.);
#893=EDGE_CURVE('',#79,#81,#896,.T.);
#894=EDGE_CURVE('',#81,#75,#897,.T.);
#895=LINE('',#74,#898);
#896=LINE('',#78,#899);
#897=LINE('',#80,#900);
#898=VECTOR('',#901,1.0);
#899=VECTOR('',#902,1.0);
#900=VECTOR('',#903,1.0);
#901=DIRECTION('',(0,-0.4612994104161495,0.8872445288361674));
#902=DIRECTION('',(-0.9932849086155524,0.012488238480636567,0.11501797344869394));
#903=DIRECTION('',(0.8211668538049469,0.21507415082349077,-0.528609598720681));
#904=FACE_SURFACE('',(#909),#905,.T.);
#905=PLANE('',#906);
#906=AXIS2_PLACEMENT_3D('',#74,#907,#908);
#907=DIRECTION('',(-0.055807397767460326,-0.8915643334304848,-0.4494425143542608));
#908=DIRECTION('',(-0.8211668538049469,-0.21507415082349077,0.528609598720681));
#909=FACE_BOUND('',#910,.T.);
#910=EDGE_LOOP('',(#911,#912,#913));
#911=ORIENTED_EDGE('',*,*,#914,.T.);
#912=ORIENTED_EDGE('',*,*,#915,.T.);
#913=ORIENTED_EDGE('',*,*,#916,.T.);
#914=EDGE_CURVE('',#75,#81,#917,.F.);
#915=EDGE_CURVE('',#81,#77,#918,.T.);
#916=EDGE_CURVE('',#77,#75,#919,.T.);
#917=LINE('',#74,#920);
#918=LINE('',#80,#921);
#919=LINE('',#76,#922);
#920=VECTOR('',#923,1.0);
#921=VECTOR('',#924,1.0);
#922=VECTOR('',#925,1.0);
#923=DIRECTION('',(-0.8211668538049469,-0.21507415082349077,0.528609598720681));
#924=DIRECTION('',(-0.023017803467700215,0.4511732533713177,-0.8921394936700556));
#925=DIRECTION('',(0.9895062582149092,0.010700152297644275,-0.1440932742855698));
#926=FACE_SURFACE('',(#931),#927,.T.);
#927=PLANE('',#928);
#928=AXIS2_PLACEMENT_3D('',#78,#929,#930);
#929=DIRECTION('',(-0.04773885833102568,-0.9494930697866885,-0.3101353121337539));
#930=DIRECTION('',(0,-0.3104893163003161,0.9505768693079809));
#931=FACE_BOUND('',#932,.T.);
#932=EDGE_LOOP('',(#933,#934,#935));
#933=ORIENTED_EDGE('',*,*,#936,.T.);
#934=ORIENTED_EDGE('',*,*,#937,.T.);
#935=ORIENTED_EDGE('',*,*,#938,.T.);
#936=EDGE_CURVE('',#79,#83,#939,.F.);
#937=EDGE_CURVE('',#83,#85,#940,.T.);
#938=EDGE_CURVE('',#85,#79,#941,.T.);
#939=LINE('',#78,#942);
#940=LINE('',#82,#943);
#941=LINE('',#84,#944);
#942=VECTOR('',#945,1.0);
#943=VECTOR('',#946,1.0);
#944=VECTOR('',#947,1.0);
#945=DIRECTION('',(0,-0.3104893163003161,0.9505768693079809));
#946=DIRECTION('',(-0.9986565289454506,0.03910582084090366,0.0339981171682104));
#947=DIRECTION('',(0.7970254499961782,0.15093546626667553,-0.5847810847498841));
#948=FACE_SURFACE('',(#953),#949,.T.);
#949=PLANE('',#950);
#950=AXIS2_PLACEMENT_3D('',#78,#951,#952);
#951=DIRECTION('',(-0.047867794324283015,-0.9494341317034962,-0.3102958327515152));
#952=DIRECTION('',(-0.7970254499961782,-0.15093546626667553,0.5847810847498841));
#953=FACE_BOUND('',#954,.T.);
#954=EDGE_LOOP('',(#955,#956,#957));
#955=ORIENTED_EDGE('',*,*,#958,.T.);
#956=ORIENTED_EDGE('',*,*,#959,.T.);
#957=ORIENTED_EDGE('',*,*,#960,.T.);
#958=EDGE_CURVE('',#79,#85,#961,.F.);
#959=EDGE_CURVE('',#85,#81,#962,.T.);
#960=EDGE_CURVE('',#81,#79,#963,.T.);
#961=LINE('',#78,#964);
#962=LINE('',#84,#965);
#963=LINE('',#80,#966);
#964=VECTOR('',#967,1.0);
#965=VECTOR('',#968,1.0);
#966=VECTOR('',#969,1.0);
#967=DIRECTION('',(-0.7970254499961782,-0.15093546626667553,0.5847810847498841));
#968=DIRECTION('',(0.004726287345515614,0.3104331712386415,-0.9505834568319859));
#969=DIRECTION('',(0.9932849086155524,-0.012488238480636567,-0.11501797344869394));
#970=FACE_SURFACE('',(#975),#971,.T.);
#971=PLANE('',#972);
#972=AXIS2_PLACEMENT_3D('',#72,#973,#974);
#973=DIRECTION('',(-0.3283748680331992,-0.3177460179655006,-0.8894984059070857));
#974=DIRECTION('',(-0.0872861793451326,-0.9274813026946807,0.36353755795943254));
#975=FACE_BOUND('',#976,.T.);
#976=EDGE_LOOP('',(#977,#978,#979));
#977=ORIENTED_EDGE('',*,*,#980,.T.);
#978=ORIENTED_EDGE('',*,*,#981,.T.);
#979=ORIENTED_EDGE('',*,*,#982,.T.);
#980=EDGE_CURVE('',#73,#71,#983,.F.);
#981=EDGE_CURVE('',#71,#87,#984,.T.);
#982=EDGE_CURVE('',#87,#73,#985,.T.);
#983=LINE('',#72,#986);
#984=LINE('',#70,#987);
#985=LINE('',#86,#988);
#986=VECTOR('',#989,1.0);
#987=VECTOR('',#990,1.0);
#988=VECTOR('',#991,1.0);
#989=DIRECTION('',(-0.0872861793451326,-0.9274813026946807,0.36353755795943254));
#990=DIRECTION('',(-0.9383452001075846,0.001997759431389665,0.34569393166833495));
#991=DIRECTION('',(0.8572900827273345,0.29506646790333124,-0.4218880107047512));
#992=FACE_SURFACE('',(#997),#993,.T.);
#993=PLANE('',#994);
#994=AXIS2_PLACEMENT_3D('',#72,#995,#996);
#995=DIRECTION('',(-0.3075733008221995,-0.3636137767836717,-0.8793086408960455));
#996=DIRECTION('',(-0.8572900827273345,-0.29506646790333124,0.4218880107047512));
#997=FACE_BOUND('',#998,.T.);
#998=EDGE_LOOP('',(#999,#1000,#1001));
#999=ORIENTED_EDGE('',*,*,#1002,.T.);
#1000=ORIENTED_EDGE('',*,*,#1003,.T.);
#1001=ORIENTED_EDGE('',*,*,#1004,.T.);
#1002=EDGE_CURVE('',#73,#87,#1005,.F.);
#1003=EDGE_CURVE('',#87,#89,#1006,.T.);
#1004=EDGE_CURVE('',#89,#73,#1007,.T.);
#1005=LINE('',#72,#1008);
#1006=LINE('',#86,#1009);
#1007=LINE('',#88,#1010);
#1008=VECTOR('',#1011,1.0);
#1009=VECTOR('',#1012,1.0);
#1010=VECTOR('',#1013,1.0);
#1011=DIRECTION('',(-0.8572900827273345,-0.29506646790333124,0.4218880107047512));
#1012=DIRECTION('',(0.08977312533740968,0.9088940693744221,-0.4072497472352277));
#1013=DIRECTION('',(0.9439201696208377,0,-0.3301737624084767));
#1014=FACE_SURFACE('',(#1019),#1015,.T.);
#1015=PLANE('',#1016);
#1016=AXIS2_PLACEMENT_3D('',#70,#1017,#1018);
#1017=DIRECTION('',(-0.24694997381232198,-0.7281509138819913,-0.6393840450362477));
#1018=DIRECTION('',(0.009168928372864206,-0.6615461002682701,0.7498484433352763));
#1019=FACE_BOUND('',#1020,.T.);
#1020=EDGE_LOOP('',(#1021,#1022,#1023));
#1021=ORIENTED_EDGE('',*,*,#1024,.T.);
#1022=ORIENTED_EDGE('',*,*,#1025,.T.);
#1023=ORIENTED_EDGE('',*,*,#1026,.T.);
#1024=EDGE_CURVE('',#71,#77,#1027,.F.);
#1025=EDGE_CURVE('',#77,#91,#1028,.T.);
#1026=EDGE_CURVE('',#91,#71,#1029,.T.);
#1027=LINE('',#70,#1030);
#1028=LINE('',#76,#1031);
#1029=LINE('',#90,#1032);
#1030=VECTOR('',#1033,1.0);
#1031=VECTOR('',#1034,1.0);
#1032=VECTOR('',#1035,1.0);
#1033=DIRECTION('',(0.009168928372864206,-0.6615461002682701,0.7498484433352763));
#1034=DIRECTION('',(-0.9395641173314432,0.018451731304815696,0.3418754203434941));
#1035=DIRECTION('',(0.7727804558078218,0.2501157856863228,-0.5833116327247114));
#1036=FACE_SURFACE('',(#1041),#1037,.T.);
#1037=PLANE('',#1038);
#1038=AXIS2_PLACEMENT_3D('',#70,#1039,#1040);
#1039=DIRECTION('',(-0.23254208746510582,-0.7435771727188026,-0.6269108116541645));
#1040=DIRECTION('',(-0.7727804558078218,-0.2501157856863228,0.5833116327247114));
#1041=FACE_BOUND('',#1042,.T.);
#1042=EDGE_LOOP('',(#1043,#1044,#1045));
#1043=ORIENTED_EDGE('',*,*,#1046,.T.);
#1044=ORIENTED_EDGE('',*,*,#1047,.T.);
#1045=ORIENTED_EDGE('',*,*,#1048,.T.);
#1046=EDGE_CURVE('',#71,#91,#1049,.F.);
#1047=EDGE_CURVE('',#91,#87,#1050,.T.);
#1048=EDGE_CURVE('',#87,#71,#1051,.T.);
#1049=LINE('',#70,#1052);
#1050=LINE('',#90,#1053);
#1051=LINE('',#86,#1054);
#1052=VECTOR('',#1055,1.0);
#1053=VECTOR('',#1056,1.0);
#1054=VECTOR('',#1057,1.0);
#1055=DIRECTION('',(-0.7727804558078218,-0.2501157856863228,0.5833116327247114));
#1056=DIRECTION('',(-0.1274536376041447,0.6623207162116488,-0.7382999655548956));
#1057=DIRECTION('',(0.9383452001075846,-0.001997759431389665,-0.34569393166833495));
#1058=FACE_SURFACE('',(#1063),#1059,.T.);
#1059=PLANE('',#1060);
#1060=AXIS2_PLACEMENT_3D('',#76,#1061,#1062);
#1061=DIRECTION('',(-0.18015306148656338,-0.8796394752872285,-0.44020366644705244));
#1062=DIRECTION('',(0.023017803467700215,-0.4511732533713177,0.8921394936700556));
#1063=FACE_BOUND('',#1064,.T.);
#1064=EDGE_LOOP('',(#1065,#1066,#1067));
#1065=ORIENTED_EDGE('',*,*,#1068,.T.);
#1066=ORIENTED_EDGE('',*,*,#1069,.T.);
#1067=ORIENTED_EDGE('',*,*,#1070,.T.);
#1068=EDGE_CURVE('',#77,#81,#1071,.F.);
#1069=EDGE_CURVE('',#81,#93,#1072,.T.);
#1070=EDGE_CURVE('',#93,#77,#1073,.T.);
#1071=LINE('',#76,#1074);
#1072=LINE('',#80,#1075);
#1073=LINE('',#92,#1076);
#1074=VECTOR('',#1077,1.0);
#1075=VECTOR('',#1078,1.0);
#1076=VECTOR('',#1079,1.0);
#1077=DIRECTION('',(0.023017803467700215,-0.4511732533713177,0.8921394936700556));
#1078=DIRECTION('',(-0.9573785257066773,0.05408698687452823,0.28372690455179544));
#1079=DIRECTION('',(0.7276672072619177,0.18194042203931182,-0.6613608079587104));
#1080=FACE_SURFACE('',(#1085),#1081,.T.);
#1081=PLANE('',#1082);
#1082=AXIS2_PLACEMENT_3D('',#76,#1083,#1084);
#1083=DIRECTION('',(-0.17616991851023378,-0.8822662132934567,-0.43654379928355713));
#1084=DIRECTION('',(-0.7276672072619177,-0.18194042203931182,0.6613608079587104));
#1085=FACE_BOUND('',#1086,.T.);
#1086=EDGE_LOOP('',(#1087,#1088,#1089));
#1087=ORIENTED_EDGE('',*,*,#1090,.T.);
#1088=ORIENTED_EDGE('',*,*,#1091,.T.);
#1089=ORIENTED_EDGE('',*,*,#1092,.T.);
#1090=EDGE_CURVE('',#77,#93,#1093,.F.);
#1091=EDGE_CURVE('',#93,#91,#1094,.T.);
#1092=EDGE_CURVE('',#91,#77,#1095,.T.);
#1093=LINE('',#76,#1096);
#1094=LINE('',#92,#1097);
#1095=LINE('',#90,#1098);
#1096=VECTOR('',#1099,1.0);
#1097=VECTOR('',#1100,1.0);
#1098=VECTOR('',#1101,1.0);
#1099=DIRECTION('',(-0.7276672072619177,-0.18194042203931182,0.6613608079587104));
#1100=DIRECTION('',(-0.14672281475572993,0.4620612209738852,-0.8746266881946138));
#1101=DIRECTION('',(0.9395641173314432,-0.018451731304815696,-0.3418754203434941));
#1102=FACE_SURFACE('',(#1107),#1103,.T.);
#1103=PLANE('',#1104);
#1104=AXIS2_PLACEMENT_3D('',#80,#1105,#1106);
#1105=DIRECTION('',(-0.14477065642713757,-0.9403671549476329,-0.3078166190012328));
#1106=DIRECTION('',(-0.004726287345515614,-0.3104331712386415,0.9505834568319859));
#1107=FACE_BOUND('',#1108,.T.);
#1108=EDGE_LOOP('',(#1109,#1110,#1111));
#1109=ORIENTED_EDGE('',*,*,#1112,.T.);
#1110=ORIENTED_EDGE('',*,*,#1113,.T.);
#1111=ORIENTED_EDGE('',*,*,#1114,.T.);
#1112=EDGE_CURVE('',#81,#85,#1115,.F.);
#1113=EDGE_CURVE('',#85,#95,#1116,.T.);
#1114=EDGE_CURVE('',#95,#81,#1117,.T.);
#1115=LINE('',#80,#1118);
#1116=LINE('',#84,#1119);
#1117=LINE('',#94,#1120);
#1118=VECTOR('',#1121,1.0);
#1119=VECTOR('',#1122,1.0);
#1120=VECTOR('',#1123,1.0);
#1121=DIRECTION('',(-0.004726287345515614,-0.3104331712386415,0.9505834568319859));
#1122=DIRECTION('',(-0.980205162730817,0.09383791657717613,0.1743338302461903));
#1123=DIRECTION('',(0.730052004451143,0.10847087133566446,-0.6747281977719249));
#1124=FACE_SURFACE('',(#1129),#1125,.T.);
#1125=PLANE('',#1126);
#1126=AXIS2_PLACEMENT_3D('',#80,#1127,#1128);
#1127=DIRECTION('',(-0.14419390053262263,-0.940645192771781,-0.30723727046783694));
#1128=DIRECTION('',(-0.730052004451143,-0.10847087133566446,0.6747281977719249));
#1129=FACE_BOUND('',#1130,.T.);
#1130=EDGE_LOOP('',(#1131,#1132,#1133));
#1131=ORIENTED_EDGE('',*,*,#1134,.T.);
#1132=ORIENTED_EDGE('',*,*,#1135,.T.);
#1133=ORIENTED_EDGE('',*,*,#1136,.T.);
#1134=EDGE_CURVE('',#81,#95,#1137,.F.);
#1135=EDGE_CURVE('',#95,#93,#1138,.T.);
#1136=EDGE_CURVE('',#93,#81,#1139,.T.);
#1137=LINE('',#80,#1140);
#1138=LINE('',#94,#1141);
#1139=LINE('',#92,#1142);
#1140=VECTOR('',#1143,1.0);
#1141=VECTOR('',#1144,1.0);
#1142=VECTOR('',#1145,1.0);
#1143=DIRECTION('',(-0.730052004451143,-0.10847087133566446,0.6747281977719249));
#1144=DIRECTION('',(0.0018619376874044467,0.31022352063733544,-0.9506618223277007));
#1145=DIRECTION('',(0.9573785257066773,-0.05408698687452823,-0.28372690455179544));
#1146=FACE_SURFACE('',(#1151),#1147,.T.);
#1147=PLANE('',#1148);
#1148=AXIS2_PLACEMENT_3D('',#88,#1149,#1150);
#1149=DIRECTION('',(-0.517538847644294,-0.30678828208629816,-0.7987706123497248));
#1150=DIRECTION('',(-0.08977312533740968,-0.9088940693744221,0.4072497472352277));
#1151=FACE_BOUND('',#1152,.T.);
#1152=EDGE_LOOP('',(#1153,#1154,#1155));
#1153=ORIENTED_EDGE('',*,*,#1156,.T.);
#1154=ORIENTED_EDGE('',*,*,#1157,.T.);
#1155=ORIENTED_EDGE('',*,*,#1158,.T.);
#1156=EDGE_CURVE('',#89,#87,#1159,.F.);
#1157=EDGE_CURVE('',#87,#97,#1160,.T.);
#1158=EDGE_CURVE('',#97,#89,#1161,.T.);
#1159=LINE('',#88,#1162);
#1160=LINE('',#86,#1163);
#1161=LINE('',#96,#1164);
#1162=VECTOR('',#1165,1.0);
#1163=VECTOR('',#1166,1.0);
#1164=VECTOR('',#1167,1.0);
#1165=DIRECTION('',(-0.08977312533740968,-0.9088940693744221,0.4072497472352277));
#1166=DIRECTION('',(-0.8403691864109308,0.006552226748303523,0.541974813857313));
#1167=DIRECTION('',(0.7429676639663314,0.30194308746018206,-0.5973520086476861));
#1168=FACE_SURFACE('',(#1173),#1169,.T.);
#1169=PLANE('',#1170);
#1170=AXIS2_PLACEMENT_3D('',#88,#1171,#1172);
#1171=DIRECTION('',(-0.499520880461703,-0.3438980129407359,-0.7951182595552554));
#1172=DIRECTION('',(-0.7429676639663314,-0.30194308746018206,0.5973520086476861));
#1173=FACE_BOUND('',#1174,.T.);
#1174=EDGE_LOOP('',(#1175,#1176,#1177));
#1175=ORIENTED_EDGE('',*,*,#1178,.T.);
#1176=ORIENTED_EDGE('',*,*,#1179,.T.);
#1177=ORIENTED_EDGE('',*,*,#1180,.T.);
#1178=EDGE_CURVE('',#89,#97,#1181,.F.);
#1179=EDGE_CURVE('',#97,#99,#1182,.T.);
#1180=EDGE_CURVE('',#99,#89,#1183,.T.);
#1181=LINE('',#88,#1184);
#1182=LINE('',#96,#1185);
#1183=LINE('',#98,#1186);
#1184=VECTOR('',#1187,1.0);
#1185=VECTOR('',#1188,1.0);
#1186=VECTOR('',#1189,1.0);
#1187=DIRECTION('',(-0.7429676639663314,-0.30194308746018206,0.5973520086476861));
#1188=DIRECTION('',(-0.09737929279600038,0.9343034848402623,-0.3429202116380613));
#1189=DIRECTION('',(0.8467649919063076,0,-0.5319671498146391));
#1190=FACE_SURFACE('',(#1195),#1191,.T.);
#1191=PLANE('',#1192);
#1192=AXIS2_PLACEMENT_3D('',#86,#1193,#1194);
#1193=DIRECTION('',(-0.38240142618852285,-0.7196359397029807,-0.5795629935880927));
#1194=DIRECTION('',(0.1274536376041447,-0.6623207162116488,0.7382999655548956));
#1195=FACE_BOUND('',#1196,.T.);
#1196=EDGE_LOOP('',(#1197,#1198,#1199));
#1197=ORIENTED_EDGE('',*,*,#1200,.T.);
#1198=ORIENTED_EDGE('',*,*,#1201,.T.);
#1199=ORIENTED_EDGE('',*,*,#1202,.T.);
#1200=EDGE_CURVE('',#87,#91,#1203,.F.);
#1201=EDGE_CURVE('',#91,#101,#1204,.T.);
#1202=EDGE_CURVE('',#101,#87,#1205,.T.);
#1203=LINE('',#86,#1206);
#1204=LINE('',#90,#1207);
#1205=LINE('',#100,#1208);
#1206=VECTOR('',#1209,1.0);
#1207=VECTOR('',#1210,1.0);
#1208=VECTOR('',#1211,1.0);
#1209=DIRECTION('',(0.1274536376041447,-0.6623207162116488,0.7382999655548956));
#1210=DIRECTION('',(-0.8506779896212874,0.02932901638048226,0.5248683327959865));
#1211=DIRECTION('',(0.6227087493794797,0.26268477161724585,-0.7370417384427015));
#1212=FACE_SURFACE('',(#1217),#1213,.T.);
#1213=PLANE('',#1214);
#1214=AXIS2_PLACEMENT_3D('',#86,#1215,#1216);
#1215=DIRECTION('',(-0.37795070284647003,-0.7238036615833118,-0.5772880786023994));
#1216=DIRECTION('',(-0.6227087493794797,-0.26268477161724585,0.7370417384427015));
#1217=FACE_BOUND('',#1218,.T.);
#1218=EDGE_LOOP('',(#1219,#1220,#1221));
#1219=ORIENTED_EDGE('',*,*,#1222,.T.);
#1220=ORIENTED_EDGE('',*,*,#1223,.T.);
#1221=ORIENTED_EDGE('',*,*,#1224,.T.);
#1222=EDGE_CURVE('',#87,#101,#1225,.F.);
#1223=EDGE_CURVE('',#101,#97,#1226,.T.);
#1224=EDGE_CURVE('',#97,#87,#1227,.T.);
#1225=LINE('',#86,#1228);
#1226=LINE('',#100,#1229);
#1227=LINE('',#96,#1230);
#1228=VECTOR('',#1231,1.0);
#1229=VECTOR('',#1232,1.0);
#1230=VECTOR('',#1233,1.0);
#1231=DIRECTION('',(-0.6227087493794797,-0.26268477161724585,0.7370417384427015));
#1232=DIRECTION('',(-0.3756013176847183,0.6897939358068488,-0.6189571683708011));
#1233=DIRECTION('',(0.8403691864109308,-0.006552226748303523,-0.541974813857313));
#1234=FACE_SURFACE('',(#1239),#1235,.T.);
#1235=PLANE('',#1236);
#1236=AXIS2_PLACEMENT_3D('',#90,#1237,#1238);
#1237=DIRECTION('',(-0.27864103659690265,-0.8676968434527305,-0.4116568480984755));
#1238=DIRECTION('',(0.14672281475572993,-0.4620612209738852,0.8746266881946138));
#1239=FACE_BOUND('',#1240,.T.);
#1240=EDGE_LOOP('',(#1241,#1242,#1243));
#1241=ORIENTED_EDGE('',*,*,#1244,.T.);
#1242=ORIENTED_EDGE('',*,*,#1245,.T.);
#1243=ORIENTED_EDGE('',*,*,#1246,.T.);
#1244=EDGE_CURVE('',#91,#93,#1247,.F.);
#1245=EDGE_CURVE('',#93,#103,#1248,.T.);
#1246=EDGE_CURVE('',#103,#91,#1249,.T.);
#1247=LINE('',#90,#1250);
#1248=LINE('',#92,#1251);
#1249=LINE('',#102,#1252);
#1250=VECTOR('',#1253,1.0);
#1251=VECTOR('',#1254,1.0);
#1252=VECTOR('',#1255,1.0);
#1253=DIRECTION('',(0.14672281475572993,-0.4620612209738852,0.8746266881946138));
#1254=DIRECTION('',(-0.8942144148415596,0.07803762108692158,0.4407841988826974));
#1255=DIRECTION('',(0.5811933785676445,0.1888890528043158,-0.7915397541752498));
#1256=FACE_SURFACE('',(#1261),#1257,.T.);
#1257=PLANE('',#1258);
#1258=AXIS2_PLACEMENT_3D('',#90,#1259,#1260);
#1259=DIRECTION('',(-0.28665124261526487,-0.8628225445153496,-0.41637521754204115));
#1260=DIRECTION('',(-0.5811933785676445,-0.1888890528043158,0.7915397541752498));
#1261=FACE_BOUND('',#1262,.T.);
#1262=EDGE_LOOP('',(#1263,#1264,#1265));
#1263=ORIENTED_EDGE('',*,*,#1266,.T.);
#1264=ORIENTED_EDGE('',*,*,#1267,.T.);
#1265=ORIENTED_EDGE('',*,*,#1268,.T.);
#1266=EDGE_CURVE('',#91,#103,#1269,.F.);
#1267=EDGE_CURVE('',#103,#101,#1270,.T.);
#1268=EDGE_CURVE('',#101,#91,#1271,.T.);
#1269=LINE('',#90,#1272);
#1270=LINE('',#102,#1273);
#1271=LINE('',#100,#1274);
#1272=VECTOR('',#1275,1.0);
#1273=VECTOR('',#1276,1.0);
#1274=VECTOR('',#1277,1.0);
#1275=DIRECTION('',(-0.5811933785676445,-0.1888890528043158,0.7915397541752498));
#1276=DIRECTION('',(-0.4142708383075948,0.5035139024299455,-0.7581908879613959));
#1277=DIRECTION('',(0.8506779896212874,-0.02932901638048226,-0.5248683327959865));
#1278=FACE_SURFACE('',(#1283),#1279,.T.);
#1279=PLANE('',#1280);
#1280=AXIS2_PLACEMENT_3D('',#92,#1281,#1282);
#1281=DIRECTION('',(-0.22986220465951146,-0.9250748676696093,-0.30232409112593667));
#1282=DIRECTION('',(-0.0018619376874044467,-0.31022352063733544,0.9506618223277007));
#1283=FACE_BOUND('',#1284,.T.);
#1284=EDGE_LOOP('',(#1285,#1286,#1287));
#1285=ORIENTED_EDGE('',*,*,#1288,.T.);
#1286=ORIENTED_EDGE('',*,*,#1289,.T.);
#1287=ORIENTED_EDGE('',*,*,#1290,.T.);
#1288=EDGE_CURVE('',#93,#95,#1291,.F.);
#1289=EDGE_CURVE('',#95,#105,#1292,.T.);
#1290=EDGE_CURVE('',#105,#93,#1293,.T.);
#1291=LINE('',#92,#1294);
#1292=LINE('',#94,#1295);
#1293=LINE('',#104,#1296);
#1294=VECTOR('',#1297,1.0);
#1295=VECTOR('',#1298,1.0);
#1296=VECTOR('',#1299,1.0);
#1297=DIRECTION('',(-0.0018619376874044467,-0.31022352063733544,0.9506618223277007));
#1298=DIRECTION('',(-0.9543172583303292,0.15331336595524384,0.25646360808574226));
#1299=DIRECTION('',(0.6545392746655296,0.08294662752779629,-0.7514640343370315));
#1300=FACE_SURFACE('',(#1305),#1301,.T.);
#1301=PLANE('',#1302);
#1302=AXIS2_PLACEMENT_3D('',#92,#1303,#1304);
#1303=DIRECTION('',(-0.22969577519742,-0.9251604802762057,-0.30218857786414877));
#1304=DIRECTION('',(-0.6545392746655296,-0.08294662752779629,0.7514640343370315));
#1305=FACE_BOUND('',#1306,.T.);
#1306=EDGE_LOOP('',(#1307,#1308,#1309));
#1307=ORIENTED_EDGE('',*,*,#1310,.T.);
#1308=ORIENTED_EDGE('',*,*,#1311,.T.);
#1309=ORIENTED_EDGE('',*,*,#1312,.T.);
#1310=EDGE_CURVE('',#93,#105,#1313,.F.);
#1311=EDGE_CURVE('',#105,#103,#1314,.T.);
#1312=EDGE_CURVE('',#103,#93,#1315,.T.);
#1313=LINE('',#92,#1316);
#1314=LINE('',#104,#1317);
#1315=LINE('',#102,#1318);
#1316=VECTOR('',#1319,1.0);
#1317=VECTOR('',#1320,1.0);
#1318=VECTOR('',#1321,1.0);
#1319=DIRECTION('',(-0.6545392746655296,-0.08294662752779629,0.7514640343370315));
#1320=DIRECTION('',(2.588166814323468E-06,0.31048973901774735,-0.9505767312310947));
#1321=DIRECTION('',(0.8942144148415596,-0.07803762108692158,-0.4407841988826974));
#1322=FACE_SURFACE('',(#1327),#1323,.T.);
#1323=PLANE('',#1324);
#1324=AXIS2_PLACEMENT_3D('',#40,#1325,#1326);
#1325=DIRECTION('',(-0.036729279513402276,-0.998497447732095,-0.040667024711902776));
#1326=DIRECTION('',(-0.9993241342422239,0.03675968880485259,0));
#1327=FACE_BOUND('',#1328,.T.);
#1328=EDGE_LOOP('',(#1329,#1330,#1331));
#1329=ORIENTED_EDGE('',*,*,#1332,.T.);
#1330=ORIENTED_EDGE('',*,*,#1333,.T.);
#1331=ORIENTED_EDGE('',*,*,#1334,.T.);
#1332=EDGE_CURVE('',#41,#107,#1335,.F.);
#1333=EDGE_CURVE('',#107,#109,#1336,.T.);
#1334=EDGE_CURVE('',#109,#41,#1337,.T.);
#1335=LINE('',#40,#1338);
#1336=LINE('',#106,#1339);
#1337=LINE('',#108,#1340);
#1338=VECTOR('',#1341,1.0);
#1339=VECTOR('',#1342,1.0);
#1340=VECTOR('',#1343,1.0);
#1341=DIRECTION('',(-0.9993241342422239,0.03675968880485259,0));
#1342=DIRECTION('',(-0.04146138324584953,0.042182055674279885,-0.9982492814314632));
#1343=DIRECTION('',(0.7097157714629962,-0.05471246324718912,0.7023603563001752));
#1344=FACE_SURFACE('',(#1349),#1345,.T.);
#1345=PLANE('',#1346);
#1346=AXIS2_PLACEMENT_3D('',#40,#1347,#1348);
#1347=DIRECTION('',(-0.0406262817505469,-0.9984991040466455,-0.036729340440188045));
#1348=DIRECTION('',(-0.7097157714629962,0.05471246324718912,-0.7023603563001752));
#1349=FACE_BOUND('',#1350,.T.);
#1350=EDGE_LOOP('',(#1351,#1352,#1353));
#1351=ORIENTED_EDGE('',*,*,#1354,.T.);
#1352=ORIENTED_EDGE('',*,*,#1355,.T.);
#1353=ORIENTED_EDGE('',*,*,#1356,.T.);
#1354=EDGE_CURVE('',#41,#109,#1357,.F.);
#1355=EDGE_CURVE('',#109,#111,#1358,.T.);
#1356=EDGE_CURVE('',#111,#41,#1359,.T.);
#1357=LINE('',#40,#1360);
#1358=LINE('',#108,#1361);
#1359=LINE('',#110,#1362);
#1360=VECTOR('',#1363,1.0);
#1361=VECTOR('',#1364,1.0);
#1362=VECTOR('',#1365,1.0);
#1363=DIRECTION('',(-0.7097157714629962,0.05471246324718912,-0.7023603563001752));
#1364=DIRECTION('',(0.9986558720038308,-0.04176188839425677,0.030698436279621707));
#1365=DIRECTION('',(0,-0.03675968880485259,0.9993241342422239));
#1366=FACE_SURFACE('',(#1371),#1367,.T.);
#1367=PLANE('',#1368);
#1368=AXIS2_PLACEMENT_3D('',#106,#1369,#1370);
#1369=DIRECTION('',(-0.11340756205720562,-0.9925976596741123,-0.043458150877786636));
#1370=DIRECTION('',(-0.9935363048037403,0.11351480536445152,0));
#1371=FACE_BOUND('',#1372,.T.);
#1372=EDGE_LOOP('',(#1373,#1374,#1375));
#1373=ORIENTED_EDGE('',*,*,#1376,.T.);
#1374=ORIENTED_EDGE('',*,*,#1377,.T.);
#1375=ORIENTED_EDGE('',*,*,#1378,.T.);
#1376=EDGE_CURVE('',#107,#113,#1379,.F.);
#1377=EDGE_CURVE('',#113,#115,#1380,.T.);
#1378=EDGE_CURVE('',#115,#107,#1381,.T.);
#1379=LINE('',#106,#1382);
#1380=LINE('',#112,#1383);
#1381=LINE('',#114,#1384);
#1382=VECTOR('',#1385,1.0);
#1383=VECTOR('',#1386,1.0);
#1384=VECTOR('',#1387,1.0);
#1385=DIRECTION('',(-0.9935363048037403,0.11351480536445152,0));
#1386=DIRECTION('',(-0.03305089979504613,0.04748508116414506,-0.998324999731837));
#1387=DIRECTION('',(0.68749276515662,-0.10997588895295579,0.7178154370771861));
#1388=FACE_SURFACE('',(#1393),#1389,.T.);
#1389=PLANE('',#1390);
#1390=AXIS2_PLACEMENT_3D('',#106,#1391,#1392);
#1391=DIRECTION('',(-0.12013807315413197,-0.9920700256915644,-0.036931118357710145));
#1392=DIRECTION('',(-0.68749276515662,0.10997588895295579,-0.7178154370771861));
#1393=FACE_BOUND('',#1394,.T.);
#1394=EDGE_LOOP('',(#1395,#1396,#1397));
#1395=ORIENTED_EDGE('',*,*,#1398,.T.);
#1396=ORIENTED_EDGE('',*,*,#1399,.T.);
#1397=ORIENTED_EDGE('',*,*,#1400,.T.);
#1398=EDGE_CURVE('',#107,#115,#1401,.F.);
#1399=EDGE_CURVE('',#115,#109,#1402,.T.);
#1400=EDGE_CURVE('',#109,#107,#1403,.T.);
#1401=LINE('',#106,#1404);
#1402=LINE('',#114,#1405);
#1403=LINE('',#108,#1406);
#1404=VECTOR('',#1407,1.0);
#1405=VECTOR('',#1408,1.0);
#1406=VECTOR('',#1409,1.0);
#1407=DIRECTION('',(-0.68749276515662,0.10997588895295579,-0.7178154370771861));
#1408=DIRECTION('',(0.9927571922466373,-0.12005398183511169,-0.0044942950623826266));
#1409=DIRECTION('',(0.04146138324584953,-0.042182055674279885,0.9982492814314632));
#1410=FACE_SURFACE('',(#1415),#1411,.T.);
#1411=PLANE('',#1412);
#1412=AXIS2_PLACEMENT_3D('',#112,#1413,#1414);
#1413=DIRECTION('',(-0.20081175363761722,-0.9786075275375891,-0.044743118440176644));
#1414=DIRECTION('',(-0.9795885607953618,0.20101306315478995,0));
#1415=FACE_BOUND('',#1416,.T.);
#1416=EDGE_LOOP('',(#1417,#1418,#1419));
#1417=ORIENTED_EDGE('',*,*,#1420,.T.);
#1418=ORIENTED_EDGE('',*,*,#1421,.T.);
#1419=ORIENTED_EDGE('',*,*,#1422,.T.);
#1420=EDGE_CURVE('',#113,#117,#1423,.F.);
#1421=EDGE_CURVE('',#117,#119,#1424,.T.);
#1422=EDGE_CURVE('',#119,#113,#1425,.T.);
#1423=LINE('',#112,#1426);
#1424=LINE('',#116,#1427);
#1425=LINE('',#118,#1428);
#1426=VECTOR('',#1429,1.0);
#1427=VECTOR('',#1430,1.0);
#1428=VECTOR('',#1431,1.0);
#1429=DIRECTION('',(-0.9795885607953618,0.20101306315478995,0));
#1430=DIRECTION('',(0.038435791052024285,0.037767696522837034,-0.9985470900591339));
#1431=DIRECTION('',(0.6173271932548975,-0.1618759694760812,0.7698722666613009));
#1432=FACE_SURFACE('',(#1437),#1433,.T.);
#1433=PLANE('',#1434);
#1434=AXIS2_PLACEMENT_3D('',#112,#1435,#1436);
#1435=DIRECTION('',(-0.20689129219109054,-0.9775602435370911,-0.03964799454201485));
#1436=DIRECTION('',(-0.6173271932548975,0.1618759694760812,-0.7698722666613009));
#1437=FACE_BOUND('',#1438,.T.);
#1438=EDGE_LOOP('',(#1439,#1440,#1441));
#1439=ORIENTED_EDGE('',*,*,#1442,.T.);
#1440=ORIENTED_EDGE('',*,*,#1443,.T.);
#1441=ORIENTED_EDGE('',*,*,#1444,.T.);
#1442=EDGE_CURVE('',#113,#119,#1445,.F.);
#1443=EDGE_CURVE('',#119,#115,#1446,.T.);
#1444=EDGE_CURVE('',#115,#113,#1447,.T.);
#1445=LINE('',#112,#1448);
#1446=LINE('',#118,#1449);
#1447=LINE('',#114,#1450);
#1448=VECTOR('',#1451,1.0);
#1449=VECTOR('',#1452,1.0);
#1450=VECTOR('',#1453,1.0);
#1451=DIRECTION('',(-0.6173271932548975,0.1618759694760812,-0.7698722666613009));
#1452=DIRECTION('',(0.9783332089274099,-0.20639366428583725,-0.01630299519909754));
#1453=DIRECTION('',(0.03305089979504613,-0.04748508116414506,0.998324999731837));
#1454=FACE_SURFACE('',(#1459),#1455,.T.);
#1455=PLANE('',#1456);
#1456=AXIS2_PLACEMENT_3D('',#120,#1457,#1458);
#1457=DIRECTION('',(-0.3101361557475811,-0.9494927913220447,-0.04773891625900378));
#1458=DIRECTION('',(-0.9505765931602289,0.310490161737683,0));
#1459=FACE_BOUND('',#1460,.T.);
#1460=EDGE_LOOP('',(#1461,#1462,#1463));
#1461=ORIENTED_EDGE('',*,*,#1464,.T.);
#1462=ORIENTED_EDGE('',*,*,#1465,.T.);
#1463=ORIENTED_EDGE('',*,*,#1466,.T.);
#1464=EDGE_CURVE('',#121,#123,#1467,.F.);
#1465=EDGE_CURVE('',#123,#125,#1468,.T.);
#1466=EDGE_CURVE('',#125,#121,#1469,.T.);
#1467=LINE('',#120,#1470);
#1468=LINE('',#122,#1471);
#1469=LINE('',#124,#1472);
#1470=VECTOR('',#1473,1.0);
#1471=VECTOR('',#1474,1.0);
#1472=VECTOR('',#1475,1.0);
#1473=DIRECTION('',(-0.9505765931602289,0.310490161737683,0));
#1474=DIRECTION('',(0.11902549586142694,0.011040115213796218,-0.9928298178393957));
#1475=DIRECTION('',(0.4911276822830996,-0.2030096001477742,0.8471013528162209));
#1476=FACE_SURFACE('',(#1481),#1477,.T.);
#1477=PLANE('',#1478);
#1478=AXIS2_PLACEMENT_3D('',#120,#1479,#1480);
#1479=DIRECTION('',(-0.3099722019341182,-0.9495409630641,-0.04784551694167342));
#1480=DIRECTION('',(-0.4911276822830996,0.2030096001477742,-0.8471013528162209));
#1481=FACE_BOUND('',#1482,.T.);
#1482=EDGE_LOOP('',(#1483,#1484,#1485));
#1483=ORIENTED_EDGE('',*,*,#1486,.T.);
#1484=ORIENTED_EDGE('',*,*,#1487,.T.);
#1485=ORIENTED_EDGE('',*,*,#1488,.T.);
#1486=EDGE_CURVE('',#121,#125,#1489,.F.);
#1487=EDGE_CURVE('',#125,#127,#1490,.T.);
#1488=EDGE_CURVE('',#127,#121,#1491,.T.);
#1489=LINE('',#120,#1492);
#1490=LINE('',#124,#1493);
#1491=LINE('',#126,#1494);
#1492=VECTOR('',#1495,1.0);
#1493=VECTOR('',#1496,1.0);
#1494=VECTOR('',#1497,1.0);
#1495=DIRECTION('',(-0.4911276822830996,0.2030096001477742,-0.8471013528162209));
#1496=DIRECTION('',(0.9505487628712231,-0.3105393771894682,0.004727009494832636));
#1497=DIRECTION('',(-0.038435791052024285,-0.037767696522837034,0.9985470900591339));
#1498=FACE_SURFACE('',(#1503),#1499,.T.);
#1499=PLANE('',#1500);
#1500=AXIS2_PLACEMENT_3D('',#110,#1501,#1502);
#1501=DIRECTION('',(-0.03781027226988277,-0.9920983239613356,-0.11962984119351715));
#1502=DIRECTION('',(-0.9986558720038308,0.04176188839425677,-0.030698436279621707));
#1503=FACE_BOUND('',#1504,.T.);
#1504=EDGE_LOOP('',(#1505,#1506,#1507));
#1505=ORIENTED_EDGE('',*,*,#1508,.T.);
#1506=ORIENTED_EDGE('',*,*,#1509,.T.);
#1507=ORIENTED_EDGE('',*,*,#1510,.T.);
#1508=EDGE_CURVE('',#111,#109,#1511,.F.);
#1509=EDGE_CURVE('',#109,#129,#1512,.T.);
#1510=EDGE_CURVE('',#129,#111,#1513,.T.);
#1511=LINE('',#110,#1514);
#1512=LINE('',#108,#1515);
#1513=LINE('',#128,#1516);
#1514=VECTOR('',#1517,1.0);
#1515=VECTOR('',#1518,1.0);
#1516=VECTOR('',#1519,1.0);
#1517=DIRECTION('',(-0.9986558720038308,0.04176188839425677,-0.030698436279621707));
#1518=DIRECTION('',(0.006471270758273575,0.11946984044618027,-0.992816740329522));
#1519=DIRECTION('',(0.7209600344801488,-0.10997872050190671,0.6841939123663308));
#1520=FACE_SURFACE('',(#1525),#1521,.T.);
#1521=PLANE('',#1522);
#1522=AXIS2_PLACEMENT_3D('',#110,#1523,#1524);
#1523=DIRECTION('',(-0.043791122677759566,-0.9925832553249306,-0.11340555023095171));
#1524=DIRECTION('',(-0.7209600344801488,0.10997872050190671,-0.6841939123663308));
#1525=FACE_BOUND('',#1526,.T.);
#1526=EDGE_LOOP('',(#1527,#1528,#1529));
#1527=ORIENTED_EDGE('',*,*,#1530,.T.);
#1528=ORIENTED_EDGE('',*,*,#1531,.T.);
#1529=ORIENTED_EDGE('',*,*,#1532,.T.);
#1530=EDGE_CURVE('',#111,#129,#1533,.F.);
#1531=EDGE_CURVE('',#129,#131,#1534,.T.);
#1532=EDGE_CURVE('',#131,#111,#1535,.T.);
#1533=LINE('',#110,#1536);
#1534=LINE('',#128,#1537);
#1535=LINE('',#130,#1538);
#1536=VECTOR('',#1539,1.0);
#1537=VECTOR('',#1540,1.0);
#1538=VECTOR('',#1541,1.0);
#1539=DIRECTION('',(-0.7209600344801488,0.10997872050190671,-0.6841939123663308));
#1540=DIRECTION('',(0.9983410849383993,-0.04772507770270135,0.03220861813693329));
#1541=DIRECTION('',(0,-0.11351444365287505,0.9935363461304161));
#1542=FACE_SURFACE('',(#1547),#1543,.T.);
#1543=PLANE('',#1544);
#1544=AXIS2_PLACEMENT_3D('',#108,#1545,#1546);
#1545=DIRECTION('',(-0.11967909452489656,-0.9850052480342483,-0.12426413673578532));
#1546=DIRECTION('',(-0.9927571922466373,0.12005398183511169,0.0044942950623826266));
#1547=FACE_BOUND('',#1548,.T.);
#1548=EDGE_LOOP('',(#1549,#1550,#1551));
#1549=ORIENTED_EDGE('',*,*,#1552,.T.);
#1550=ORIENTED_EDGE('',*,*,#1553,.T.);
#1551=ORIENTED_EDGE('',*,*,#1554,.T.);
#1552=EDGE_CURVE('',#109,#115,#1555,.F.);
#1553=EDGE_CURVE('',#115,#133,#1556,.T.);
#1554=EDGE_CURVE('',#133,#109,#1557,.T.);
#1555=LINE('',#108,#1558);
#1556=LINE('',#114,#1559);
#1557=LINE('',#132,#1560);
#1558=VECTOR('',#1561,1.0);
#1559=VECTOR('',#1562,1.0);
#1560=VECTOR('',#1563,1.0);
#1561=DIRECTION('',(-0.9927571922466373,0.12005398183511169,0.0044942950623826266));
#1562=DIRECTION('',(0.05959805896500063,0.11781023374817319,-0.9912460946666096));
#1563=DIRECTION('',(0.6933111850441649,-0.17250746287284496,0.6996861981958983));
#1564=FACE_SURFACE('',(#1569),#1565,.T.);
#1565=PLANE('',#1566);
#1566=AXIS2_PLACEMENT_3D('',#108,#1567,#1568);
#1567=DIRECTION('',(-0.12464527221939738,-0.9849980599139937,-0.11934143487917694));
#1568=DIRECTION('',(-0.6933111850441649,0.17250746287284496,-0.6996861981958983));
#1569=FACE_BOUND('',#1570,.T.);
#1570=EDGE_LOOP('',(#1571,#1572,#1573));
#1571=ORIENTED_EDGE('',*,*,#1574,.T.);
#1572=ORIENTED_EDGE('',*,*,#1575,.T.);
#1573=ORIENTED_EDGE('',*,*,#1576,.T.);
#1574=EDGE_CURVE('',#109,#133,#1577,.F.);
#1575=EDGE_CURVE('',#133,#129,#1578,.T.);
#1576=EDGE_CURVE('',#129,#109,#1579,.T.);
#1577=LINE('',#108,#1580);
#1578=LINE('',#132,#1581);
#1579=LINE('',#128,#1582);
#1580=VECTOR('',#1583,1.0);
#1581=VECTOR('',#1584,1.0);
#1582=VECTOR('',#1585,1.0);
#1583=DIRECTION('',(-0.6933111850441649,0.17250746287284496,-0.6996861981958983));
#1584=DIRECTION('',(0.9910735943191932,-0.11786654690790282,-0.062294524343980216));
#1585=DIRECTION('',(-0.006471270758273575,-0.11946984044618027,0.992816740329522));
#1586=FACE_SURFACE('',(#1591),#1587,.T.);
#1587=PLANE('',#1588);
#1588=AXIS2_PLACEMENT_3D('',#114,#1589,#1590);
#1589=DIRECTION('',(-0.20674702413193102,-0.9697684827394686,-0.12963316665799596));
#1590=DIRECTION('',(-0.9783332089274099,0.20639366428583725,0.01630299519909754));
#1591=FACE_BOUND('',#1592,.T.);
#1592=EDGE_LOOP('',(#1593,#1594,#1595));
#1593=ORIENTED_EDGE('',*,*,#1596,.T.);
#1594=ORIENTED_EDGE('',*,*,#1597,.T.);
#1595=ORIENTED_EDGE('',*,*,#1598,.T.);
#1596=EDGE_CURVE('',#115,#119,#1599,.F.);
#1597=EDGE_CURVE('',#119,#135,#1600,.T.);
#1598=EDGE_CURVE('',#135,#115,#1601,.T.);
#1599=LINE('',#114,#1602);
#1600=LINE('',#118,#1603);
#1601=LINE('',#134,#1604);
#1602=VECTOR('',#1605,1.0);
#1603=VECTOR('',#1606,1.0);
#1604=VECTOR('',#1607,1.0);
#1605=DIRECTION('',(-0.9783332089274099,0.20639366428583725,0.01630299519909754));
#1606=DIRECTION('',(0.16966079938546022,0.09495315226433565,-0.980917484820692));
#1607=DIRECTION('',(0.5916241591149458,-0.22944325959140838,0.772875568885188));
#1608=FACE_SURFACE('',(#1613),#1609,.T.);
#1609=PLANE('',#1610);
#1610=AXIS2_PLACEMENT_3D('',#114,#1611,#1612);
#1611=DIRECTION('',(-0.20904902711400217,-0.9695186779299991,-0.127796859928387));
#1612=DIRECTION('',(-0.5916241591149458,0.22944325959140838,-0.772875568885188));
#1613=FACE_BOUND('',#1614,.T.);
#1614=EDGE_LOOP('',(#1615,#1616,#1617));
#1615=ORIENTED_EDGE('',*,*,#1618,.T.);
#1616=ORIENTED_EDGE('',*,*,#1619,.T.);
#1617=ORIENTED_EDGE('',*,*,#1620,.T.);
#1618=EDGE_CURVE('',#115,#135,#1621,.F.);
#1619=EDGE_CURVE('',#135,#133,#1622,.T.);
#1620=EDGE_CURVE('',#133,#115,#1623,.T.);
#1621=LINE('',#114,#1624);
#1622=LINE('',#134,#1625);
#1623=LINE('',#132,#1626);
#1624=VECTOR('',#1627,1.0);
#1625=VECTOR('',#1628,1.0);
#1626=VECTOR('',#1629,1.0);
#1627=DIRECTION('',(-0.5916241591149458,0.22944325959140838,-0.772875568885188));
#1628=DIRECTION('',(0.9751845814039133,-0.1969382961056194,-0.10114514184620818));
#1629=DIRECTION('',(-0.05959805896500063,-0.11781023374817319,0.9912460946666096));
#1630=FACE_SURFACE('',(#1635),#1631,.T.);
#1631=PLANE('',#1632);
#1632=AXIS2_PLACEMENT_3D('',#126,#1633,#1634);
#1633=DIRECTION('',(-0.3066330260394731,-0.940791526944301,-0.14452505032583896));
#1634=DIRECTION('',(-0.9505487628712231,0.3105393771894682,-0.004727009494832636));
#1635=FACE_BOUND('',#1636,.T.);
#1636=EDGE_LOOP('',(#1637,#1638,#1639));
#1637=ORIENTED_EDGE('',*,*,#1640,.T.);
#1638=ORIENTED_EDGE('',*,*,#1641,.T.);
#1639=ORIENTED_EDGE('',*,*,#1642,.T.);
#1640=EDGE_CURVE('',#127,#125,#1643,.F.);
#1641=EDGE_CURVE('',#125,#137,#1644,.T.);
#1642=EDGE_CURVE('',#137,#127,#1645,.T.);
#1643=LINE('',#126,#1646);
#1644=LINE('',#124,#1647);
#1645=LINE('',#136,#1648);
#1646=VECTOR('',#1649,1.0);
#1647=VECTOR('',#1650,1.0);
#1648=VECTOR('',#1651,1.0);
#1649=DIRECTION('',(-0.9505487628712231,0.3105393771894682,-0.004727009494832636));
#1650=DIRECTION('',(0.28082268408415667,0.05566199516737065,-0.9581442283903597));
#1651=DIRECTION('',(0.3992578905517918,-0.2649658990577733,0.8777164742493098));
#1652=FACE_SURFACE('',(#1657),#1653,.T.);
#1653=PLANE('',#1654);
#1654=AXIS2_PLACEMENT_3D('',#126,#1655,#1656);
#1655=DIRECTION('',(-0.3072530492514005,-0.9406395435723729,-0.14419713171098303));
#1656=DIRECTION('',(-0.3992578905517918,0.2649658990577733,-0.8777164742493098));
#1657=FACE_BOUND('',#1658,.T.);
#1658=EDGE_LOOP('',(#1659,#1660,#1661));
#1659=ORIENTED_EDGE('',*,*,#1662,.T.);
#1660=ORIENTED_EDGE('',*,*,#1663,.T.);
#1661=ORIENTED_EDGE('',*,*,#1664,.T.);
#1662=EDGE_CURVE('',#127,#137,#1665,.F.);
#1663=EDGE_CURVE('',#137,#139,#1666,.T.);
#1664=EDGE_CURVE('',#139,#127,#1667,.T.);
#1665=LINE('',#126,#1668);
#1666=LINE('',#136,#1669);
#1667=LINE('',#138,#1670);
#1668=VECTOR('',#1671,1.0);
#1669=VECTOR('',#1672,1.0);
#1670=VECTOR('',#1673,1.0);
#1671=DIRECTION('',(-0.3992578905517918,0.2649658990577733,-0.8777164742493098));
#1672=DIRECTION('',(0.9504880153615496,-0.31075562832819703,0.0018633615887148796));
#1673=DIRECTION('',(-0.16966079938546022,-0.09495315226433565,0.980917484820692));
#1674=FACE_SURFACE('',(#1679),#1675,.T.);
#1675=PLANE('',#1676);
#1676=AXIS2_PLACEMENT_3D('',#130,#1677,#1678);
#1677=DIRECTION('',(-0.04005659628222681,-0.9775460110648904,-0.20687983310464111));
#1678=DIRECTION('',(-0.9983410849383993,0.04772507770270135,-0.03220861813693329));
#1679=FACE_BOUND('',#1680,.T.);
#1680=EDGE_LOOP('',(#1681,#1682,#1683));
#1681=ORIENTED_EDGE('',*,*,#1684,.T.);
#1682=ORIENTED_EDGE('',*,*,#1685,.T.);
#1683=ORIENTED_EDGE('',*,*,#1686,.T.);
#1684=EDGE_CURVE('',#131,#129,#1687,.F.);
#1685=EDGE_CURVE('',#129,#141,#1688,.T.);
#1686=EDGE_CURVE('',#141,#131,#1689,.T.);
#1687=LINE('',#130,#1690);
#1688=LINE('',#128,#1691);
#1689=LINE('',#140,#1692);
#1690=VECTOR('',#1693,1.0);
#1691=VECTOR('',#1694,1.0);
#1692=VECTOR('',#1695,1.0);
#1693=DIRECTION('',(-0.9983410849383993,0.04772507770270135,-0.03220861813693329));
#1694=DIRECTION('',(0.02335135345026276,0.2060736152707351,-0.9782578286838751));
#1695=DIRECTION('',(0.7691132484804982,-0.1623363120774323,0.6181518687125955));
#1696=FACE_SURFACE('',(#1701),#1697,.T.);
#1697=PLANE('',#1698);
#1698=AXIS2_PLACEMENT_3D('',#130,#1699,#1700);
#1699=DIRECTION('',(-0.04515631543102185,-0.9785891861889516,-0.2008086448605726));
#1700=DIRECTION('',(-0.7691132484804982,0.1623363120774323,-0.6181518687125955));
#1701=FACE_BOUND('',#1702,.T.);
#1702=EDGE_LOOP('',(#1703,#1704,#1705));
#1703=ORIENTED_EDGE('',*,*,#1706,.T.);
#1704=ORIENTED_EDGE('',*,*,#1707,.T.);
#1705=ORIENTED_EDGE('',*,*,#1708,.T.);
#1706=EDGE_CURVE('',#131,#141,#1709,.F.);
#1707=EDGE_CURVE('',#141,#143,#1710,.T.);
#1708=EDGE_CURVE('',#143,#131,#1711,.T.);
#1709=LINE('',#130,#1712);
#1710=LINE('',#140,#1713);
#1711=LINE('',#142,#1714);
#1712=VECTOR('',#1715,1.0);
#1713=VECTOR('',#1716,1.0);
#1714=VECTOR('',#1717,1.0);
#1715=DIRECTION('',(-0.7691132484804982,0.1623363120774323,-0.6181518687125955));
#1716=DIRECTION('',(0.9986565289454506,-0.03910582084090366,-0.0339981171682104));
#1717=DIRECTION('',(0,-0.20101369223017373,0.9795884317079255));
#1718=FACE_SURFACE('',(#1723),#1719,.T.);
#1719=PLANE('',#1720);
#1720=AXIS2_PLACEMENT_3D('',#128,#1721,#1722);
#1721=DIRECTION('',(-0.12842873410718578,-0.9694600728937215,-0.20893354761867702));
#1722=DIRECTION('',(-0.9910735943191932,0.11786654690790282,0.062294524343980216));
#1723=FACE_BOUND('',#1724,.T.);
#1724=EDGE_LOOP('',(#1725,#1726,#1727));
#1725=ORIENTED_EDGE('',*,*,#1728,.T.);
#1726=ORIENTED_EDGE('',*,*,#1729,.T.);
#1727=ORIENTED_EDGE('',*,*,#1730,.T.);
#1728=EDGE_CURVE('',#129,#133,#1731,.F.);
#1729=EDGE_CURVE('',#133,#145,#1732,.T.);
#1730=EDGE_CURVE('',#145,#129,#1733,.T.);
#1731=LINE('',#128,#1734);
#1732=LINE('',#132,#1735);
#1733=LINE('',#144,#1736);
#1734=VECTOR('',#1737,1.0);
#1735=VECTOR('',#1738,1.0);
#1736=VECTOR('',#1739,1.0);
#1737=DIRECTION('',(-0.9910735943191932,0.11786654690790282,0.062294524343980216));
#1738=DIRECTION('',(0.10292334769935475,0.1965110258611251,-0.9750847148906427));
#1739=DIRECTION('',(0.7694232436297149,-0.23032582426577092,0.5957666379033165));
#1740=FACE_SURFACE('',(#1745),#1741,.T.);
#1741=PLANE('',#1742);
#1742=AXIS2_PLACEMENT_3D('',#128,#1743,#1744);
#1743=DIRECTION('',(-0.1297040077792198,-0.9696297996958774,-0.2073521688040439));
#1744=DIRECTION('',(-0.7694232436297149,0.23032582426577092,-0.5957666379033165));
#1745=FACE_BOUND('',#1746,.T.);
#1746=EDGE_LOOP('',(#1747,#1748,#1749));
#1747=ORIENTED_EDGE('',*,*,#1750,.T.);
#1748=ORIENTED_EDGE('',*,*,#1751,.T.);
#1749=ORIENTED_EDGE('',*,*,#1752,.T.);
#1750=EDGE_CURVE('',#129,#145,#1753,.F.);
#1751=EDGE_CURVE('',#145,#141,#1754,.T.);
#1752=EDGE_CURVE('',#141,#129,#1755,.T.);
#1753=LINE('',#128,#1756);
#1754=LINE('',#144,#1757);
#1755=LINE('',#140,#1758);
#1756=VECTOR('',#1759,1.0);
#1757=VECTOR('',#1760,1.0);
#1758=VECTOR('',#1761,1.0);
#1759=DIRECTION('',(-0.7694232436297149,0.23032582426577092,-0.5957666379033165));
#1760=DIRECTION('',(0.980205162730817,-0.09383791657717613,-0.1743338302461903));
#1761=DIRECTION('',(-0.02335135345026276,-0.2060736152707351,0.9782578286838751));
#1762=FACE_SURFACE('',(#1767),#1763,.T.);
#1763=PLANE('',#1764);
#1764=AXIS2_PLACEMENT_3D('',#132,#1765,#1766);
#1765=DIRECTION('',(-0.21446901473134874,-0.9537000789333095,-0.21085350640376707));
#1766=DIRECTION('',(-0.9751845814039133,0.1969382961056194,0.10114514184620818));
#1767=FACE_BOUND('',#1768,.T.);
#1768=EDGE_LOOP('',(#1769,#1770,#1771));
#1769=ORIENTED_EDGE('',*,*,#1772,.T.);
#1770=ORIENTED_EDGE('',*,*,#1773,.T.);
#1771=ORIENTED_EDGE('',*,*,#1774,.T.);
#1772=EDGE_CURVE('',#133,#135,#1775,.F.);
#1773=EDGE_CURVE('',#135,#147,#1776,.T.);
#1774=EDGE_CURVE('',#147,#133,#1777,.T.);
#1775=LINE('',#132,#1778);
#1776=LINE('',#134,#1779);
#1777=LINE('',#146,#1780);
#1778=VECTOR('',#1781,1.0);
#1779=VECTOR('',#1782,1.0);
#1780=VECTOR('',#1783,1.0);
#1781=DIRECTION('',(-0.9751845814039133,0.1969382961056194,0.10114514184620818));
#1782=DIRECTION('',(0.25505705401240064,0.15370198675293004,-0.9546316559106541));
#1783=DIRECTION('',(0.6726808525857625,-0.3007427420147879,0.6760578922621334));
#1784=FACE_SURFACE('',(#1789),#1785,.T.);
#1785=PLANE('',#1786);
#1786=AXIS2_PLACEMENT_3D('',#132,#1787,#1788);
#1787=DIRECTION('',(-0.21084827984866916,-0.9537037582221314,-0.214457791739633));
#1788=DIRECTION('',(-0.6726808525857625,0.3007427420147879,-0.6760578922621334));
#1789=FACE_BOUND('',#1790,.T.);
#1790=EDGE_LOOP('',(#1791,#1792,#1793));
#1791=ORIENTED_EDGE('',*,*,#1794,.T.);
#1792=ORIENTED_EDGE('',*,*,#1795,.T.);
#1793=ORIENTED_EDGE('',*,*,#1796,.T.);
#1794=EDGE_CURVE('',#133,#147,#1797,.F.);
#1795=EDGE_CURVE('',#147,#145,#1798,.T.);
#1796=EDGE_CURVE('',#145,#133,#1799,.T.);
#1797=LINE('',#132,#1800);
#1798=LINE('',#146,#1801);
#1799=LINE('',#144,#1802);
#1800=VECTOR('',#1803,1.0);
#1801=VECTOR('',#1804,1.0);
#1802=VECTOR('',#1805,1.0);
#1803=DIRECTION('',(-0.6726808525857625,0.3007427420147879,-0.6760578922621334));
#1804=DIRECTION('',(0.9543172583303292,-0.15331336595524384,-0.25646360808574226));
#1805=DIRECTION('',(-0.10292334769935475,-0.1965110258611251,0.9750847148906427));
#1806=FACE_SURFACE('',(#1811),#1807,.T.);
#1807=PLANE('',#1808);
#1808=AXIS2_PLACEMENT_3D('',#138,#1809,#1810);
#1809=DIRECTION('',(-0.3020351181864905,-0.9251928941449022,-0.22976704725841823));
#1810=DIRECTION('',(-0.9504880153615496,0.31075562832819703,-0.0018633615887148796));
#1811=FACE_BOUND('',#1812,.T.);
#1812=EDGE_LOOP('',(#1813,#1814,#1815));
#1813=ORIENTED_EDGE('',*,*,#1816,.T.);
#1814=ORIENTED_EDGE('',*,*,#1817,.T.);
#1815=ORIENTED_EDGE('',*,*,#1818,.T.);
#1816=EDGE_CURVE('',#139,#137,#1819,.F.);
#1817=EDGE_CURVE('',#137,#149,#1820,.T.);
#1818=EDGE_CURVE('',#149,#139,#1821,.T.);
#1819=LINE('',#138,#1822);
#1820=LINE('',#136,#1823);
#1821=LINE('',#148,#1824);
#1822=VECTOR('',#1825,1.0);
#1823=VECTOR('',#1826,1.0);
#1824=VECTOR('',#1827,1.0);
#1825=DIRECTION('',(-0.9504880153615496,0.31075562832819703,-0.0018633615887148796));
#1826=DIRECTION('',(0.4399861050957044,0.07852443805095598,-0.894564776833681));
#1827=DIRECTION('',(0.3414401152798404,-0.3300234743970916,0.8800586082895625));
#1828=FACE_SURFACE('',(#1833),#1829,.T.);
#1829=PLANE('',#1830);
#1830=AXIS2_PLACEMENT_3D('',#138,#1831,#1832);
#1831=DIRECTION('',(-0.30218879179639047,-0.9251605309612061,-0.229695289599541));
#1832=DIRECTION('',(-0.3414401152798404,0.3300234743970916,-0.8800586082895625));
#1833=FACE_BOUND('',#1834,.T.);
#1834=EDGE_LOOP('',(#1835,#1836,#1837));
#1835=ORIENTED_EDGE('',*,*,#1838,.T.);
#1836=ORIENTED_EDGE('',*,*,#1839,.T.);
#1837=ORIENTED_EDGE('',*,*,#1840,.T.);
#1838=EDGE_CURVE('',#139,#149,#1841,.F.);
#1839=EDGE_CURVE('',#149,#151,#1842,.T.);
#1840=EDGE_CURVE('',#151,#139,#1843,.T.);
#1841=LINE('',#138,#1844);
#1842=LINE('',#148,#1845);
#1843=LINE('',#150,#1846);
#1844=VECTOR('',#1847,1.0);
#1845=VECTOR('',#1848,1.0);
#1846=VECTOR('',#1849,1.0);
#1847=DIRECTION('',(-0.3414401152798404,0.3300234743970916,-0.8800586082895625));
#1848=DIRECTION('',(0.9505764817247355,-0.3104905029011733,0));
#1849=DIRECTION('',(-0.25505705401240064,-0.15370198675293004,0.9546316559106541));
#1850=FACE_SURFACE('',(#1855),#1851,.T.);
#1851=PLANE('',#1852);
#1852=AXIS2_PLACEMENT_3D('',#58,#1853,#1854);
#1853=DIRECTION('',(-0.9291123825235554,-0.3546855882328902,-0.10463419202770667));
#1854=DIRECTION('',(0.11190994637736189,0,-0.9937183524026392));
#1855=FACE_BOUND('',#1856,.T.);
#1856=EDGE_LOOP('',(#1857,#1858,#1859));
#1857=ORIENTED_EDGE('',*,*,#1860,.T.);
#1858=ORIENTED_EDGE('',*,*,#1861,.T.);
#1859=ORIENTED_EDGE('',*,*,#1862,.T.);
#1860=EDGE_CURVE('',#59,#153,#1863,.F.);
#1861=EDGE_CURVE('',#153,#155,#1864,.T.);
#1862=EDGE_CURVE('',#155,#59,#1865,.T.);
#1863=LINE('',#58,#1866);
#1864=LINE('',#152,#1867);
#1865=LINE('',#154,#1868);
#1866=VECTOR('',#1869,1.0);
#1867=VECTOR('',#1870,1.0);
#1868=VECTOR('',#1871,1.0);
#1869=DIRECTION('',(0.11190994637736189,0,-0.9937183524026392));
#1870=DIRECTION('',(0.36568950885705037,-0.923302290887833,-0.11740554822140566));
#1871=DIRECTION('',(-0.21911729547831332,0.30010313184894466,0.9283995481885613));
#1872=FACE_SURFACE('',(#1877),#1873,.T.);
#1873=PLANE('',#1874);
#1874=AXIS2_PLACEMENT_3D('',#58,#1875,#1876);
#1875=DIRECTION('',(-0.9388981443117387,-0.3237157161599313,-0.11695473363244545));
#1876=DIRECTION('',(0.21911729547831332,-0.30010313184894466,-0.9283995481885613));
#1877=FACE_BOUND('',#1878,.T.);
#1878=EDGE_LOOP('',(#1879,#1880,#1881));
#1879=ORIENTED_EDGE('',*,*,#1882,.T.);
#1880=ORIENTED_EDGE('',*,*,#1883,.T.);
#1881=ORIENTED_EDGE('',*,*,#1884,.T.);
#1882=EDGE_CURVE('',#59,#155,#1885,.F.);
#1883=EDGE_CURVE('',#155,#157,#1886,.T.);
#1884=EDGE_CURVE('',#157,#59,#1887,.T.);
#1885=LINE('',#58,#1888);
#1886=LINE('',#154,#1889);
#1887=LINE('',#156,#1890);
#1888=VECTOR('',#1891,1.0);
#1889=VECTOR('',#1892,1.0);
#1890=VECTOR('',#1893,1.0);
#1891=DIRECTION('',(0.21911729547831332,-0.30010313184894466,-0.9283995481885613));
#1892=DIRECTION('',(-0.126984943145209,0.009958834166102219,0.9918546495512637));
#1893=DIRECTION('',(-0.32595264885889336,0.9453860961014136,0));
#1894=FACE_SURFACE('',(#1899),#1895,.T.);
#1895=PLANE('',#1896);
#1896=AXIS2_PLACEMENT_3D('',#152,#1897,#1898);
#1897=DIRECTION('',(-0.8801919843872594,-0.3612062526077191,-0.3078832793405754));
#1898=DIRECTION('',(0.33017471204341037,0,-0.9439198374475721));
#1899=FACE_BOUND('',#1900,.T.);
#1900=EDGE_LOOP('',(#1901,#1902,#1903));
#1901=ORIENTED_EDGE('',*,*,#1904,.T.);
#1902=ORIENTED_EDGE('',*,*,#1905,.T.);
#1903=ORIENTED_EDGE('',*,*,#1906,.T.);
#1904=EDGE_CURVE('',#153,#159,#1907,.F.);
#1905=EDGE_CURVE('',#159,#161,#1908,.T.);
#1906=EDGE_CURVE('',#161,#153,#1909,.T.);
#1907=LINE('',#152,#1910);
#1908=LINE('',#158,#1911);
#1909=LINE('',#160,#1912);
#1910=VECTOR('',#1913,1.0);
#1911=VECTOR('',#1914,1.0);
#1912=VECTOR('',#1915,1.0);
#1913=DIRECTION('',(0.33017471204341037,0,-0.9439198374475721));
#1914=DIRECTION('',(0.40545801858215197,-0.9094541352396548,-0.09217901639162185));
#1915=DIRECTION('',(-0.4205467095629493,0.29285301415593207,0.8587069215835876));
#1916=FACE_SURFACE('',(#1921),#1917,.T.);
#1917=PLANE('',#1918);
#1918=AXIS2_PLACEMENT_3D('',#152,#1919,#1920);
#1919=DIRECTION('',(-0.8911533310103745,-0.3109441708591646,-0.3303928922325969));
#1920=DIRECTION('',(0.4205467095629493,-0.29285301415593207,-0.8587069215835876));
#1921=FACE_BOUND('',#1922,.T.);
#1922=EDGE_LOOP('',(#1923,#1924,#1925));
#1923=ORIENTED_EDGE('',*,*,#1926,.T.);
#1924=ORIENTED_EDGE('',*,*,#1927,.T.);
#1925=ORIENTED_EDGE('',*,*,#1928,.T.);
#1926=EDGE_CURVE('',#153,#161,#1929,.F.);
#1927=EDGE_CURVE('',#161,#155,#1930,.T.);
#1928=EDGE_CURVE('',#155,#153,#1931,.T.);
#1929=LINE('',#152,#1932);
#1930=LINE('',#160,#1933);
#1931=LINE('',#154,#1934);
#1932=VECTOR('',#1935,1.0);
#1933=VECTOR('',#1936,1.0);
#1934=VECTOR('',#1937,1.0);
#1935=DIRECTION('',(0.4205467095629493,-0.29285301415593207,-0.8587069215835876));
#1936=DIRECTION('',(-0.3471995586924633,-0.0013867057726309386,0.9377902449326602));
#1937=DIRECTION('',(-0.36568950885705037,0.923302290887833,0.11740554822140566));
#1938=FACE_SURFACE('',(#1943),#1939,.T.);
#1939=PLANE('',#1940);
#1940=AXIS2_PLACEMENT_3D('',#158,#1941,#1942);
#1941=DIRECTION('',(-0.7959785524236714,-0.3411135076022517,-0.5000597154468704));
#1942=DIRECTION('',(0.531965905870462,0,-0.8467657733939291));
#1943=FACE_BOUND('',#1944,.T.);
#1944=EDGE_LOOP('',(#1945,#1946,#1947));
#1945=ORIENTED_EDGE('',*,*,#1948,.T.);
#1946=ORIENTED_EDGE('',*,*,#1949,.T.);
#1947=ORIENTED_EDGE('',*,*,#1950,.T.);
#1948=EDGE_CURVE('',#159,#163,#1951,.F.);
#1949=EDGE_CURVE('',#163,#165,#1952,.T.);
#1950=EDGE_CURVE('',#165,#159,#1953,.T.);
#1951=LINE('',#158,#1954);
#1952=LINE('',#162,#1955);
#1953=LINE('',#164,#1956);
#1954=VECTOR('',#1957,1.0);
#1955=VECTOR('',#1958,1.0);
#1956=VECTOR('',#1959,1.0);
#1957=DIRECTION('',(0.531965905870462,0,-0.8467657733939291));
#1958=DIRECTION('',(0.3320947226955977,-0.9367639586890706,0.1103919420017392));
#1959=DIRECTION('',(-0.5966471557433215,0.30274293270386604,0.7432085092632262));
#1960=FACE_SURFACE('',(#1965),#1961,.T.);
#1961=PLANE('',#1962);
#1962=AXIS2_PLACEMENT_3D('',#158,#1963,#1964);
#1963=DIRECTION('',(-0.7995269877965933,-0.30394197108051846,-0.5180500690093531));
#1964=DIRECTION('',(0.5966471557433215,-0.30274293270386604,-0.7432085092632262));
#1965=FACE_BOUND('',#1966,.T.);
#1966=EDGE_LOOP('',(#1967,#1968,#1969));
#1967=ORIENTED_EDGE('',*,*,#1970,.T.);
#1968=ORIENTED_EDGE('',*,*,#1971,.T.);
#1969=ORIENTED_EDGE('',*,*,#1972,.T.);
#1970=EDGE_CURVE('',#159,#165,#1973,.F.);
#1971=EDGE_CURVE('',#165,#161,#1974,.T.);
#1972=EDGE_CURVE('',#161,#159,#1975,.T.);
#1973=LINE('',#158,#1976);
#1974=LINE('',#164,#1977);
#1975=LINE('',#160,#1978);
#1976=VECTOR('',#1979,1.0);
#1977=VECTOR('',#1980,1.0);
#1978=VECTOR('',#1981,1.0);
#1979=DIRECTION('',(0.5966471557433215,-0.30274293270386604,-0.7432085092632262));
#1980=DIRECTION('',(-0.5425453567252988,-0.004572221235555576,0.8400140657684199));
#1981=DIRECTION('',(-0.40545801858215197,0.9094541352396548,0.09217901639162185));
#1982=FACE_SURFACE('',(#1987),#1983,.T.);
#1983=PLANE('',#1984);
#1984=AXIS2_PLACEMENT_3D('',#166,#1985,#1986);
#1985=DIRECTION('',(-0.6708404773470038,-0.3161403988467532,-0.6708414881101644));
#1986=DIRECTION('',(0.707107313888957,0,-0.7071062484837367));
#1987=FACE_BOUND('',#1988,.T.);
#1988=EDGE_LOOP('',(#1989,#1990,#1991));
#1989=ORIENTED_EDGE('',*,*,#1992,.T.);
#1990=ORIENTED_EDGE('',*,*,#1993,.T.);
#1991=ORIENTED_EDGE('',*,*,#1994,.T.);
#1992=EDGE_CURVE('',#167,#99,#1995,.F.);
#1993=EDGE_CURVE('',#99,#97,#1996,.T.);
#1994=EDGE_CURVE('',#97,#167,#1997,.T.);
#1995=LINE('',#166,#1998);
#1996=LINE('',#98,#1999);
#1997=LINE('',#96,#2000);
#1998=VECTOR('',#2001,1.0);
#1999=VECTOR('',#2002,1.0);
#2000=VECTOR('',#2003,1.0);
#2001=DIRECTION('',(0.707107313888957,0,-0.7071062484837367));
#2002=DIRECTION('',(0.09737929279600038,-0.9343034848402623,0.3429202116380613));
#2003=DIRECTION('',(-0.7407190312547294,0.329755804446903,0.5853173721756695));
#2004=FACE_SURFACE('',(#2009),#2005,.T.);
#2005=PLANE('',#2006);
#2006=AXIS2_PLACEMENT_3D('',#166,#2007,#2008);
#2007=DIRECTION('',(-0.6708688682922519,-0.31684367284879217,-0.6704812066955798));
#2008=DIRECTION('',(0.7407190312547294,-0.329755804446903,-0.5853173721756695));
#2009=FACE_BOUND('',#2010,.T.);
#2010=EDGE_LOOP('',(#2011,#2012,#2013));
#2011=ORIENTED_EDGE('',*,*,#2014,.T.);
#2012=ORIENTED_EDGE('',*,*,#2015,.T.);
#2013=ORIENTED_EDGE('',*,*,#2016,.T.);
#2014=EDGE_CURVE('',#167,#97,#2017,.F.);
#2015=EDGE_CURVE('',#97,#169,#2018,.T.);
#2016=EDGE_CURVE('',#169,#167,#2019,.T.);
#2017=LINE('',#166,#2020);
#2018=LINE('',#96,#2021);
#2019=LINE('',#168,#2022);
#2020=VECTOR('',#2023,1.0);
#2021=VECTOR('',#2024,1.0);
#2022=VECTOR('',#2025,1.0);
#2023=DIRECTION('',(0.7407190312547294,-0.329755804446903,-0.5853173721756695));
#2024=DIRECTION('',(-0.7071732325006003,0.0011484596912646368,0.7070393908934561));
#2025=DIRECTION('',(-0.3320947226955977,0.9367639586890706,-0.1103919420017392));
#2026=FACE_SURFACE('',(#2031),#2027,.T.);
#2027=PLANE('',#2028);
#2028=AXIS2_PLACEMENT_3D('',#156,#2029,#2030);
#2029=DIRECTION('',(-0.6606713014198835,-0.7467067996914553,-0.07708687809674403));
#2030=DIRECTION('',(0.126984943145209,-0.009958834166102219,-0.9918546495512637));
#2031=FACE_BOUND('',#2032,.T.);
#2032=EDGE_LOOP('',(#2033,#2034,#2035));
#2033=ORIENTED_EDGE('',*,*,#2036,.T.);
#2034=ORIENTED_EDGE('',*,*,#2037,.T.);
#2035=ORIENTED_EDGE('',*,*,#2038,.T.);
#2036=EDGE_CURVE('',#157,#155,#2039,.F.);
#2037=EDGE_CURVE('',#155,#171,#2040,.T.);
#2038=EDGE_CURVE('',#171,#157,#2041,.T.);
#2039=LINE('',#156,#2042);
#2040=LINE('',#154,#2043);
#2041=LINE('',#170,#2044);
#2042=VECTOR('',#2045,1.0);
#2043=VECTOR('',#2046,1.0);
#2044=VECTOR('',#2047,1.0);
#2045=DIRECTION('',(0.126984943145209,-0.009958834166102219,-0.9918546495512637));
#2046=DIRECTION('',(0.748191133311304,-0.6633511877480598,0.013237437349608867));
#2047=DIRECTION('',(-0.407387347815171,0.2703947320503038,0.8723085679503357));
#2048=FACE_SURFACE('',(#2053),#2049,.T.);
#2049=PLANE('',#2050);
#2050=AXIS2_PLACEMENT_3D('',#156,#2051,#2052);
#2051=DIRECTION('',(-0.679617973387482,-0.7278000401278433,-0.09179603389363732));
#2052=DIRECTION('',(0.407387347815171,-0.2703947320503038,-0.8723085679503357));
#2053=FACE_BOUND('',#2054,.T.);
#2054=EDGE_LOOP('',(#2055,#2056,#2057));
#2055=ORIENTED_EDGE('',*,*,#2058,.T.);
#2056=ORIENTED_EDGE('',*,*,#2059,.T.);
#2057=ORIENTED_EDGE('',*,*,#2060,.T.);
#2058=EDGE_CURVE('',#157,#171,#2061,.F.);
#2059=EDGE_CURVE('',#171,#173,#2062,.T.);
#2060=EDGE_CURVE('',#173,#157,#2063,.T.);
#2061=LINE('',#156,#2064);
#2062=LINE('',#170,#2065);
#2063=LINE('',#172,#2066);
#2064=VECTOR('',#2067,1.0);
#2065=VECTOR('',#2068,1.0);
#2066=VECTOR('',#2069,1.0);
#2067=DIRECTION('',(0.407387347815171,-0.2703947320503038,-0.8723085679503357));
#2068=DIRECTION('',(-0.14480444248289662,0.010426234304419222,0.9894053603429925));
#2069=DIRECTION('',(-0.7308859643909532,0.6824996022389364,0));
#2070=FACE_SURFACE('',(#2075),#2071,.T.);
#2071=PLANE('',#2072);
#2072=AXIS2_PLACEMENT_3D('',#154,#2073,#2074);
#2073=DIRECTION('',(-0.6278780264074081,-0.742441776046782,-0.23355811511321609));
#2074=DIRECTION('',(0.3471995586924633,0.0013867057726309386,-0.9377902449326602));
#2075=FACE_BOUND('',#2076,.T.);
#2076=EDGE_LOOP('',(#2077,#2078,#2079));
#2077=ORIENTED_EDGE('',*,*,#2080,.T.);
#2078=ORIENTED_EDGE('',*,*,#2081,.T.);
#2079=ORIENTED_EDGE('',*,*,#2082,.T.);
#2080=EDGE_CURVE('',#155,#161,#2083,.F.);
#2081=EDGE_CURVE('',#161,#175,#2084,.T.);
#2082=EDGE_CURVE('',#175,#155,#2085,.T.);
#2083=LINE('',#154,#2086);
#2084=LINE('',#160,#2087);
#2085=LINE('',#174,#2088);
#2086=VECTOR('',#2089,1.0);
#2087=VECTOR('',#2090,1.0);
#2088=VECTOR('',#2091,1.0);
#2089=DIRECTION('',(0.3471995586924633,0.0013867057726309386,-0.9377902449326602));
#2090=DIRECTION('',(0.7385915158325912,-0.663014356547988,0.12204317167040865));
#2091=DIRECTION('',(-0.5861546294160465,0.2536458522798651,0.7694715927409914));
#2092=FACE_SURFACE('',(#2097),#2093,.T.);
#2093=PLANE('',#2094);
#2094=AXIS2_PLACEMENT_3D('',#154,#2095,#2096);
#2095=DIRECTION('',(-0.6402182577923045,-0.7270491801951232,-0.2480324010426574));
#2096=DIRECTION('',(0.5861546294160465,-0.2536458522798651,-0.7694715927409914));
#2097=FACE_BOUND('',#2098,.T.);
#2098=EDGE_LOOP('',(#2099,#2100,#2101));
#2099=ORIENTED_EDGE('',*,*,#2102,.T.);
#2100=ORIENTED_EDGE('',*,*,#2103,.T.);
#2101=ORIENTED_EDGE('',*,*,#2104,.T.);
#2102=EDGE_CURVE('',#155,#175,#2105,.F.);
#2103=EDGE_CURVE('',#175,#171,#2106,.T.);
#2104=EDGE_CURVE('',#171,#155,#2107,.T.);
#2105=LINE('',#154,#2108);
#2106=LINE('',#174,#2109);
#2107=LINE('',#170,#2110);
#2108=VECTOR('',#2111,1.0);
#2109=VECTOR('',#2112,1.0);
#2110=VECTOR('',#2113,1.0);
#2111=DIRECTION('',(0.5861546294160465,-0.2536458522798651,-0.7694715927409914));
#2112=DIRECTION('',(-0.3420668793643879,-0.019288146039136107,0.9394776301031771));
#2113=DIRECTION('',(-0.748191133311304,0.6633511877480598,-0.013237437349608867));
#2114=FACE_SURFACE('',(#2119),#2115,.T.);
#2115=PLANE('',#2116);
#2116=AXIS2_PLACEMENT_3D('',#160,#2117,#2118);
#2117=DIRECTION('',(-0.5777496295897727,-0.7238816938745346,-0.37709502619660096));
#2118=DIRECTION('',(0.5425453567252988,0.004572221235555576,-0.8400140657684199));
#2119=FACE_BOUND('',#2120,.T.);
#2120=EDGE_LOOP('',(#2121,#2122,#2123));
#2121=ORIENTED_EDGE('',*,*,#2124,.T.);
#2122=ORIENTED_EDGE('',*,*,#2125,.T.);
#2123=ORIENTED_EDGE('',*,*,#2126,.T.);
#2124=EDGE_CURVE('',#161,#165,#2127,.F.);
#2125=EDGE_CURVE('',#165,#177,#2128,.T.);
#2126=EDGE_CURVE('',#177,#161,#2129,.T.);
#2127=LINE('',#160,#2130);
#2128=LINE('',#164,#2131);
#2129=LINE('',#176,#2132);
#2130=VECTOR('',#2133,1.0);
#2131=VECTOR('',#2134,1.0);
#2132=VECTOR('',#2135,1.0);
#2133=DIRECTION('',(0.5425453567252988,0.004572221235555576,-0.8400140657684199));
#2134=DIRECTION('',(0.6255666556121328,-0.6894723061558934,0.3650949170151857));
#2135=DIRECTION('',(-0.7375093459615732,0.26504642441169685,0.6211524430652327));
#2136=FACE_SURFACE('',(#2141),#2137,.T.);
#2137=PLANE('',#2138);
#2138=AXIS2_PLACEMENT_3D('',#160,#2139,#2140);
#2139=DIRECTION('',(-0.581017947385546,-0.717849503357012,-0.3835495213736791));
#2140=DIRECTION('',(0.7375093459615732,-0.26504642441169685,-0.6211524430652327));
#2141=FACE_BOUND('',#2142,.T.);
#2142=EDGE_LOOP('',(#2143,#2144,#2145));
#2143=ORIENTED_EDGE('',*,*,#2146,.T.);
#2144=ORIENTED_EDGE('',*,*,#2147,.T.);
#2145=ORIENTED_EDGE('',*,*,#2148,.T.);
#2146=EDGE_CURVE('',#161,#177,#2149,.F.);
#2147=EDGE_CURVE('',#177,#175,#2150,.T.);
#2148=EDGE_CURVE('',#175,#161,#2151,.T.);
#2149=LINE('',#160,#2152);
#2150=LINE('',#176,#2153);
#2151=LINE('',#174,#2154);
#2152=VECTOR('',#2155,1.0);
#2153=VECTOR('',#2156,1.0);
#2154=VECTOR('',#2157,1.0);
#2155=DIRECTION('',(0.7375093459615732,-0.26504642441169685,-0.6211524430652327));
#2156=DIRECTION('',(-0.525662644574865,-0.028803291095104953,0.8502053602046095));
#2157=DIRECTION('',(-0.7385915158325912,0.663014356547988,-0.12204317167040865));
#2158=FACE_SURFACE('',(#2163),#2159,.T.);
#2159=PLANE('',#2160);
#2160=AXIS2_PLACEMENT_3D('',#168,#2161,#2162);
#2161=DIRECTION('',(-0.49574303188212004,-0.7138158781343286,-0.4946774084831858));
#2162=DIRECTION('',(0.7071732325006003,-0.0011484596912646368,-0.7070393908934561));
#2163=FACE_BOUND('',#2164,.T.);
#2164=EDGE_LOOP('',(#2165,#2166,#2167));
#2165=ORIENTED_EDGE('',*,*,#2168,.T.);
#2166=ORIENTED_EDGE('',*,*,#2169,.T.);
#2167=ORIENTED_EDGE('',*,*,#2170,.T.);
#2168=EDGE_CURVE('',#169,#97,#2171,.F.);
#2169=EDGE_CURVE('',#97,#101,#2172,.T.);
#2170=EDGE_CURVE('',#101,#169,#2173,.T.);
#2171=LINE('',#168,#2174);
#2172=LINE('',#96,#2175);
#2173=LINE('',#100,#2176);
#2174=VECTOR('',#2177,1.0);
#2175=VECTOR('',#2178,1.0);
#2176=VECTOR('',#2179,1.0);
#2177=DIRECTION('',(0.7071732325006003,-0.0011484596912646368,-0.7070393908934561));
#2178=DIRECTION('',(0.3756013176847183,-0.6897939358068488,0.6189571683708011));
#2179=DIRECTION('',(-0.8552500236631548,0.3022577929869241,0.42093660283093304));
#2180=FACE_SURFACE('',(#2185),#2181,.T.);
#2181=PLANE('',#2182);
#2182=AXIS2_PLACEMENT_3D('',#168,#2183,#2184);
#2183=DIRECTION('',(-0.4960098684738876,-0.7126947515152071,-0.49602459771587326));
#2184=DIRECTION('',(0.8552500236631548,-0.3022577929869241,-0.42093660283093304));
#2185=FACE_BOUND('',#2186,.T.);
#2186=EDGE_LOOP('',(#2187,#2188,#2189));
#2187=ORIENTED_EDGE('',*,*,#2190,.T.);
#2188=ORIENTED_EDGE('',*,*,#2191,.T.);
#2189=ORIENTED_EDGE('',*,*,#2192,.T.);
#2190=EDGE_CURVE('',#169,#101,#2193,.F.);
#2191=EDGE_CURVE('',#101,#179,#2194,.T.);
#2192=EDGE_CURVE('',#179,#169,#2195,.T.);
#2193=LINE('',#168,#2196);
#2194=LINE('',#100,#2197);
#2195=LINE('',#178,#2198);
#2196=VECTOR('',#2199,1.0);
#2197=VECTOR('',#2200,1.0);
#2198=VECTOR('',#2201,1.0);
#2199=DIRECTION('',(0.8552500236631548,-0.3022577929869241,-0.42093660283093304));
#2200=DIRECTION('',(-0.7074422646545795,0.00045257367021060257,0.7067709935739248));
#2201=DIRECTION('',(-0.6255666556121328,0.6894723061558934,-0.3650949170151857));
#2202=FACE_SURFACE('',(#2207),#2203,.T.);
#2203=PLANE('',#2204);
#2204=AXIS2_PLACEMENT_3D('',#172,#2205,#2206);
#2205=DIRECTION('',(-0.44944257942201166,-0.8915280613464106,-0.05638336309940549));
#2206=DIRECTION('',(0.14480444248289662,-0.010426234304419222,-0.9894053603429925));
#2207=FACE_BOUND('',#2208,.T.);
#2208=EDGE_LOOP('',(#2209,#2210,#2211));
#2209=ORIENTED_EDGE('',*,*,#2212,.T.);
#2210=ORIENTED_EDGE('',*,*,#2213,.T.);
#2211=ORIENTED_EDGE('',*,*,#2214,.T.);
#2212=EDGE_CURVE('',#173,#171,#2215,.F.);
#2213=EDGE_CURVE('',#171,#125,#2216,.T.);
#2214=EDGE_CURVE('',#125,#173,#2217,.T.);
#2215=LINE('',#172,#2218);
#2216=LINE('',#170,#2219);
#2217=LINE('',#124,#2220);
#2218=VECTOR('',#2221,1.0);
#2219=VECTOR('',#2222,1.0);
#2220=VECTOR('',#2223,1.0);
#2221=DIRECTION('',(0.14480444248289662,-0.010426234304419222,-0.9894053603429925));
#2222=DIRECTION('',(0.891621684481486,-0.4515768920125603,0.03300124789570806));
#2223=DIRECTION('',(-0.530010511182446,0.2153198853145288,0.820198881384424));
#2224=FACE_SURFACE('',(#2229),#2225,.T.);
#2225=PLANE('',#2226);
#2226=AXIS2_PLACEMENT_3D('',#172,#2227,#2228);
#2227=DIRECTION('',(-0.46032177447817757,-0.8853670710659154,-0.06503086508285173));
#2228=DIRECTION('',(0.530010511182446,-0.2153198853145288,-0.820198881384424));
#2229=FACE_BOUND('',#2230,.T.);
#2230=EDGE_LOOP('',(#2231,#2232,#2233));
#2231=ORIENTED_EDGE('',*,*,#2234,.T.);
#2232=ORIENTED_EDGE('',*,*,#2235,.T.);
#2233=ORIENTED_EDGE('',*,*,#2236,.T.);
#2234=EDGE_CURVE('',#173,#125,#2237,.F.);
#2235=EDGE_CURVE('',#125,#123,#2238,.T.);
#2236=EDGE_CURVE('',#123,#173,#2239,.T.);
#2237=LINE('',#172,#2240);
#2238=LINE('',#124,#2241);
#2239=LINE('',#122,#2242);
#2240=VECTOR('',#2243,1.0);
#2241=VECTOR('',#2244,1.0);
#2242=VECTOR('',#2245,1.0);
#2243=DIRECTION('',(0.530010511182446,-0.2153198853145288,-0.820198881384424));
#2244=DIRECTION('',(-0.11902549586142694,-0.011040115213796218,0.9928298178393957));
#2245=DIRECTION('',(-0.8872451445778738,0.46129822612165744,0));
#2246=FACE_SURFACE('',(#2251),#2247,.T.);
#2247=PLANE('',#2248);
#2248=AXIS2_PLACEMENT_3D('',#170,#2249,#2250);
#2249=DIRECTION('',(-0.4366424559480677,-0.8820328179158656,-0.17709171009123217));
#2250=DIRECTION('',(0.3420668793643879,0.019288146039136107,-0.9394776301031771));
#2251=FACE_BOUND('',#2252,.T.);
#2252=EDGE_LOOP('',(#2253,#2254,#2255));
#2253=ORIENTED_EDGE('',*,*,#2256,.T.);
#2254=ORIENTED_EDGE('',*,*,#2257,.T.);
#2255=ORIENTED_EDGE('',*,*,#2258,.T.);
#2256=EDGE_CURVE('',#171,#175,#2259,.F.);
#2257=EDGE_CURVE('',#175,#137,#2260,.T.);
#2258=EDGE_CURVE('',#137,#171,#2261,.T.);
#2259=LINE('',#170,#2262);
#2260=LINE('',#174,#2263);
#2261=LINE('',#136,#2264);
#2262=VECTOR('',#2265,1.0);
#2263=VECTOR('',#2266,1.0);
#2264=VECTOR('',#2267,1.0);
#2265=DIRECTION('',(0.3420668793643879,0.019288146039136107,-0.9394776301031771));
#2266=DIRECTION('',(0.8738643627988334,-0.4626141653637829,0.1494965198088549));
#2267=DIRECTION('',(-0.6641981888473729,0.18329501148062885,0.7247369900165064));
#2268=FACE_SURFACE('',(#2273),#2269,.T.);
#2269=PLANE('',#2270);
#2270=AXIS2_PLACEMENT_3D('',#170,#2271,#2272);
#2271=DIRECTION('',(-0.4391501282075971,-0.8802286680699815,-0.17984620319316547));
#2272=DIRECTION('',(0.6641981888473729,-0.18329501148062885,-0.7247369900165064));
#2273=FACE_BOUND('',#2274,.T.);
#2274=EDGE_LOOP('',(#2275,#2276,#2277));
#2275=ORIENTED_EDGE('',*,*,#2278,.T.);
#2276=ORIENTED_EDGE('',*,*,#2279,.T.);
#2277=ORIENTED_EDGE('',*,*,#2280,.T.);
#2278=EDGE_CURVE('',#171,#137,#2281,.F.);
#2279=EDGE_CURVE('',#137,#125,#2282,.T.);
#2280=EDGE_CURVE('',#125,#171,#2283,.T.);
#2281=LINE('',#170,#2284);
#2282=LINE('',#136,#2285);
#2283=LINE('',#124,#2286);
#2284=VECTOR('',#2287,1.0);
#2285=VECTOR('',#2288,1.0);
#2286=VECTOR('',#2289,1.0);
#2287=DIRECTION('',(0.6641981888473729,-0.18329501148062885,-0.7247369900165064));
#2288=DIRECTION('',(-0.28082268408415667,-0.05566199516737065,0.9581442283903597));
#2289=DIRECTION('',(-0.891621684481486,0.4515768920125603,-0.03300124789570806));
#2290=FACE_SURFACE('',(#2295),#2291,.T.);
#2291=PLANE('',#2292);
#2292=AXIS2_PLACEMENT_3D('',#174,#2293,#2294);
#2293=DIRECTION('',(-0.4163640305643659,-0.8628252848915606,-0.28665924336046267));
#2294=DIRECTION('',(0.525662644574865,0.028803291095104953,-0.8502053602046095));
#2295=FACE_BOUND('',#2296,.T.);
#2296=EDGE_LOOP('',(#2297,#2298,#2299));
#2297=ORIENTED_EDGE('',*,*,#2300,.T.);
#2298=ORIENTED_EDGE('',*,*,#2301,.T.);
#2299=ORIENTED_EDGE('',*,*,#2302,.T.);
#2300=EDGE_CURVE('',#175,#177,#2303,.F.);
#2301=EDGE_CURVE('',#177,#149,#2304,.T.);
#2302=EDGE_CURVE('',#149,#175,#2305,.T.);
#2303=LINE('',#174,#2306);
#2304=LINE('',#176,#2307);
#2305=LINE('',#148,#2308);
#2306=VECTOR('',#2309,1.0);
#2307=VECTOR('',#2310,1.0);
#2308=VECTOR('',#2311,1.0);
#2309=DIRECTION('',(0.525662644574865,0.028803291095104953,-0.8502053602046095));
#2310=DIRECTION('',(0.7596545071960996,-0.5033752298143405,0.4117504191934855));
#2311=DIRECTION('',(-0.7927320626281691,0.19012289696396845,0.579162465057359));
#2312=FACE_SURFACE('',(#2317),#2313,.T.);
#2313=PLANE('',#2314);
#2314=AXIS2_PLACEMENT_3D('',#174,#2315,#2316);
#2315=DIRECTION('',(-0.41167478638997224,-0.867687122090182,-0.27864480689513743));
#2316=DIRECTION('',(0.7927320626281691,-0.19012289696396845,-0.579162465057359));
#2317=FACE_BOUND('',#2318,.T.);
#2318=EDGE_LOOP('',(#2319,#2320,#2321));
#2319=ORIENTED_EDGE('',*,*,#2322,.T.);
#2320=ORIENTED_EDGE('',*,*,#2323,.T.);
#2321=ORIENTED_EDGE('',*,*,#2324,.T.);
#2322=EDGE_CURVE('',#175,#149,#2325,.F.);
#2323=EDGE_CURVE('',#149,#137,#2326,.T.);
#2324=EDGE_CURVE('',#137,#175,#2327,.T.);
#2325=LINE('',#174,#2328);
#2326=LINE('',#148,#2329);
#2327=LINE('',#136,#2330);
#2328=VECTOR('',#2331,1.0);
#2329=VECTOR('',#2332,1.0);
#2330=VECTOR('',#2333,1.0);
#2331=DIRECTION('',(0.7927320626281691,-0.19012289696396845,-0.579162465057359));
#2332=DIRECTION('',(-0.4399861050957044,-0.07852443805095598,0.894564776833681));
#2333=DIRECTION('',(-0.8738643627988334,0.4626141653637829,-0.1494965198088549));
#2334=FACE_SURFACE('',(#2339),#2335,.T.);
#2335=PLANE('',#2336);
#2336=AXIS2_PLACEMENT_3D('',#178,#2337,#2338);
#2337=DIRECTION('',(-0.3671780337187797,-0.8546966468911343,-0.36697947265134895));
#2338=DIRECTION('',(0.7074422646545795,-0.00045257367021060257,-0.7067709935739248));
#2339=FACE_BOUND('',#2340,.T.);
#2340=EDGE_LOOP('',(#2341,#2342,#2343));
#2341=ORIENTED_EDGE('',*,*,#2344,.T.);
#2342=ORIENTED_EDGE('',*,*,#2345,.T.);
#2343=ORIENTED_EDGE('',*,*,#2346,.T.);
#2344=EDGE_CURVE('',#179,#101,#2347,.F.);
#2345=EDGE_CURVE('',#101,#103,#2348,.T.);
#2346=EDGE_CURVE('',#103,#179,#2349,.T.);
#2347=LINE('',#178,#2350);
#2348=LINE('',#100,#2351);
#2349=LINE('',#102,#2352);
#2350=VECTOR('',#2353,1.0);
#2351=VECTOR('',#2354,1.0);
#2352=VECTOR('',#2355,1.0);
#2353=DIRECTION('',(0.7074422646545795,-0.00045257367021060257,-0.7067709935739248));
#2354=DIRECTION('',(0.4142708383075948,-0.5035139024299455,0.7581908879613959));
#2355=DIRECTION('',(-0.9147250268910296,0.26024204980837734,0.3091151900032398));
#2356=FACE_SURFACE('',(#2361),#2357,.T.);
#2357=PLANE('',#2358);
#2358=AXIS2_PLACEMENT_3D('',#178,#2359,#2360);
#2359=DIRECTION('',(-0.3672253429910884,-0.8545706049043419,-0.3672255828486147));
#2360=DIRECTION('',(0.9147250268910296,-0.26024204980837734,-0.3091151900032398));
#2361=FACE_BOUND('',#2362,.T.);
#2362=EDGE_LOOP('',(#2363,#2364,#2365));
#2363=ORIENTED_EDGE('',*,*,#2366,.T.);
#2364=ORIENTED_EDGE('',*,*,#2367,.T.);
#2365=ORIENTED_EDGE('',*,*,#2368,.T.);
#2366=EDGE_CURVE('',#179,#103,#2369,.F.);
#2367=EDGE_CURVE('',#103,#181,#2370,.T.);
#2368=EDGE_CURVE('',#181,#179,#2371,.T.);
#2369=LINE('',#178,#2372);
#2370=LINE('',#102,#2373);
#2371=LINE('',#180,#2374);
#2372=VECTOR('',#2375,1.0);
#2373=VECTOR('',#2376,1.0);
#2374=VECTOR('',#2377,1.0);
#2375=DIRECTION('',(0.9147250268910296,-0.26024204980837734,-0.3091151900032398));
#2376=DIRECTION('',(-0.7071077438159925,6.288535839593285E-07,0.7071058185555125));
#2377=DIRECTION('',(-0.7596545071960996,0.5033752298143405,-0.4117504191934855));
#2378=FACE_SURFACE('',(#2383),#2379,.T.);
#2379=PLANE('',#2380);
#2380=AXIS2_PLACEMENT_3D('',#102,#2381,#2382);
#2381=DIRECTION('',(-0.2965261134371509,-0.907824062304134,-0.29652611343940277));
#2382=DIRECTION('',(-2.588166814323468E-06,-0.31048973901774735,0.9505767312310947));
#2383=FACE_BOUND('',#2384,.T.);
#2384=EDGE_LOOP('',(#2385,#2386,#2387));
#2385=ORIENTED_EDGE('',*,*,#2388,.T.);
#2386=ORIENTED_EDGE('',*,*,#2389,.T.);
#2387=ORIENTED_EDGE('',*,*,#2390,.T.);
#2388=EDGE_CURVE('',#103,#105,#2391,.F.);
#2389=EDGE_CURVE('',#105,#181,#2392,.T.);
#2390=EDGE_CURVE('',#181,#103,#2393,.T.);
#2391=LINE('',#102,#2394);
#2392=LINE('',#104,#2395);
#2393=LINE('',#180,#2396);
#2394=VECTOR('',#2397,1.0);
#2395=VECTOR('',#2398,1.0);
#2396=VECTOR('',#2399,1.0);
#2397=DIRECTION('',(-2.588166814323468E-06,-0.31048973901774735,0.9505767312310947));
#2398=DIRECTION('',(-0.9505764817247355,0.3104905029011733,0));
#2399=DIRECTION('',(0.7071077438159925,-6.288535839593285E-07,-0.7071058185555125));
#2400=FACE_SURFACE('',(#2405),#2401,.T.);
#2401=PLANE('',#2402);
#2402=AXIS2_PLACEMENT_3D('',#38,#2403,#2404);
#2403=DIRECTION('',(-0.04066702471190478,-0.9984974477320966,0.036729279513355854));
#2404=DIRECTION('',(0,0.03675968880480614,0.9993241342422257));
#2405=FACE_BOUND('',#2406,.T.);
#2406=EDGE_LOOP('',(#2407,#2408,#2409));
#2407=ORIENTED_EDGE('',*,*,#2410,.T.);
#2408=ORIENTED_EDGE('',*,*,#2411,.T.);
#2409=ORIENTED_EDGE('',*,*,#2412,.T.);
#2410=EDGE_CURVE('',#39,#183,#2413,.F.);
#2411=EDGE_CURVE('',#183,#185,#2414,.T.);
#2412=EDGE_CURVE('',#185,#39,#2415,.T.);
#2413=LINE('',#38,#2416);
#2414=LINE('',#182,#2417);
#2415=LINE('',#184,#2418);
#2416=VECTOR('',#2419,1.0);
#2417=VECTOR('',#2420,1.0);
#2418=VECTOR('',#2421,1.0);
#2419=DIRECTION('',(0,0.03675968880480614,0.9993241342422257));
#2420=DIRECTION('',(-0.9982492814314632,0.042182055674279885,0.04146138324584953));
#2421=DIRECTION('',(0.7023603563001765,-0.054712463247157526,-0.7097157714629975));
#2422=FACE_SURFACE('',(#2427),#2423,.T.);
#2423=PLANE('',#2424);
#2424=AXIS2_PLACEMENT_3D('',#38,#2425,#2426);
#2425=DIRECTION('',(-0.036729340440141624,-0.9984991040466472,0.04062628175054841));
#2426=DIRECTION('',(-0.7023603563001765,0.054712463247157526,0.7097157714629975));
#2427=FACE_BOUND('',#2428,.T.);
#2428=EDGE_LOOP('',(#2429,#2430,#2431));
#2429=ORIENTED_EDGE('',*,*,#2432,.T.);
#2430=ORIENTED_EDGE('',*,*,#2433,.T.);
#2431=ORIENTED_EDGE('',*,*,#2434,.T.);
#2432=EDGE_CURVE('',#39,#185,#2435,.F.);
#2433=EDGE_CURVE('',#185,#187,#2436,.T.);
#2434=EDGE_CURVE('',#187,#39,#2437,.T.);
#2435=LINE('',#38,#2438);
#2436=LINE('',#184,#2439);
#2437=LINE('',#186,#2440);
#2438=VECTOR('',#2441,1.0);
#2439=VECTOR('',#2442,1.0);
#2440=VECTOR('',#2443,1.0);
#2441=DIRECTION('',(-0.7023603563001765,0.054712463247157526,0.7097157714629975));
#2442=DIRECTION('',(0.030698436279621707,-0.04176188839425677,-0.9986558720038308));
#2443=DIRECTION('',(0.9993241342422257,-0.03675968880480614,0));
#2444=FACE_SURFACE('',(#2449),#2445,.T.);
#2445=PLANE('',#2446);
#2446=AXIS2_PLACEMENT_3D('',#182,#2447,#2448);
#2447=DIRECTION('',(-0.043458150877739916,-0.9925976596741087,0.11340756205725383));
#2448=DIRECTION('',(0,0.11351480536449957,0.9935363048037349));
#2449=FACE_BOUND('',#2450,.T.);
#2450=EDGE_LOOP('',(#2451,#2452,#2453));
#2451=ORIENTED_EDGE('',*,*,#2454,.T.);
#2452=ORIENTED_EDGE('',*,*,#2455,.T.);
#2453=ORIENTED_EDGE('',*,*,#2456,.T.);
#2454=EDGE_CURVE('',#183,#189,#2457,.F.);
#2455=EDGE_CURVE('',#189,#191,#2458,.T.);
#2456=EDGE_CURVE('',#191,#183,#2459,.T.);
#2457=LINE('',#182,#2460);
#2458=LINE('',#188,#2461);
#2459=LINE('',#190,#2462);
#2460=VECTOR('',#2463,1.0);
#2461=VECTOR('',#2464,1.0);
#2462=VECTOR('',#2465,1.0);
#2463=DIRECTION('',(0,0.11351480536449957,0.9935363048037349));
#2464=DIRECTION('',(-0.9983249997318391,0.04748508116409994,0.0330508997950462));
#2465=DIRECTION('',(0.7178154370771861,-0.10997588895295579,-0.68749276515662));
#2466=FACE_SURFACE('',(#2471),#2467,.T.);
#2467=PLANE('',#2468);
#2468=AXIS2_PLACEMENT_3D('',#182,#2469,#2470);
#2469=DIRECTION('',(-0.036931118357710145,-0.9920700256915644,0.12013807315413197));
#2470=DIRECTION('',(-0.7178154370771861,0.10997588895295579,0.68749276515662));
#2471=FACE_BOUND('',#2472,.T.);
#2472=EDGE_LOOP('',(#2473,#2474,#2475));
#2473=ORIENTED_EDGE('',*,*,#2476,.T.);
#2474=ORIENTED_EDGE('',*,*,#2477,.T.);
#2475=ORIENTED_EDGE('',*,*,#2478,.T.);
#2476=EDGE_CURVE('',#183,#191,#2479,.F.);
#2477=EDGE_CURVE('',#191,#185,#2480,.T.);
#2478=EDGE_CURVE('',#185,#183,#2481,.T.);
#2479=LINE('',#182,#2482);
#2480=LINE('',#190,#2483);
#2481=LINE('',#184,#2484);
#2482=VECTOR('',#2485,1.0);
#2483=VECTOR('',#2486,1.0);
#2484=VECTOR('',#2487,1.0);
#2485=DIRECTION('',(-0.7178154370771861,0.10997588895295579,0.68749276515662));
#2486=DIRECTION('',(-0.0044942950623826266,-0.12005398183511169,-0.9927571922466373));
#2487=DIRECTION('',(0.9982492814314632,-0.042182055674279885,-0.04146138324584953));
#2488=FACE_SURFACE('',(#2493),#2489,.T.);
#2489=PLANE('',#2490);
#2490=AXIS2_PLACEMENT_3D('',#188,#2491,#2492);
#2491=DIRECTION('',(-0.04474311844017508,-0.9786075275375996,0.20081175363756595));
#2492=DIRECTION('',(0,0.2010130631547386,0.9795885607953723));
#2493=FACE_BOUND('',#2494,.T.);
#2494=EDGE_LOOP('',(#2495,#2496,#2497));
#2495=ORIENTED_EDGE('',*,*,#2498,.T.);
#2496=ORIENTED_EDGE('',*,*,#2499,.T.);
#2497=ORIENTED_EDGE('',*,*,#2500,.T.);
#2498=EDGE_CURVE('',#189,#193,#2501,.F.);
#2499=EDGE_CURVE('',#193,#195,#2502,.T.);
#2500=EDGE_CURVE('',#195,#189,#2503,.T.);
#2501=LINE('',#188,#2504);
#2502=LINE('',#192,#2505);
#2503=LINE('',#194,#2506);
#2504=VECTOR('',#2507,1.0);
#2505=VECTOR('',#2508,1.0);
#2506=VECTOR('',#2509,1.0);
#2507=DIRECTION('',(0,0.2010130631547386,0.9795885607953723));
#2508=DIRECTION('',(-0.9985470900591339,0.037767696522837034,-0.038435791052024285));
#2509=DIRECTION('',(0.7698722666613053,-0.1618759694760468,-0.617327193254901));
#2510=FACE_SURFACE('',(#2515),#2511,.T.);
#2511=PLANE('',#2512);
#2512=AXIS2_PLACEMENT_3D('',#188,#2513,#2514);
#2513=DIRECTION('',(-0.03964799454197066,-0.9775602435370929,0.20689129219109018));
#2514=DIRECTION('',(-0.7698722666613053,0.1618759694760468,0.617327193254901));
#2515=FACE_BOUND('',#2516,.T.);
#2516=EDGE_LOOP('',(#2517,#2518,#2519));
#2517=ORIENTED_EDGE('',*,*,#2520,.T.);
#2518=ORIENTED_EDGE('',*,*,#2521,.T.);
#2519=ORIENTED_EDGE('',*,*,#2522,.T.);
#2520=EDGE_CURVE('',#189,#195,#2523,.F.);
#2521=EDGE_CURVE('',#195,#191,#2524,.T.);
#2522=EDGE_CURVE('',#191,#189,#2525,.T.);
#2523=LINE('',#188,#2526);
#2524=LINE('',#194,#2527);
#2525=LINE('',#190,#2528);
#2526=VECTOR('',#2529,1.0);
#2527=VECTOR('',#2530,1.0);
#2528=VECTOR('',#2531,1.0);
#2529=DIRECTION('',(-0.7698722666613053,0.1618759694760468,0.617327193254901));
#2530=DIRECTION('',(-0.01630299519909754,-0.20639366428583725,-0.9783332089274099));
#2531=DIRECTION('',(0.9983249997318391,-0.04748508116409994,-0.0330508997950462));
#2532=FACE_SURFACE('',(#2537),#2533,.T.);
#2533=PLANE('',#2534);
#2534=AXIS2_PLACEMENT_3D('',#192,#2535,#2536);
#2535=DIRECTION('',(-0.04773891625900378,-0.9494927913220447,0.3101361557475811));
#2536=DIRECTION('',(0,0.310490161737683,0.9505765931602289));
#2537=FACE_BOUND('',#2538,.T.);
#2538=EDGE_LOOP('',(#2539,#2540,#2541));
#2539=ORIENTED_EDGE('',*,*,#2542,.T.);
#2540=ORIENTED_EDGE('',*,*,#2543,.T.);
#2541=ORIENTED_EDGE('',*,*,#2544,.T.);
#2542=EDGE_CURVE('',#193,#197,#2545,.F.);
#2543=EDGE_CURVE('',#197,#199,#2546,.T.);
#2544=EDGE_CURVE('',#199,#193,#2547,.T.);
#2545=LINE('',#192,#2548);
#2546=LINE('',#196,#2549);
#2547=LINE('',#198,#2550);
#2548=VECTOR('',#2551,1.0);
#2549=VECTOR('',#2552,1.0);
#2550=VECTOR('',#2553,1.0);
#2551=DIRECTION('',(0,0.310490161737683,0.9505765931602289));
#2552=DIRECTION('',(-0.9928298178393957,0.011040115213796218,-0.11902549586142694));
#2553=DIRECTION('',(0.847101352816221,-0.20300960014777422,-0.49112768228309966));
#2554=FACE_SURFACE('',(#2559),#2555,.T.);
#2555=PLANE('',#2556);
#2556=AXIS2_PLACEMENT_3D('',#192,#2557,#2558);
#2557=DIRECTION('',(-0.04784551694167342,-0.9495409630641,0.3099722019341182));
#2558=DIRECTION('',(-0.847101352816221,0.20300960014777422,0.49112768228309966));
#2559=FACE_BOUND('',#2560,.T.);
#2560=EDGE_LOOP('',(#2561,#2562,#2563));
#2561=ORIENTED_EDGE('',*,*,#2564,.T.);
#2562=ORIENTED_EDGE('',*,*,#2565,.T.);
#2563=ORIENTED_EDGE('',*,*,#2566,.T.);
#2564=EDGE_CURVE('',#193,#199,#2567,.F.);
#2565=EDGE_CURVE('',#199,#195,#2568,.T.);
#2566=EDGE_CURVE('',#195,#193,#2569,.T.);
#2567=LINE('',#192,#2570);
#2568=LINE('',#198,#2571);
#2569=LINE('',#194,#2572);
#2570=VECTOR('',#2573,1.0);
#2571=VECTOR('',#2574,1.0);
#2572=VECTOR('',#2575,1.0);
#2573=DIRECTION('',(-0.847101352816221,0.20300960014777422,0.49112768228309966));
#2574=DIRECTION('',(0.004727009494832636,-0.3105393771894682,-0.9505487628712231));
#2575=DIRECTION('',(0.9985470900591339,-0.037767696522837034,0.038435791052024285));
#2576=FACE_SURFACE('',(#2581),#2577,.T.);
#2577=PLANE('',#2578);
#2578=AXIS2_PLACEMENT_3D('',#186,#2579,#2580);
#2579=DIRECTION('',(-0.11962984119356497,-0.9920983239613298,0.037810272269881054));
#2580=DIRECTION('',(-0.030698436279621707,0.04176188839425677,0.9986558720038308));
#2581=FACE_BOUND('',#2582,.T.);
#2582=EDGE_LOOP('',(#2583,#2584,#2585));
#2583=ORIENTED_EDGE('',*,*,#2586,.T.);
#2584=ORIENTED_EDGE('',*,*,#2587,.T.);
#2585=ORIENTED_EDGE('',*,*,#2588,.T.);
#2586=EDGE_CURVE('',#187,#185,#2589,.F.);
#2587=EDGE_CURVE('',#185,#201,#2590,.T.);
#2588=EDGE_CURVE('',#201,#187,#2591,.T.);
#2589=LINE('',#186,#2592);
#2590=LINE('',#184,#2593);
#2591=LINE('',#200,#2594);
#2592=VECTOR('',#2595,1.0);
#2593=VECTOR('',#2596,1.0);
#2594=VECTOR('',#2597,1.0);
#2595=DIRECTION('',(-0.030698436279621707,0.04176188839425677,0.9986558720038308));
#2596=DIRECTION('',(-0.9928167403295162,0.11946984044622812,-0.006471270758273538));
#2597=DIRECTION('',(0.6841939123663283,-0.1099787205019387,-0.7209600344801462));
#2598=FACE_SURFACE('',(#2603),#2599,.T.);
#2599=PLANE('',#2600);
#2600=AXIS2_PLACEMENT_3D('',#186,#2601,#2602);
#2601=DIRECTION('',(-0.11340555023095149,-0.9925832553249286,0.043791122677804065));
#2602=DIRECTION('',(-0.6841939123663283,0.1099787205019387,0.7209600344801462));
#2603=FACE_BOUND('',#2604,.T.);
#2604=EDGE_LOOP('',(#2605,#2606,#2607));
#2605=ORIENTED_EDGE('',*,*,#2608,.T.);
#2606=ORIENTED_EDGE('',*,*,#2609,.T.);
#2607=ORIENTED_EDGE('',*,*,#2610,.T.);
#2608=EDGE_CURVE('',#187,#201,#2611,.F.);
#2609=EDGE_CURVE('',#201,#203,#2612,.T.);
#2610=EDGE_CURVE('',#203,#187,#2613,.T.);
#2611=LINE('',#186,#2614);
#2612=LINE('',#200,#2615);
#2613=LINE('',#202,#2616);
#2614=VECTOR('',#2617,1.0);
#2615=VECTOR('',#2618,1.0);
#2616=VECTOR('',#2619,1.0);
#2617=DIRECTION('',(-0.6841939123663283,0.1099787205019387,0.7209600344801462));
#2618=DIRECTION('',(0.03220861813693322,-0.04772507770274608,-0.9983410849383972));
#2619=DIRECTION('',(0.9935363461304161,-0.11351444365287505,0));
#2620=FACE_SURFACE('',(#2625),#2621,.T.);
#2621=PLANE('',#2622);
#2622=AXIS2_PLACEMENT_3D('',#184,#2623,#2624);
#2623=DIRECTION('',(-0.12426413673578532,-0.9850052480342483,0.11967909452489656));
#2624=DIRECTION('',(0.0044942950623826266,0.12005398183511169,0.9927571922466373));
#2625=FACE_BOUND('',#2626,.T.);
#2626=EDGE_LOOP('',(#2627,#2628,#2629));
#2627=ORIENTED_EDGE('',*,*,#2630,.T.);
#2628=ORIENTED_EDGE('',*,*,#2631,.T.);
#2629=ORIENTED_EDGE('',*,*,#2632,.T.);
#2630=EDGE_CURVE('',#185,#191,#2633,.F.);
#2631=EDGE_CURVE('',#191,#205,#2634,.T.);
#2632=EDGE_CURVE('',#205,#185,#2635,.T.);
#2633=LINE('',#184,#2636);
#2634=LINE('',#190,#2637);
#2635=LINE('',#204,#2638);
#2636=VECTOR('',#2639,1.0);
#2637=VECTOR('',#2640,1.0);
#2638=VECTOR('',#2641,1.0);
#2639=DIRECTION('',(0.0044942950623826266,0.12005398183511169,0.9927571922466373));
#2640=DIRECTION('',(-0.9912460946666096,0.11781023374817319,-0.05959805896500063));
#2641=DIRECTION('',(0.6996861981958983,-0.17250746287284496,-0.6933111850441649));
#2642=FACE_SURFACE('',(#2647),#2643,.T.);
#2643=PLANE('',#2644);
#2644=AXIS2_PLACEMENT_3D('',#184,#2645,#2646);
#2645=DIRECTION('',(-0.11934143487922484,-0.984998059913994,0.12464527221934912));
#2646=DIRECTION('',(-0.6996861981958983,0.17250746287284496,0.6933111850441649));
#2647=FACE_BOUND('',#2648,.T.);
#2648=EDGE_LOOP('',(#2649,#2650,#2651));
#2649=ORIENTED_EDGE('',*,*,#2652,.T.);
#2650=ORIENTED_EDGE('',*,*,#2653,.T.);
#2651=ORIENTED_EDGE('',*,*,#2654,.T.);
#2652=EDGE_CURVE('',#185,#205,#2655,.F.);
#2653=EDGE_CURVE('',#205,#201,#2656,.T.);
#2654=EDGE_CURVE('',#201,#185,#2657,.T.);
#2655=LINE('',#184,#2658);
#2656=LINE('',#204,#2659);
#2657=LINE('',#200,#2660);
#2658=VECTOR('',#2661,1.0);
#2659=VECTOR('',#2662,1.0);
#2660=VECTOR('',#2663,1.0);
#2661=DIRECTION('',(-0.6996861981958983,0.17250746287284496,0.6933111850441649));
#2662=DIRECTION('',(-0.0622945243439806,-0.11786654690785191,-0.9910735943191992));
#2663=DIRECTION('',(0.9928167403295162,-0.11946984044622812,0.006471270758273538));
#2664=FACE_SURFACE('',(#2669),#2665,.T.);
#2665=PLANE('',#2666);
#2666=AXIS2_PLACEMENT_3D('',#190,#2667,#2668);
#2667=DIRECTION('',(-0.12963316665804883,-0.9697684827394617,0.20674702413193047));
#2668=DIRECTION('',(0.01630299519909754,0.20639366428583725,0.9783332089274099));
#2669=FACE_BOUND('',#2670,.T.);
#2670=EDGE_LOOP('',(#2671,#2672,#2673));
#2671=ORIENTED_EDGE('',*,*,#2674,.T.);
#2672=ORIENTED_EDGE('',*,*,#2675,.T.);
#2673=ORIENTED_EDGE('',*,*,#2676,.T.);
#2674=EDGE_CURVE('',#191,#195,#2677,.F.);
#2675=EDGE_CURVE('',#195,#207,#2678,.T.);
#2676=EDGE_CURVE('',#207,#191,#2679,.T.);
#2677=LINE('',#190,#2680);
#2678=LINE('',#194,#2681);
#2679=LINE('',#206,#2682);
#2680=VECTOR('',#2683,1.0);
#2681=VECTOR('',#2684,1.0);
#2682=VECTOR('',#2685,1.0);
#2683=DIRECTION('',(0.01630299519909754,0.20639366428583725,0.9783332089274099));
#2684=DIRECTION('',(-0.980917484820687,0.09495315226438944,-0.16966079938545933));
#2685=DIRECTION('',(0.7728755688851804,-0.2294432595914495,-0.5916241591149399));
#2686=FACE_SURFACE('',(#2691),#2687,.T.);
#2687=PLANE('',#2688);
#2688=AXIS2_PLACEMENT_3D('',#190,#2689,#2690);
#2689=DIRECTION('',(-0.12779685992838916,-0.9695186779299854,0.20904902711406517));
#2690=DIRECTION('',(-0.7728755688851804,0.2294432595914495,0.5916241591149399));
#2691=FACE_BOUND('',#2692,.T.);
#2692=EDGE_LOOP('',(#2693,#2694,#2695));
#2693=ORIENTED_EDGE('',*,*,#2696,.T.);
#2694=ORIENTED_EDGE('',*,*,#2697,.T.);
#2695=ORIENTED_EDGE('',*,*,#2698,.T.);
#2696=EDGE_CURVE('',#191,#207,#2699,.F.);
#2697=EDGE_CURVE('',#207,#205,#2700,.T.);
#2698=EDGE_CURVE('',#205,#191,#2701,.T.);
#2699=LINE('',#190,#2702);
#2700=LINE('',#206,#2703);
#2701=LINE('',#204,#2704);
#2702=VECTOR('',#2705,1.0);
#2703=VECTOR('',#2706,1.0);
#2704=VECTOR('',#2707,1.0);
#2705=DIRECTION('',(-0.7728755688851804,0.2294432595914495,0.5916241591149399));
#2706=DIRECTION('',(-0.10114514184620689,-0.1969382961056828,-0.9751845814039007));
#2707=DIRECTION('',(0.9912460946666096,-0.11781023374817319,0.05959805896500063));
#2708=FACE_SURFACE('',(#2713),#2709,.T.);
#2709=PLANE('',#2710);
#2710=AXIS2_PLACEMENT_3D('',#194,#2711,#2712);
#2711=DIRECTION('',(-0.14452466613665269,-0.9407915797212405,0.3066330451919717));
#2712=DIRECTION('',(-0.004727009494832636,0.3105393771894682,0.9505487628712231));
#2713=FACE_BOUND('',#2714,.T.);
#2714=EDGE_LOOP('',(#2715,#2716,#2717));
#2715=ORIENTED_EDGE('',*,*,#2718,.T.);
#2716=ORIENTED_EDGE('',*,*,#2719,.T.);
#2717=ORIENTED_EDGE('',*,*,#2720,.T.);
#2718=EDGE_CURVE('',#195,#199,#2721,.F.);
#2719=EDGE_CURVE('',#199,#209,#2722,.T.);
#2720=EDGE_CURVE('',#209,#195,#2723,.T.);
#2721=LINE('',#194,#2724);
#2722=LINE('',#198,#2725);
#2723=LINE('',#208,#2726);
#2724=VECTOR('',#2727,1.0);
#2725=VECTOR('',#2728,1.0);
#2726=VECTOR('',#2729,1.0);
#2727=DIRECTION('',(-0.004727009494832636,0.3105393771894682,0.9505487628712231));
#2728=DIRECTION('',(-0.958144249729302,0.0556615962920651,-0.2808226903383915));
#2729=DIRECTION('',(0.8777165591744125,-0.26496555952754014,-0.39925792918273745));
#2730=FACE_SURFACE('',(#2735),#2731,.T.);
#2731=PLANE('',#2732);
#2732=AXIS2_PLACEMENT_3D('',#194,#2733,#2734);
#2733=DIRECTION('',(-0.14419705375889447,-0.9406397383430752,0.3072524895539913));
#2734=DIRECTION('',(-0.8777165591744125,0.26496555952754014,0.39925792918273745));
#2735=FACE_BOUND('',#2736,.T.);
#2736=EDGE_LOOP('',(#2737,#2738,#2739));
#2737=ORIENTED_EDGE('',*,*,#2740,.T.);
#2738=ORIENTED_EDGE('',*,*,#2741,.T.);
#2739=ORIENTED_EDGE('',*,*,#2742,.T.);
#2740=EDGE_CURVE('',#195,#209,#2743,.F.);
#2741=EDGE_CURVE('',#209,#207,#2744,.T.);
#2742=EDGE_CURVE('',#207,#195,#2745,.T.);
#2743=LINE('',#194,#2746);
#2744=LINE('',#208,#2747);
#2745=LINE('',#206,#2748);
#2746=VECTOR('',#2749,1.0);
#2747=VECTOR('',#2750,1.0);
#2748=VECTOR('',#2751,1.0);
#2749=DIRECTION('',(-0.8777165591744125,0.26496555952754014,0.39925792918273745));
#2750=DIRECTION('',(0.0018633619535494159,-0.31075505911468426,-0.9504882014611539));
#2751=DIRECTION('',(0.980917484820687,-0.09495315226438944,0.16966079938545933));
#2752=FACE_SURFACE('',(#2757),#2753,.T.);
#2753=PLANE('',#2754);
#2754=AXIS2_PLACEMENT_3D('',#202,#2755,#2756);
#2755=DIRECTION('',(-0.2068798331046417,-0.9775460110648883,0.04005659628227059));
#2756=DIRECTION('',(-0.03220861813693322,0.04772507770274608,0.9983410849383972));
#2757=FACE_BOUND('',#2758,.T.);
#2758=EDGE_LOOP('',(#2759,#2760,#2761));
#2759=ORIENTED_EDGE('',*,*,#2762,.T.);
#2760=ORIENTED_EDGE('',*,*,#2763,.T.);
#2761=ORIENTED_EDGE('',*,*,#2764,.T.);
#2762=EDGE_CURVE('',#203,#201,#2765,.F.);
#2763=EDGE_CURVE('',#201,#211,#2766,.T.);
#2764=EDGE_CURVE('',#211,#203,#2767,.T.);
#2765=LINE('',#202,#2768);
#2766=LINE('',#200,#2769);
#2767=LINE('',#210,#2770);
#2768=VECTOR('',#2771,1.0);
#2769=VECTOR('',#2772,1.0);
#2770=VECTOR('',#2773,1.0);
#2771=DIRECTION('',(-0.03220861813693322,0.04772507770274608,0.9983410849383972));
#2772=DIRECTION('',(-0.9782578286838751,0.2060736152707351,-0.02335135345026276));
#2773=DIRECTION('',(0.618151868712592,-0.16233631207746654,-0.7691132484804938));
#2774=FACE_SURFACE('',(#2779),#2775,.T.);
#2775=PLANE('',#2776);
#2776=AXIS2_PLACEMENT_3D('',#202,#2777,#2778);
#2777=DIRECTION('',(-0.20080864486057218,-0.9785891861889496,0.045156315431066504));
#2778=DIRECTION('',(-0.618151868712592,0.16233631207746654,0.7691132484804938));
#2779=FACE_BOUND('',#2780,.T.);
#2780=EDGE_LOOP('',(#2781,#2782,#2783));
#2781=ORIENTED_EDGE('',*,*,#2784,.T.);
#2782=ORIENTED_EDGE('',*,*,#2785,.T.);
#2783=ORIENTED_EDGE('',*,*,#2786,.T.);
#2784=EDGE_CURVE('',#203,#211,#2787,.F.);
#2785=EDGE_CURVE('',#211,#213,#2788,.T.);
#2786=EDGE_CURVE('',#213,#203,#2789,.T.);
#2787=LINE('',#202,#2790);
#2788=LINE('',#210,#2791);
#2789=LINE('',#212,#2792);
#2790=VECTOR('',#2793,1.0);
#2791=VECTOR('',#2794,1.0);
#2792=VECTOR('',#2795,1.0);
#2793=DIRECTION('',(-0.618151868712592,0.16233631207746654,0.7691132484804938));
#2794=DIRECTION('',(-0.033998117168210336,-0.03910582084094926,-0.9986565289454489));
#2795=DIRECTION('',(0.9795884317079255,-0.20101369223017373,0));
#2796=FACE_SURFACE('',(#2801),#2797,.T.);
#2797=PLANE('',#2798);
#2798=AXIS2_PLACEMENT_3D('',#200,#2799,#2800);
#2799=DIRECTION('',(-0.20893385918119373,-0.9694600042345778,0.12842874552507905));
#2800=DIRECTION('',(0.0622945243439806,0.11786654690785191,0.9910735943191992));
#2801=FACE_BOUND('',#2802,.T.);
#2802=EDGE_LOOP('',(#2803,#2804,#2805));
#2803=ORIENTED_EDGE('',*,*,#2806,.T.);
#2804=ORIENTED_EDGE('',*,*,#2807,.T.);
#2805=ORIENTED_EDGE('',*,*,#2808,.T.);
#2806=EDGE_CURVE('',#201,#205,#2809,.F.);
#2807=EDGE_CURVE('',#205,#215,#2810,.T.);
#2808=EDGE_CURVE('',#215,#201,#2811,.T.);
#2809=LINE('',#200,#2812);
#2810=LINE('',#204,#2813);
#2811=LINE('',#214,#2814);
#2812=VECTOR('',#2815,1.0);
#2813=VECTOR('',#2816,1.0);
#2814=VECTOR('',#2817,1.0);
#2815=DIRECTION('',(0.0622945243439806,0.11786654690785191,0.9910735943191992));
#2816=DIRECTION('',(-0.9750846404360454,0.19651131577490916,-0.10292349954272878));
#2817=DIRECTION('',(0.5957659888767067,-0.2303259623294013,-0.7694237048433034));
#2818=FACE_SURFACE('',(#2823),#2819,.T.);
#2819=PLANE('',#2820);
#2820=AXIS2_PLACEMENT_3D('',#200,#2821,#2822);
#2821=DIRECTION('',(-0.20735216772572546,-0.9696297649363146,0.12970426935529164));
#2822=DIRECTION('',(-0.5957659888767067,0.2303259623294013,0.7694237048433034));
#2823=FACE_BOUND('',#2824,.T.);
#2824=EDGE_LOOP('',(#2825,#2826,#2827));
#2825=ORIENTED_EDGE('',*,*,#2828,.T.);
#2826=ORIENTED_EDGE('',*,*,#2829,.T.);
#2827=ORIENTED_EDGE('',*,*,#2830,.T.);
#2828=EDGE_CURVE('',#201,#215,#2831,.F.);
#2829=EDGE_CURVE('',#215,#211,#2832,.T.);
#2830=EDGE_CURVE('',#211,#201,#2833,.T.);
#2831=LINE('',#200,#2834);
#2832=LINE('',#214,#2835);
#2833=LINE('',#210,#2836);
#2834=VECTOR('',#2837,1.0);
#2835=VECTOR('',#2838,1.0);
#2836=VECTOR('',#2839,1.0);
#2837=DIRECTION('',(-0.5957659888767067,0.2303259623294013,0.7694237048433034));
#2838=DIRECTION('',(-0.17433504533145586,-0.09383789607625273,-0.9802049485843568));
#2839=DIRECTION('',(0.9782578286838751,-0.2060736152707351,0.02335135345026276));
#2840=FACE_SURFACE('',(#2845),#2841,.T.);
#2841=PLANE('',#2842);
#2842=AXIS2_PLACEMENT_3D('',#204,#2843,#2844);
#2843=DIRECTION('',(-0.21085387423300347,-0.9536999929360044,0.2144690355151479));
#2844=DIRECTION('',(0.10114514184620689,0.1969382961056828,0.9751845814039007));
#2845=FACE_BOUND('',#2846,.T.);
#2846=EDGE_LOOP('',(#2847,#2848,#2849));
#2847=ORIENTED_EDGE('',*,*,#2850,.T.);
#2848=ORIENTED_EDGE('',*,*,#2851,.T.);
#2849=ORIENTED_EDGE('',*,*,#2852,.T.);
#2850=EDGE_CURVE('',#205,#207,#2853,.F.);
#2851=EDGE_CURVE('',#207,#217,#2854,.T.);
#2852=EDGE_CURVE('',#217,#205,#2855,.T.);
#2853=LINE('',#204,#2856);
#2854=LINE('',#206,#2857);
#2855=LINE('',#216,#2858);
#2856=VECTOR('',#2859,1.0);
#2857=VECTOR('',#2860,1.0);
#2858=VECTOR('',#2861,1.0);
#2859=DIRECTION('',(0.10114514184620689,0.1969382961056828,0.9751845814039007));
#2860=DIRECTION('',(-0.9546315049018053,0.15370223661444682,-0.25505746863918954));
#2861=DIRECTION('',(0.6760571493319049,-0.30074302022317156,-0.6726814748632993));
#2862=FACE_SURFACE('',(#2867),#2863,.T.);
#2863=PLANE('',#2864);
#2864=AXIS2_PLACEMENT_3D('',#204,#2865,#2866);
#2865=DIRECTION('',(-0.21445811430746115,-0.9537036696669647,0.2108483523090777));
#2866=DIRECTION('',(-0.6760571493319049,0.30074302022317156,0.6726814748632993));
#2867=FACE_BOUND('',#2868,.T.);
#2868=EDGE_LOOP('',(#2869,#2870,#2871));
#2869=ORIENTED_EDGE('',*,*,#2872,.T.);
#2870=ORIENTED_EDGE('',*,*,#2873,.T.);
#2871=ORIENTED_EDGE('',*,*,#2874,.T.);
#2872=EDGE_CURVE('',#205,#217,#2875,.F.);
#2873=EDGE_CURVE('',#217,#215,#2876,.T.);
#2874=EDGE_CURVE('',#215,#205,#2877,.T.);
#2875=LINE('',#204,#2878);
#2876=LINE('',#216,#2879);
#2877=LINE('',#214,#2880);
#2878=VECTOR('',#2881,1.0);
#2879=VECTOR('',#2882,1.0);
#2880=VECTOR('',#2883,1.0);
#2881=DIRECTION('',(-0.6760571493319049,0.30074302022317156,0.6726814748632993));
#2882=DIRECTION('',(-0.25646360808574226,-0.15331336595524384,-0.9543172583303292));
#2883=DIRECTION('',(0.9750846404360454,-0.19651131577490916,0.10292349954272878));
#2884=FACE_SURFACE('',(#2889),#2885,.T.);
#2885=PLANE('',#2886);
#2886=AXIS2_PLACEMENT_3D('',#206,#2887,#2888);
#2887=DIRECTION('',(-0.22976680433527832,-0.9251931294189552,0.3020345822940054));
#2888=DIRECTION('',(-0.0018633619535494159,0.31075505911468426,0.9504882014611539));
#2889=FACE_BOUND('',#2890,.T.);
#2890=EDGE_LOOP('',(#2891,#2892,#2893));
#2891=ORIENTED_EDGE('',*,*,#2894,.T.);
#2892=ORIENTED_EDGE('',*,*,#2895,.T.);
#2893=ORIENTED_EDGE('',*,*,#2896,.T.);
#2894=EDGE_CURVE('',#207,#209,#2897,.F.);
#2895=EDGE_CURVE('',#209,#219,#2898,.T.);
#2896=EDGE_CURVE('',#219,#207,#2899,.T.);
#2897=LINE('',#206,#2900);
#2898=LINE('',#208,#2901);
#2899=LINE('',#218,#2902);
#2900=VECTOR('',#2903,1.0);
#2901=VECTOR('',#2904,1.0);
#2902=VECTOR('',#2905,1.0);
#2903=DIRECTION('',(-0.0018633619535494159,0.31075505911468426,0.9504882014611539));
#2904=DIRECTION('',(-0.894564776833681,0.07852443805095598,-0.4399861050957044));
#2905=DIRECTION('',(0.8800587572172955,-0.3300230174789715,-0.3414401730599722));
#2906=FACE_SURFACE('',(#2911),#2907,.T.);
#2907=PLANE('',#2908);
#2908=AXIS2_PLACEMENT_3D('',#206,#2909,#2910);
#2909=DIRECTION('',(-0.229695411726073,-0.9251609309843631,0.3021874742806797));
#2910=DIRECTION('',(-0.8800587572172955,0.3300230174789715,0.3414401730599722));
#2911=FACE_BOUND('',#2912,.T.);
#2912=EDGE_LOOP('',(#2913,#2914,#2915));
#2913=ORIENTED_EDGE('',*,*,#2916,.T.);
#2914=ORIENTED_EDGE('',*,*,#2917,.T.);
#2915=ORIENTED_EDGE('',*,*,#2918,.T.);
#2916=EDGE_CURVE('',#207,#219,#2919,.F.);
#2917=EDGE_CURVE('',#219,#217,#2920,.T.);
#2918=EDGE_CURVE('',#217,#207,#2921,.T.);
#2919=LINE('',#206,#2922);
#2920=LINE('',#218,#2923);
#2921=LINE('',#216,#2924);
#2922=VECTOR('',#2925,1.0);
#2923=VECTOR('',#2926,1.0);
#2924=VECTOR('',#2927,1.0);
#2925=DIRECTION('',(-0.8800587572172955,0.3300230174789715,0.3414401730599722));
#2926=DIRECTION('',(2.588166814323468E-06,-0.31048973901774735,-0.9505767312310947));
#2927=DIRECTION('',(0.9546315049018053,-0.15370223661444682,0.25505746863918954));
#2928=FACE_SURFACE('',(#2933),#2929,.T.);
#2929=PLANE('',#2930);
#2930=AXIS2_PLACEMENT_3D('',#52,#2931,#2932);
#2931=DIRECTION('',(-0.10463419202770667,-0.3546855882328902,0.9291123825235554));
#2932=DIRECTION('',(-0.9937183524026392,0,-0.11190994637736189));
#2933=FACE_BOUND('',#2934,.T.);
#2934=EDGE_LOOP('',(#2935,#2936,#2937));
#2935=ORIENTED_EDGE('',*,*,#2938,.T.);
#2936=ORIENTED_EDGE('',*,*,#2939,.T.);
#2937=ORIENTED_EDGE('',*,*,#2940,.T.);
#2938=EDGE_CURVE('',#53,#221,#2941,.F.);
#2939=EDGE_CURVE('',#221,#223,#2942,.T.);
#2940=EDGE_CURVE('',#223,#53,#2943,.T.);
#2941=LINE('',#52,#2944);
#2942=LINE('',#220,#2945);
#2943=LINE('',#222,#2946);
#2944=VECTOR('',#2947,1.0);
#2945=VECTOR('',#2948,1.0);
#2946=VECTOR('',#2949,1.0);
#2947=DIRECTION('',(-0.9937183524026392,0,-0.11190994637736189));
#2948=DIRECTION('',(-0.11740554822140566,-0.923302290887833,-0.36568950885705037));
#2949=DIRECTION('',(0.9283995481885613,0.30010313184894466,0.21911729547831332));
#2950=FACE_SURFACE('',(#2955),#2951,.T.);
#2951=PLANE('',#2952);
#2952=AXIS2_PLACEMENT_3D('',#52,#2953,#2954);
#2953=DIRECTION('',(-0.11695473363244545,-0.3237157161599313,0.9388981443117387));
#2954=DIRECTION('',(-0.9283995481885613,-0.30010313184894466,-0.21911729547831332));
#2955=FACE_BOUND('',#2956,.T.);
#2956=EDGE_LOOP('',(#2957,#2958,#2959));
#2957=ORIENTED_EDGE('',*,*,#2960,.T.);
#2958=ORIENTED_EDGE('',*,*,#2961,.T.);
#2959=ORIENTED_EDGE('',*,*,#2962,.T.);
#2960=EDGE_CURVE('',#53,#223,#2963,.F.);
#2961=EDGE_CURVE('',#223,#225,#2964,.T.);
#2962=EDGE_CURVE('',#225,#53,#2965,.T.);
#2963=LINE('',#52,#2966);
#2964=LINE('',#222,#2967);
#2965=LINE('',#224,#2968);
#2966=VECTOR('',#2969,1.0);
#2967=VECTOR('',#2970,1.0);
#2968=VECTOR('',#2971,1.0);
#2969=DIRECTION('',(-0.9283995481885613,-0.30010313184894466,-0.21911729547831332));
#2970=DIRECTION('',(0.9918546495512637,0.009958834166102219,0.126984943145209));
#2971=DIRECTION('',(0,0.9453860961014136,0.32595264885889336));
#2972=FACE_SURFACE('',(#2977),#2973,.T.);
#2973=PLANE('',#2974);
#2974=AXIS2_PLACEMENT_3D('',#220,#2975,#2976);
#2975=DIRECTION('',(-0.3078832793405754,-0.3612062526077191,0.8801919843872594));
#2976=DIRECTION('',(-0.9439198374475721,0,-0.33017471204341037));
#2977=FACE_BOUND('',#2978,.T.);
#2978=EDGE_LOOP('',(#2979,#2980,#2981));
#2979=ORIENTED_EDGE('',*,*,#2982,.T.);
#2980=ORIENTED_EDGE('',*,*,#2983,.T.);
#2981=ORIENTED_EDGE('',*,*,#2984,.T.);
#2982=EDGE_CURVE('',#221,#227,#2985,.F.);
#2983=EDGE_CURVE('',#227,#229,#2986,.T.);
#2984=EDGE_CURVE('',#229,#221,#2987,.T.);
#2985=LINE('',#220,#2988);
#2986=LINE('',#226,#2989);
#2987=LINE('',#228,#2990);
#2988=VECTOR('',#2991,1.0);
#2989=VECTOR('',#2992,1.0);
#2990=VECTOR('',#2993,1.0);
#2991=DIRECTION('',(-0.9439198374475721,0,-0.33017471204341037));
#2992=DIRECTION('',(-0.09217901639162185,-0.9094541352396548,-0.40545801858215197));
#2993=DIRECTION('',(0.8587069215835876,0.29285301415593207,0.4205467095629493));
#2994=FACE_SURFACE('',(#2999),#2995,.T.);
#2995=PLANE('',#2996);
#2996=AXIS2_PLACEMENT_3D('',#220,#2997,#2998);
#2997=DIRECTION('',(-0.3303928922325969,-0.3109441708591646,0.8911533310103745));
#2998=DIRECTION('',(-0.8587069215835876,-0.29285301415593207,-0.4205467095629493));
#2999=FACE_BOUND('',#3000,.T.);
#3000=EDGE_LOOP('',(#3001,#3002,#3003));
#3001=ORIENTED_EDGE('',*,*,#3004,.T.);
#3002=ORIENTED_EDGE('',*,*,#3005,.T.);
#3003=ORIENTED_EDGE('',*,*,#3006,.T.);
#3004=EDGE_CURVE('',#221,#229,#3007,.F.);
#3005=EDGE_CURVE('',#229,#223,#3008,.T.);
#3006=EDGE_CURVE('',#223,#221,#3009,.T.);
#3007=LINE('',#220,#3010);
#3008=LINE('',#228,#3011);
#3009=LINE('',#222,#3012);
#3010=VECTOR('',#3013,1.0);
#3011=VECTOR('',#3014,1.0);
#3012=VECTOR('',#3015,1.0);
#3013=DIRECTION('',(-0.8587069215835876,-0.29285301415593207,-0.4205467095629493));
#3014=DIRECTION('',(0.9377902449326602,-0.0013867057726309386,0.3471995586924633));
#3015=DIRECTION('',(0.11740554822140566,0.923302290887833,0.36568950885705037));
#3016=FACE_SURFACE('',(#3021),#3017,.T.);
#3017=PLANE('',#3018);
#3018=AXIS2_PLACEMENT_3D('',#226,#3019,#3020);
#3019=DIRECTION('',(-0.5000597154468704,-0.3411135076022517,0.7959785524236714));
#3020=DIRECTION('',(-0.8467657733939291,0,-0.531965905870462));
#3021=FACE_BOUND('',#3022,.T.);
#3022=EDGE_LOOP('',(#3023,#3024,#3025));
#3023=ORIENTED_EDGE('',*,*,#3026,.T.);
#3024=ORIENTED_EDGE('',*,*,#3027,.T.);
#3025=ORIENTED_EDGE('',*,*,#3028,.T.);
#3026=EDGE_CURVE('',#227,#231,#3029,.F.);
#3027=EDGE_CURVE('',#231,#233,#3030,.T.);
#3028=EDGE_CURVE('',#233,#227,#3031,.T.);
#3029=LINE('',#226,#3032);
#3030=LINE('',#230,#3033);
#3031=LINE('',#232,#3034);
#3032=VECTOR('',#3035,1.0);
#3033=VECTOR('',#3036,1.0);
#3034=VECTOR('',#3037,1.0);
#3035=DIRECTION('',(-0.8467657733939291,0,-0.531965905870462));
#3036=DIRECTION('',(0.1103919420017392,-0.9367639586890706,-0.3320947226955977));
#3037=DIRECTION('',(0.7432085092632262,0.30274293270386604,0.5966471557433215));
#3038=FACE_SURFACE('',(#3043),#3039,.T.);
#3039=PLANE('',#3040);
#3040=AXIS2_PLACEMENT_3D('',#226,#3041,#3042);
#3041=DIRECTION('',(-0.5180500690093531,-0.30394197108051846,0.7995269877965933));
#3042=DIRECTION('',(-0.7432085092632262,-0.30274293270386604,-0.5966471557433215));
#3043=FACE_BOUND('',#3044,.T.);
#3044=EDGE_LOOP('',(#3045,#3046,#3047));
#3045=ORIENTED_EDGE('',*,*,#3048,.T.);
#3046=ORIENTED_EDGE('',*,*,#3049,.T.);
#3047=ORIENTED_EDGE('',*,*,#3050,.T.);
#3048=EDGE_CURVE('',#227,#233,#3051,.F.);
#3049=EDGE_CURVE('',#233,#229,#3052,.T.);
#3050=EDGE_CURVE('',#229,#227,#3053,.T.);
#3051=LINE('',#226,#3054);
#3052=LINE('',#232,#3055);
#3053=LINE('',#228,#3056);
#3054=VECTOR('',#3057,1.0);
#3055=VECTOR('',#3058,1.0);
#3056=VECTOR('',#3059,1.0);
#3057=DIRECTION('',(-0.7432085092632262,-0.30274293270386604,-0.5966471557433215));
#3058=DIRECTION('',(0.84001406576842,-0.004572221235555577,0.5425453567252989));
#3059=DIRECTION('',(0.09217901639162185,0.9094541352396548,0.40545801858215197));
#3060=FACE_SURFACE('',(#3065),#3061,.T.);
#3061=PLANE('',#3062);
#3062=AXIS2_PLACEMENT_3D('',#234,#3063,#3064);
#3063=DIRECTION('',(-0.6708414881101644,-0.3161403988467532,0.6708404773470038));
#3064=DIRECTION('',(-0.7071062484837367,0,-0.707107313888957));
#3065=FACE_BOUND('',#3066,.T.);
#3066=EDGE_LOOP('',(#3067,#3068,#3069));
#3067=ORIENTED_EDGE('',*,*,#3070,.T.);
#3068=ORIENTED_EDGE('',*,*,#3071,.T.);
#3069=ORIENTED_EDGE('',*,*,#3072,.T.);
#3070=EDGE_CURVE('',#235,#237,#3073,.F.);
#3071=EDGE_CURVE('',#237,#239,#3074,.T.);
#3072=EDGE_CURVE('',#239,#235,#3075,.T.);
#3073=LINE('',#234,#3076);
#3074=LINE('',#236,#3077);
#3075=LINE('',#238,#3078);
#3076=VECTOR('',#3079,1.0);
#3077=VECTOR('',#3080,1.0);
#3078=VECTOR('',#3081,1.0);
#3079=DIRECTION('',(-0.7071062484837367,0,-0.707107313888957));
#3080=DIRECTION('',(0.3429202116380613,-0.9343034848402623,-0.09737929279600038));
#3081=DIRECTION('',(0.5853173721756695,0.329755804446903,0.7407190312547294));
#3082=FACE_SURFACE('',(#3087),#3083,.T.);
#3083=PLANE('',#3084);
#3084=AXIS2_PLACEMENT_3D('',#234,#3085,#3086);
#3085=DIRECTION('',(-0.6704812066955798,-0.31684367284879217,0.6708688682922519));
#3086=DIRECTION('',(-0.5853173721756695,-0.329755804446903,-0.7407190312547294));
#3087=FACE_BOUND('',#3088,.T.);
#3088=EDGE_LOOP('',(#3089,#3090,#3091));
#3089=ORIENTED_EDGE('',*,*,#3092,.T.);
#3090=ORIENTED_EDGE('',*,*,#3093,.T.);
#3091=ORIENTED_EDGE('',*,*,#3094,.T.);
#3092=EDGE_CURVE('',#235,#239,#3095,.F.);
#3093=EDGE_CURVE('',#239,#241,#3096,.T.);
#3094=EDGE_CURVE('',#241,#235,#3097,.T.);
#3095=LINE('',#234,#3098);
#3096=LINE('',#238,#3099);
#3097=LINE('',#240,#3100);
#3098=VECTOR('',#3101,1.0);
#3099=VECTOR('',#3102,1.0);
#3100=VECTOR('',#3103,1.0);
#3101=DIRECTION('',(-0.5853173721756695,-0.329755804446903,-0.7407190312547294));
#3102=DIRECTION('',(0.7070393908934561,0.0011484596912646368,0.7071732325006003));
#3103=DIRECTION('',(-0.1103919420017392,0.9367639586890706,0.3320947226955977));
#3104=FACE_SURFACE('',(#3109),#3105,.T.);
#3105=PLANE('',#3106);
#3106=AXIS2_PLACEMENT_3D('',#224,#3107,#3108);
#3107=DIRECTION('',(-0.07708687809674403,-0.7467067996914553,0.6606713014198835));
#3108=DIRECTION('',(-0.9918546495512637,-0.009958834166102219,-0.126984943145209));
#3109=FACE_BOUND('',#3110,.T.);
#3110=EDGE_LOOP('',(#3111,#3112,#3113));
#3111=ORIENTED_EDGE('',*,*,#3114,.T.);
#3112=ORIENTED_EDGE('',*,*,#3115,.T.);
#3113=ORIENTED_EDGE('',*,*,#3116,.T.);
#3114=EDGE_CURVE('',#225,#223,#3117,.F.);
#3115=EDGE_CURVE('',#223,#243,#3118,.T.);
#3116=EDGE_CURVE('',#243,#225,#3119,.T.);
#3117=LINE('',#224,#3120);
#3118=LINE('',#222,#3121);
#3119=LINE('',#242,#3122);
#3120=VECTOR('',#3123,1.0);
#3121=VECTOR('',#3124,1.0);
#3122=VECTOR('',#3125,1.0);
#3123=DIRECTION('',(-0.9918546495512637,-0.009958834166102219,-0.126984943145209));
#3124=DIRECTION('',(0.013237437349608867,-0.6633511877480598,-0.748191133311304));
#3125=DIRECTION('',(0.8723085679503356,0.27039473205030373,0.40738734781517094));
#3126=FACE_SURFACE('',(#3131),#3127,.T.);
#3127=PLANE('',#3128);
#3128=AXIS2_PLACEMENT_3D('',#224,#3129,#3130);
#3129=DIRECTION('',(-0.09179603389359646,-0.7278000401278968,0.6796179733874301));
#3130=DIRECTION('',(-0.8723085679503356,-0.27039473205030373,-0.40738734781517094));
#3131=FACE_BOUND('',#3132,.T.);
#3132=EDGE_LOOP('',(#3133,#3134,#3135));
#3133=ORIENTED_EDGE('',*,*,#3136,.T.);
#3134=ORIENTED_EDGE('',*,*,#3137,.T.);
#3135=ORIENTED_EDGE('',*,*,#3138,.T.);
#3136=EDGE_CURVE('',#225,#243,#3139,.F.);
#3137=EDGE_CURVE('',#243,#245,#3140,.T.);
#3138=EDGE_CURVE('',#245,#225,#3141,.T.);
#3139=LINE('',#224,#3142);
#3140=LINE('',#242,#3143);
#3141=LINE('',#244,#3144);
#3142=VECTOR('',#3145,1.0);
#3143=VECTOR('',#3146,1.0);
#3144=VECTOR('',#3147,1.0);
#3145=DIRECTION('',(-0.8723085679503356,-0.27039473205030373,-0.40738734781517094));
#3146=DIRECTION('',(0.9894053603429921,0.010426234304463648,0.14480444248289653));
#3147=DIRECTION('',(0,0.6824996022388816,0.7308859643910043));
#3148=FACE_SURFACE('',(#3153),#3149,.T.);
#3149=PLANE('',#3150);
#3150=AXIS2_PLACEMENT_3D('',#222,#3151,#3152);
#3151=DIRECTION('',(-0.23355811511319585,-0.7424417760468347,0.6278780264073532));
#3152=DIRECTION('',(-0.9377902449326602,0.0013867057726309386,-0.3471995586924633));
#3153=FACE_BOUND('',#3154,.T.);
#3154=EDGE_LOOP('',(#3155,#3156,#3157));
#3155=ORIENTED_EDGE('',*,*,#3158,.T.);
#3156=ORIENTED_EDGE('',*,*,#3159,.T.);
#3157=ORIENTED_EDGE('',*,*,#3160,.T.);
#3158=EDGE_CURVE('',#223,#229,#3161,.F.);
#3159=EDGE_CURVE('',#229,#247,#3162,.T.);
#3160=EDGE_CURVE('',#247,#223,#3163,.T.);
#3161=LINE('',#222,#3164);
#3162=LINE('',#228,#3165);
#3163=LINE('',#246,#3166);
#3164=VECTOR('',#3167,1.0);
#3165=VECTOR('',#3168,1.0);
#3166=VECTOR('',#3169,1.0);
#3167=DIRECTION('',(-0.9377902449326602,0.0013867057726309386,-0.3471995586924633));
#3168=DIRECTION('',(0.12204317167041714,-0.6630143565479291,-0.7385915158326425));
#3169=DIRECTION('',(0.7694715927409993,0.2536458522798273,0.5861546294160525));
#3170=FACE_SURFACE('',(#3175),#3171,.T.);
#3171=PLANE('',#3172);
#3172=AXIS2_PLACEMENT_3D('',#222,#3173,#3174);
#3173=DIRECTION('',(-0.2480324010426928,-0.7270491801951167,0.6402182577922981));
#3174=DIRECTION('',(-0.7694715927409993,-0.2536458522798273,-0.5861546294160525));
#3175=FACE_BOUND('',#3176,.T.);
#3176=EDGE_LOOP('',(#3177,#3178,#3179));
#3177=ORIENTED_EDGE('',*,*,#3180,.T.);
#3178=ORIENTED_EDGE('',*,*,#3181,.T.);
#3179=ORIENTED_EDGE('',*,*,#3182,.T.);
#3180=EDGE_CURVE('',#223,#247,#3183,.F.);
#3181=EDGE_CURVE('',#247,#243,#3184,.T.);
#3182=EDGE_CURVE('',#243,#223,#3185,.T.);
#3183=LINE('',#222,#3186);
#3184=LINE('',#246,#3187);
#3185=LINE('',#242,#3188);
#3186=VECTOR('',#3189,1.0);
#3187=VECTOR('',#3190,1.0);
#3188=VECTOR('',#3191,1.0);
#3189=DIRECTION('',(-0.7694715927409993,-0.2536458522798273,-0.5861546294160525));
#3190=DIRECTION('',(0.9394776301031764,-0.019288146039185036,0.3420668793643876));
#3191=DIRECTION('',(-0.013237437349608867,0.6633511877480598,0.748191133311304));
#3192=FACE_SURFACE('',(#3197),#3193,.T.);
#3193=PLANE('',#3194);
#3194=AXIS2_PLACEMENT_3D('',#228,#3195,#3196);
#3195=DIRECTION('',(-0.37709502619656793,-0.7238816938745929,0.5777496295897211));
#3196=DIRECTION('',(-0.84001406576842,0.004572221235555577,-0.5425453567252989));
#3197=FACE_BOUND('',#3198,.T.);
#3198=EDGE_LOOP('',(#3199,#3200,#3201));
#3199=ORIENTED_EDGE('',*,*,#3202,.T.);
#3200=ORIENTED_EDGE('',*,*,#3203,.T.);
#3201=ORIENTED_EDGE('',*,*,#3204,.T.);
#3202=EDGE_CURVE('',#229,#233,#3205,.F.);
#3203=EDGE_CURVE('',#233,#249,#3206,.T.);
#3204=EDGE_CURVE('',#249,#229,#3207,.T.);
#3205=LINE('',#228,#3208);
#3206=LINE('',#232,#3209);
#3207=LINE('',#248,#3210);
#3208=VECTOR('',#3211,1.0);
#3209=VECTOR('',#3212,1.0);
#3210=VECTOR('',#3213,1.0);
#3211=DIRECTION('',(-0.84001406576842,0.004572221235555577,-0.5425453567252989));
#3212=DIRECTION('',(0.36509491701521507,-0.6894723061558322,-0.6255666556121832));
#3213=DIRECTION('',(0.6211524430652401,0.26504642441165444,0.7375093459615822));
#3214=FACE_SURFACE('',(#3219),#3215,.T.);
#3215=PLANE('',#3216);
#3216=AXIS2_PLACEMENT_3D('',#228,#3217,#3218);
#3217=DIRECTION('',(-0.3835495213736509,-0.7178495033570664,0.5810179473854973));
#3218=DIRECTION('',(-0.6211524430652401,-0.26504642441165444,-0.7375093459615822));
#3219=FACE_BOUND('',#3220,.T.);
#3220=EDGE_LOOP('',(#3221,#3222,#3223));
#3221=ORIENTED_EDGE('',*,*,#3224,.T.);
#3222=ORIENTED_EDGE('',*,*,#3225,.T.);
#3223=ORIENTED_EDGE('',*,*,#3226,.T.);
#3224=EDGE_CURVE('',#229,#249,#3227,.F.);
#3225=EDGE_CURVE('',#249,#247,#3228,.T.);
#3226=EDGE_CURVE('',#247,#229,#3229,.T.);
#3227=LINE('',#228,#3230);
#3228=LINE('',#248,#3231);
#3229=LINE('',#246,#3232);
#3230=VECTOR('',#3233,1.0);
#3231=VECTOR('',#3234,1.0);
#3232=VECTOR('',#3235,1.0);
#3233=DIRECTION('',(-0.6211524430652401,-0.26504642441165444,-0.7375093459615822));
#3234=DIRECTION('',(0.8502053602046095,-0.028803291095104953,0.525662644574865));
#3235=DIRECTION('',(-0.12204317167041714,0.6630143565479291,0.7385915158326425));
#3236=FACE_SURFACE('',(#3241),#3237,.T.);
#3237=PLANE('',#3238);
#3238=AXIS2_PLACEMENT_3D('',#240,#3239,#3240);
#3239=DIRECTION('',(-0.49467740848314296,-0.713815878134388,0.49574303188207725));
#3240=DIRECTION('',(-0.7070393908934561,-0.0011484596912646368,-0.7071732325006003));
#3241=FACE_BOUND('',#3242,.T.);
#3242=EDGE_LOOP('',(#3243,#3244,#3245));
#3243=ORIENTED_EDGE('',*,*,#3246,.T.);
#3244=ORIENTED_EDGE('',*,*,#3247,.T.);
#3245=ORIENTED_EDGE('',*,*,#3248,.T.);
#3246=EDGE_CURVE('',#241,#239,#3249,.F.);
#3247=EDGE_CURVE('',#239,#251,#3250,.T.);
#3248=EDGE_CURVE('',#251,#241,#3251,.T.);
#3249=LINE('',#240,#3252);
#3250=LINE('',#238,#3253);
#3251=LINE('',#250,#3254);
#3252=VECTOR('',#3255,1.0);
#3253=VECTOR('',#3256,1.0);
#3254=VECTOR('',#3257,1.0);
#3255=DIRECTION('',(-0.7070393908934561,-0.0011484596912646368,-0.7071732325006003));
#3256=DIRECTION('',(0.6189571683708511,-0.6897939358067874,-0.3756013176847487));
#3257=DIRECTION('',(0.42093660283093953,0.30225779298687766,0.855250023663168));
#3258=FACE_SURFACE('',(#3263),#3259,.T.);
#3259=PLANE('',#3260);
#3260=AXIS2_PLACEMENT_3D('',#240,#3261,#3262);
#3261=DIRECTION('',(-0.4960245977158306,-0.7126947515152666,0.496009868473845));
#3262=DIRECTION('',(-0.42093660283093953,-0.30225779298687766,-0.855250023663168));
#3263=FACE_BOUND('',#3264,.T.);
#3264=EDGE_LOOP('',(#3265,#3266,#3267));
#3265=ORIENTED_EDGE('',*,*,#3268,.T.);
#3266=ORIENTED_EDGE('',*,*,#3269,.T.);
#3267=ORIENTED_EDGE('',*,*,#3270,.T.);
#3268=EDGE_CURVE('',#241,#251,#3271,.F.);
#3269=EDGE_CURVE('',#251,#253,#3272,.T.);
#3270=EDGE_CURVE('',#253,#241,#3273,.T.);
#3271=LINE('',#240,#3274);
#3272=LINE('',#250,#3275);
#3273=LINE('',#252,#3276);
#3274=VECTOR('',#3277,1.0);
#3275=VECTOR('',#3278,1.0);
#3276=VECTOR('',#3279,1.0);
#3277=DIRECTION('',(-0.42093660283093953,-0.30225779298687766,-0.855250023663168));
#3278=DIRECTION('',(0.7067709935739248,0.00045257367021060257,0.7074422646545795));
#3279=DIRECTION('',(-0.36509491701521507,0.6894723061558322,0.6255666556121832));
#3280=FACE_SURFACE('',(#3285),#3281,.T.);
#3281=PLANE('',#3282);
#3282=AXIS2_PLACEMENT_3D('',#244,#3283,#3284);
#3283=DIRECTION('',(-0.05638336309936576,-0.891528061346412,0.4494425794220139));
#3284=DIRECTION('',(-0.9894053603429921,-0.010426234304463648,-0.14480444248289653));
#3285=FACE_BOUND('',#3286,.T.);
#3286=EDGE_LOOP('',(#3287,#3288,#3289));
#3287=ORIENTED_EDGE('',*,*,#3290,.T.);
#3288=ORIENTED_EDGE('',*,*,#3291,.T.);
#3289=ORIENTED_EDGE('',*,*,#3292,.T.);
#3290=EDGE_CURVE('',#245,#243,#3293,.F.);
#3291=EDGE_CURVE('',#243,#255,#3294,.T.);
#3292=EDGE_CURVE('',#255,#245,#3295,.T.);
#3293=LINE('',#244,#3296);
#3294=LINE('',#242,#3297);
#3295=LINE('',#254,#3298);
#3296=VECTOR('',#3299,1.0);
#3297=VECTOR('',#3300,1.0);
#3298=VECTOR('',#3301,1.0);
#3299=DIRECTION('',(-0.9894053603429921,-0.010426234304463648,-0.14480444248289653));
#3300=DIRECTION('',(0.03300124789570806,-0.4515768920125603,-0.891621684481486));
#3301=DIRECTION('',(0.8201988813844173,0.21531988531456459,0.5300105111824418));
#3302=FACE_SURFACE('',(#3307),#3303,.T.);
#3303=PLANE('',#3304);
#3304=AXIS2_PLACEMENT_3D('',#244,#3305,#3306);
#3305=DIRECTION('',(-0.06503086508285867,-0.8853670710658834,0.46032177447823797));
#3306=DIRECTION('',(-0.8201988813844173,-0.21531988531456459,-0.5300105111824418));
#3307=FACE_BOUND('',#3308,.T.);
#3308=EDGE_LOOP('',(#3309,#3310,#3311));
#3309=ORIENTED_EDGE('',*,*,#3312,.T.);
#3310=ORIENTED_EDGE('',*,*,#3313,.T.);
#3311=ORIENTED_EDGE('',*,*,#3314,.T.);
#3312=EDGE_CURVE('',#245,#255,#3315,.F.);
#3313=EDGE_CURVE('',#255,#257,#3316,.T.);
#3314=EDGE_CURVE('',#257,#245,#3317,.T.);
#3315=LINE('',#244,#3318);
#3316=LINE('',#254,#3319);
#3317=LINE('',#256,#3320);
#3318=VECTOR('',#3321,1.0);
#3319=VECTOR('',#3322,1.0);
#3320=VECTOR('',#3323,1.0);
#3321=DIRECTION('',(-0.8201988813844173,-0.21531988531456459,-0.5300105111824418));
#3322=DIRECTION('',(0.9928298178393957,-0.011040115213796218,0.11902549586142694));
#3323=DIRECTION('',(0,0.4612982261217181,0.8872451445778423));
#3324=FACE_SURFACE('',(#3329),#3325,.T.);
#3325=PLANE('',#3326);
#3326=AXIS2_PLACEMENT_3D('',#242,#3327,#3328);
#3327=DIRECTION('',(-0.17709189789873145,-0.8820325164468339,0.43664298875522));
#3328=DIRECTION('',(-0.9394776301031764,0.019288146039185036,-0.3420668793643876));
#3329=FACE_BOUND('',#3330,.T.);
#3330=EDGE_LOOP('',(#3331,#3332,#3333));
#3331=ORIENTED_EDGE('',*,*,#3334,.T.);
#3332=ORIENTED_EDGE('',*,*,#3335,.T.);
#3333=ORIENTED_EDGE('',*,*,#3336,.T.);
#3334=EDGE_CURVE('',#243,#247,#3337,.F.);
#3335=EDGE_CURVE('',#247,#259,#3338,.T.);
#3336=EDGE_CURVE('',#259,#243,#3339,.T.);
#3337=LINE('',#242,#3340);
#3338=LINE('',#246,#3341);
#3339=LINE('',#258,#3342);
#3340=VECTOR('',#3343,1.0);
#3341=VECTOR('',#3344,1.0);
#3342=VECTOR('',#3345,1.0);
#3343=DIRECTION('',(-0.9394776301031764,0.019288146039185036,-0.3420668793643876));
#3344=DIRECTION('',(0.14949647016489911,-0.46261472956240757,-0.8738640726109158));
#3345=DIRECTION('',(0.7247369488951761,0.18329531063403834,0.6641981511609937));
#3346=FACE_SURFACE('',(#3351),#3347,.T.);
#3347=PLANE('',#3348);
#3348=AXIS2_PLACEMENT_3D('',#242,#3349,#3350);
#3349=DIRECTION('',(-0.17984585025853558,-0.8802287204325508,0.43915016779053917));
#3350=DIRECTION('',(-0.7247369488951761,-0.18329531063403834,-0.6641981511609937));
#3351=FACE_BOUND('',#3352,.T.);
#3352=EDGE_LOOP('',(#3353,#3354,#3355));
#3353=ORIENTED_EDGE('',*,*,#3356,.T.);
#3354=ORIENTED_EDGE('',*,*,#3357,.T.);
#3355=ORIENTED_EDGE('',*,*,#3358,.T.);
#3356=EDGE_CURVE('',#243,#259,#3359,.F.);
#3357=EDGE_CURVE('',#259,#255,#3360,.T.);
#3358=EDGE_CURVE('',#255,#243,#3361,.T.);
#3359=LINE('',#242,#3362);
#3360=LINE('',#258,#3363);
#3361=LINE('',#254,#3364);
#3362=VECTOR('',#3365,1.0);
#3363=VECTOR('',#3366,1.0);
#3364=VECTOR('',#3367,1.0);
#3365=DIRECTION('',(-0.7247369488951761,-0.18329531063403834,-0.6641981511609937));
#3366=DIRECTION('',(0.958144249729302,-0.0556615962920651,0.2808226903383915));
#3367=DIRECTION('',(-0.03300124789570806,0.4515768920125603,0.891621684481486));
#3368=FACE_SURFACE('',(#3373),#3369,.T.);
#3369=PLANE('',#3370);
#3370=AXIS2_PLACEMENT_3D('',#246,#3371,#3372);
#3371=DIRECTION('',(-0.28665958566867905,-0.862824893652136,0.41636460565043415));
#3372=DIRECTION('',(-0.8502053602046095,0.028803291095104953,-0.525662644574865));
#3373=FACE_BOUND('',#3374,.T.);
#3374=EDGE_LOOP('',(#3375,#3376,#3377));
#3375=ORIENTED_EDGE('',*,*,#3378,.T.);
#3376=ORIENTED_EDGE('',*,*,#3379,.T.);
#3377=ORIENTED_EDGE('',*,*,#3380,.T.);
#3378=EDGE_CURVE('',#247,#249,#3381,.F.);
#3379=EDGE_CURVE('',#249,#261,#3382,.T.);
#3380=EDGE_CURVE('',#261,#247,#3383,.T.);
#3381=LINE('',#246,#3384);
#3382=LINE('',#248,#3385);
#3383=LINE('',#260,#3386);
#3384=VECTOR('',#3387,1.0);
#3385=VECTOR('',#3388,1.0);
#3386=VECTOR('',#3389,1.0);
#3387=DIRECTION('',(-0.8502053602046095,0.028803291095104953,-0.525662644574865));
#3388=DIRECTION('',(0.4117502330849423,-0.5033759002171083,-0.7596541638371447));
#3389=DIRECTION('',(0.5791624226854848,0.1901232678609812,0.7927320046314147));
#3390=FACE_SURFACE('',(#3395),#3391,.T.);
#3391=PLANE('',#3392);
#3392=AXIS2_PLACEMENT_3D('',#246,#3393,#3394);
#3393=DIRECTION('',(-0.2786450297270864,-0.8676868090740761,0.4116752953083765));
#3394=DIRECTION('',(-0.5791624226854848,-0.1901232678609812,-0.7927320046314147));
#3395=FACE_BOUND('',#3396,.T.);
#3396=EDGE_LOOP('',(#3397,#3398,#3399));
#3397=ORIENTED_EDGE('',*,*,#3400,.T.);
#3398=ORIENTED_EDGE('',*,*,#3401,.T.);
#3399=ORIENTED_EDGE('',*,*,#3402,.T.);
#3400=EDGE_CURVE('',#247,#261,#3403,.F.);
#3401=EDGE_CURVE('',#261,#259,#3404,.T.);
#3402=EDGE_CURVE('',#259,#247,#3405,.T.);
#3403=LINE('',#246,#3406);
#3404=LINE('',#260,#3407);
#3405=LINE('',#258,#3408);
#3406=VECTOR('',#3409,1.0);
#3407=VECTOR('',#3410,1.0);
#3408=VECTOR('',#3411,1.0);
#3409=DIRECTION('',(-0.5791624226854848,-0.1901232678609812,-0.7927320046314147));
#3410=DIRECTION('',(0.894564776833681,-0.07852443805095598,0.4399861050957044));
#3411=DIRECTION('',(-0.14949647016489911,0.46261472956240757,0.8738640726109158));
#3412=FACE_SURFACE('',(#3417),#3413,.T.);
#3413=PLANE('',#3414);
#3414=AXIS2_PLACEMENT_3D('',#252,#3415,#3416);
#3415=DIRECTION('',(-0.3669794726514126,-0.8546966468910797,0.36717803371884333));
#3416=DIRECTION('',(-0.7067709935739248,-0.00045257367021060257,-0.7074422646545795));
#3417=FACE_BOUND('',#3418,.T.);
#3418=EDGE_LOOP('',(#3419,#3420,#3421));
#3419=ORIENTED_EDGE('',*,*,#3422,.T.);
#3420=ORIENTED_EDGE('',*,*,#3423,.T.);
#3421=ORIENTED_EDGE('',*,*,#3424,.T.);
#3422=EDGE_CURVE('',#253,#251,#3425,.F.);
#3423=EDGE_CURVE('',#251,#263,#3426,.T.);
#3424=EDGE_CURVE('',#263,#253,#3427,.T.);
#3425=LINE('',#252,#3428);
#3426=LINE('',#250,#3429);
#3427=LINE('',#262,#3430);
#3428=VECTOR('',#3431,1.0);
#3429=VECTOR('',#3432,1.0);
#3430=VECTOR('',#3433,1.0);
#3431=DIRECTION('',(-0.7067709935739248,-0.00045257367021060257,-0.7074422646545795));
#3432=DIRECTION('',(0.7581908879613503,-0.5035139024300348,-0.41427083830756994));
#3433=DIRECTION('',(0.30911519000323484,0.26024204980843485,0.914725026891015));
#3434=FACE_SURFACE('',(#3439),#3435,.T.);
#3435=PLANE('',#3436);
#3436=AXIS2_PLACEMENT_3D('',#252,#3437,#3438);
#3437=DIRECTION('',(-0.3672265236522825,-0.8545701229270943,0.36722552379516116));
#3438=DIRECTION('',(-0.30911519000323484,-0.26024204980843485,-0.914725026891015));
#3439=FACE_BOUND('',#3440,.T.);
#3440=EDGE_LOOP('',(#3441,#3442,#3443));
#3441=ORIENTED_EDGE('',*,*,#3444,.T.);
#3442=ORIENTED_EDGE('',*,*,#3445,.T.);
#3443=ORIENTED_EDGE('',*,*,#3446,.T.);
#3444=EDGE_CURVE('',#253,#263,#3447,.F.);
#3445=EDGE_CURVE('',#263,#265,#3448,.T.);
#3446=EDGE_CURVE('',#265,#253,#3449,.T.);
#3447=LINE('',#252,#3450);
#3448=LINE('',#262,#3451);
#3449=LINE('',#264,#3452);
#3450=VECTOR('',#3453,1.0);
#3451=VECTOR('',#3454,1.0);
#3452=VECTOR('',#3455,1.0);
#3453=DIRECTION('',(-0.30911519000323484,-0.26024204980843485,-0.914725026891015));
#3454=DIRECTION('',(0.7071058185556524,0,0.7071077438161323));
#3455=DIRECTION('',(-0.4117502330849423,0.5033759002171083,0.7596541638371447));
#3456=FACE_SURFACE('',(#3461),#3457,.T.);
#3457=PLANE('',#3458);
#3458=AXIS2_PLACEMENT_3D('',#60,#3459,#3460);
#3459=DIRECTION('',(-0.9388852372555834,-0.32371126603192524,0.11707060906792607));
#3460=DIRECTION('',(0.32595264885889336,-0.9453860961014136,0));
#3461=FACE_BOUND('',#3462,.T.);
#3462=EDGE_LOOP('',(#3463,#3464,#3465));
#3463=ORIENTED_EDGE('',*,*,#3466,.T.);
#3464=ORIENTED_EDGE('',*,*,#3467,.T.);
#3465=ORIENTED_EDGE('',*,*,#3468,.T.);
#3466=EDGE_CURVE('',#61,#267,#3469,.F.);
#3467=EDGE_CURVE('',#267,#269,#3470,.T.);
#3468=EDGE_CURVE('',#269,#61,#3471,.T.);
#3469=LINE('',#60,#3472);
#3470=LINE('',#266,#3473);
#3471=LINE('',#268,#3474);
#3472=VECTOR('',#3475,1.0);
#3473=VECTOR('',#3476,1.0);
#3474=VECTOR('',#3477,1.0);
#3475=DIRECTION('',(0.32595264885889336,-0.9453860961014136,0));
#3476=DIRECTION('',(0.12828775646604312,-0.013453070028468218,0.9916457363634044));
#3477=DIRECTION('',(-0.2208777507985175,0.30568230951988234,-0.9261594597307631));
#3478=FACE_SURFACE('',(#3483),#3479,.T.);
#3479=PLANE('',#3480);
#3480=AXIS2_PLACEMENT_3D('',#60,#3481,#3482);
#3481=DIRECTION('',(-0.929229641883846,-0.3543743710365067,0.10464739746835354));
#3482=DIRECTION('',(0.2208777507985175,-0.30568230951988234,0.9261594597307631));
#3483=FACE_BOUND('',#3484,.T.);
#3484=EDGE_LOOP('',(#3485,#3486,#3487));
#3485=ORIENTED_EDGE('',*,*,#3488,.T.);
#3486=ORIENTED_EDGE('',*,*,#3489,.T.);
#3487=ORIENTED_EDGE('',*,*,#3490,.T.);
#3488=EDGE_CURVE('',#61,#269,#3491,.F.);
#3489=EDGE_CURVE('',#269,#271,#3492,.T.);
#3490=EDGE_CURVE('',#271,#61,#3493,.T.);
#3491=LINE('',#60,#3494);
#3492=LINE('',#268,#3495);
#3493=LINE('',#270,#3496);
#3494=VECTOR('',#3497,1.0);
#3495=VECTOR('',#3498,1.0);
#3496=VECTOR('',#3499,1.0);
#3497=DIRECTION('',(0.2208777507985175,-0.30568230951988234,0.9261594597307631));
#3498=DIRECTION('',(-0.36353755795943254,0.9274813026946807,-0.0872861793451326));
#3499=DIRECTION('',(-0.11190994637736189,0,-0.9937183524026392));
#3500=FACE_SURFACE('',(#3505),#3501,.T.);
#3501=PLANE('',#3502);
#3502=AXIS2_PLACEMENT_3D('',#266,#3503,#3504);
#3503=DIRECTION('',(-0.6796602761373862,-0.7278476915060353,0.09110239848756542));
#3504=DIRECTION('',(0.7308870633895671,-0.6824984253240258,0));
#3505=FACE_BOUND('',#3506,.T.);
#3506=EDGE_LOOP('',(#3507,#3508,#3509));
#3507=ORIENTED_EDGE('',*,*,#3510,.T.);
#3508=ORIENTED_EDGE('',*,*,#3511,.T.);
#3509=ORIENTED_EDGE('',*,*,#3512,.T.);
#3510=EDGE_CURVE('',#267,#273,#3513,.F.);
#3511=EDGE_CURVE('',#273,#275,#3514,.T.);
#3512=EDGE_CURVE('',#275,#267,#3515,.T.);
#3513=LINE('',#266,#3516);
#3514=LINE('',#272,#3517);
#3515=LINE('',#274,#3518);
#3516=VECTOR('',#3519,1.0);
#3517=VECTOR('',#3520,1.0);
#3518=VECTOR('',#3521,1.0);
#3519=DIRECTION('',(0.7308870633895671,-0.6824984253240258,0));
#3520=DIRECTION('',(0.14409327428556976,-0.010700152297689091,0.9895062582149089));
#3521=DIRECTION('',(-0.4085891304600279,0.27250696470881,-0.8710883288479473));
#3522=FACE_SURFACE('',(#3527),#3523,.T.);
#3523=PLANE('',#3524);
#3524=AXIS2_PLACEMENT_3D('',#266,#3525,#3526);
#3525=DIRECTION('',(-0.6591875332019395,-0.7482163136800303,0.07512751835518472));
#3526=DIRECTION('',(0.4085891304600279,-0.27250696470881,0.8710883288479473));
#3527=FACE_BOUND('',#3528,.T.);
#3528=EDGE_LOOP('',(#3529,#3530,#3531));
#3529=ORIENTED_EDGE('',*,*,#3532,.T.);
#3530=ORIENTED_EDGE('',*,*,#3533,.T.);
#3531=ORIENTED_EDGE('',*,*,#3534,.T.);
#3532=EDGE_CURVE('',#267,#275,#3535,.F.);
#3533=EDGE_CURVE('',#275,#269,#3536,.T.);
#3534=EDGE_CURVE('',#269,#267,#3537,.T.);
#3535=LINE('',#266,#3538);
#3536=LINE('',#274,#3539);
#3537=LINE('',#268,#3540);
#3538=VECTOR('',#3541,1.0);
#3539=VECTOR('',#3542,1.0);
#3540=VECTOR('',#3543,1.0);
#3541=DIRECTION('',(0.4085891304600279,-0.27250696470881,0.8710883288479473));
#3542=DIRECTION('',(-0.7498484433352763,0.6615461002682701,0.009168928372864206));
#3543=DIRECTION('',(-0.12828775646604312,0.013453070028468218,-0.9916457363634044));
#3544=FACE_SURFACE('',(#3549),#3545,.T.);
#3545=PLANE('',#3546);
#3546=AXIS2_PLACEMENT_3D('',#272,#3547,#3548);
#3547=DIRECTION('',(-0.46034071984441877,-0.8854006223723643,0.06443725285696503));
#3548=DIRECTION('',(0.8872445288361674,-0.4612994104161495,0));
#3549=FACE_BOUND('',#3550,.T.);
#3550=EDGE_LOOP('',(#3551,#3552,#3553));
#3551=ORIENTED_EDGE('',*,*,#3554,.T.);
#3552=ORIENTED_EDGE('',*,*,#3555,.T.);
#3553=ORIENTED_EDGE('',*,*,#3556,.T.);
#3554=EDGE_CURVE('',#273,#277,#3557,.F.);
#3555=EDGE_CURVE('',#277,#279,#3558,.T.);
#3556=EDGE_CURVE('',#279,#273,#3559,.T.);
#3557=LINE('',#272,#3560);
#3558=LINE('',#276,#3561);
#3559=LINE('',#278,#3562);
#3560=VECTOR('',#3563,1.0);
#3561=VECTOR('',#3564,1.0);
#3562=VECTOR('',#3565,1.0);
#3563=DIRECTION('',(0.8872445288361674,-0.4612994104161495,0));
#3564=DIRECTION('',(0.115017973448694,0.012488238480591007,0.9932849086155529));
#3565=DIRECTION('',(-0.5286095987206767,0.21507415082352668,-0.8211668538049403));
#3566=FACE_SURFACE('',(#3571),#3567,.T.);
#3567=PLANE('',#3568);
#3568=AXIS2_PLACEMENT_3D('',#272,#3569,#3570);
#3569=DIRECTION('',(-0.4494425143542626,-0.8915643334304864,0.0558073977674202));
#3570=DIRECTION('',(0.5286095987206767,-0.21507415082352668,0.8211668538049403));
#3571=FACE_BOUND('',#3572,.T.);
#3572=EDGE_LOOP('',(#3573,#3574,#3575));
#3573=ORIENTED_EDGE('',*,*,#3576,.T.);
#3574=ORIENTED_EDGE('',*,*,#3577,.T.);
#3575=ORIENTED_EDGE('',*,*,#3578,.T.);
#3576=EDGE_CURVE('',#273,#279,#3579,.F.);
#3577=EDGE_CURVE('',#279,#275,#3580,.T.);
#3578=EDGE_CURVE('',#275,#273,#3581,.T.);
#3579=LINE('',#272,#3582);
#3580=LINE('',#278,#3583);
#3581=LINE('',#274,#3584);
#3582=VECTOR('',#3585,1.0);
#3583=VECTOR('',#3586,1.0);
#3584=VECTOR('',#3587,1.0);
#3585=DIRECTION('',(0.5286095987206767,-0.21507415082352668,0.8211668538049403));
#3586=DIRECTION('',(-0.8921394936700556,0.4511732533713177,0.023017803467700215));
#3587=DIRECTION('',(-0.14409327428556976,0.010700152297689091,-0.9895062582149089));
#3588=FACE_SURFACE('',(#3593),#3589,.T.);
#3589=PLANE('',#3590);
#3590=AXIS2_PLACEMENT_3D('',#276,#3591,#3592);
#3591=DIRECTION('',(-0.31013531213380935,-0.9494930697866683,0.04773885833107021));
#3592=DIRECTION('',(0.9505768693079626,-0.31048931630037224,0));
#3593=FACE_BOUND('',#3594,.T.);
#3594=EDGE_LOOP('',(#3595,#3596,#3597));
#3595=ORIENTED_EDGE('',*,*,#3598,.T.);
#3596=ORIENTED_EDGE('',*,*,#3599,.T.);
#3597=ORIENTED_EDGE('',*,*,#3600,.T.);
#3598=EDGE_CURVE('',#277,#281,#3601,.F.);
#3599=EDGE_CURVE('',#281,#283,#3602,.T.);
#3600=EDGE_CURVE('',#283,#277,#3603,.T.);
#3601=LINE('',#276,#3604);
#3602=LINE('',#280,#3605);
#3603=LINE('',#282,#3606);
#3604=VECTOR('',#3607,1.0);
#3605=VECTOR('',#3608,1.0);
#3606=VECTOR('',#3609,1.0);
#3607=DIRECTION('',(0.9505768693079626,-0.31048931630037224,0));
#3608=DIRECTION('',(0.033998117168210336,0.03910582084094926,0.9986565289454489));
#3609=DIRECTION('',(-0.5847810847498841,0.15093546626667553,-0.7970254499961782));
#3610=FACE_SURFACE('',(#3615),#3611,.T.);
#3611=PLANE('',#3612);
#3612=AXIS2_PLACEMENT_3D('',#276,#3613,#3614);
#3613=DIRECTION('',(-0.3102958327514522,-0.9494341317035194,0.047867794324232465));
#3614=DIRECTION('',(0.5847810847498841,-0.15093546626667553,0.7970254499961782));
#3615=FACE_BOUND('',#3616,.T.);
#3616=EDGE_LOOP('',(#3617,#3618,#3619));
#3617=ORIENTED_EDGE('',*,*,#3620,.T.);
#3618=ORIENTED_EDGE('',*,*,#3621,.T.);
#3619=ORIENTED_EDGE('',*,*,#3622,.T.);
#3620=EDGE_CURVE('',#277,#283,#3623,.F.);
#3621=EDGE_CURVE('',#283,#279,#3624,.T.);
#3622=EDGE_CURVE('',#279,#277,#3625,.T.);
#3623=LINE('',#276,#3626);
#3624=LINE('',#282,#3627);
#3625=LINE('',#278,#3628);
#3626=VECTOR('',#3629,1.0);
#3627=VECTOR('',#3630,1.0);
#3628=VECTOR('',#3631,1.0);
#3629=DIRECTION('',(0.5847810847498841,-0.15093546626667553,0.7970254499961782));
#3630=DIRECTION('',(-0.9505834568320066,0.310433171238578,-0.004726287345515718));
#3631=DIRECTION('',(-0.115017973448694,-0.012488238480591007,-0.9932849086155529));
#3632=FACE_SURFACE('',(#3637),#3633,.T.);
#3633=PLANE('',#3634);
#3634=AXIS2_PLACEMENT_3D('',#270,#3635,#3636);
#3635=DIRECTION('',(-0.8894984059070816,-0.31774601796549773,0.32837486803321325));
#3636=DIRECTION('',(0.36353755795943254,-0.9274813026946807,0.0872861793451326));
#3637=FACE_BOUND('',#3638,.T.);
#3638=EDGE_LOOP('',(#3639,#3640,#3641));
#3639=ORIENTED_EDGE('',*,*,#3642,.T.);
#3640=ORIENTED_EDGE('',*,*,#3643,.T.);
#3641=ORIENTED_EDGE('',*,*,#3644,.T.);
#3642=EDGE_CURVE('',#271,#269,#3645,.F.);
#3643=EDGE_CURVE('',#269,#285,#3646,.T.);
#3644=EDGE_CURVE('',#285,#271,#3647,.T.);
#3645=LINE('',#270,#3648);
#3646=LINE('',#268,#3649);
#3647=LINE('',#284,#3650);
#3648=VECTOR('',#3651,1.0);
#3649=VECTOR('',#3652,1.0);
#3650=VECTOR('',#3653,1.0);
#3651=DIRECTION('',(0.36353755795943254,-0.9274813026946807,0.0872861793451326));
#3652=DIRECTION('',(0.3456939316683349,0.001997759431435564,0.9383452001075845));
#3653=DIRECTION('',(-0.42188801070475623,0.2950664679032942,-0.8572900827273449));
#3654=FACE_SURFACE('',(#3659),#3655,.T.);
#3655=PLANE('',#3656);
#3656=AXIS2_PLACEMENT_3D('',#270,#3657,#3658);
#3657=DIRECTION('',(-0.8793086408960297,-0.3636137767837151,0.3075733008221939));
#3658=DIRECTION('',(0.42188801070475623,-0.2950664679032942,0.8572900827273449));
#3659=FACE_BOUND('',#3660,.T.);
#3660=EDGE_LOOP('',(#3661,#3662,#3663));
#3661=ORIENTED_EDGE('',*,*,#3664,.T.);
#3662=ORIENTED_EDGE('',*,*,#3665,.T.);
#3663=ORIENTED_EDGE('',*,*,#3666,.T.);
#3664=EDGE_CURVE('',#271,#285,#3667,.F.);
#3665=EDGE_CURVE('',#285,#287,#3668,.T.);
#3666=EDGE_CURVE('',#287,#271,#3669,.T.);
#3667=LINE('',#270,#3670);
#3668=LINE('',#284,#3671);
#3669=LINE('',#286,#3672);
#3670=VECTOR('',#3673,1.0);
#3671=VECTOR('',#3674,1.0);
#3672=VECTOR('',#3675,1.0);
#3673=DIRECTION('',(0.42188801070475623,-0.2950664679032942,0.8572900827273449));
#3674=DIRECTION('',(-0.40724974723527396,0.9088940693744004,-0.08977312533741988));
#3675=DIRECTION('',(-0.3301737624084767,0,-0.9439201696208377));
#3676=FACE_SURFACE('',(#3681),#3677,.T.);
#3677=PLANE('',#3678);
#3678=AXIS2_PLACEMENT_3D('',#268,#3679,#3680);
#3679=DIRECTION('',(-0.6393840450362416,-0.7281509138819848,0.24694997381235725));
#3680=DIRECTION('',(0.7498484433352763,-0.6615461002682701,-0.009168928372864206));
#3681=FACE_BOUND('',#3682,.T.);
#3682=EDGE_LOOP('',(#3683,#3684,#3685));
#3683=ORIENTED_EDGE('',*,*,#3686,.T.);
#3684=ORIENTED_EDGE('',*,*,#3687,.T.);
#3685=ORIENTED_EDGE('',*,*,#3688,.T.);
#3686=EDGE_CURVE('',#269,#275,#3689,.F.);
#3687=EDGE_CURVE('',#275,#289,#3690,.T.);
#3688=EDGE_CURVE('',#289,#269,#3691,.T.);
#3689=LINE('',#268,#3692);
#3690=LINE('',#274,#3693);
#3691=LINE('',#288,#3694);
#3692=VECTOR('',#3695,1.0);
#3693=VECTOR('',#3696,1.0);
#3694=VECTOR('',#3697,1.0);
#3695=DIRECTION('',(0.7498484433352763,-0.6615461002682701,-0.009168928372864206));
#3696=DIRECTION('',(0.34187542034349383,0.018451731304864293,0.9395641173314424));
#3697=DIRECTION('',(-0.5833116327247173,0.2501157856862852,-0.7727804558078296));
#3698=FACE_SURFACE('',(#3703),#3699,.T.);
#3699=PLANE('',#3700);
#3700=AXIS2_PLACEMENT_3D('',#268,#3701,#3702);
#3701=DIRECTION('',(-0.6269108116541557,-0.7435771727187993,0.23254208746513902));
#3702=DIRECTION('',(0.5833116327247173,-0.2501157856862852,0.7727804558078296));
#3703=FACE_BOUND('',#3704,.T.);
#3704=EDGE_LOOP('',(#3705,#3706,#3707));
#3705=ORIENTED_EDGE('',*,*,#3708,.T.);
#3706=ORIENTED_EDGE('',*,*,#3709,.T.);
#3707=ORIENTED_EDGE('',*,*,#3710,.T.);
#3708=EDGE_CURVE('',#269,#289,#3711,.F.);
#3709=EDGE_CURVE('',#289,#285,#3712,.T.);
#3710=EDGE_CURVE('',#285,#269,#3713,.T.);
#3711=LINE('',#268,#3714);
#3712=LINE('',#288,#3715);
#3713=LINE('',#284,#3716);
#3714=VECTOR('',#3717,1.0);
#3715=VECTOR('',#3718,1.0);
#3716=VECTOR('',#3719,1.0);
#3717=DIRECTION('',(0.5833116327247173,-0.2501157856862852,0.7727804558078296));
#3718=DIRECTION('',(-0.7382999655548956,0.6623207162116488,0.1274536376041447));
#3719=DIRECTION('',(-0.3456939316683349,-0.001997759431435564,-0.9383452001075845));
#3720=FACE_SURFACE('',(#3725),#3721,.T.);
#3721=PLANE('',#3722);
#3722=AXIS2_PLACEMENT_3D('',#274,#3723,#3724);
#3723=DIRECTION('',(-0.44020366644705244,-0.8796394752872285,0.18015306148656338));
#3724=DIRECTION('',(0.8921394936700556,-0.4511732533713177,-0.023017803467700215));
#3725=FACE_BOUND('',#3726,.T.);
#3726=EDGE_LOOP('',(#3727,#3728,#3729));
#3727=ORIENTED_EDGE('',*,*,#3730,.T.);
#3728=ORIENTED_EDGE('',*,*,#3731,.T.);
#3729=ORIENTED_EDGE('',*,*,#3732,.T.);
#3730=EDGE_CURVE('',#275,#279,#3733,.F.);
#3731=EDGE_CURVE('',#279,#291,#3734,.T.);
#3732=EDGE_CURVE('',#291,#275,#3735,.T.);
#3733=LINE('',#274,#3736);
#3734=LINE('',#278,#3737);
#3735=LINE('',#290,#3738);
#3736=VECTOR('',#3739,1.0);
#3737=VECTOR('',#3740,1.0);
#3738=VECTOR('',#3741,1.0);
#3739=DIRECTION('',(0.8921394936700556,-0.4511732533713177,-0.023017803467700215));
#3740=DIRECTION('',(0.28372690455179544,0.05408698687452823,0.9573785257066773));
#3741=DIRECTION('',(-0.6613608079587104,0.18194042203931182,-0.7276672072619177));
#3742=FACE_SURFACE('',(#3747),#3743,.T.);
#3743=PLANE('',#3744);
#3744=AXIS2_PLACEMENT_3D('',#274,#3745,#3746);
#3745=DIRECTION('',(-0.436543799283619,-0.8822662132934125,0.1761699185103011));
#3746=DIRECTION('',(0.6613608079587104,-0.18194042203931182,0.7276672072619177));
#3747=FACE_BOUND('',#3748,.T.);
#3748=EDGE_LOOP('',(#3749,#3750,#3751));
#3749=ORIENTED_EDGE('',*,*,#3752,.T.);
#3750=ORIENTED_EDGE('',*,*,#3753,.T.);
#3751=ORIENTED_EDGE('',*,*,#3754,.T.);
#3752=EDGE_CURVE('',#275,#291,#3755,.F.);
#3753=EDGE_CURVE('',#291,#289,#3756,.T.);
#3754=EDGE_CURVE('',#289,#275,#3757,.T.);
#3755=LINE('',#274,#3758);
#3756=LINE('',#290,#3759);
#3757=LINE('',#288,#3760);
#3758=VECTOR('',#3761,1.0);
#3759=VECTOR('',#3762,1.0);
#3760=VECTOR('',#3763,1.0);
#3761=DIRECTION('',(0.6613608079587104,-0.18194042203931182,0.7276672072619177));
#3762=DIRECTION('',(-0.8746266881945751,0.4620612209739605,0.14672281475572346));
#3763=DIRECTION('',(-0.34187542034349383,-0.018451731304864293,-0.9395641173314424));
#3764=FACE_SURFACE('',(#3769),#3765,.T.);
#3765=PLANE('',#3766);
#3766=AXIS2_PLACEMENT_3D('',#278,#3767,#3768);
#3767=DIRECTION('',(-0.3078166032213321,-0.9403671007580844,0.14477104197012475));
#3768=DIRECTION('',(0.9505834568320066,-0.310433171238578,0.004726287345515718));
#3769=FACE_BOUND('',#3770,.T.);
#3770=EDGE_LOOP('',(#3771,#3772,#3773));
#3771=ORIENTED_EDGE('',*,*,#3774,.T.);
#3772=ORIENTED_EDGE('',*,*,#3775,.T.);
#3773=ORIENTED_EDGE('',*,*,#3776,.T.);
#3774=EDGE_CURVE('',#279,#283,#3777,.F.);
#3775=EDGE_CURVE('',#283,#293,#3778,.T.);
#3776=EDGE_CURVE('',#293,#279,#3779,.T.);
#3777=LINE('',#278,#3780);
#3778=LINE('',#282,#3781);
#3779=LINE('',#292,#3782);
#3780=VECTOR('',#3783,1.0);
#3781=VECTOR('',#3784,1.0);
#3782=VECTOR('',#3785,1.0);
#3783=DIRECTION('',(0.9505834568320066,-0.310433171238578,0.004726287345515718));
#3784=DIRECTION('',(0.17433504533145586,0.09383789607625273,0.9802049485843568));
#3785=DIRECTION('',(-0.6747287043214659,0.1084708032785603,-0.7300515463998276));
#3786=FACE_SURFACE('',(#3791),#3787,.T.);
#3787=PLANE('',#3788);
#3788=AXIS2_PLACEMENT_3D('',#278,#3789,#3790);
#3789=DIRECTION('',(-0.3072367142001175,-0.9406453979559698,0.144193747270021));
#3790=DIRECTION('',(0.6747287043214659,-0.1084708032785603,0.7300515463998276));
#3791=FACE_BOUND('',#3792,.T.);
#3792=EDGE_LOOP('',(#3793,#3794,#3795));
#3793=ORIENTED_EDGE('',*,*,#3796,.T.);
#3794=ORIENTED_EDGE('',*,*,#3797,.T.);
#3795=ORIENTED_EDGE('',*,*,#3798,.T.);
#3796=EDGE_CURVE('',#279,#293,#3799,.F.);
#3797=EDGE_CURVE('',#293,#291,#3800,.T.);
#3798=EDGE_CURVE('',#291,#279,#3801,.T.);
#3799=LINE('',#278,#3802);
#3800=LINE('',#292,#3803);
#3801=LINE('',#290,#3804);
#3802=VECTOR('',#3805,1.0);
#3803=VECTOR('',#3806,1.0);
#3804=VECTOR('',#3807,1.0);
#3805=DIRECTION('',(0.6747287043214659,-0.1084708032785603,0.7300515463998276));
#3806=DIRECTION('',(-0.9506620078311167,0.31022295219287527,-0.0018619342756445603));
#3807=DIRECTION('',(-0.28372690455179544,-0.05408698687452823,-0.9573785257066773));
#3808=FACE_SURFACE('',(#3813),#3809,.T.);
#3809=PLANE('',#3810);
#3810=AXIS2_PLACEMENT_3D('',#286,#3811,#3812);
#3811=DIRECTION('',(-0.7987706123497214,-0.30678828208634085,0.5175388476442738));
#3812=DIRECTION('',(0.40724974723527396,-0.9088940693744004,0.08977312533741988));
#3813=FACE_BOUND('',#3814,.T.);
#3814=EDGE_LOOP('',(#3815,#3816,#3817));
#3815=ORIENTED_EDGE('',*,*,#3818,.T.);
#3816=ORIENTED_EDGE('',*,*,#3819,.T.);
#3817=ORIENTED_EDGE('',*,*,#3820,.T.);
#3818=EDGE_CURVE('',#287,#285,#3821,.F.);
#3819=EDGE_CURVE('',#285,#239,#3822,.T.);
#3820=EDGE_CURVE('',#239,#287,#3823,.T.);
#3821=LINE('',#286,#3824);
#3822=LINE('',#284,#3825);
#3823=LINE('',#238,#3826);
#3824=VECTOR('',#3827,1.0);
#3825=VECTOR('',#3828,1.0);
#3826=VECTOR('',#3829,1.0);
#3827=DIRECTION('',(0.40724974723527396,-0.9088940693744004,0.08977312533741988));
#3828=DIRECTION('',(0.5419748138573132,0.006552226748253666,0.8403691864109311));
#3829=DIRECTION('',(-0.5973520086476861,0.30194308746018206,-0.7429676639663314));
#3830=FACE_SURFACE('',(#3835),#3831,.T.);
#3831=PLANE('',#3832);
#3832=AXIS2_PLACEMENT_3D('',#286,#3833,#3834);
#3833=DIRECTION('',(-0.7951182595552554,-0.3438980129407359,0.499520880461703));
#3834=DIRECTION('',(0.5973520086476861,-0.30194308746018206,0.7429676639663314));
#3835=FACE_BOUND('',#3836,.T.);
#3836=EDGE_LOOP('',(#3837,#3838,#3839));
#3837=ORIENTED_EDGE('',*,*,#3840,.T.);
#3838=ORIENTED_EDGE('',*,*,#3841,.T.);
#3839=ORIENTED_EDGE('',*,*,#3842,.T.);
#3840=EDGE_CURVE('',#287,#239,#3843,.F.);
#3841=EDGE_CURVE('',#239,#237,#3844,.T.);
#3842=EDGE_CURVE('',#237,#287,#3845,.T.);
#3843=LINE('',#286,#3846);
#3844=LINE('',#238,#3847);
#3845=LINE('',#236,#3848);
#3846=VECTOR('',#3849,1.0);
#3847=VECTOR('',#3850,1.0);
#3848=VECTOR('',#3851,1.0);
#3849=DIRECTION('',(0.5973520086476861,-0.30194308746018206,0.7429676639663314));
#3850=DIRECTION('',(-0.3429202116380613,0.9343034848402623,0.09737929279600038));
#3851=DIRECTION('',(-0.5319671498146391,0,-0.8467649919063076));
#3852=FACE_SURFACE('',(#3857),#3853,.T.);
#3853=PLANE('',#3854);
#3854=AXIS2_PLACEMENT_3D('',#284,#3855,#3856);
#3855=DIRECTION('',(-0.5795629935880927,-0.7196359397029807,0.38240142618852285));
#3856=DIRECTION('',(0.7382999655548956,-0.6623207162116488,-0.1274536376041447));
#3857=FACE_BOUND('',#3858,.T.);
#3858=EDGE_LOOP('',(#3859,#3860,#3861));
#3859=ORIENTED_EDGE('',*,*,#3862,.T.);
#3860=ORIENTED_EDGE('',*,*,#3863,.T.);
#3861=ORIENTED_EDGE('',*,*,#3864,.T.);
#3862=EDGE_CURVE('',#285,#289,#3865,.F.);
#3863=EDGE_CURVE('',#289,#251,#3866,.T.);
#3864=EDGE_CURVE('',#251,#285,#3867,.T.);
#3865=LINE('',#284,#3868);
#3866=LINE('',#288,#3869);
#3867=LINE('',#250,#3870);
#3868=VECTOR('',#3871,1.0);
#3869=VECTOR('',#3872,1.0);
#3870=VECTOR('',#3873,1.0);
#3871=DIRECTION('',(0.7382999655548956,-0.6623207162116488,-0.1274536376041447));
#3872=DIRECTION('',(0.5248683327959865,0.02932901638048226,0.8506779896212874));
#3873=DIRECTION('',(-0.7370417384427015,0.26268477161724585,-0.6227087493794797));
#3874=FACE_SURFACE('',(#3879),#3875,.T.);
#3875=PLANE('',#3876);
#3876=AXIS2_PLACEMENT_3D('',#284,#3877,#3878);
#3877=DIRECTION('',(-0.5772880786023667,-0.723803661583371,0.3779507028464066));
#3878=DIRECTION('',(0.7370417384427015,-0.26268477161724585,0.6227087493794797));
#3879=FACE_BOUND('',#3880,.T.);
#3880=EDGE_LOOP('',(#3881,#3882,#3883));
#3881=ORIENTED_EDGE('',*,*,#3884,.T.);
#3882=ORIENTED_EDGE('',*,*,#3885,.T.);
#3883=ORIENTED_EDGE('',*,*,#3886,.T.);
#3884=EDGE_CURVE('',#285,#251,#3887,.F.);
#3885=EDGE_CURVE('',#251,#239,#3888,.T.);
#3886=EDGE_CURVE('',#239,#285,#3889,.T.);
#3887=LINE('',#284,#3890);
#3888=LINE('',#250,#3891);
#3889=LINE('',#238,#3892);
#3890=VECTOR('',#3893,1.0);
#3891=VECTOR('',#3894,1.0);
#3892=VECTOR('',#3895,1.0);
#3893=DIRECTION('',(0.7370417384427015,-0.26268477161724585,0.6227087493794797));
#3894=DIRECTION('',(-0.6189571683708511,0.6897939358067874,0.3756013176847487));
#3895=DIRECTION('',(-0.5419748138573132,-0.006552226748253666,-0.8403691864109311));
#3896=FACE_SURFACE('',(#3901),#3897,.T.);
#3897=PLANE('',#3898);
#3898=AXIS2_PLACEMENT_3D('',#288,#3899,#3900);
#3899=DIRECTION('',(-0.41165684809854347,-0.8676968434526887,0.27864103659693246));
#3900=DIRECTION('',(0.8746266881945751,-0.4620612209739605,-0.14672281475572346));
#3901=FACE_BOUND('',#3902,.T.);
#3902=EDGE_LOOP('',(#3903,#3904,#3905));
#3903=ORIENTED_EDGE('',*,*,#3906,.T.);
#3904=ORIENTED_EDGE('',*,*,#3907,.T.);
#3905=ORIENTED_EDGE('',*,*,#3908,.T.);
#3906=EDGE_CURVE('',#289,#291,#3909,.F.);
#3907=EDGE_CURVE('',#291,#263,#3910,.T.);
#3908=EDGE_CURVE('',#263,#289,#3911,.T.);
#3909=LINE('',#288,#3912);
#3910=LINE('',#290,#3913);
#3911=LINE('',#262,#3914);
#3912=VECTOR('',#3915,1.0);
#3913=VECTOR('',#3916,1.0);
#3914=VECTOR('',#3917,1.0);
#3915=DIRECTION('',(0.8746266881945751,-0.4620612209739605,-0.14672281475572346));
#3916=DIRECTION('',(0.4407841988826974,0.07803762108692158,0.8942144148415596));
#3917=DIRECTION('',(-0.7915397541752422,0.18888905280436505,-0.581193378567639));
#3918=FACE_SURFACE('',(#3923),#3919,.T.);
#3919=PLANE('',#3920);
#3920=AXIS2_PLACEMENT_3D('',#288,#3921,#3922);
#3921=DIRECTION('',(-0.41637521754211776,-0.8628225445152976,0.2866512426153104));
#3922=DIRECTION('',(0.7915397541752422,-0.18888905280436505,0.581193378567639));
#3923=FACE_BOUND('',#3924,.T.);
#3924=EDGE_LOOP('',(#3925,#3926,#3927));
#3925=ORIENTED_EDGE('',*,*,#3928,.T.);
#3926=ORIENTED_EDGE('',*,*,#3929,.T.);
#3927=ORIENTED_EDGE('',*,*,#3930,.T.);
#3928=EDGE_CURVE('',#289,#263,#3931,.F.);
#3929=EDGE_CURVE('',#263,#251,#3932,.T.);
#3930=EDGE_CURVE('',#251,#289,#3933,.T.);
#3931=LINE('',#288,#3934);
#3932=LINE('',#262,#3935);
#3933=LINE('',#250,#3936);
#3934=VECTOR('',#3937,1.0);
#3935=VECTOR('',#3938,1.0);
#3936=VECTOR('',#3939,1.0);
#3937=DIRECTION('',(0.7915397541752422,-0.18888905280436505,0.581193378567639));
#3938=DIRECTION('',(-0.7581908879613503,0.5035139024300348,0.41427083830756994));
#3939=DIRECTION('',(-0.5248683327959865,-0.02932901638048226,-0.8506779896212874));
#3940=FACE_SURFACE('',(#3945),#3941,.T.);
#3941=PLANE('',#3942);
#3942=AXIS2_PLACEMENT_3D('',#290,#3943,#3944);
#3943=DIRECTION('',(-0.3023235453481721,-0.9250750742345655,0.22986209117213074));
#3944=DIRECTION('',(0.9506620078311167,-0.31022295219287527,0.0018619342756445603));
#3945=FACE_BOUND('',#3946,.T.);
#3946=EDGE_LOOP('',(#3947,#3948,#3949));
#3947=ORIENTED_EDGE('',*,*,#3950,.T.);
#3948=ORIENTED_EDGE('',*,*,#3951,.T.);
#3949=ORIENTED_EDGE('',*,*,#3952,.T.);
#3950=EDGE_CURVE('',#291,#293,#3953,.F.);
#3951=EDGE_CURVE('',#293,#295,#3954,.T.);
#3952=EDGE_CURVE('',#295,#291,#3955,.T.);
#3953=LINE('',#290,#3956);
#3954=LINE('',#292,#3957);
#3955=LINE('',#294,#3958);
#3956=VECTOR('',#3959,1.0);
#3957=VECTOR('',#3960,1.0);
#3958=VECTOR('',#3961,1.0);
#3959=DIRECTION('',(0.9506620078311167,-0.31022295219287527,0.0018619342756445603));
#3960=DIRECTION('',(0.25646360808574226,0.15331336595524384,0.9543172583303292));
#3961=DIRECTION('',(-0.7514645425822349,0.0829465547514764,-0.6545387003810643));
#3962=FACE_SURFACE('',(#3967),#3963,.T.);
#3963=PLANE('',#3964);
#3964=AXIS2_PLACEMENT_3D('',#290,#3965,#3966);
#3965=DIRECTION('',(-0.3021878583716903,-0.9251607964884073,0.2296954481344091));
#3966=DIRECTION('',(0.7514645425822349,-0.0829465547514764,0.6545387003810643));
#3967=FACE_BOUND('',#3968,.T.);
#3968=EDGE_LOOP('',(#3969,#3970,#3971));
#3969=ORIENTED_EDGE('',*,*,#3972,.T.);
#3970=ORIENTED_EDGE('',*,*,#3973,.T.);
#3971=ORIENTED_EDGE('',*,*,#3974,.T.);
#3972=EDGE_CURVE('',#291,#295,#3975,.F.);
#3973=EDGE_CURVE('',#295,#263,#3976,.T.);
#3974=EDGE_CURVE('',#263,#291,#3977,.T.);
#3975=LINE('',#290,#3978);
#3976=LINE('',#294,#3979);
#3977=LINE('',#262,#3980);
#3978=VECTOR('',#3981,1.0);
#3979=VECTOR('',#3982,1.0);
#3980=VECTOR('',#3983,1.0);
#3981=DIRECTION('',(0.7514645425822349,-0.0829465547514764,0.6545387003810643));
#3982=DIRECTION('',(-0.9505769807394917,0.31048897513678886,-2.588160446797916E-06));
#3983=DIRECTION('',(-0.4407841988826974,-0.07803762108692158,-0.8942144148415596));
#3984=FACE_SURFACE('',(#3989),#3985,.T.);
#3985=PLANE('',#3986);
#3986=AXIS2_PLACEMENT_3D('',#294,#3987,#3988);
#3987=DIRECTION('',(-0.2965255190430864,-0.907824714312246,0.29652471168541267));
#3988=DIRECTION('',(-2.588166814323468E-06,0.31048973901774735,0.9505767312310947));
#3989=FACE_BOUND('',#3990,.T.);
#3990=EDGE_LOOP('',(#3991,#3992,#3993));
#3991=ORIENTED_EDGE('',*,*,#3994,.T.);
#3992=ORIENTED_EDGE('',*,*,#3995,.T.);
#3993=ORIENTED_EDGE('',*,*,#3996,.T.);
#3994=EDGE_CURVE('',#295,#265,#3997,.F.);
#3995=EDGE_CURVE('',#265,#263,#3998,.T.);
#3996=EDGE_CURVE('',#263,#295,#3999,.T.);
#3997=LINE('',#294,#4000);
#3998=LINE('',#264,#4001);
#3999=LINE('',#262,#4002);
#4000=VECTOR('',#4003,1.0);
#4001=VECTOR('',#4004,1.0);
#4002=VECTOR('',#4005,1.0);
#4003=DIRECTION('',(-2.588166814323468E-06,0.31048973901774735,0.9505767312310947));
#4004=DIRECTION('',(-0.7071058185556524,0,-0.7071077438161323));
#4005=DIRECTION('',(0.9505769807394917,-0.31048897513678886,2.588160446797916E-06));
#4006=FACE_SURFACE('',(#4011),#4007,.T.);
#4007=PLANE('',#4008);
#4008=AXIS2_PLACEMENT_3D('',#296,#4009,#4010);
#4009=DIRECTION('',(0.10463419202770667,-0.3546855882328902,-0.9291123825235554));
#4010=DIRECTION('',(0.9937183524026392,0,0.11190994637736189));
#4011=FACE_BOUND('',#4012,.T.);
#4012=EDGE_LOOP('',(#4013,#4014,#4015));
#4013=ORIENTED_EDGE('',*,*,#4016,.T.);
#4014=ORIENTED_EDGE('',*,*,#4017,.T.);
#4015=ORIENTED_EDGE('',*,*,#4018,.T.);
#4016=EDGE_CURVE('',#297,#299,#4019,.F.);
#4017=EDGE_CURVE('',#299,#301,#4020,.T.);
#4018=EDGE_CURVE('',#301,#297,#4021,.T.);
#4019=LINE('',#296,#4022);
#4020=LINE('',#298,#4023);
#4021=LINE('',#300,#4024);
#4022=VECTOR('',#4025,1.0);
#4023=VECTOR('',#4026,1.0);
#4024=VECTOR('',#4027,1.0);
#4025=DIRECTION('',(0.9937183524026392,0,0.11190994637736189));
#4026=DIRECTION('',(0.11740554822140566,-0.923302290887833,0.36568950885705037));
#4027=DIRECTION('',(-0.9283995481885613,0.30010313184894466,-0.21911729547831332));
#4028=FACE_SURFACE('',(#4033),#4029,.T.);
#4029=PLANE('',#4030);
#4030=AXIS2_PLACEMENT_3D('',#296,#4031,#4032);
#4031=DIRECTION('',(0.11695473363244545,-0.3237157161599313,-0.9388981443117387));
#4032=DIRECTION('',(0.9283995481885613,-0.30010313184894466,0.21911729547831332));
#4033=FACE_BOUND('',#4034,.T.);
#4034=EDGE_LOOP('',(#4035,#4036,#4037));
#4035=ORIENTED_EDGE('',*,*,#4038,.T.);
#4036=ORIENTED_EDGE('',*,*,#4039,.T.);
#4037=ORIENTED_EDGE('',*,*,#4040,.T.);
#4038=EDGE_CURVE('',#297,#301,#4041,.F.);
#4039=EDGE_CURVE('',#301,#303,#4042,.T.);
#4040=EDGE_CURVE('',#303,#297,#4043,.T.);
#4041=LINE('',#296,#4044);
#4042=LINE('',#300,#4045);
#4043=LINE('',#302,#4046);
#4044=VECTOR('',#4047,1.0);
#4045=VECTOR('',#4048,1.0);
#4046=VECTOR('',#4049,1.0);
#4047=DIRECTION('',(0.9283995481885613,-0.30010313184894466,0.21911729547831332));
#4048=DIRECTION('',(-0.9918546495512637,0.009958834166102219,-0.126984943145209));
#4049=DIRECTION('',(0,0.9453860961014136,-0.32595264885889336));
#4050=FACE_SURFACE('',(#4055),#4051,.T.);
#4051=PLANE('',#4052);
#4052=AXIS2_PLACEMENT_3D('',#298,#4053,#4054);
#4053=DIRECTION('',(0.3078832793405754,-0.3612062526077191,-0.8801919843872594));
#4054=DIRECTION('',(0.9439198374475721,0,0.33017471204341037));
#4055=FACE_BOUND('',#4056,.T.);
#4056=EDGE_LOOP('',(#4057,#4058,#4059));
#4057=ORIENTED_EDGE('',*,*,#4060,.T.);
#4058=ORIENTED_EDGE('',*,*,#4061,.T.);
#4059=ORIENTED_EDGE('',*,*,#4062,.T.);
#4060=EDGE_CURVE('',#299,#305,#4063,.F.);
#4061=EDGE_CURVE('',#305,#307,#4064,.T.);
#4062=EDGE_CURVE('',#307,#299,#4065,.T.);
#4063=LINE('',#298,#4066);
#4064=LINE('',#304,#4067);
#4065=LINE('',#306,#4068);
#4066=VECTOR('',#4069,1.0);
#4067=VECTOR('',#4070,1.0);
#4068=VECTOR('',#4071,1.0);
#4069=DIRECTION('',(0.9439198374475721,0,0.33017471204341037));
#4070=DIRECTION('',(0.09217901639162185,-0.9094541352396548,0.40545801858215197));
#4071=DIRECTION('',(-0.8587069215835876,0.29285301415593207,-0.4205467095629493));
#4072=FACE_SURFACE('',(#4077),#4073,.T.);
#4073=PLANE('',#4074);
#4074=AXIS2_PLACEMENT_3D('',#298,#4075,#4076);
#4075=DIRECTION('',(0.3303928922325969,-0.3109441708591646,-0.8911533310103745));
#4076=DIRECTION('',(0.8587069215835876,-0.29285301415593207,0.4205467095629493));
#4077=FACE_BOUND('',#4078,.T.);
#4078=EDGE_LOOP('',(#4079,#4080,#4081));
#4079=ORIENTED_EDGE('',*,*,#4082,.T.);
#4080=ORIENTED_EDGE('',*,*,#4083,.T.);
#4081=ORIENTED_EDGE('',*,*,#4084,.T.);
#4082=EDGE_CURVE('',#299,#307,#4085,.F.);
#4083=EDGE_CURVE('',#307,#301,#4086,.T.);
#4084=EDGE_CURVE('',#301,#299,#4087,.T.);
#4085=LINE('',#298,#4088);
#4086=LINE('',#306,#4089);
#4087=LINE('',#300,#4090);
#4088=VECTOR('',#4091,1.0);
#4089=VECTOR('',#4092,1.0);
#4090=VECTOR('',#4093,1.0);
#4091=DIRECTION('',(0.8587069215835876,-0.29285301415593207,0.4205467095629493));
#4092=DIRECTION('',(-0.9377902449326602,-0.0013867057726309386,-0.3471995586924633));
#4093=DIRECTION('',(-0.11740554822140566,0.923302290887833,-0.36568950885705037));
#4094=FACE_SURFACE('',(#4099),#4095,.T.);
#4095=PLANE('',#4096);
#4096=AXIS2_PLACEMENT_3D('',#304,#4097,#4098);
#4097=DIRECTION('',(0.5000597154468704,-0.3411135076022517,-0.7959785524236714));
#4098=DIRECTION('',(0.8467657733939291,0,0.531965905870462));
#4099=FACE_BOUND('',#4100,.T.);
#4100=EDGE_LOOP('',(#4101,#4102,#4103));
#4101=ORIENTED_EDGE('',*,*,#4104,.T.);
#4102=ORIENTED_EDGE('',*,*,#4105,.T.);
#4103=ORIENTED_EDGE('',*,*,#4106,.T.);
#4104=EDGE_CURVE('',#305,#309,#4107,.F.);
#4105=EDGE_CURVE('',#309,#311,#4108,.T.);
#4106=EDGE_CURVE('',#311,#305,#4109,.T.);
#4107=LINE('',#304,#4110);
#4108=LINE('',#308,#4111);
#4109=LINE('',#310,#4112);
#4110=VECTOR('',#4113,1.0);
#4111=VECTOR('',#4114,1.0);
#4112=VECTOR('',#4115,1.0);
#4113=DIRECTION('',(0.8467657733939291,0,0.531965905870462));
#4114=DIRECTION('',(-0.1103919420017392,-0.9367639586890706,0.3320947226955977));
#4115=DIRECTION('',(-0.7432085092632262,0.30274293270386604,-0.5966471557433215));
#4116=FACE_SURFACE('',(#4121),#4117,.T.);
#4117=PLANE('',#4118);
#4118=AXIS2_PLACEMENT_3D('',#304,#4119,#4120);
#4119=DIRECTION('',(0.5180500690093531,-0.30394197108051846,-0.7995269877965933));
#4120=DIRECTION('',(0.7432085092632262,-0.30274293270386604,0.5966471557433215));
#4121=FACE_BOUND('',#4122,.T.);
#4122=EDGE_LOOP('',(#4123,#4124,#4125));
#4123=ORIENTED_EDGE('',*,*,#4126,.T.);
#4124=ORIENTED_EDGE('',*,*,#4127,.T.);
#4125=ORIENTED_EDGE('',*,*,#4128,.T.);
#4126=EDGE_CURVE('',#305,#311,#4129,.F.);
#4127=EDGE_CURVE('',#311,#307,#4130,.T.);
#4128=EDGE_CURVE('',#307,#305,#4131,.T.);
#4129=LINE('',#304,#4132);
#4130=LINE('',#310,#4133);
#4131=LINE('',#306,#4134);
#4132=VECTOR('',#4135,1.0);
#4133=VECTOR('',#4136,1.0);
#4134=VECTOR('',#4137,1.0);
#4135=DIRECTION('',(0.7432085092632262,-0.30274293270386604,0.5966471557433215));
#4136=DIRECTION('',(-0.84001406576842,-0.004572221235555577,-0.5425453567252989));
#4137=DIRECTION('',(-0.09217901639162185,0.9094541352396548,-0.40545801858215197));
#4138=FACE_SURFACE('',(#4143),#4139,.T.);
#4139=PLANE('',#4140);
#4140=AXIS2_PLACEMENT_3D('',#308,#4141,#4142);
#4141=DIRECTION('',(0.6708414881101644,-0.3161403988467532,-0.6708404773470038));
#4142=DIRECTION('',(0.7071062484837367,0,0.707107313888957));
#4143=FACE_BOUND('',#4144,.T.);
#4144=EDGE_LOOP('',(#4145,#4146,#4147));
#4145=ORIENTED_EDGE('',*,*,#4148,.T.);
#4146=ORIENTED_EDGE('',*,*,#4149,.T.);
#4147=ORIENTED_EDGE('',*,*,#4150,.T.);
#4148=EDGE_CURVE('',#309,#313,#4151,.F.);
#4149=EDGE_CURVE('',#313,#315,#4152,.T.);
#4150=EDGE_CURVE('',#315,#309,#4153,.T.);
#4151=LINE('',#308,#4154);
#4152=LINE('',#312,#4155);
#4153=LINE('',#314,#4156);
#4154=VECTOR('',#4157,1.0);
#4155=VECTOR('',#4158,1.0);
#4156=VECTOR('',#4159,1.0);
#4157=DIRECTION('',(0.7071062484837367,0,0.707107313888957));
#4158=DIRECTION('',(-0.3429202116380613,-0.9343034848402623,0.09737929279600038));
#4159=DIRECTION('',(-0.5853173721756695,0.329755804446903,-0.7407190312547294));
#4160=FACE_SURFACE('',(#4165),#4161,.T.);
#4161=PLANE('',#4162);
#4162=AXIS2_PLACEMENT_3D('',#308,#4163,#4164);
#4163=DIRECTION('',(0.6704812066955798,-0.31684367284879217,-0.6708688682922519));
#4164=DIRECTION('',(0.5853173721756695,-0.329755804446903,0.7407190312547294));
#4165=FACE_BOUND('',#4166,.T.);
#4166=EDGE_LOOP('',(#4167,#4168,#4169));
#4167=ORIENTED_EDGE('',*,*,#4170,.T.);
#4168=ORIENTED_EDGE('',*,*,#4171,.T.);
#4169=ORIENTED_EDGE('',*,*,#4172,.T.);
#4170=EDGE_CURVE('',#309,#315,#4173,.F.);
#4171=EDGE_CURVE('',#315,#311,#4174,.T.);
#4172=EDGE_CURVE('',#311,#309,#4175,.T.);
#4173=LINE('',#308,#4176);
#4174=LINE('',#314,#4177);
#4175=LINE('',#310,#4178);
#4176=VECTOR('',#4179,1.0);
#4177=VECTOR('',#4180,1.0);
#4178=VECTOR('',#4181,1.0);
#4179=DIRECTION('',(0.5853173721756695,-0.329755804446903,0.7407190312547294));
#4180=DIRECTION('',(-0.7070393908934561,0.0011484596912646368,-0.7071732325006003));
#4181=DIRECTION('',(0.1103919420017392,0.9367639586890706,-0.3320947226955977));
#4182=FACE_SURFACE('',(#4187),#4183,.T.);
#4183=PLANE('',#4184);
#4184=AXIS2_PLACEMENT_3D('',#302,#4185,#4186);
#4185=DIRECTION('',(0.07708687809674403,-0.7467067996914553,-0.6606713014198835));
#4186=DIRECTION('',(0.9918546495512637,-0.009958834166102219,0.126984943145209));
#4187=FACE_BOUND('',#4188,.T.);
#4188=EDGE_LOOP('',(#4189,#4190,#4191));
#4189=ORIENTED_EDGE('',*,*,#4192,.T.);
#4190=ORIENTED_EDGE('',*,*,#4193,.T.);
#4191=ORIENTED_EDGE('',*,*,#4194,.T.);
#4192=EDGE_CURVE('',#303,#301,#4195,.F.);
#4193=EDGE_CURVE('',#301,#317,#4196,.T.);
#4194=EDGE_CURVE('',#317,#303,#4197,.T.);
#4195=LINE('',#302,#4198);
#4196=LINE('',#300,#4199);
#4197=LINE('',#316,#4200);
#4198=VECTOR('',#4201,1.0);
#4199=VECTOR('',#4202,1.0);
#4200=VECTOR('',#4203,1.0);
#4201=DIRECTION('',(0.9918546495512637,-0.009958834166102219,0.126984943145209));
#4202=DIRECTION('',(-0.013237437349608867,-0.6633511877480598,0.748191133311304));
#4203=DIRECTION('',(-0.8723085679503356,0.27039473205030373,-0.40738734781517094));
#4204=FACE_SURFACE('',(#4209),#4205,.T.);
#4205=PLANE('',#4206);
#4206=AXIS2_PLACEMENT_3D('',#302,#4207,#4208);
#4207=DIRECTION('',(0.09179603389363732,-0.7278000401278433,-0.679617973387482));
#4208=DIRECTION('',(0.8723085679503356,-0.27039473205030373,0.40738734781517094));
#4209=FACE_BOUND('',#4210,.T.);
#4210=EDGE_LOOP('',(#4211,#4212,#4213));
#4211=ORIENTED_EDGE('',*,*,#4214,.T.);
#4212=ORIENTED_EDGE('',*,*,#4215,.T.);
#4213=ORIENTED_EDGE('',*,*,#4216,.T.);
#4214=EDGE_CURVE('',#303,#317,#4217,.F.);
#4215=EDGE_CURVE('',#317,#319,#4218,.T.);
#4216=EDGE_CURVE('',#319,#303,#4219,.T.);
#4217=LINE('',#302,#4220);
#4218=LINE('',#316,#4221);
#4219=LINE('',#318,#4222);
#4220=VECTOR('',#4223,1.0);
#4221=VECTOR('',#4224,1.0);
#4222=VECTOR('',#4225,1.0);
#4223=DIRECTION('',(0.8723085679503356,-0.27039473205030373,0.40738734781517094));
#4224=DIRECTION('',(-0.9894053603429925,0.010426234304419222,-0.14480444248289662));
#4225=DIRECTION('',(0,0.6824996022389364,-0.7308859643909532));
#4226=FACE_SURFACE('',(#4231),#4227,.T.);
#4227=PLANE('',#4228);
#4228=AXIS2_PLACEMENT_3D('',#300,#4229,#4230);
#4229=DIRECTION('',(0.23355811511321603,-0.7424417760467819,-0.627878026407408));
#4230=DIRECTION('',(0.9377902449326602,0.0013867057726309386,0.3471995586924633));
#4231=FACE_BOUND('',#4232,.T.);
#4232=EDGE_LOOP('',(#4233,#4234,#4235));
#4233=ORIENTED_EDGE('',*,*,#4236,.T.);
#4234=ORIENTED_EDGE('',*,*,#4237,.T.);
#4235=ORIENTED_EDGE('',*,*,#4238,.T.);
#4236=EDGE_CURVE('',#301,#307,#4239,.F.);
#4237=EDGE_CURVE('',#307,#321,#4240,.T.);
#4238=EDGE_CURVE('',#321,#301,#4241,.T.);
#4239=LINE('',#300,#4242);
#4240=LINE('',#306,#4243);
#4241=LINE('',#320,#4244);
#4242=VECTOR('',#4245,1.0);
#4243=VECTOR('',#4246,1.0);
#4244=VECTOR('',#4247,1.0);
#4245=DIRECTION('',(0.9377902449326602,0.0013867057726309386,0.3471995586924633));
#4246=DIRECTION('',(-0.12204317167040862,-0.6630143565479878,0.738591515832591));
#4247=DIRECTION('',(-0.7694715927409914,0.2536458522798651,-0.5861546294160465));
#4248=FACE_SURFACE('',(#4253),#4249,.T.);
#4249=PLANE('',#4250);
#4250=AXIS2_PLACEMENT_3D('',#300,#4251,#4252);
#4251=DIRECTION('',(0.2480324010426574,-0.7270491801951232,-0.6402182577923045));
#4252=DIRECTION('',(0.7694715927409914,-0.2536458522798651,0.5861546294160465));
#4253=FACE_BOUND('',#4254,.T.);
#4254=EDGE_LOOP('',(#4255,#4256,#4257));
#4255=ORIENTED_EDGE('',*,*,#4258,.T.);
#4256=ORIENTED_EDGE('',*,*,#4259,.T.);
#4257=ORIENTED_EDGE('',*,*,#4260,.T.);
#4258=EDGE_CURVE('',#301,#321,#4261,.F.);
#4259=EDGE_CURVE('',#321,#317,#4262,.T.);
#4260=EDGE_CURVE('',#317,#301,#4263,.T.);
#4261=LINE('',#300,#4264);
#4262=LINE('',#320,#4265);
#4263=LINE('',#316,#4266);
#4264=VECTOR('',#4267,1.0);
#4265=VECTOR('',#4268,1.0);
#4266=VECTOR('',#4269,1.0);
#4267=DIRECTION('',(0.7694715927409914,-0.2536458522798651,0.5861546294160465));
#4268=DIRECTION('',(-0.9394776301031773,-0.01928814603913611,-0.34206687936438795));
#4269=DIRECTION('',(0.013237437349608867,0.6633511877480598,-0.748191133311304));
#4270=FACE_SURFACE('',(#4275),#4271,.T.);
#4271=PLANE('',#4272);
#4272=AXIS2_PLACEMENT_3D('',#306,#4273,#4274);
#4273=DIRECTION('',(0.37709502619660096,-0.7238816938745346,-0.5777496295897727));
#4274=DIRECTION('',(0.84001406576842,0.004572221235555577,0.5425453567252989));
#4275=FACE_BOUND('',#4276,.T.);
#4276=EDGE_LOOP('',(#4277,#4278,#4279));
#4277=ORIENTED_EDGE('',*,*,#4280,.T.);
#4278=ORIENTED_EDGE('',*,*,#4281,.T.);
#4279=ORIENTED_EDGE('',*,*,#4282,.T.);
#4280=EDGE_CURVE('',#307,#311,#4283,.F.);
#4281=EDGE_CURVE('',#311,#323,#4284,.T.);
#4282=EDGE_CURVE('',#323,#307,#4285,.T.);
#4283=LINE('',#306,#4286);
#4284=LINE('',#310,#4287);
#4285=LINE('',#322,#4288);
#4286=VECTOR('',#4289,1.0);
#4287=VECTOR('',#4290,1.0);
#4288=VECTOR('',#4291,1.0);
#4289=DIRECTION('',(0.84001406576842,0.004572221235555577,0.5425453567252989));
#4290=DIRECTION('',(-0.3650949170151857,-0.6894723061558934,0.6255666556121328));
#4291=DIRECTION('',(-0.6211524430652327,0.26504642441169685,-0.7375093459615732));
#4292=FACE_SURFACE('',(#4297),#4293,.T.);
#4293=PLANE('',#4294);
#4294=AXIS2_PLACEMENT_3D('',#306,#4295,#4296);
#4295=DIRECTION('',(0.3835495213736791,-0.717849503357012,-0.581017947385546));
#4296=DIRECTION('',(0.6211524430652327,-0.26504642441169685,0.7375093459615732));
#4297=FACE_BOUND('',#4298,.T.);
#4298=EDGE_LOOP('',(#4299,#4300,#4301));
#4299=ORIENTED_EDGE('',*,*,#4302,.T.);
#4300=ORIENTED_EDGE('',*,*,#4303,.T.);
#4301=ORIENTED_EDGE('',*,*,#4304,.T.);
#4302=EDGE_CURVE('',#307,#323,#4305,.F.);
#4303=EDGE_CURVE('',#323,#321,#4306,.T.);
#4304=EDGE_CURVE('',#321,#307,#4307,.T.);
#4305=LINE('',#306,#4308);
#4306=LINE('',#322,#4309);
#4307=LINE('',#320,#4310);
#4308=VECTOR('',#4311,1.0);
#4309=VECTOR('',#4312,1.0);
#4310=VECTOR('',#4313,1.0);
#4311=DIRECTION('',(0.6211524430652327,-0.26504642441169685,0.7375093459615732));
#4312=DIRECTION('',(-0.8502053602046095,-0.028803291095104953,-0.525662644574865));
#4313=DIRECTION('',(0.12204317167040862,0.6630143565479878,-0.738591515832591));
#4314=FACE_SURFACE('',(#4319),#4315,.T.);
#4315=PLANE('',#4316);
#4316=AXIS2_PLACEMENT_3D('',#310,#4317,#4318);
#4317=DIRECTION('',(0.4946780950341066,-0.7138149267060911,-0.4957437167579689));
#4318=DIRECTION('',(0.7070393908934561,-0.0011484596912646368,0.7071732325006003));
#4319=FACE_BOUND('',#4320,.T.);
#4320=EDGE_LOOP('',(#4321,#4322,#4323));
#4321=ORIENTED_EDGE('',*,*,#4324,.T.);
#4322=ORIENTED_EDGE('',*,*,#4325,.T.);
#4323=ORIENTED_EDGE('',*,*,#4326,.T.);
#4324=EDGE_CURVE('',#311,#315,#4327,.F.);
#4325=EDGE_CURVE('',#315,#325,#4328,.T.);
#4326=EDGE_CURVE('',#325,#311,#4329,.T.);
#4327=LINE('',#310,#4330);
#4328=LINE('',#314,#4331);
#4329=LINE('',#324,#4332);
#4330=VECTOR('',#4333,1.0);
#4331=VECTOR('',#4334,1.0);
#4332=VECTOR('',#4335,1.0);
#4333=DIRECTION('',(0.7070393908934561,-0.0011484596912646368,0.7071732325006003));
#4334=DIRECTION('',(-0.6189577960532006,-0.6897946353245779,0.37559899864402874));
#4335=DIRECTION('',(-0.42093702716252474,0.30225809768252326,-0.8552497071317349));
#4336=FACE_SURFACE('',(#4341),#4337,.T.);
#4337=PLANE('',#4338);
#4338=AXIS2_PLACEMENT_3D('',#310,#4339,#4340);
#4339=DIRECTION('',(0.49602402739514856,-0.7126948450496047,-0.4960103044155605));
#4340=DIRECTION('',(0.42093702716252474,-0.30225809768252326,0.8552497071317349));
#4341=FACE_BOUND('',#4342,.T.);
#4342=EDGE_LOOP('',(#4343,#4344,#4345));
#4343=ORIENTED_EDGE('',*,*,#4346,.T.);
#4344=ORIENTED_EDGE('',*,*,#4347,.T.);
#4345=ORIENTED_EDGE('',*,*,#4348,.T.);
#4346=EDGE_CURVE('',#311,#325,#4349,.F.);
#4347=EDGE_CURVE('',#325,#323,#4350,.T.);
#4348=EDGE_CURVE('',#323,#311,#4351,.T.);
#4349=LINE('',#310,#4352);
#4350=LINE('',#324,#4353);
#4351=LINE('',#322,#4354);
#4352=VECTOR('',#4355,1.0);
#4353=VECTOR('',#4356,1.0);
#4354=VECTOR('',#4357,1.0);
#4355=DIRECTION('',(0.42093702716252474,-0.30225809768252326,0.8552497071317349));
#4356=DIRECTION('',(-0.7067717107437773,0.0004525741294430771,-0.7074415481642082));
#4357=DIRECTION('',(0.3650949170151857,0.6894723061558934,-0.6255666556121328));
#4358=FACE_SURFACE('',(#4363),#4359,.T.);
#4359=PLANE('',#4360);
#4360=AXIS2_PLACEMENT_3D('',#318,#4361,#4362);
#4361=DIRECTION('',(0.05638336309940549,-0.8915280613464106,-0.44944257942201166));
#4362=DIRECTION('',(0.9894053603429925,-0.010426234304419222,0.14480444248289662));
#4363=FACE_BOUND('',#4364,.T.);
#4364=EDGE_LOOP('',(#4365,#4366,#4367));
#4365=ORIENTED_EDGE('',*,*,#4368,.T.);
#4366=ORIENTED_EDGE('',*,*,#4369,.T.);
#4367=ORIENTED_EDGE('',*,*,#4370,.T.);
#4368=EDGE_CURVE('',#319,#317,#4371,.F.);
#4369=EDGE_CURVE('',#317,#327,#4372,.T.);
#4370=EDGE_CURVE('',#327,#319,#4373,.T.);
#4371=LINE('',#318,#4374);
#4372=LINE('',#316,#4375);
#4373=LINE('',#326,#4376);
#4374=VECTOR('',#4377,1.0);
#4375=VECTOR('',#4378,1.0);
#4376=VECTOR('',#4379,1.0);
#4377=DIRECTION('',(0.9894053603429925,-0.010426234304419222,0.14480444248289662));
#4378=DIRECTION('',(-0.03300124789570806,-0.4515768920125603,0.891621684481486));
#4379=DIRECTION('',(-0.820198881384424,0.2153198853145288,-0.530010511182446));
#4380=FACE_SURFACE('',(#4385),#4381,.T.);
#4381=PLANE('',#4382);
#4382=AXIS2_PLACEMENT_3D('',#318,#4383,#4384);
#4383=DIRECTION('',(0.06503086508285173,-0.8853670710659155,-0.4603217744781776));
#4384=DIRECTION('',(0.820198881384424,-0.2153198853145288,0.530010511182446));
#4385=FACE_BOUND('',#4386,.T.);
#4386=EDGE_LOOP('',(#4387,#4388,#4389));
#4387=ORIENTED_EDGE('',*,*,#4390,.T.);
#4388=ORIENTED_EDGE('',*,*,#4391,.T.);
#4389=ORIENTED_EDGE('',*,*,#4392,.T.);
#4390=EDGE_CURVE('',#319,#327,#4393,.F.);
#4391=EDGE_CURVE('',#327,#329,#4394,.T.);
#4392=EDGE_CURVE('',#329,#319,#4395,.T.);
#4393=LINE('',#318,#4396);
#4394=LINE('',#326,#4397);
#4395=LINE('',#328,#4398);
#4396=VECTOR('',#4399,1.0);
#4397=VECTOR('',#4400,1.0);
#4398=VECTOR('',#4401,1.0);
#4399=DIRECTION('',(0.820198881384424,-0.2153198853145288,0.530010511182446));
#4400=DIRECTION('',(-0.9928298178393957,-0.011040115213796218,-0.11902549586142694));
#4401=DIRECTION('',(0,0.46129822612165744,-0.8872451445778738));
#4402=FACE_SURFACE('',(#4407),#4403,.T.);
#4403=PLANE('',#4404);
#4404=AXIS2_PLACEMENT_3D('',#316,#4405,#4406);
#4405=DIRECTION('',(0.1770917100912322,-0.8820328179158657,-0.4366424559480678));
#4406=DIRECTION('',(0.9394776301031773,0.01928814603913611,0.34206687936438795));
#4407=FACE_BOUND('',#4408,.T.);
#4408=EDGE_LOOP('',(#4409,#4410,#4411));
#4409=ORIENTED_EDGE('',*,*,#4412,.T.);
#4410=ORIENTED_EDGE('',*,*,#4413,.T.);
#4411=ORIENTED_EDGE('',*,*,#4414,.T.);
#4412=EDGE_CURVE('',#317,#321,#4415,.F.);
#4413=EDGE_CURVE('',#321,#331,#4416,.T.);
#4414=EDGE_CURVE('',#331,#317,#4417,.T.);
#4415=LINE('',#316,#4418);
#4416=LINE('',#320,#4419);
#4417=LINE('',#330,#4420);
#4418=VECTOR('',#4421,1.0);
#4419=VECTOR('',#4422,1.0);
#4420=VECTOR('',#4423,1.0);
#4421=DIRECTION('',(0.9394776301031773,0.01928814603913611,0.34206687936438795));
#4422=DIRECTION('',(-0.1494965198088549,-0.4626141653637829,0.8738643627988334));
#4423=DIRECTION('',(-0.7247369900165064,0.18329501148062885,-0.6641981888473729));
#4424=FACE_SURFACE('',(#4429),#4425,.T.);
#4425=PLANE('',#4426);
#4426=AXIS2_PLACEMENT_3D('',#316,#4427,#4428);
#4427=DIRECTION('',(0.17984620319316547,-0.8802286680699815,-0.4391501282075971));
#4428=DIRECTION('',(0.7247369900165064,-0.18329501148062885,0.6641981888473729));
#4429=FACE_BOUND('',#4430,.T.);
#4430=EDGE_LOOP('',(#4431,#4432,#4433));
#4431=ORIENTED_EDGE('',*,*,#4434,.T.);
#4432=ORIENTED_EDGE('',*,*,#4435,.T.);
#4433=ORIENTED_EDGE('',*,*,#4436,.T.);
#4434=EDGE_CURVE('',#317,#331,#4437,.F.);
#4435=EDGE_CURVE('',#331,#327,#4438,.T.);
#4436=EDGE_CURVE('',#327,#317,#4439,.T.);
#4437=LINE('',#316,#4440);
#4438=LINE('',#330,#4441);
#4439=LINE('',#326,#4442);
#4440=VECTOR('',#4443,1.0);
#4441=VECTOR('',#4444,1.0);
#4442=VECTOR('',#4445,1.0);
#4443=DIRECTION('',(0.7247369900165064,-0.18329501148062885,0.6641981888473729));
#4444=DIRECTION('',(-0.9581442283903597,-0.05566199516737065,-0.28082268408415667));
#4445=DIRECTION('',(0.03300124789570806,0.4515768920125603,-0.891621684481486));
#4446=FACE_SURFACE('',(#4451),#4447,.T.);
#4447=PLANE('',#4448);
#4448=AXIS2_PLACEMENT_3D('',#320,#4449,#4450);
#4449=DIRECTION('',(0.28665924336046267,-0.8628252848915606,-0.4163640305643659));
#4450=DIRECTION('',(0.8502053602046095,0.028803291095104953,0.525662644574865));
#4451=FACE_BOUND('',#4452,.T.);
#4452=EDGE_LOOP('',(#4453,#4454,#4455));
#4453=ORIENTED_EDGE('',*,*,#4456,.T.);
#4454=ORIENTED_EDGE('',*,*,#4457,.T.);
#4455=ORIENTED_EDGE('',*,*,#4458,.T.);
#4456=EDGE_CURVE('',#321,#323,#4459,.F.);
#4457=EDGE_CURVE('',#323,#333,#4460,.T.);
#4458=EDGE_CURVE('',#333,#321,#4461,.T.);
#4459=LINE('',#320,#4462);
#4460=LINE('',#322,#4463);
#4461=LINE('',#332,#4464);
#4462=VECTOR('',#4465,1.0);
#4463=VECTOR('',#4466,1.0);
#4464=VECTOR('',#4467,1.0);
#4465=DIRECTION('',(0.8502053602046095,0.028803291095104953,0.525662644574865));
#4466=DIRECTION('',(-0.4117504191934855,-0.5033752298143405,0.7596545071960996));
#4467=DIRECTION('',(-0.579162465057359,0.19012289696396845,-0.7927320626281691));
#4468=FACE_SURFACE('',(#4473),#4469,.T.);
#4469=PLANE('',#4470);
#4470=AXIS2_PLACEMENT_3D('',#320,#4471,#4472);
#4471=DIRECTION('',(0.2786448068951374,-0.867687122090182,-0.4116747863899722));
#4472=DIRECTION('',(0.579162465057359,-0.19012289696396845,0.7927320626281691));
#4473=FACE_BOUND('',#4474,.T.);
#4474=EDGE_LOOP('',(#4475,#4476,#4477));
#4475=ORIENTED_EDGE('',*,*,#4478,.T.);
#4476=ORIENTED_EDGE('',*,*,#4479,.T.);
#4477=ORIENTED_EDGE('',*,*,#4480,.T.);
#4478=EDGE_CURVE('',#321,#333,#4481,.F.);
#4479=EDGE_CURVE('',#333,#331,#4482,.T.);
#4480=EDGE_CURVE('',#331,#321,#4483,.T.);
#4481=LINE('',#320,#4484);
#4482=LINE('',#332,#4485);
#4483=LINE('',#330,#4486);
#4484=VECTOR('',#4487,1.0);
#4485=VECTOR('',#4488,1.0);
#4486=VECTOR('',#4489,1.0);
#4487=DIRECTION('',(0.579162465057359,-0.19012289696396845,0.7927320626281691));
#4488=DIRECTION('',(-0.894564776833681,-0.07852443805095598,-0.4399861050957044));
#4489=DIRECTION('',(0.1494965198088549,0.4626141653637829,-0.8738643627988334));
#4490=FACE_SURFACE('',(#4495),#4491,.T.);
#4491=PLANE('',#4492);
#4492=AXIS2_PLACEMENT_3D('',#322,#4493,#4494);
#4493=DIRECTION('',(0.3669791800677597,-0.8546965782925657,-0.3671784858236857));
#4494=DIRECTION('',(0.7067717107437773,-0.0004525741294430771,0.7074415481642082));
#4495=FACE_BOUND('',#4496,.T.);
#4496=EDGE_LOOP('',(#4497,#4498,#4499));
#4497=ORIENTED_EDGE('',*,*,#4500,.T.);
#4498=ORIENTED_EDGE('',*,*,#4501,.T.);
#4499=ORIENTED_EDGE('',*,*,#4502,.T.);
#4500=EDGE_CURVE('',#323,#325,#4503,.F.);
#4501=EDGE_CURVE('',#325,#335,#4504,.T.);
#4502=EDGE_CURVE('',#335,#323,#4505,.T.);
#4503=LINE('',#322,#4506);
#4504=LINE('',#324,#4507);
#4505=LINE('',#334,#4508);
#4506=VECTOR('',#4509,1.0);
#4507=VECTOR('',#4510,1.0);
#4508=VECTOR('',#4511,1.0);
#4509=DIRECTION('',(0.7067717107437773,-0.0004525741294430771,0.7074415481642082));
#4510=DIRECTION('',(-0.7581908879613959,-0.5035139024299455,0.4142708383075948));
#4511=DIRECTION('',(-0.3091155918648288,0.2602423881330118,-0.9147247948344264));
#4512=FACE_SURFACE('',(#4517),#4513,.T.);
#4513=PLANE('',#4514);
#4514=AXIS2_PLACEMENT_3D('',#322,#4515,#4516);
#4515=DIRECTION('',(0.36722497448852975,-0.8545706980945794,-0.3672257344877153));
#4516=DIRECTION('',(0.3091155918648288,-0.2602423881330118,0.9147247948344264));
#4517=FACE_BOUND('',#4518,.T.);
#4518=EDGE_LOOP('',(#4519,#4520,#4521));
#4519=ORIENTED_EDGE('',*,*,#4522,.T.);
#4520=ORIENTED_EDGE('',*,*,#4523,.T.);
#4521=ORIENTED_EDGE('',*,*,#4524,.T.);
#4522=EDGE_CURVE('',#323,#335,#4525,.F.);
#4523=EDGE_CURVE('',#335,#333,#4526,.T.);
#4524=EDGE_CURVE('',#333,#323,#4527,.T.);
#4525=LINE('',#322,#4528);
#4526=LINE('',#334,#4529);
#4527=LINE('',#332,#4530);
#4528=VECTOR('',#4531,1.0);
#4529=VECTOR('',#4532,1.0);
#4530=VECTOR('',#4533,1.0);
#4531=DIRECTION('',(0.3091155918648288,-0.2602423881330118,0.9147247948344264));
#4532=DIRECTION('',(-0.7071067811864077,6.288544400601731E-07,-0.7071067811864077));
#4533=DIRECTION('',(0.4117504191934855,0.5033752298143405,-0.7596545071960996));
#4534=FACE_SURFACE('',(#4539),#4535,.T.);
#4535=PLANE('',#4536);
#4536=AXIS2_PLACEMENT_3D('',#44,#4537,#4538);
#4537=DIRECTION('',(0.9388852372555834,-0.32371126603192524,-0.11707060906792607));
#4538=DIRECTION('',(-0.32595264885889336,-0.9453860961014136,0));
#4539=FACE_BOUND('',#4540,.T.);
#4540=EDGE_LOOP('',(#4541,#4542,#4543));
#4541=ORIENTED_EDGE('',*,*,#4544,.T.);
#4542=ORIENTED_EDGE('',*,*,#4545,.T.);
#4543=ORIENTED_EDGE('',*,*,#4546,.T.);
#4544=EDGE_CURVE('',#45,#337,#4547,.F.);
#4545=EDGE_CURVE('',#337,#339,#4548,.T.);
#4546=EDGE_CURVE('',#339,#45,#4549,.T.);
#4547=LINE('',#44,#4550);
#4548=LINE('',#336,#4551);
#4549=LINE('',#338,#4552);
#4550=VECTOR('',#4553,1.0);
#4551=VECTOR('',#4554,1.0);
#4552=VECTOR('',#4555,1.0);
#4553=DIRECTION('',(-0.32595264885889336,-0.9453860961014136,0));
#4554=DIRECTION('',(-0.12828775646604312,-0.013453070028468218,-0.9916457363634044));
#4555=DIRECTION('',(0.2208777507985175,0.30568230951988234,0.9261594597307631));
#4556=FACE_SURFACE('',(#4561),#4557,.T.);
#4557=PLANE('',#4558);
#4558=AXIS2_PLACEMENT_3D('',#44,#4559,#4560);
#4559=DIRECTION('',(0.929229641883846,-0.3543743710365067,-0.10464739746835354));
#4560=DIRECTION('',(-0.2208777507985175,-0.30568230951988234,-0.9261594597307631));
#4561=FACE_BOUND('',#4562,.T.);
#4562=EDGE_LOOP('',(#4563,#4564,#4565));
#4563=ORIENTED_EDGE('',*,*,#4566,.T.);
#4564=ORIENTED_EDGE('',*,*,#4567,.T.);
#4565=ORIENTED_EDGE('',*,*,#4568,.T.);
#4566=EDGE_CURVE('',#45,#339,#4569,.F.);
#4567=EDGE_CURVE('',#339,#341,#4570,.T.);
#4568=EDGE_CURVE('',#341,#45,#4571,.T.);
#4569=LINE('',#44,#4572);
#4570=LINE('',#338,#4573);
#4571=LINE('',#340,#4574);
#4572=VECTOR('',#4575,1.0);
#4573=VECTOR('',#4576,1.0);
#4574=VECTOR('',#4577,1.0);
#4575=DIRECTION('',(-0.2208777507985175,-0.30568230951988234,-0.9261594597307631));
#4576=DIRECTION('',(0.36353755795943254,0.9274813026946807,0.0872861793451326));
#4577=DIRECTION('',(0.11190994637736189,0,0.9937183524026392));
#4578=FACE_SURFACE('',(#4583),#4579,.T.);
#4579=PLANE('',#4580);
#4580=AXIS2_PLACEMENT_3D('',#336,#4581,#4582);
#4581=DIRECTION('',(0.6796602761374382,-0.7278476915059818,-0.09110239848760655));
#4582=DIRECTION('',(-0.7308870633895161,-0.6824984253240807,0));
#4583=FACE_BOUND('',#4584,.T.);
#4584=EDGE_LOOP('',(#4585,#4586,#4587));
#4585=ORIENTED_EDGE('',*,*,#4588,.T.);
#4586=ORIENTED_EDGE('',*,*,#4589,.T.);
#4587=ORIENTED_EDGE('',*,*,#4590,.T.);
#4588=EDGE_CURVE('',#337,#343,#4591,.F.);
#4589=EDGE_CURVE('',#343,#345,#4592,.T.);
#4590=EDGE_CURVE('',#345,#337,#4593,.T.);
#4591=LINE('',#336,#4594);
#4592=LINE('',#342,#4595);
#4593=LINE('',#344,#4596);
#4594=VECTOR('',#4597,1.0);
#4595=VECTOR('',#4598,1.0);
#4596=VECTOR('',#4599,1.0);
#4597=DIRECTION('',(-0.7308870633895161,-0.6824984253240807,0));
#4598=DIRECTION('',(-0.1440932742855698,-0.010700152297644275,-0.9895062582149092));
#4599=DIRECTION('',(0.4085891304600279,0.27250696470881,0.8710883288479473));
#4600=FACE_SURFACE('',(#4605),#4601,.T.);
#4601=PLANE('',#4602);
#4602=AXIS2_PLACEMENT_3D('',#336,#4603,#4604);
#4603=DIRECTION('',(0.6591875332019395,-0.7482163136800303,-0.07512751835518472));
#4604=DIRECTION('',(-0.4085891304600279,-0.27250696470881,-0.8710883288479473));
#4605=FACE_BOUND('',#4606,.T.);
#4606=EDGE_LOOP('',(#4607,#4608,#4609));
#4607=ORIENTED_EDGE('',*,*,#4610,.T.);
#4608=ORIENTED_EDGE('',*,*,#4611,.T.);
#4609=ORIENTED_EDGE('',*,*,#4612,.T.);
#4610=EDGE_CURVE('',#337,#345,#4613,.F.);
#4611=EDGE_CURVE('',#345,#339,#4614,.T.);
#4612=EDGE_CURVE('',#339,#337,#4615,.T.);
#4613=LINE('',#336,#4616);
#4614=LINE('',#344,#4617);
#4615=LINE('',#338,#4618);
#4616=VECTOR('',#4619,1.0);
#4617=VECTOR('',#4620,1.0);
#4618=VECTOR('',#4621,1.0);
#4619=DIRECTION('',(-0.4085891304600279,-0.27250696470881,-0.8710883288479473));
#4620=DIRECTION('',(0.7498484433352763,0.6615461002682701,-0.009168928372864206));
#4621=DIRECTION('',(0.12828775646604312,0.013453070028468218,0.9916457363634044));
#4622=FACE_SURFACE('',(#4627),#4623,.T.);
#4623=PLANE('',#4624);
#4624=AXIS2_PLACEMENT_3D('',#342,#4625,#4626);
#4625=DIRECTION('',(0.46034071984441755,-0.8854006223723618,-0.06443725285700548));
#4626=DIRECTION('',(-0.8872445288361674,-0.4612994104161495,0));
#4627=FACE_BOUND('',#4628,.T.);
#4628=EDGE_LOOP('',(#4629,#4630,#4631));
#4629=ORIENTED_EDGE('',*,*,#4632,.T.);
#4630=ORIENTED_EDGE('',*,*,#4633,.T.);
#4631=ORIENTED_EDGE('',*,*,#4634,.T.);
#4632=EDGE_CURVE('',#343,#347,#4635,.F.);
#4633=EDGE_CURVE('',#347,#349,#4636,.T.);
#4634=EDGE_CURVE('',#349,#343,#4637,.T.);
#4635=LINE('',#342,#4638);
#4636=LINE('',#346,#4639);
#4637=LINE('',#348,#4640);
#4638=VECTOR('',#4641,1.0);
#4639=VECTOR('',#4642,1.0);
#4640=VECTOR('',#4643,1.0);
#4641=DIRECTION('',(-0.8872445288361674,-0.4612994104161495,0));
#4642=DIRECTION('',(-0.11501797344869394,0.012488238480636567,-0.9932849086155524));
#4643=DIRECTION('',(0.528609598720681,0.21507415082349077,0.8211668538049469));
#4644=FACE_SURFACE('',(#4649),#4645,.T.);
#4645=PLANE('',#4646);
#4646=AXIS2_PLACEMENT_3D('',#342,#4647,#4648);
#4647=DIRECTION('',(0.4494425143542608,-0.8915643334304848,-0.055807397767460326));
#4648=DIRECTION('',(-0.528609598720681,-0.21507415082349077,-0.8211668538049469));
#4649=FACE_BOUND('',#4650,.T.);
#4650=EDGE_LOOP('',(#4651,#4652,#4653));
#4651=ORIENTED_EDGE('',*,*,#4654,.T.);
#4652=ORIENTED_EDGE('',*,*,#4655,.T.);
#4653=ORIENTED_EDGE('',*,*,#4656,.T.);
#4654=EDGE_CURVE('',#343,#349,#4657,.F.);
#4655=EDGE_CURVE('',#349,#345,#4658,.T.);
#4656=EDGE_CURVE('',#345,#343,#4659,.T.);
#4657=LINE('',#342,#4660);
#4658=LINE('',#348,#4661);
#4659=LINE('',#344,#4662);
#4660=VECTOR('',#4663,1.0);
#4661=VECTOR('',#4664,1.0);
#4662=VECTOR('',#4665,1.0);
#4663=DIRECTION('',(-0.528609598720681,-0.21507415082349077,-0.8211668538049469));
#4664=DIRECTION('',(0.8921394936700556,0.4511732533713177,-0.023017803467700215));
#4665=DIRECTION('',(0.1440932742855698,0.010700152297644275,0.9895062582149092));
#4666=FACE_SURFACE('',(#4671),#4667,.T.);
#4667=PLANE('',#4668);
#4668=AXIS2_PLACEMENT_3D('',#346,#4669,#4670);
#4669=DIRECTION('',(0.3101353121337539,-0.9494930697866885,-0.04773885833102568));
#4670=DIRECTION('',(-0.9505768693079809,-0.3104893163003161,0));
#4671=FACE_BOUND('',#4672,.T.);
#4672=EDGE_LOOP('',(#4673,#4674,#4675));
#4673=ORIENTED_EDGE('',*,*,#4676,.T.);
#4674=ORIENTED_EDGE('',*,*,#4677,.T.);
#4675=ORIENTED_EDGE('',*,*,#4678,.T.);
#4676=EDGE_CURVE('',#347,#351,#4679,.F.);
#4677=EDGE_CURVE('',#351,#353,#4680,.T.);
#4678=EDGE_CURVE('',#353,#347,#4681,.T.);
#4679=LINE('',#346,#4682);
#4680=LINE('',#350,#4683);
#4681=LINE('',#352,#4684);
#4682=VECTOR('',#4685,1.0);
#4683=VECTOR('',#4686,1.0);
#4684=VECTOR('',#4687,1.0);
#4685=DIRECTION('',(-0.9505768693079809,-0.3104893163003161,0));
#4686=DIRECTION('',(-0.0339981171682104,0.03910582084090366,-0.9986565289454506));
#4687=DIRECTION('',(0.5847810847498841,0.15093546626667553,0.7970254499961782));
#4688=FACE_SURFACE('',(#4693),#4689,.T.);
#4689=PLANE('',#4690);
#4690=AXIS2_PLACEMENT_3D('',#346,#4691,#4692);
#4691=DIRECTION('',(0.3102958327515152,-0.9494341317034962,-0.047867794324283015));
#4692=DIRECTION('',(-0.5847810847498841,-0.15093546626667553,-0.7970254499961782));
#4693=FACE_BOUND('',#4694,.T.);
#4694=EDGE_LOOP('',(#4695,#4696,#4697));
#4695=ORIENTED_EDGE('',*,*,#4698,.T.);
#4696=ORIENTED_EDGE('',*,*,#4699,.T.);
#4697=ORIENTED_EDGE('',*,*,#4700,.T.);
#4698=EDGE_CURVE('',#347,#353,#4701,.F.);
#4699=EDGE_CURVE('',#353,#349,#4702,.T.);
#4700=EDGE_CURVE('',#349,#347,#4703,.T.);
#4701=LINE('',#346,#4704);
#4702=LINE('',#352,#4705);
#4703=LINE('',#348,#4706);
#4704=VECTOR('',#4707,1.0);
#4705=VECTOR('',#4708,1.0);
#4706=VECTOR('',#4709,1.0);
#4707=DIRECTION('',(-0.5847810847498841,-0.15093546626667553,-0.7970254499961782));
#4708=DIRECTION('',(0.9505834568319859,0.3104331712386415,0.004726287345515614));
#4709=DIRECTION('',(0.11501797344869394,-0.012488238480636567,0.9932849086155524));
#4710=FACE_SURFACE('',(#4715),#4711,.T.);
#4711=PLANE('',#4712);
#4712=AXIS2_PLACEMENT_3D('',#340,#4713,#4714);
#4713=DIRECTION('',(0.8894984059070857,-0.3177460179655006,-0.3283748680331992));
#4714=DIRECTION('',(-0.36353755795943254,-0.9274813026946807,-0.0872861793451326));
#4715=FACE_BOUND('',#4716,.T.);
#4716=EDGE_LOOP('',(#4717,#4718,#4719));
#4717=ORIENTED_EDGE('',*,*,#4720,.T.);
#4718=ORIENTED_EDGE('',*,*,#4721,.T.);
#4719=ORIENTED_EDGE('',*,*,#4722,.T.);
#4720=EDGE_CURVE('',#341,#339,#4723,.F.);
#4721=EDGE_CURVE('',#339,#355,#4724,.T.);
#4722=EDGE_CURVE('',#355,#341,#4725,.T.);
#4723=LINE('',#340,#4726);
#4724=LINE('',#338,#4727);
#4725=LINE('',#354,#4728);
#4726=VECTOR('',#4729,1.0);
#4727=VECTOR('',#4730,1.0);
#4728=VECTOR('',#4731,1.0);
#4729=DIRECTION('',(-0.36353755795943254,-0.9274813026946807,-0.0872861793451326));
#4730=DIRECTION('',(-0.34569393166833495,0.001997759431389665,-0.9383452001075846));
#4731=DIRECTION('',(0.4218880107047512,0.29506646790333124,0.8572900827273345));
#4732=FACE_SURFACE('',(#4737),#4733,.T.);
#4733=PLANE('',#4734);
#4734=AXIS2_PLACEMENT_3D('',#340,#4735,#4736);
#4735=DIRECTION('',(0.8793086408960455,-0.3636137767836717,-0.3075733008221995));
#4736=DIRECTION('',(-0.4218880107047512,-0.29506646790333124,-0.8572900827273345));
#4737=FACE_BOUND('',#4738,.T.);
#4738=EDGE_LOOP('',(#4739,#4740,#4741));
#4739=ORIENTED_EDGE('',*,*,#4742,.T.);
#4740=ORIENTED_EDGE('',*,*,#4743,.T.);
#4741=ORIENTED_EDGE('',*,*,#4744,.T.);
#4742=EDGE_CURVE('',#341,#355,#4745,.F.);
#4743=EDGE_CURVE('',#355,#357,#4746,.T.);
#4744=EDGE_CURVE('',#357,#341,#4747,.T.);
#4745=LINE('',#340,#4748);
#4746=LINE('',#354,#4749);
#4747=LINE('',#356,#4750);
#4748=VECTOR('',#4751,1.0);
#4749=VECTOR('',#4752,1.0);
#4750=VECTOR('',#4753,1.0);
#4751=DIRECTION('',(-0.4218880107047512,-0.29506646790333124,-0.8572900827273345));
#4752=DIRECTION('',(0.4072497472352277,0.9088940693744221,0.08977312533740968));
#4753=DIRECTION('',(0.3301737624084767,0,0.9439201696208377));
#4754=FACE_SURFACE('',(#4759),#4755,.T.);
#4755=PLANE('',#4756);
#4756=AXIS2_PLACEMENT_3D('',#338,#4757,#4758);
#4757=DIRECTION('',(0.6393840450362477,-0.7281509138819913,-0.24694997381232198));
#4758=DIRECTION('',(-0.7498484433352763,-0.6615461002682701,0.009168928372864206));
#4759=FACE_BOUND('',#4760,.T.);
#4760=EDGE_LOOP('',(#4761,#4762,#4763));
#4761=ORIENTED_EDGE('',*,*,#4764,.T.);
#4762=ORIENTED_EDGE('',*,*,#4765,.T.);
#4763=ORIENTED_EDGE('',*,*,#4766,.T.);
#4764=EDGE_CURVE('',#339,#345,#4767,.F.);
#4765=EDGE_CURVE('',#345,#359,#4768,.T.);
#4766=EDGE_CURVE('',#359,#339,#4769,.T.);
#4767=LINE('',#338,#4770);
#4768=LINE('',#344,#4771);
#4769=LINE('',#358,#4772);
#4770=VECTOR('',#4773,1.0);
#4771=VECTOR('',#4774,1.0);
#4772=VECTOR('',#4775,1.0);
#4773=DIRECTION('',(-0.7498484433352763,-0.6615461002682701,0.009168928372864206));
#4774=DIRECTION('',(-0.3418754203434941,0.018451731304815696,-0.9395641173314432));
#4775=DIRECTION('',(0.5833116327247114,0.2501157856863228,0.7727804558078218));
#4776=FACE_SURFACE('',(#4781),#4777,.T.);
#4777=PLANE('',#4778);
#4778=AXIS2_PLACEMENT_3D('',#338,#4779,#4780);
#4779=DIRECTION('',(0.6269108116541644,-0.7435771727188024,-0.23254208746510577));
#4780=DIRECTION('',(-0.5833116327247114,-0.2501157856863228,-0.7727804558078218));
#4781=FACE_BOUND('',#4782,.T.);
#4782=EDGE_LOOP('',(#4783,#4784,#4785));
#4783=ORIENTED_EDGE('',*,*,#4786,.T.);
#4784=ORIENTED_EDGE('',*,*,#4787,.T.);
#4785=ORIENTED_EDGE('',*,*,#4788,.T.);
#4786=EDGE_CURVE('',#339,#359,#4789,.F.);
#4787=EDGE_CURVE('',#359,#355,#4790,.T.);
#4788=EDGE_CURVE('',#355,#339,#4791,.T.);
#4789=LINE('',#338,#4792);
#4790=LINE('',#358,#4793);
#4791=LINE('',#354,#4794);
#4792=VECTOR('',#4795,1.0);
#4793=VECTOR('',#4796,1.0);
#4794=VECTOR('',#4797,1.0);
#4795=DIRECTION('',(-0.5833116327247114,-0.2501157856863228,-0.7727804558078218));
#4796=DIRECTION('',(0.7382999655548956,0.6623207162116488,-0.1274536376041447));
#4797=DIRECTION('',(0.34569393166833495,-0.001997759431389665,0.9383452001075846));
#4798=FACE_SURFACE('',(#4803),#4799,.T.);
#4799=PLANE('',#4800);
#4800=AXIS2_PLACEMENT_3D('',#344,#4801,#4802);
#4801=DIRECTION('',(0.44020366644705244,-0.8796394752872285,-0.18015306148656338));
#4802=DIRECTION('',(-0.8921394936700556,-0.4511732533713177,0.023017803467700215));
#4803=FACE_BOUND('',#4804,.T.);
#4804=EDGE_LOOP('',(#4805,#4806,#4807));
#4805=ORIENTED_EDGE('',*,*,#4808,.T.);
#4806=ORIENTED_EDGE('',*,*,#4809,.T.);
#4807=ORIENTED_EDGE('',*,*,#4810,.T.);
#4808=EDGE_CURVE('',#345,#349,#4811,.F.);
#4809=EDGE_CURVE('',#349,#361,#4812,.T.);
#4810=EDGE_CURVE('',#361,#345,#4813,.T.);
#4811=LINE('',#344,#4814);
#4812=LINE('',#348,#4815);
#4813=LINE('',#360,#4816);
#4814=VECTOR('',#4817,1.0);
#4815=VECTOR('',#4818,1.0);
#4816=VECTOR('',#4819,1.0);
#4817=DIRECTION('',(-0.8921394936700556,-0.4511732533713177,0.023017803467700215));
#4818=DIRECTION('',(-0.28372690455179544,0.05408698687452823,-0.9573785257066773));
#4819=DIRECTION('',(0.6613608079587104,0.18194042203931182,0.7276672072619177));
#4820=FACE_SURFACE('',(#4825),#4821,.T.);
#4821=PLANE('',#4822);
#4822=AXIS2_PLACEMENT_3D('',#344,#4823,#4824);
#4823=DIRECTION('',(0.43654379928355713,-0.8822662132934567,-0.17616991851023378));
#4824=DIRECTION('',(-0.6613608079587104,-0.18194042203931182,-0.7276672072619177));
#4825=FACE_BOUND('',#4826,.T.);
#4826=EDGE_LOOP('',(#4827,#4828,#4829));
#4827=ORIENTED_EDGE('',*,*,#4830,.T.);
#4828=ORIENTED_EDGE('',*,*,#4831,.T.);
#4829=ORIENTED_EDGE('',*,*,#4832,.T.);
#4830=EDGE_CURVE('',#345,#361,#4833,.F.);
#4831=EDGE_CURVE('',#361,#359,#4834,.T.);
#4832=EDGE_CURVE('',#359,#345,#4835,.T.);
#4833=LINE('',#344,#4836);
#4834=LINE('',#360,#4837);
#4835=LINE('',#358,#4838);
#4836=VECTOR('',#4839,1.0);
#4837=VECTOR('',#4840,1.0);
#4838=VECTOR('',#4841,1.0);
#4839=DIRECTION('',(-0.6613608079587104,-0.18194042203931182,-0.7276672072619177));
#4840=DIRECTION('',(0.8746266881946138,0.4620612209738852,-0.14672281475572993));
#4841=DIRECTION('',(0.3418754203434941,-0.018451731304815696,0.9395641173314432));
#4842=FACE_SURFACE('',(#4847),#4843,.T.);
#4843=PLANE('',#4844);
#4844=AXIS2_PLACEMENT_3D('',#348,#4845,#4846);
#4845=DIRECTION('',(0.30781660322139254,-0.9403671007580554,-0.14477104197018487));
#4846=DIRECTION('',(-0.9505834568319859,-0.3104331712386415,-0.004726287345515614));
#4847=FACE_BOUND('',#4848,.T.);
#4848=EDGE_LOOP('',(#4849,#4850,#4851));
#4849=ORIENTED_EDGE('',*,*,#4852,.T.);
#4850=ORIENTED_EDGE('',*,*,#4853,.T.);
#4851=ORIENTED_EDGE('',*,*,#4854,.T.);
#4852=EDGE_CURVE('',#349,#353,#4855,.F.);
#4853=EDGE_CURVE('',#353,#363,#4856,.T.);
#4854=EDGE_CURVE('',#363,#349,#4857,.T.);
#4855=LINE('',#348,#4858);
#4856=LINE('',#352,#4859);
#4857=LINE('',#362,#4860);
#4858=VECTOR('',#4861,1.0);
#4859=VECTOR('',#4862,1.0);
#4860=VECTOR('',#4863,1.0);
#4861=DIRECTION('',(-0.9505834568319859,-0.3104331712386415,-0.004726287345515614));
#4862=DIRECTION('',(-0.17433504533145497,0.09383789607630662,-0.9802049485843518));
#4863=DIRECTION('',(0.6747287043214659,0.1084708032785603,0.7300515463998276));
#4864=FACE_SURFACE('',(#4869),#4865,.T.);
#4865=PLANE('',#4866);
#4866=AXIS2_PLACEMENT_3D('',#348,#4867,#4868);
#4867=DIRECTION('',(0.3072367142001175,-0.9406453979559698,-0.144193747270021));
#4868=DIRECTION('',(-0.6747287043214659,-0.1084708032785603,-0.7300515463998276));
#4869=FACE_BOUND('',#4870,.T.);
#4870=EDGE_LOOP('',(#4871,#4872,#4873));
#4871=ORIENTED_EDGE('',*,*,#4874,.T.);
#4872=ORIENTED_EDGE('',*,*,#4875,.T.);
#4873=ORIENTED_EDGE('',*,*,#4876,.T.);
#4874=EDGE_CURVE('',#349,#363,#4877,.F.);
#4875=EDGE_CURVE('',#363,#361,#4878,.T.);
#4876=EDGE_CURVE('',#361,#349,#4879,.T.);
#4877=LINE('',#348,#4880);
#4878=LINE('',#362,#4881);
#4879=LINE('',#360,#4882);
#4880=VECTOR('',#4883,1.0);
#4881=VECTOR('',#4884,1.0);
#4882=VECTOR('',#4885,1.0);
#4883=DIRECTION('',(-0.6747287043214659,-0.1084708032785603,-0.7300515463998276));
#4884=DIRECTION('',(0.9506620078311167,0.31022295219287527,0.0018619342756445603));
#4885=DIRECTION('',(0.28372690455179544,-0.05408698687452823,0.9573785257066773));
#4886=FACE_SURFACE('',(#4891),#4887,.T.);
#4887=PLANE('',#4888);
#4888=AXIS2_PLACEMENT_3D('',#356,#4889,#4890);
#4889=DIRECTION('',(0.7987706123497248,-0.30678828208629816,-0.517538847644294));
#4890=DIRECTION('',(-0.4072497472352277,-0.9088940693744221,-0.08977312533740968));
#4891=FACE_BOUND('',#4892,.T.);
#4892=EDGE_LOOP('',(#4893,#4894,#4895));
#4893=ORIENTED_EDGE('',*,*,#4896,.T.);
#4894=ORIENTED_EDGE('',*,*,#4897,.T.);
#4895=ORIENTED_EDGE('',*,*,#4898,.T.);
#4896=EDGE_CURVE('',#357,#355,#4899,.F.);
#4897=EDGE_CURVE('',#355,#315,#4900,.T.);
#4898=EDGE_CURVE('',#315,#357,#4901,.T.);
#4899=LINE('',#356,#4902);
#4900=LINE('',#354,#4903);
#4901=LINE('',#314,#4904);
#4902=VECTOR('',#4905,1.0);
#4903=VECTOR('',#4906,1.0);
#4904=VECTOR('',#4907,1.0);
#4905=DIRECTION('',(-0.4072497472352277,-0.9088940693744221,-0.08977312533740968));
#4906=DIRECTION('',(-0.541974813857313,0.006552226748303523,-0.8403691864109308));
#4907=DIRECTION('',(0.5973520086476861,0.30194308746018206,0.7429676639663314));
#4908=FACE_SURFACE('',(#4913),#4909,.T.);
#4909=PLANE('',#4910);
#4910=AXIS2_PLACEMENT_3D('',#356,#4911,#4912);
#4911=DIRECTION('',(0.7951182595552554,-0.3438980129407359,-0.499520880461703));
#4912=DIRECTION('',(-0.5973520086476861,-0.30194308746018206,-0.7429676639663314));
#4913=FACE_BOUND('',#4914,.T.);
#4914=EDGE_LOOP('',(#4915,#4916,#4917));
#4915=ORIENTED_EDGE('',*,*,#4918,.T.);
#4916=ORIENTED_EDGE('',*,*,#4919,.T.);
#4917=ORIENTED_EDGE('',*,*,#4920,.T.);
#4918=EDGE_CURVE('',#357,#315,#4921,.F.);
#4919=EDGE_CURVE('',#315,#313,#4922,.T.);
#4920=EDGE_CURVE('',#313,#357,#4923,.T.);
#4921=LINE('',#356,#4924);
#4922=LINE('',#314,#4925);
#4923=LINE('',#312,#4926);
#4924=VECTOR('',#4927,1.0);
#4925=VECTOR('',#4928,1.0);
#4926=VECTOR('',#4929,1.0);
#4927=DIRECTION('',(-0.5973520086476861,-0.30194308746018206,-0.7429676639663314));
#4928=DIRECTION('',(0.3429202116380613,0.9343034848402623,-0.09737929279600038));
#4929=DIRECTION('',(0.5319671498146391,0,0.8467649919063076));
#4930=FACE_SURFACE('',(#4935),#4931,.T.);
#4931=PLANE('',#4932);
#4932=AXIS2_PLACEMENT_3D('',#354,#4933,#4934);
#4933=DIRECTION('',(0.579563173910268,-0.7196360486614374,-0.38240094784664164));
#4934=DIRECTION('',(-0.7382999655548956,-0.6623207162116488,0.1274536376041447));
#4935=FACE_BOUND('',#4936,.T.);
#4936=EDGE_LOOP('',(#4937,#4938,#4939));
#4937=ORIENTED_EDGE('',*,*,#4940,.T.);
#4938=ORIENTED_EDGE('',*,*,#4941,.T.);
#4939=ORIENTED_EDGE('',*,*,#4942,.T.);
#4940=EDGE_CURVE('',#355,#359,#4943,.F.);
#4941=EDGE_CURVE('',#359,#325,#4944,.T.);
#4942=EDGE_CURVE('',#325,#355,#4945,.T.);
#4943=LINE('',#354,#4946);
#4944=LINE('',#358,#4947);
#4945=LINE('',#324,#4948);
#4946=VECTOR('',#4949,1.0);
#4947=VECTOR('',#4950,1.0);
#4948=VECTOR('',#4951,1.0);
#4949=DIRECTION('',(-0.7382999655548956,-0.6623207162116488,0.1274536376041447));
#4950=DIRECTION('',(-0.5248677434400496,0.02932898344797548,-0.8506783543890478));
#4951=DIRECTION('',(0.737041255776272,0.2626845995929029,0.6227093932328723));
#4952=FACE_SURFACE('',(#4957),#4953,.T.);
#4953=PLANE('',#4954);
#4954=AXIS2_PLACEMENT_3D('',#354,#4955,#4956);
#4955=DIRECTION('',(0.5772887018990737,-0.7238029574205113,-0.3779510993356204));
#4956=DIRECTION('',(-0.737041255776272,-0.2626845995929029,-0.6227093932328723));
#4957=FACE_BOUND('',#4958,.T.);
#4958=EDGE_LOOP('',(#4959,#4960,#4961));
#4959=ORIENTED_EDGE('',*,*,#4962,.T.);
#4960=ORIENTED_EDGE('',*,*,#4963,.T.);
#4961=ORIENTED_EDGE('',*,*,#4964,.T.);
#4962=EDGE_CURVE('',#355,#325,#4965,.F.);
#4963=EDGE_CURVE('',#325,#315,#4966,.T.);
#4964=EDGE_CURVE('',#315,#355,#4967,.T.);
#4965=LINE('',#354,#4968);
#4966=LINE('',#324,#4969);
#4967=LINE('',#314,#4970);
#4968=VECTOR('',#4971,1.0);
#4969=VECTOR('',#4972,1.0);
#4970=VECTOR('',#4973,1.0);
#4971=DIRECTION('',(-0.737041255776272,-0.2626845995929029,-0.6227093932328723));
#4972=DIRECTION('',(0.6189577960532006,0.6897946353245779,-0.37559899864402874));
#4973=DIRECTION('',(0.541974813857313,-0.006552226748303523,0.8403691864109308));
#4974=FACE_SURFACE('',(#4979),#4975,.T.);
#4975=PLANE('',#4976);
#4976=AXIS2_PLACEMENT_3D('',#358,#4977,#4978);
#4977=DIRECTION('',(0.41165696471910124,-0.8676969269386354,-0.27864060432662147));
#4978=DIRECTION('',(-0.8746266881946138,-0.4620612209738852,0.14672281475572993));
#4979=FACE_BOUND('',#4980,.T.);
#4980=EDGE_LOOP('',(#4981,#4982,#4983));
#4981=ORIENTED_EDGE('',*,*,#4984,.T.);
#4982=ORIENTED_EDGE('',*,*,#4985,.T.);
#4983=ORIENTED_EDGE('',*,*,#4986,.T.);
#4984=EDGE_CURVE('',#359,#361,#4987,.F.);
#4985=EDGE_CURVE('',#361,#335,#4988,.T.);
#4986=EDGE_CURVE('',#335,#359,#4989,.T.);
#4987=LINE('',#358,#4990);
#4988=LINE('',#360,#4991);
#4989=LINE('',#334,#4992);
#4990=VECTOR('',#4993,1.0);
#4991=VECTOR('',#4994,1.0);
#4992=VECTOR('',#4995,1.0);
#4993=DIRECTION('',(-0.8746266881946138,-0.4620612209738852,0.14672281475572993));
#4994=DIRECTION('',(-0.44078357016271336,0.07803750977664321,-0.8942147344695639));
#4995=DIRECTION('',(0.7915392130197942,0.18888892366570859,0.5811941575484177));
#4996=FACE_SURFACE('',(#5001),#4997,.T.);
#4997=PLANE('',#4998);
#4998=AXIS2_PLACEMENT_3D('',#358,#4999,#5000);
#4999=DIRECTION('',(0.41637540748822804,-0.8628225614910116,-0.286650915611832));
#5000=DIRECTION('',(-0.7915392130197942,-0.18888892366570859,-0.5811941575484177));
#5001=FACE_BOUND('',#5002,.T.);
#5002=EDGE_LOOP('',(#5003,#5004,#5005));
#5003=ORIENTED_EDGE('',*,*,#5006,.T.);
#5004=ORIENTED_EDGE('',*,*,#5007,.T.);
#5005=ORIENTED_EDGE('',*,*,#5008,.T.);
#5006=EDGE_CURVE('',#359,#335,#5009,.F.);
#5007=EDGE_CURVE('',#335,#325,#5010,.T.);
#5008=EDGE_CURVE('',#325,#359,#5011,.T.);
#5009=LINE('',#358,#5012);
#5010=LINE('',#334,#5013);
#5011=LINE('',#324,#5014);
#5012=VECTOR('',#5015,1.0);
#5013=VECTOR('',#5016,1.0);
#5014=VECTOR('',#5017,1.0);
#5015=DIRECTION('',(-0.7915392130197942,-0.18888892366570859,-0.5811941575484177));
#5016=DIRECTION('',(0.7581908879613959,0.5035139024299455,-0.4142708383075948));
#5017=DIRECTION('',(0.5248677434400496,-0.02932898344797548,0.8506783543890478));
#5018=FACE_SURFACE('',(#5023),#5019,.T.);
#5019=PLANE('',#5020);
#5020=AXIS2_PLACEMENT_3D('',#360,#5021,#5022);
#5021=DIRECTION('',(0.3023235453481721,-0.9250750742345655,-0.22986209117213074));
#5022=DIRECTION('',(-0.9506620078311167,-0.31022295219287527,-0.0018619342756445603));
#5023=FACE_BOUND('',#5024,.T.);
#5024=EDGE_LOOP('',(#5025,#5026,#5027));
#5025=ORIENTED_EDGE('',*,*,#5028,.T.);
#5026=ORIENTED_EDGE('',*,*,#5029,.T.);
#5027=ORIENTED_EDGE('',*,*,#5030,.T.);
#5028=EDGE_CURVE('',#361,#363,#5031,.F.);
#5029=EDGE_CURVE('',#363,#365,#5032,.T.);
#5030=EDGE_CURVE('',#365,#361,#5033,.T.);
#5031=LINE('',#360,#5034);
#5032=LINE('',#362,#5035);
#5033=LINE('',#364,#5036);
#5034=VECTOR('',#5037,1.0);
#5035=VECTOR('',#5038,1.0);
#5036=VECTOR('',#5039,1.0);
#5037=DIRECTION('',(-0.9506620078311167,-0.31022295219287527,-0.0018619342756445603));
#5038=DIRECTION('',(-0.25646360808574226,0.15331336595524384,-0.9543172583303292));
#5039=DIRECTION('',(0.7514645425822349,0.0829465547514764,0.6545387003810643));
#5040=FACE_SURFACE('',(#5045),#5041,.T.);
#5041=PLANE('',#5042);
#5042=AXIS2_PLACEMENT_3D('',#360,#5043,#5044);
#5043=DIRECTION('',(0.30218733992122787,-0.9251611239125884,-0.22969481141751652));
#5044=DIRECTION('',(-0.7514645425822349,-0.0829465547514764,-0.6545387003810643));
#5045=FACE_BOUND('',#5046,.T.);
#5046=EDGE_LOOP('',(#5047,#5048,#5049));
#5047=ORIENTED_EDGE('',*,*,#5050,.T.);
#5048=ORIENTED_EDGE('',*,*,#5051,.T.);
#5049=ORIENTED_EDGE('',*,*,#5052,.T.);
#5050=EDGE_CURVE('',#361,#365,#5053,.F.);
#5051=EDGE_CURVE('',#365,#335,#5054,.T.);
#5052=EDGE_CURVE('',#335,#361,#5055,.T.);
#5053=LINE('',#360,#5056);
#5054=LINE('',#364,#5057);
#5055=LINE('',#334,#5058);
#5056=VECTOR('',#5059,1.0);
#5057=VECTOR('',#5060,1.0);
#5058=VECTOR('',#5061,1.0);
#5059=DIRECTION('',(-0.7514645425822349,-0.0829465547514764,-0.6545387003810643));
#5060=DIRECTION('',(0.9505769807426754,0.31048897513782875,0));
#5061=DIRECTION('',(0.44078357016271336,-0.07803750977664321,0.8942147344695639));
#5062=FACE_SURFACE('',(#5067),#5063,.T.);
#5063=PLANE('',#5064);
#5064=AXIS2_PLACEMENT_3D('',#34,#5065,#5066);
#5065=DIRECTION('',(0.040667024711902776,-0.998497447732095,-0.036729279513402276));
#5066=DIRECTION('',(0,0.03675968880485259,-0.9993241342422239));
#5067=FACE_BOUND('',#5068,.T.);
#5068=EDGE_LOOP('',(#5069,#5070,#5071));
#5069=ORIENTED_EDGE('',*,*,#5072,.T.);
#5070=ORIENTED_EDGE('',*,*,#5073,.T.);
#5071=ORIENTED_EDGE('',*,*,#5074,.T.);
#5072=EDGE_CURVE('',#35,#367,#5075,.F.);
#5073=EDGE_CURVE('',#367,#369,#5076,.T.);
#5074=EDGE_CURVE('',#369,#35,#5077,.T.);
#5075=LINE('',#34,#5078);
#5076=LINE('',#366,#5079);
#5077=LINE('',#368,#5080);
#5078=VECTOR('',#5081,1.0);
#5079=VECTOR('',#5082,1.0);
#5080=VECTOR('',#5083,1.0);
#5081=DIRECTION('',(0,0.03675968880485259,-0.9993241342422239));
#5082=DIRECTION('',(0.9982492814314632,0.042182055674279885,-0.04146138324584953));
#5083=DIRECTION('',(-0.7023603563001752,-0.05471246324718912,0.7097157714629962));
#5084=FACE_SURFACE('',(#5089),#5085,.T.);
#5085=PLANE('',#5086);
#5086=AXIS2_PLACEMENT_3D('',#34,#5087,#5088);
#5087=DIRECTION('',(0.036729340440188045,-0.9984991040466455,-0.0406262817505469));
#5088=DIRECTION('',(0.7023603563001752,0.05471246324718912,-0.7097157714629962));
#5089=FACE_BOUND('',#5090,.T.);
#5090=EDGE_LOOP('',(#5091,#5092,#5093));
#5091=ORIENTED_EDGE('',*,*,#5094,.T.);
#5092=ORIENTED_EDGE('',*,*,#5095,.T.);
#5093=ORIENTED_EDGE('',*,*,#5096,.T.);
#5094=EDGE_CURVE('',#35,#369,#5097,.F.);
#5095=EDGE_CURVE('',#369,#371,#5098,.T.);
#5096=EDGE_CURVE('',#371,#35,#5099,.T.);
#5097=LINE('',#34,#5100);
#5098=LINE('',#368,#5101);
#5099=LINE('',#370,#5102);
#5100=VECTOR('',#5103,1.0);
#5101=VECTOR('',#5104,1.0);
#5102=VECTOR('',#5105,1.0);
#5103=DIRECTION('',(0.7023603563001752,0.05471246324718912,-0.7097157714629962));
#5104=DIRECTION('',(-0.030698436279621707,-0.04176188839425677,0.9986558720038308));
#5105=DIRECTION('',(-0.9993241342422239,-0.03675968880485259,0));
#5106=FACE_SURFACE('',(#5111),#5107,.T.);
#5107=PLANE('',#5108);
#5108=AXIS2_PLACEMENT_3D('',#366,#5109,#5110);
#5109=DIRECTION('',(0.043458150877786636,-0.9925976596741123,-0.11340756205720562));
#5110=DIRECTION('',(0,0.11351480536445152,-0.9935363048037403));
#5111=FACE_BOUND('',#5112,.T.);
#5112=EDGE_LOOP('',(#5113,#5114,#5115));
#5113=ORIENTED_EDGE('',*,*,#5116,.T.);
#5114=ORIENTED_EDGE('',*,*,#5117,.T.);
#5115=ORIENTED_EDGE('',*,*,#5118,.T.);
#5116=EDGE_CURVE('',#367,#373,#5119,.F.);
#5117=EDGE_CURVE('',#373,#375,#5120,.T.);
#5118=EDGE_CURVE('',#375,#367,#5121,.T.);
#5119=LINE('',#366,#5122);
#5120=LINE('',#372,#5123);
#5121=LINE('',#374,#5124);
#5122=VECTOR('',#5125,1.0);
#5123=VECTOR('',#5126,1.0);
#5124=VECTOR('',#5127,1.0);
#5125=DIRECTION('',(0,0.11351480536445152,-0.9935363048037403));
#5126=DIRECTION('',(0.998324999731837,0.04748508116414506,-0.03305089979504613));
#5127=DIRECTION('',(-0.7178154370771861,-0.10997588895295579,0.68749276515662));
#5128=FACE_SURFACE('',(#5133),#5129,.T.);
#5129=PLANE('',#5130);
#5130=AXIS2_PLACEMENT_3D('',#366,#5131,#5132);
#5131=DIRECTION('',(0.036931118357710145,-0.9920700256915644,-0.12013807315413197));
#5132=DIRECTION('',(0.7178154370771861,0.10997588895295579,-0.68749276515662));
#5133=FACE_BOUND('',#5134,.T.);
#5134=EDGE_LOOP('',(#5135,#5136,#5137));
#5135=ORIENTED_EDGE('',*,*,#5138,.T.);
#5136=ORIENTED_EDGE('',*,*,#5139,.T.);
#5137=ORIENTED_EDGE('',*,*,#5140,.T.);
#5138=EDGE_CURVE('',#367,#375,#5141,.F.);
#5139=EDGE_CURVE('',#375,#369,#5142,.T.);
#5140=EDGE_CURVE('',#369,#367,#5143,.T.);
#5141=LINE('',#366,#5144);
#5142=LINE('',#374,#5145);
#5143=LINE('',#368,#5146);
#5144=VECTOR('',#5147,1.0);
#5145=VECTOR('',#5148,1.0);
#5146=VECTOR('',#5149,1.0);
#5147=DIRECTION('',(0.7178154370771861,0.10997588895295579,-0.68749276515662));
#5148=DIRECTION('',(0.0044942950623826266,-0.12005398183511169,0.9927571922466373));
#5149=DIRECTION('',(-0.9982492814314632,-0.042182055674279885,0.04146138324584953));
#5150=FACE_SURFACE('',(#5155),#5151,.T.);
#5151=PLANE('',#5152);
#5152=AXIS2_PLACEMENT_3D('',#372,#5153,#5154);
#5153=DIRECTION('',(0.044743118440176644,-0.9786075275375891,-0.20081175363761722));
#5154=DIRECTION('',(0,0.20101306315478995,-0.9795885607953618));
#5155=FACE_BOUND('',#5156,.T.);
#5156=EDGE_LOOP('',(#5157,#5158,#5159));
#5157=ORIENTED_EDGE('',*,*,#5160,.T.);
#5158=ORIENTED_EDGE('',*,*,#5161,.T.);
#5159=ORIENTED_EDGE('',*,*,#5162,.T.);
#5160=EDGE_CURVE('',#373,#377,#5163,.F.);
#5161=EDGE_CURVE('',#377,#379,#5164,.T.);
#5162=EDGE_CURVE('',#379,#373,#5165,.T.);
#5163=LINE('',#372,#5166);
#5164=LINE('',#376,#5167);
#5165=LINE('',#378,#5168);
#5166=VECTOR('',#5169,1.0);
#5167=VECTOR('',#5170,1.0);
#5168=VECTOR('',#5171,1.0);
#5169=DIRECTION('',(0,0.20101306315478995,-0.9795885607953618));
#5170=DIRECTION('',(0.9985470900591339,0.037767696522837034,0.038435791052024285));
#5171=DIRECTION('',(-0.7698722666613009,-0.1618759694760812,0.6173271932548975));
#5172=FACE_SURFACE('',(#5177),#5173,.T.);
#5173=PLANE('',#5174);
#5174=AXIS2_PLACEMENT_3D('',#372,#5175,#5176);
#5175=DIRECTION('',(0.039647994542014856,-0.9775602435370914,-0.20689129219109056));
#5176=DIRECTION('',(0.7698722666613009,0.1618759694760812,-0.6173271932548975));
#5177=FACE_BOUND('',#5178,.T.);
#5178=EDGE_LOOP('',(#5179,#5180,#5181));
#5179=ORIENTED_EDGE('',*,*,#5182,.T.);
#5180=ORIENTED_EDGE('',*,*,#5183,.T.);
#5181=ORIENTED_EDGE('',*,*,#5184,.T.);
#5182=EDGE_CURVE('',#373,#379,#5185,.F.);
#5183=EDGE_CURVE('',#379,#375,#5186,.T.);
#5184=EDGE_CURVE('',#375,#373,#5187,.T.);
#5185=LINE('',#372,#5188);
#5186=LINE('',#378,#5189);
#5187=LINE('',#374,#5190);
#5188=VECTOR('',#5191,1.0);
#5189=VECTOR('',#5192,1.0);
#5190=VECTOR('',#5193,1.0);
#5191=DIRECTION('',(0.7698722666613009,0.1618759694760812,-0.6173271932548975));
#5192=DIRECTION('',(0.01630299519909754,-0.20639366428583725,0.9783332089274099));
#5193=DIRECTION('',(-0.998324999731837,-0.04748508116414506,0.03305089979504613));
#5194=FACE_SURFACE('',(#5199),#5195,.T.);
#5195=PLANE('',#5196);
#5196=AXIS2_PLACEMENT_3D('',#380,#5197,#5198);
#5197=DIRECTION('',(0.04773891625900378,-0.9494927913220447,-0.3101361557475811));
#5198=DIRECTION('',(0,0.310490161737683,-0.9505765931602289));
#5199=FACE_BOUND('',#5200,.T.);
#5200=EDGE_LOOP('',(#5201,#5202,#5203));
#5201=ORIENTED_EDGE('',*,*,#5204,.T.);
#5202=ORIENTED_EDGE('',*,*,#5205,.T.);
#5203=ORIENTED_EDGE('',*,*,#5206,.T.);
#5204=EDGE_CURVE('',#381,#329,#5207,.F.);
#5205=EDGE_CURVE('',#329,#327,#5208,.T.);
#5206=EDGE_CURVE('',#327,#381,#5209,.T.);
#5207=LINE('',#380,#5210);
#5208=LINE('',#328,#5211);
#5209=LINE('',#326,#5212);
#5210=VECTOR('',#5213,1.0);
#5211=VECTOR('',#5214,1.0);
#5212=VECTOR('',#5215,1.0);
#5213=DIRECTION('',(0,0.310490161737683,-0.9505765931602289));
#5214=DIRECTION('',(0.9928298178393957,0.011040115213796218,0.11902549586142694));
#5215=DIRECTION('',(-0.847101352816221,-0.20300960014777422,0.49112768228309966));
#5216=FACE_SURFACE('',(#5221),#5217,.T.);
#5217=PLANE('',#5218);
#5218=AXIS2_PLACEMENT_3D('',#380,#5219,#5220);
#5219=DIRECTION('',(0.04784551694167342,-0.9495409630641,-0.3099722019341182));
#5220=DIRECTION('',(0.847101352816221,0.20300960014777422,-0.49112768228309966));
#5221=FACE_BOUND('',#5222,.T.);
#5222=EDGE_LOOP('',(#5223,#5224,#5225));
#5223=ORIENTED_EDGE('',*,*,#5226,.T.);
#5224=ORIENTED_EDGE('',*,*,#5227,.T.);
#5225=ORIENTED_EDGE('',*,*,#5228,.T.);
#5226=EDGE_CURVE('',#381,#327,#5229,.F.);
#5227=EDGE_CURVE('',#327,#383,#5230,.T.);
#5228=EDGE_CURVE('',#383,#381,#5231,.T.);
#5229=LINE('',#380,#5232);
#5230=LINE('',#326,#5233);
#5231=LINE('',#382,#5234);
#5232=VECTOR('',#5235,1.0);
#5233=VECTOR('',#5236,1.0);
#5234=VECTOR('',#5237,1.0);
#5235=DIRECTION('',(0.847101352816221,0.20300960014777422,-0.49112768228309966));
#5236=DIRECTION('',(-0.004727009494832636,-0.3105393771894682,0.9505487628712231));
#5237=DIRECTION('',(-0.9985470900591339,-0.037767696522837034,-0.038435791052024285));
#5238=FACE_SURFACE('',(#5243),#5239,.T.);
#5239=PLANE('',#5240);
#5240=AXIS2_PLACEMENT_3D('',#370,#5241,#5242);
#5241=DIRECTION('',(0.11962984119351715,-0.9920983239613356,-0.03781027226988277));
#5242=DIRECTION('',(0.030698436279621707,0.04176188839425677,-0.9986558720038308));
#5243=FACE_BOUND('',#5244,.T.);
#5244=EDGE_LOOP('',(#5245,#5246,#5247));
#5245=ORIENTED_EDGE('',*,*,#5248,.T.);
#5246=ORIENTED_EDGE('',*,*,#5249,.T.);
#5247=ORIENTED_EDGE('',*,*,#5250,.T.);
#5248=EDGE_CURVE('',#371,#369,#5251,.F.);
#5249=EDGE_CURVE('',#369,#385,#5252,.T.);
#5250=EDGE_CURVE('',#385,#371,#5253,.T.);
#5251=LINE('',#370,#5254);
#5252=LINE('',#368,#5255);
#5253=LINE('',#384,#5256);
#5254=VECTOR('',#5257,1.0);
#5255=VECTOR('',#5258,1.0);
#5256=VECTOR('',#5259,1.0);
#5257=DIRECTION('',(0.030698436279621707,0.04176188839425677,-0.9986558720038308));
#5258=DIRECTION('',(0.992816740329522,0.11946984044618027,0.006471270758273575));
#5259=DIRECTION('',(-0.6841939123663308,-0.10997872050190671,0.7209600344801488));
#5260=FACE_SURFACE('',(#5265),#5261,.T.);
#5261=PLANE('',#5262);
#5262=AXIS2_PLACEMENT_3D('',#370,#5263,#5264);
#5263=DIRECTION('',(0.11340555023095171,-0.9925832553249306,-0.043791122677759566));
#5264=DIRECTION('',(0.6841939123663308,0.10997872050190671,-0.7209600344801488));
#5265=FACE_BOUND('',#5266,.T.);
#5266=EDGE_LOOP('',(#5267,#5268,#5269));
#5267=ORIENTED_EDGE('',*,*,#5270,.T.);
#5268=ORIENTED_EDGE('',*,*,#5271,.T.);
#5269=ORIENTED_EDGE('',*,*,#5272,.T.);
#5270=EDGE_CURVE('',#371,#385,#5273,.F.);
#5271=EDGE_CURVE('',#385,#387,#5274,.T.);
#5272=EDGE_CURVE('',#387,#371,#5275,.T.);
#5273=LINE('',#370,#5276);
#5274=LINE('',#384,#5277);
#5275=LINE('',#386,#5278);
#5276=VECTOR('',#5279,1.0);
#5277=VECTOR('',#5280,1.0);
#5278=VECTOR('',#5281,1.0);
#5279=DIRECTION('',(0.6841939123663308,0.10997872050190671,-0.7209600344801488));
#5280=DIRECTION('',(-0.03220861813693329,-0.04772507770270135,0.9983410849383993));
#5281=DIRECTION('',(-0.9935363461304161,-0.11351444365287505,0));
#5282=FACE_SURFACE('',(#5287),#5283,.T.);
#5283=PLANE('',#5284);
#5284=AXIS2_PLACEMENT_3D('',#368,#5285,#5286);
#5285=DIRECTION('',(0.12426413673578532,-0.9850052480342483,-0.11967909452489656));
#5286=DIRECTION('',(-0.0044942950623826266,0.12005398183511169,-0.9927571922466373));
#5287=FACE_BOUND('',#5288,.T.);
#5288=EDGE_LOOP('',(#5289,#5290,#5291));
#5289=ORIENTED_EDGE('',*,*,#5292,.T.);
#5290=ORIENTED_EDGE('',*,*,#5293,.T.);
#5291=ORIENTED_EDGE('',*,*,#5294,.T.);
#5292=EDGE_CURVE('',#369,#375,#5295,.F.);
#5293=EDGE_CURVE('',#375,#389,#5296,.T.);
#5294=EDGE_CURVE('',#389,#369,#5297,.T.);
#5295=LINE('',#368,#5298);
#5296=LINE('',#374,#5299);
#5297=LINE('',#388,#5300);
#5298=VECTOR('',#5301,1.0);
#5299=VECTOR('',#5302,1.0);
#5300=VECTOR('',#5303,1.0);
#5301=DIRECTION('',(-0.0044942950623826266,0.12005398183511169,-0.9927571922466373));
#5302=DIRECTION('',(0.9912460946666096,0.11781023374817319,0.05959805896500063));
#5303=DIRECTION('',(-0.6996861981958983,-0.17250746287284496,0.6933111850441649));
#5304=FACE_SURFACE('',(#5309),#5305,.T.);
#5305=PLANE('',#5306);
#5306=AXIS2_PLACEMENT_3D('',#368,#5307,#5308);
#5307=DIRECTION('',(0.11934143487917694,-0.9849980599139937,-0.12464527221939738));
#5308=DIRECTION('',(0.6996861981958983,0.17250746287284496,-0.6933111850441649));
#5309=FACE_BOUND('',#5310,.T.);
#5310=EDGE_LOOP('',(#5311,#5312,#5313));
#5311=ORIENTED_EDGE('',*,*,#5314,.T.);
#5312=ORIENTED_EDGE('',*,*,#5315,.T.);
#5313=ORIENTED_EDGE('',*,*,#5316,.T.);
#5314=EDGE_CURVE('',#369,#389,#5317,.F.);
#5315=EDGE_CURVE('',#389,#385,#5318,.T.);
#5316=EDGE_CURVE('',#385,#369,#5319,.T.);
#5317=LINE('',#368,#5320);
#5318=LINE('',#388,#5321);
#5319=LINE('',#384,#5322);
#5320=VECTOR('',#5323,1.0);
#5321=VECTOR('',#5324,1.0);
#5322=VECTOR('',#5325,1.0);
#5323=DIRECTION('',(0.6996861981958983,0.17250746287284496,-0.6933111850441649));
#5324=DIRECTION('',(0.062294524343980216,-0.11786654690790282,0.9910735943191932));
#5325=DIRECTION('',(-0.992816740329522,-0.11946984044618027,-0.006471270758273575));
#5326=FACE_SURFACE('',(#5331),#5327,.T.);
#5327=PLANE('',#5328);
#5328=AXIS2_PLACEMENT_3D('',#374,#5329,#5330);
#5329=DIRECTION('',(0.12963316665799596,-0.9697684827394686,-0.20674702413193102));
#5330=DIRECTION('',(-0.01630299519909754,0.20639366428583725,-0.9783332089274099));
#5331=FACE_BOUND('',#5332,.T.);
#5332=EDGE_LOOP('',(#5333,#5334,#5335));
#5333=ORIENTED_EDGE('',*,*,#5336,.T.);
#5334=ORIENTED_EDGE('',*,*,#5337,.T.);
#5335=ORIENTED_EDGE('',*,*,#5338,.T.);
#5336=EDGE_CURVE('',#375,#379,#5339,.F.);
#5337=EDGE_CURVE('',#379,#391,#5340,.T.);
#5338=EDGE_CURVE('',#391,#375,#5341,.T.);
#5339=LINE('',#374,#5342);
#5340=LINE('',#378,#5343);
#5341=LINE('',#390,#5344);
#5342=VECTOR('',#5345,1.0);
#5343=VECTOR('',#5346,1.0);
#5344=VECTOR('',#5347,1.0);
#5345=DIRECTION('',(-0.01630299519909754,0.20639366428583725,-0.9783332089274099));
#5346=DIRECTION('',(0.980917484820692,0.09495315226433565,0.16966079938546022));
#5347=DIRECTION('',(-0.772875568885188,-0.22944325959140838,0.5916241591149458));
#5348=FACE_SURFACE('',(#5353),#5349,.T.);
#5349=PLANE('',#5350);
#5350=AXIS2_PLACEMENT_3D('',#374,#5351,#5352);
#5351=DIRECTION('',(0.127796859928387,-0.9695186779299991,-0.20904902711400217));
#5352=DIRECTION('',(0.772875568885188,0.22944325959140838,-0.5916241591149458));
#5353=FACE_BOUND('',#5354,.T.);
#5354=EDGE_LOOP('',(#5355,#5356,#5357));
#5355=ORIENTED_EDGE('',*,*,#5358,.T.);
#5356=ORIENTED_EDGE('',*,*,#5359,.T.);
#5357=ORIENTED_EDGE('',*,*,#5360,.T.);
#5358=EDGE_CURVE('',#375,#391,#5361,.F.);
#5359=EDGE_CURVE('',#391,#389,#5362,.T.);
#5360=EDGE_CURVE('',#389,#375,#5363,.T.);
#5361=LINE('',#374,#5364);
#5362=LINE('',#390,#5365);
#5363=LINE('',#388,#5366);
#5364=VECTOR('',#5367,1.0);
#5365=VECTOR('',#5368,1.0);
#5366=VECTOR('',#5369,1.0);
#5367=DIRECTION('',(0.772875568885188,0.22944325959140838,-0.5916241591149458));
#5368=DIRECTION('',(0.10114514184620818,-0.1969382961056194,0.9751845814039133));
#5369=DIRECTION('',(-0.9912460946666096,-0.11781023374817319,-0.05959805896500063));
#5370=FACE_SURFACE('',(#5375),#5371,.T.);
#5371=PLANE('',#5372);
#5372=AXIS2_PLACEMENT_3D('',#382,#5373,#5374);
#5373=DIRECTION('',(0.14452505032583896,-0.940791526944301,-0.3066330260394731));
#5374=DIRECTION('',(0.004727009494832636,0.3105393771894682,-0.9505487628712231));
#5375=FACE_BOUND('',#5376,.T.);
#5376=EDGE_LOOP('',(#5377,#5378,#5379));
#5377=ORIENTED_EDGE('',*,*,#5380,.T.);
#5378=ORIENTED_EDGE('',*,*,#5381,.T.);
#5379=ORIENTED_EDGE('',*,*,#5382,.T.);
#5380=EDGE_CURVE('',#383,#327,#5383,.F.);
#5381=EDGE_CURVE('',#327,#331,#5384,.T.);
#5382=EDGE_CURVE('',#331,#383,#5385,.T.);
#5383=LINE('',#382,#5386);
#5384=LINE('',#326,#5387);
#5385=LINE('',#330,#5388);
#5386=VECTOR('',#5389,1.0);
#5387=VECTOR('',#5390,1.0);
#5388=VECTOR('',#5391,1.0);
#5389=DIRECTION('',(0.004727009494832636,0.3105393771894682,-0.9505487628712231));
#5390=DIRECTION('',(0.9581442283903597,0.05566199516737065,0.28082268408415667));
#5391=DIRECTION('',(-0.8777164742493098,-0.2649658990577733,0.3992578905517918));
#5392=FACE_SURFACE('',(#5397),#5393,.T.);
#5393=PLANE('',#5394);
#5394=AXIS2_PLACEMENT_3D('',#382,#5395,#5396);
#5395=DIRECTION('',(0.14419713171098303,-0.9406395435723729,-0.3072530492514005));
#5396=DIRECTION('',(0.8777164742493098,0.2649658990577733,-0.3992578905517918));
#5397=FACE_BOUND('',#5398,.T.);
#5398=EDGE_LOOP('',(#5399,#5400,#5401));
#5399=ORIENTED_EDGE('',*,*,#5402,.T.);
#5400=ORIENTED_EDGE('',*,*,#5403,.T.);
#5401=ORIENTED_EDGE('',*,*,#5404,.T.);
#5402=EDGE_CURVE('',#383,#331,#5405,.F.);
#5403=EDGE_CURVE('',#331,#393,#5406,.T.);
#5404=EDGE_CURVE('',#393,#383,#5407,.T.);
#5405=LINE('',#382,#5408);
#5406=LINE('',#330,#5409);
#5407=LINE('',#392,#5410);
#5408=VECTOR('',#5411,1.0);
#5409=VECTOR('',#5412,1.0);
#5410=VECTOR('',#5413,1.0);
#5411=DIRECTION('',(0.8777164742493098,0.2649658990577733,-0.3992578905517918));
#5412=DIRECTION('',(-0.0018633615887148796,-0.31075562832819703,0.9504880153615496));
#5413=DIRECTION('',(-0.980917484820692,-0.09495315226433565,-0.16966079938546022));
#5414=FACE_SURFACE('',(#5419),#5415,.T.);
#5415=PLANE('',#5416);
#5416=AXIS2_PLACEMENT_3D('',#386,#5417,#5418);
#5417=DIRECTION('',(0.20687983310464111,-0.9775460110648904,-0.04005659628222681));
#5418=DIRECTION('',(0.03220861813693329,0.04772507770270135,-0.9983410849383993));
#5419=FACE_BOUND('',#5420,.T.);
#5420=EDGE_LOOP('',(#5421,#5422,#5423));
#5421=ORIENTED_EDGE('',*,*,#5424,.T.);
#5422=ORIENTED_EDGE('',*,*,#5425,.T.);
#5423=ORIENTED_EDGE('',*,*,#5426,.T.);
#5424=EDGE_CURVE('',#387,#385,#5427,.F.);
#5425=EDGE_CURVE('',#385,#353,#5428,.T.);
#5426=EDGE_CURVE('',#353,#387,#5429,.T.);
#5427=LINE('',#386,#5430);
#5428=LINE('',#384,#5431);
#5429=LINE('',#352,#5432);
#5430=VECTOR('',#5433,1.0);
#5431=VECTOR('',#5434,1.0);
#5432=VECTOR('',#5435,1.0);
#5433=DIRECTION('',(0.03220861813693329,0.04772507770270135,-0.9983410849383993));
#5434=DIRECTION('',(0.9782578286838751,0.2060736152707351,0.02335135345026276));
#5435=DIRECTION('',(-0.6181518687125955,-0.1623363120774323,0.7691132484804982));
#5436=FACE_SURFACE('',(#5441),#5437,.T.);
#5437=PLANE('',#5438);
#5438=AXIS2_PLACEMENT_3D('',#386,#5439,#5440);
#5439=DIRECTION('',(0.2008086448605726,-0.9785891861889516,-0.04515631543102185));
#5440=DIRECTION('',(0.6181518687125955,0.1623363120774323,-0.7691132484804982));
#5441=FACE_BOUND('',#5442,.T.);
#5442=EDGE_LOOP('',(#5443,#5444,#5445));
#5443=ORIENTED_EDGE('',*,*,#5446,.T.);
#5444=ORIENTED_EDGE('',*,*,#5447,.T.);
#5445=ORIENTED_EDGE('',*,*,#5448,.T.);
#5446=EDGE_CURVE('',#387,#353,#5449,.F.);
#5447=EDGE_CURVE('',#353,#351,#5450,.T.);
#5448=EDGE_CURVE('',#351,#387,#5451,.T.);
#5449=LINE('',#386,#5452);
#5450=LINE('',#352,#5453);
#5451=LINE('',#350,#5454);
#5452=VECTOR('',#5455,1.0);
#5453=VECTOR('',#5456,1.0);
#5454=VECTOR('',#5457,1.0);
#5455=DIRECTION('',(0.6181518687125955,0.1623363120774323,-0.7691132484804982));
#5456=DIRECTION('',(0.0339981171682104,-0.03910582084090366,0.9986565289454506));
#5457=DIRECTION('',(-0.9795884317079255,-0.20101369223017373,0));
#5458=FACE_SURFACE('',(#5463),#5459,.T.);
#5459=PLANE('',#5460);
#5460=AXIS2_PLACEMENT_3D('',#384,#5461,#5462);
#5461=DIRECTION('',(0.2089338591811975,-0.9694600042345703,-0.1284287455251289));
#5462=DIRECTION('',(-0.062294524343980216,0.11786654690790282,-0.9910735943191932));
#5463=FACE_BOUND('',#5464,.T.);
#5464=EDGE_LOOP('',(#5465,#5466,#5467));
#5465=ORIENTED_EDGE('',*,*,#5468,.T.);
#5466=ORIENTED_EDGE('',*,*,#5469,.T.);
#5467=ORIENTED_EDGE('',*,*,#5470,.T.);
#5468=EDGE_CURVE('',#385,#389,#5471,.F.);
#5469=EDGE_CURVE('',#389,#363,#5472,.T.);
#5470=EDGE_CURVE('',#363,#385,#5473,.T.);
#5471=LINE('',#384,#5474);
#5472=LINE('',#388,#5475);
#5473=LINE('',#362,#5476);
#5474=VECTOR('',#5477,1.0);
#5475=VECTOR('',#5478,1.0);
#5476=VECTOR('',#5479,1.0);
#5477=DIRECTION('',(-0.062294524343980216,0.11786654690790282,-0.9910735943191932));
#5478=DIRECTION('',(0.9750846404360454,0.19651131577490916,0.10292349954272878));
#5479=DIRECTION('',(-0.5957659888767007,-0.23032596232944266,0.7694237048432957));
#5480=FACE_SURFACE('',(#5485),#5481,.T.);
#5481=PLANE('',#5482);
#5482=AXIS2_PLACEMENT_3D('',#384,#5483,#5484);
#5483=DIRECTION('',(0.20735216772572523,-0.9696297649363075,-0.1297042693553447));
#5484=DIRECTION('',(0.5957659888767007,0.23032596232944266,-0.7694237048432957));
#5485=FACE_BOUND('',#5486,.T.);
#5486=EDGE_LOOP('',(#5487,#5488,#5489));
#5487=ORIENTED_EDGE('',*,*,#5490,.T.);
#5488=ORIENTED_EDGE('',*,*,#5491,.T.);
#5489=ORIENTED_EDGE('',*,*,#5492,.T.);
#5490=EDGE_CURVE('',#385,#363,#5493,.F.);
#5491=EDGE_CURVE('',#363,#353,#5494,.T.);
#5492=EDGE_CURVE('',#353,#385,#5495,.T.);
#5493=LINE('',#384,#5496);
#5494=LINE('',#362,#5497);
#5495=LINE('',#352,#5498);
#5496=VECTOR('',#5499,1.0);
#5497=VECTOR('',#5500,1.0);
#5498=VECTOR('',#5501,1.0);
#5499=DIRECTION('',(0.5957659888767007,0.23032596232944266,-0.7694237048432957));
#5500=DIRECTION('',(0.17433504533145497,-0.09383789607630662,0.9802049485843518));
#5501=DIRECTION('',(-0.9782578286838751,-0.2060736152707351,-0.02335135345026276));
#5502=FACE_SURFACE('',(#5507),#5503,.T.);
#5503=PLANE('',#5504);
#5504=AXIS2_PLACEMENT_3D('',#388,#5505,#5506);
#5505=DIRECTION('',(0.21085387423306176,-0.9536999929360047,-0.2144690355150895));
#5506=DIRECTION('',(-0.10114514184620818,0.1969382961056194,-0.9751845814039133));
#5507=FACE_BOUND('',#5508,.T.);
#5508=EDGE_LOOP('',(#5509,#5510,#5511));
#5509=ORIENTED_EDGE('',*,*,#5512,.T.);
#5510=ORIENTED_EDGE('',*,*,#5513,.T.);
#5511=ORIENTED_EDGE('',*,*,#5514,.T.);
#5512=EDGE_CURVE('',#389,#391,#5515,.F.);
#5513=EDGE_CURVE('',#391,#365,#5516,.T.);
#5514=EDGE_CURVE('',#365,#389,#5517,.T.);
#5515=LINE('',#388,#5518);
#5516=LINE('',#390,#5519);
#5517=LINE('',#364,#5520);
#5518=VECTOR('',#5521,1.0);
#5519=VECTOR('',#5522,1.0);
#5520=VECTOR('',#5523,1.0);
#5521=DIRECTION('',(-0.10114514184620818,0.1969382961056194,-0.9751845814039133));
#5522=DIRECTION('',(0.9546315049017944,0.15370223661451893,0.25505746863918666));
#5523=DIRECTION('',(-0.6760571493319049,-0.30074302022317156,0.6726814748632993));
#5524=FACE_SURFACE('',(#5529),#5525,.T.);
#5525=PLANE('',#5526);
#5526=AXIS2_PLACEMENT_3D('',#388,#5527,#5528);
#5527=DIRECTION('',(0.21445811430746115,-0.9537036696669647,-0.2108483523090777));
#5528=DIRECTION('',(0.6760571493319049,0.30074302022317156,-0.6726814748632993));
#5529=FACE_BOUND('',#5530,.T.);
#5530=EDGE_LOOP('',(#5531,#5532,#5533));
#5531=ORIENTED_EDGE('',*,*,#5534,.T.);
#5532=ORIENTED_EDGE('',*,*,#5535,.T.);
#5533=ORIENTED_EDGE('',*,*,#5536,.T.);
#5534=EDGE_CURVE('',#389,#365,#5537,.F.);
#5535=EDGE_CURVE('',#365,#363,#5538,.T.);
#5536=EDGE_CURVE('',#363,#389,#5539,.T.);
#5537=LINE('',#388,#5540);
#5538=LINE('',#364,#5541);
#5539=LINE('',#362,#5542);
#5540=VECTOR('',#5543,1.0);
#5541=VECTOR('',#5544,1.0);
#5542=VECTOR('',#5545,1.0);
#5543=DIRECTION('',(0.6760571493319049,0.30074302022317156,-0.6726814748632993));
#5544=DIRECTION('',(0.25646360808574226,-0.15331336595524384,0.9543172583303292));
#5545=DIRECTION('',(-0.9750846404360454,-0.19651131577490916,-0.10292349954272878));
#5546=FACE_SURFACE('',(#5551),#5547,.T.);
#5547=PLANE('',#5548);
#5548=AXIS2_PLACEMENT_3D('',#392,#5549,#5550);
#5549=DIRECTION('',(0.22976704725841823,-0.9251928941449022,-0.3020351181864905));
#5550=DIRECTION('',(0.0018633615887148796,0.31075562832819703,-0.9504880153615496));
#5551=FACE_BOUND('',#5552,.T.);
#5552=EDGE_LOOP('',(#5553,#5554,#5555));
#5553=ORIENTED_EDGE('',*,*,#5556,.T.);
#5554=ORIENTED_EDGE('',*,*,#5557,.T.);
#5555=ORIENTED_EDGE('',*,*,#5558,.T.);
#5556=EDGE_CURVE('',#393,#331,#5559,.F.);
#5557=EDGE_CURVE('',#331,#333,#5560,.T.);
#5558=EDGE_CURVE('',#333,#393,#5561,.T.);
#5559=LINE('',#392,#5562);
#5560=LINE('',#330,#5563);
#5561=LINE('',#332,#5564);
#5562=VECTOR('',#5565,1.0);
#5563=VECTOR('',#5566,1.0);
#5564=VECTOR('',#5567,1.0);
#5565=DIRECTION('',(0.0018633615887148796,0.31075562832819703,-0.9504880153615496));
#5566=DIRECTION('',(0.894564776833681,0.07852443805095598,0.4399861050957044));
#5567=DIRECTION('',(-0.8800586082895625,-0.3300234743970916,0.3414401152798404));
#5568=FACE_SURFACE('',(#5573),#5569,.T.);
#5569=PLANE('',#5570);
#5570=AXIS2_PLACEMENT_3D('',#392,#5571,#5572);
#5571=DIRECTION('',(0.2296955628467276,-0.9251606542439665,-0.30218820666498697));
#5572=DIRECTION('',(0.8800586082895625,0.3300234743970916,-0.3414401152798404));
#5573=FACE_BOUND('',#5574,.T.);
#5574=EDGE_LOOP('',(#5575,#5576,#5577));
#5575=ORIENTED_EDGE('',*,*,#5578,.T.);
#5576=ORIENTED_EDGE('',*,*,#5579,.T.);
#5577=ORIENTED_EDGE('',*,*,#5580,.T.);
#5578=EDGE_CURVE('',#393,#333,#5581,.F.);
#5579=EDGE_CURVE('',#333,#395,#5582,.T.);
#5580=EDGE_CURVE('',#395,#393,#5583,.T.);
#5581=LINE('',#392,#5584);
#5582=LINE('',#332,#5585);
#5583=LINE('',#394,#5586);
#5584=VECTOR('',#5587,1.0);
#5585=VECTOR('',#5588,1.0);
#5586=VECTOR('',#5589,1.0);
#5587=DIRECTION('',(0.8800586082895625,0.3300234743970916,-0.3414401152798404));
#5588=DIRECTION('',(-2.5881661349755548E-06,-0.3104905029001334,0.9505764817215518));
#5589=DIRECTION('',(-0.9546315049017944,-0.15370223661451893,-0.25505746863918666));
#5590=FACE_SURFACE('',(#5595),#5591,.T.);
#5591=PLANE('',#5592);
#5592=AXIS2_PLACEMENT_3D('',#332,#5593,#5594);
#5593=DIRECTION('',(0.2965247116870357,-0.9078247143104853,-0.2965255190468541));
#5594=DIRECTION('',(0.7071067811864077,-6.288544400601731E-07,0.7071067811864077));
#5595=FACE_BOUND('',#5596,.T.);
#5596=EDGE_LOOP('',(#5597,#5598,#5599));
#5597=ORIENTED_EDGE('',*,*,#5600,.T.);
#5598=ORIENTED_EDGE('',*,*,#5601,.T.);
#5599=ORIENTED_EDGE('',*,*,#5602,.T.);
#5600=EDGE_CURVE('',#333,#397,#5603,.F.);
#5601=EDGE_CURVE('',#397,#395,#5604,.T.);
#5602=EDGE_CURVE('',#395,#333,#5605,.T.);
#5603=LINE('',#332,#5606);
#5604=LINE('',#396,#5607);
#5605=LINE('',#394,#5608);
#5606=VECTOR('',#5609,1.0);
#5607=VECTOR('',#5610,1.0);
#5608=VECTOR('',#5611,1.0);
#5609=DIRECTION('',(0.7071067811864077,-6.288544400601731E-07,0.7071067811864077));
#5610=DIRECTION('',(-0.9505769807426754,-0.31048897513782875,0));
#5611=DIRECTION('',(2.5881661349755548E-06,0.3104905029001334,-0.9505764817215518));
#5612=FACE_SURFACE('',(#5617),#5613,.T.);
#5613=PLANE('',#5614);
#5614=AXIS2_PLACEMENT_3D('',#54,#5615,#5616);
#5615=DIRECTION('',(0.11707060906792607,-0.32371126603192524,0.9388852372555834));
#5616=DIRECTION('',(0,-0.9453860961014136,-0.32595264885889336));
#5617=FACE_BOUND('',#5618,.T.);
#5618=EDGE_LOOP('',(#5619,#5620,#5621));
#5619=ORIENTED_EDGE('',*,*,#5622,.T.);
#5620=ORIENTED_EDGE('',*,*,#5623,.T.);
#5621=ORIENTED_EDGE('',*,*,#5624,.T.);
#5622=EDGE_CURVE('',#55,#399,#5625,.F.);
#5623=EDGE_CURVE('',#399,#401,#5626,.T.);
#5624=EDGE_CURVE('',#401,#55,#5627,.T.);
#5625=LINE('',#54,#5628);
#5626=LINE('',#398,#5629);
#5627=LINE('',#400,#5630);
#5628=VECTOR('',#5631,1.0);
#5629=VECTOR('',#5632,1.0);
#5630=VECTOR('',#5633,1.0);
#5631=DIRECTION('',(0,-0.9453860961014136,-0.32595264885889336));
#5632=DIRECTION('',(0.9916457363634044,-0.013453070028468218,-0.12828775646604312));
#5633=DIRECTION('',(-0.9261594597307631,0.30568230951988234,0.2208777507985175));
#5634=FACE_SURFACE('',(#5639),#5635,.T.);
#5635=PLANE('',#5636);
#5636=AXIS2_PLACEMENT_3D('',#54,#5637,#5638);
#5637=DIRECTION('',(0.10464739746835354,-0.3543743710365067,0.929229641883846));
#5638=DIRECTION('',(0.9261594597307631,-0.30568230951988234,-0.2208777507985175));
#5639=FACE_BOUND('',#5640,.T.);
#5640=EDGE_LOOP('',(#5641,#5642,#5643));
#5641=ORIENTED_EDGE('',*,*,#5644,.T.);
#5642=ORIENTED_EDGE('',*,*,#5645,.T.);
#5643=ORIENTED_EDGE('',*,*,#5646,.T.);
#5644=EDGE_CURVE('',#55,#401,#5647,.F.);
#5645=EDGE_CURVE('',#401,#403,#5648,.T.);
#5646=EDGE_CURVE('',#403,#55,#5649,.T.);
#5647=LINE('',#54,#5650);
#5648=LINE('',#400,#5651);
#5649=LINE('',#402,#5652);
#5650=VECTOR('',#5653,1.0);
#5651=VECTOR('',#5654,1.0);
#5652=VECTOR('',#5655,1.0);
#5653=DIRECTION('',(0.9261594597307631,-0.30568230951988234,-0.2208777507985175));
#5654=DIRECTION('',(-0.0872861793451326,0.9274813026946807,0.36353755795943254));
#5655=DIRECTION('',(-0.9937183524026392,0,0.11190994637736189));
#5656=FACE_SURFACE('',(#5661),#5657,.T.);
#5657=PLANE('',#5658);
#5658=AXIS2_PLACEMENT_3D('',#398,#5659,#5660);
#5659=DIRECTION('',(0.09110239848756542,-0.7278476915060353,0.6796602761373862));
#5660=DIRECTION('',(0,-0.6824984253240258,-0.7308870633895671));
#5661=FACE_BOUND('',#5662,.T.);
#5662=EDGE_LOOP('',(#5663,#5664,#5665));
#5663=ORIENTED_EDGE('',*,*,#5666,.T.);
#5664=ORIENTED_EDGE('',*,*,#5667,.T.);
#5665=ORIENTED_EDGE('',*,*,#5668,.T.);
#5666=EDGE_CURVE('',#399,#405,#5669,.F.);
#5667=EDGE_CURVE('',#405,#407,#5670,.T.);
#5668=EDGE_CURVE('',#407,#399,#5671,.T.);
#5669=LINE('',#398,#5672);
#5670=LINE('',#404,#5673);
#5671=LINE('',#406,#5674);
#5672=VECTOR('',#5675,1.0);
#5673=VECTOR('',#5676,1.0);
#5674=VECTOR('',#5677,1.0);
#5675=DIRECTION('',(0,-0.6824984253240258,-0.7308870633895671));
#5676=DIRECTION('',(0.9895062582149088,-0.01070015229768909,-0.14409327428556973));
#5677=DIRECTION('',(-0.8710883288479473,0.27250696470881,0.4085891304600279));
#5678=FACE_SURFACE('',(#5683),#5679,.T.);
#5679=PLANE('',#5680);
#5680=AXIS2_PLACEMENT_3D('',#398,#5681,#5682);
#5681=DIRECTION('',(0.07512751835518472,-0.7482163136800303,0.6591875332019395));
#5682=DIRECTION('',(0.8710883288479473,-0.27250696470881,-0.4085891304600279));
#5683=FACE_BOUND('',#5684,.T.);
#5684=EDGE_LOOP('',(#5685,#5686,#5687));
#5685=ORIENTED_EDGE('',*,*,#5688,.T.);
#5686=ORIENTED_EDGE('',*,*,#5689,.T.);
#5687=ORIENTED_EDGE('',*,*,#5690,.T.);
#5688=EDGE_CURVE('',#399,#407,#5691,.F.);
#5689=EDGE_CURVE('',#407,#401,#5692,.T.);
#5690=EDGE_CURVE('',#401,#399,#5693,.T.);
#5691=LINE('',#398,#5694);
#5692=LINE('',#406,#5695);
#5693=LINE('',#400,#5696);
#5694=VECTOR('',#5697,1.0);
#5695=VECTOR('',#5698,1.0);
#5696=VECTOR('',#5699,1.0);
#5697=DIRECTION('',(0.8710883288479473,-0.27250696470881,-0.4085891304600279));
#5698=DIRECTION('',(0.009168928372864206,0.6615461002682701,0.7498484433352763));
#5699=DIRECTION('',(-0.9916457363634044,0.013453070028468218,0.12828775646604312));
#5700=FACE_SURFACE('',(#5705),#5701,.T.);
#5701=PLANE('',#5702);
#5702=AXIS2_PLACEMENT_3D('',#404,#5703,#5704);
#5703=DIRECTION('',(0.06443725285696503,-0.8854006223723643,0.46034071984441877));
#5704=DIRECTION('',(0,-0.4612994104161495,-0.8872445288361674));
#5705=FACE_BOUND('',#5706,.T.);
#5706=EDGE_LOOP('',(#5707,#5708,#5709));
#5707=ORIENTED_EDGE('',*,*,#5710,.T.);
#5708=ORIENTED_EDGE('',*,*,#5711,.T.);
#5709=ORIENTED_EDGE('',*,*,#5712,.T.);
#5710=EDGE_CURVE('',#405,#409,#5713,.F.);
#5711=EDGE_CURVE('',#409,#411,#5714,.T.);
#5712=EDGE_CURVE('',#411,#405,#5715,.T.);
#5713=LINE('',#404,#5716);
#5714=LINE('',#408,#5717);
#5715=LINE('',#410,#5718);
#5716=VECTOR('',#5719,1.0);
#5717=VECTOR('',#5720,1.0);
#5718=VECTOR('',#5721,1.0);
#5719=DIRECTION('',(0,-0.4612994104161495,-0.8872445288361674));
#5720=DIRECTION('',(0.9932849086155529,0.012488238480591007,-0.115017973448694));
#5721=DIRECTION('',(-0.8211668538049403,0.21507415082352668,0.5286095987206767));
#5722=FACE_SURFACE('',(#5727),#5723,.T.);
#5723=PLANE('',#5724);
#5724=AXIS2_PLACEMENT_3D('',#404,#5725,#5726);
#5725=DIRECTION('',(0.0558073977674202,-0.8915643334304864,0.4494425143542626));
#5726=DIRECTION('',(0.8211668538049403,-0.21507415082352668,-0.5286095987206767));
#5727=FACE_BOUND('',#5728,.T.);
#5728=EDGE_LOOP('',(#5729,#5730,#5731));
#5729=ORIENTED_EDGE('',*,*,#5732,.T.);
#5730=ORIENTED_EDGE('',*,*,#5733,.T.);
#5731=ORIENTED_EDGE('',*,*,#5734,.T.);
#5732=EDGE_CURVE('',#405,#411,#5735,.F.);
#5733=EDGE_CURVE('',#411,#407,#5736,.T.);
#5734=EDGE_CURVE('',#407,#405,#5737,.T.);
#5735=LINE('',#404,#5738);
#5736=LINE('',#410,#5739);
#5737=LINE('',#406,#5740);
#5738=VECTOR('',#5741,1.0);
#5739=VECTOR('',#5742,1.0);
#5740=VECTOR('',#5743,1.0);
#5741=DIRECTION('',(0.8211668538049403,-0.21507415082352668,-0.5286095987206767));
#5742=DIRECTION('',(0.023017803467700215,0.4511732533713177,0.8921394936700556));
#5743=DIRECTION('',(-0.9895062582149088,0.01070015229768909,0.14409327428556973));
#5744=FACE_SURFACE('',(#5749),#5745,.T.);
#5745=PLANE('',#5746);
#5746=AXIS2_PLACEMENT_3D('',#412,#5747,#5748);
#5747=DIRECTION('',(0.04773885833107021,-0.9494930697866683,0.31013531213380935));
#5748=DIRECTION('',(0,-0.31048931630037224,-0.9505768693079626));
#5749=FACE_BOUND('',#5750,.T.);
#5750=EDGE_LOOP('',(#5751,#5752,#5753));
#5751=ORIENTED_EDGE('',*,*,#5754,.T.);
#5752=ORIENTED_EDGE('',*,*,#5755,.T.);
#5753=ORIENTED_EDGE('',*,*,#5756,.T.);
#5754=EDGE_CURVE('',#413,#415,#5757,.F.);
#5755=EDGE_CURVE('',#415,#417,#5758,.T.);
#5756=EDGE_CURVE('',#417,#413,#5759,.T.);
#5757=LINE('',#412,#5760);
#5758=LINE('',#414,#5761);
#5759=LINE('',#416,#5762);
#5760=VECTOR('',#5763,1.0);
#5761=VECTOR('',#5764,1.0);
#5762=VECTOR('',#5765,1.0);
#5763=DIRECTION('',(0,-0.31048931630037224,-0.9505768693079626));
#5764=DIRECTION('',(0.9986565289454491,0.03910582084094927,-0.03399811716821034));
#5765=DIRECTION('',(-0.7970254499961782,0.15093546626667553,0.5847810847498841));
#5766=FACE_SURFACE('',(#5771),#5767,.T.);
#5767=PLANE('',#5768);
#5768=AXIS2_PLACEMENT_3D('',#412,#5769,#5770);
#5769=DIRECTION('',(0.047867794324232465,-0.9494341317035194,0.3102958327514522));
#5770=DIRECTION('',(0.7970254499961782,-0.15093546626667553,-0.5847810847498841));
#5771=FACE_BOUND('',#5772,.T.);
#5772=EDGE_LOOP('',(#5773,#5774,#5775));
#5773=ORIENTED_EDGE('',*,*,#5776,.T.);
#5774=ORIENTED_EDGE('',*,*,#5777,.T.);
#5775=ORIENTED_EDGE('',*,*,#5778,.T.);
#5776=EDGE_CURVE('',#413,#417,#5779,.F.);
#5777=EDGE_CURVE('',#417,#419,#5780,.T.);
#5778=EDGE_CURVE('',#419,#413,#5781,.T.);
#5779=LINE('',#412,#5782);
#5780=LINE('',#416,#5783);
#5781=LINE('',#418,#5784);
#5782=VECTOR('',#5785,1.0);
#5783=VECTOR('',#5786,1.0);
#5784=VECTOR('',#5787,1.0);
#5785=DIRECTION('',(0.7970254499961782,-0.15093546626667553,-0.5847810847498841));
#5786=DIRECTION('',(-0.004726287345515718,0.310433171238578,0.9505834568320066));
#5787=DIRECTION('',(-0.9932849086155529,-0.012488238480591007,0.115017973448694));
#5788=FACE_SURFACE('',(#5793),#5789,.T.);
#5789=PLANE('',#5790);
#5790=AXIS2_PLACEMENT_3D('',#402,#5791,#5792);
#5791=DIRECTION('',(0.32837486803321325,-0.31774601796549773,0.8894984059070816));
#5792=DIRECTION('',(0.0872861793451326,-0.9274813026946807,-0.36353755795943254));
#5793=FACE_BOUND('',#5794,.T.);
#5794=EDGE_LOOP('',(#5795,#5796,#5797));
#5795=ORIENTED_EDGE('',*,*,#5798,.T.);
#5796=ORIENTED_EDGE('',*,*,#5799,.T.);
#5797=ORIENTED_EDGE('',*,*,#5800,.T.);
#5798=EDGE_CURVE('',#403,#401,#5801,.F.);
#5799=EDGE_CURVE('',#401,#421,#5802,.T.);
#5800=EDGE_CURVE('',#421,#403,#5803,.T.);
#5801=LINE('',#402,#5804);
#5802=LINE('',#400,#5805);
#5803=LINE('',#420,#5806);
#5804=VECTOR('',#5807,1.0);
#5805=VECTOR('',#5808,1.0);
#5806=VECTOR('',#5809,1.0);
#5807=DIRECTION('',(0.0872861793451326,-0.9274813026946807,-0.36353755795943254));
#5808=DIRECTION('',(0.9383452001075845,0.001997759431435564,-0.3456939316683349));
#5809=DIRECTION('',(-0.8572900827273449,0.2950664679032942,0.42188801070475623));
#5810=FACE_SURFACE('',(#5815),#5811,.T.);
#5811=PLANE('',#5812);
#5812=AXIS2_PLACEMENT_3D('',#402,#5813,#5814);
#5813=DIRECTION('',(0.3075733008221939,-0.3636137767837151,0.8793086408960297));
#5814=DIRECTION('',(0.8572900827273449,-0.2950664679032942,-0.42188801070475623));
#5815=FACE_BOUND('',#5816,.T.);
#5816=EDGE_LOOP('',(#5817,#5818,#5819));
#5817=ORIENTED_EDGE('',*,*,#5820,.T.);
#5818=ORIENTED_EDGE('',*,*,#5821,.T.);
#5819=ORIENTED_EDGE('',*,*,#5822,.T.);
#5820=EDGE_CURVE('',#403,#421,#5823,.F.);
#5821=EDGE_CURVE('',#421,#423,#5824,.T.);
#5822=EDGE_CURVE('',#423,#403,#5825,.T.);
#5823=LINE('',#402,#5826);
#5824=LINE('',#420,#5827);
#5825=LINE('',#422,#5828);
#5826=VECTOR('',#5829,1.0);
#5827=VECTOR('',#5830,1.0);
#5828=VECTOR('',#5831,1.0);
#5829=DIRECTION('',(0.8572900827273449,-0.2950664679032942,-0.42188801070475623));
#5830=DIRECTION('',(-0.08977312533741988,0.9088940693744004,0.40724974723527396));
#5831=DIRECTION('',(-0.9439201696208377,0,0.3301737624084767));
#5832=FACE_SURFACE('',(#5837),#5833,.T.);
#5833=PLANE('',#5834);
#5834=AXIS2_PLACEMENT_3D('',#400,#5835,#5836);
#5835=DIRECTION('',(0.24694997381235725,-0.7281509138819848,0.6393840450362416));
#5836=DIRECTION('',(-0.009168928372864206,-0.6615461002682701,-0.7498484433352763));
#5837=FACE_BOUND('',#5838,.T.);
#5838=EDGE_LOOP('',(#5839,#5840,#5841));
#5839=ORIENTED_EDGE('',*,*,#5842,.T.);
#5840=ORIENTED_EDGE('',*,*,#5843,.T.);
#5841=ORIENTED_EDGE('',*,*,#5844,.T.);
#5842=EDGE_CURVE('',#401,#407,#5845,.F.);
#5843=EDGE_CURVE('',#407,#425,#5846,.T.);
#5844=EDGE_CURVE('',#425,#401,#5847,.T.);
#5845=LINE('',#400,#5848);
#5846=LINE('',#406,#5849);
#5847=LINE('',#424,#5850);
#5848=VECTOR('',#5851,1.0);
#5849=VECTOR('',#5852,1.0);
#5850=VECTOR('',#5853,1.0);
#5851=DIRECTION('',(-0.009168928372864206,-0.6615461002682701,-0.7498484433352763));
#5852=DIRECTION('',(0.9395641173314424,0.018451731304864293,-0.34187542034349383));
#5853=DIRECTION('',(-0.7727804558078296,0.2501157856862852,0.5833116327247173));
#5854=FACE_SURFACE('',(#5859),#5855,.T.);
#5855=PLANE('',#5856);
#5856=AXIS2_PLACEMENT_3D('',#400,#5857,#5858);
#5857=DIRECTION('',(0.23254208746513902,-0.7435771727187993,0.6269108116541557));
#5858=DIRECTION('',(0.7727804558078296,-0.2501157856862852,-0.5833116327247173));
#5859=FACE_BOUND('',#5860,.T.);
#5860=EDGE_LOOP('',(#5861,#5862,#5863));
#5861=ORIENTED_EDGE('',*,*,#5864,.T.);
#5862=ORIENTED_EDGE('',*,*,#5865,.T.);
#5863=ORIENTED_EDGE('',*,*,#5866,.T.);
#5864=EDGE_CURVE('',#401,#425,#5867,.F.);
#5865=EDGE_CURVE('',#425,#421,#5868,.T.);
#5866=EDGE_CURVE('',#421,#401,#5869,.T.);
#5867=LINE('',#400,#5870);
#5868=LINE('',#424,#5871);
#5869=LINE('',#420,#5872);
#5870=VECTOR('',#5873,1.0);
#5871=VECTOR('',#5874,1.0);
#5872=VECTOR('',#5875,1.0);
#5873=DIRECTION('',(0.7727804558078296,-0.2501157856862852,-0.5833116327247173));
#5874=DIRECTION('',(0.1274536376041447,0.6623207162116488,0.7382999655548956));
#5875=DIRECTION('',(-0.9383452001075845,-0.001997759431435564,0.3456939316683349));
#5876=FACE_SURFACE('',(#5881),#5877,.T.);
#5877=PLANE('',#5878);
#5878=AXIS2_PLACEMENT_3D('',#406,#5879,#5880);
#5879=DIRECTION('',(0.18015306148656338,-0.8796394752872285,0.44020366644705244));
#5880=DIRECTION('',(-0.023017803467700215,-0.4511732533713177,-0.8921394936700556));
#5881=FACE_BOUND('',#5882,.T.);
#5882=EDGE_LOOP('',(#5883,#5884,#5885));
#5883=ORIENTED_EDGE('',*,*,#5886,.T.);
#5884=ORIENTED_EDGE('',*,*,#5887,.T.);
#5885=ORIENTED_EDGE('',*,*,#5888,.T.);
#5886=EDGE_CURVE('',#407,#411,#5889,.F.);
#5887=EDGE_CURVE('',#411,#427,#5890,.T.);
#5888=EDGE_CURVE('',#427,#407,#5891,.T.);
#5889=LINE('',#406,#5892);
#5890=LINE('',#410,#5893);
#5891=LINE('',#426,#5894);
#5892=VECTOR('',#5895,1.0);
#5893=VECTOR('',#5896,1.0);
#5894=VECTOR('',#5897,1.0);
#5895=DIRECTION('',(-0.023017803467700215,-0.4511732533713177,-0.8921394936700556));
#5896=DIRECTION('',(0.9573785257066773,0.05408698687452823,-0.28372690455179544));
#5897=DIRECTION('',(-0.7276672072619177,0.18194042203931182,0.6613608079587104));
#5898=FACE_SURFACE('',(#5903),#5899,.T.);
#5899=PLANE('',#5900);
#5900=AXIS2_PLACEMENT_3D('',#406,#5901,#5902);
#5901=DIRECTION('',(0.1761699185103011,-0.8822662132934125,0.436543799283619));
#5902=DIRECTION('',(0.7276672072619177,-0.18194042203931182,-0.6613608079587104));
#5903=FACE_BOUND('',#5904,.T.);
#5904=EDGE_LOOP('',(#5905,#5906,#5907));
#5905=ORIENTED_EDGE('',*,*,#5908,.T.);
#5906=ORIENTED_EDGE('',*,*,#5909,.T.);
#5907=ORIENTED_EDGE('',*,*,#5910,.T.);
#5908=EDGE_CURVE('',#407,#427,#5911,.F.);
#5909=EDGE_CURVE('',#427,#425,#5912,.T.);
#5910=EDGE_CURVE('',#425,#407,#5913,.T.);
#5911=LINE('',#406,#5914);
#5912=LINE('',#426,#5915);
#5913=LINE('',#424,#5916);
#5914=VECTOR('',#5917,1.0);
#5915=VECTOR('',#5918,1.0);
#5916=VECTOR('',#5919,1.0);
#5917=DIRECTION('',(0.7276672072619177,-0.18194042203931182,-0.6613608079587104));
#5918=DIRECTION('',(0.14672281475572346,0.4620612209739605,0.8746266881945751));
#5919=DIRECTION('',(-0.9395641173314424,-0.018451731304864293,0.34187542034349383));
#5920=FACE_SURFACE('',(#5925),#5921,.T.);
#5921=PLANE('',#5922);
#5922=AXIS2_PLACEMENT_3D('',#418,#5923,#5924);
#5923=DIRECTION('',(0.14477065642707745,-0.940367154947662,0.3078166190011724));
#5924=DIRECTION('',(0.004726287345515718,-0.310433171238578,-0.9505834568320066));
#5925=FACE_BOUND('',#5926,.T.);
#5926=EDGE_LOOP('',(#5927,#5928,#5929));
#5927=ORIENTED_EDGE('',*,*,#5930,.T.);
#5928=ORIENTED_EDGE('',*,*,#5931,.T.);
#5929=ORIENTED_EDGE('',*,*,#5932,.T.);
#5930=EDGE_CURVE('',#419,#417,#5933,.F.);
#5931=EDGE_CURVE('',#417,#429,#5934,.T.);
#5932=EDGE_CURVE('',#429,#419,#5935,.T.);
#5933=LINE('',#418,#5936);
#5934=LINE('',#416,#5937);
#5935=LINE('',#428,#5938);
#5936=VECTOR('',#5939,1.0);
#5937=VECTOR('',#5940,1.0);
#5938=VECTOR('',#5941,1.0);
#5939=DIRECTION('',(0.004726287345515718,-0.310433171238578,-0.9505834568320066));
#5940=DIRECTION('',(0.9802051627308219,0.09383791657712222,-0.17433383024619115));
#5941=DIRECTION('',(-0.730052004451143,0.10847087133566446,0.6747281977719249));
#5942=FACE_SURFACE('',(#5947),#5943,.T.);
#5943=PLANE('',#5944);
#5944=AXIS2_PLACEMENT_3D('',#418,#5945,#5946);
#5945=DIRECTION('',(0.14419390053262263,-0.940645192771781,0.30723727046783694));
#5946=DIRECTION('',(0.730052004451143,-0.10847087133566446,-0.6747281977719249));
#5947=FACE_BOUND('',#5948,.T.);
#5948=EDGE_LOOP('',(#5949,#5950,#5951));
#5949=ORIENTED_EDGE('',*,*,#5952,.T.);
#5950=ORIENTED_EDGE('',*,*,#5953,.T.);
#5951=ORIENTED_EDGE('',*,*,#5954,.T.);
#5952=EDGE_CURVE('',#419,#429,#5955,.F.);
#5953=EDGE_CURVE('',#429,#431,#5956,.T.);
#5954=EDGE_CURVE('',#431,#419,#5957,.T.);
#5955=LINE('',#418,#5958);
#5956=LINE('',#428,#5959);
#5957=LINE('',#430,#5960);
#5958=VECTOR('',#5961,1.0);
#5959=VECTOR('',#5962,1.0);
#5960=VECTOR('',#5963,1.0);
#5961=DIRECTION('',(0.730052004451143,-0.10847087133566446,-0.6747281977719249));
#5962=DIRECTION('',(-0.0018619376874044467,0.31022352063733544,0.9506618223277007));
#5963=DIRECTION('',(-0.9573785257066773,-0.05408698687452823,0.28372690455179544));
#5964=FACE_SURFACE('',(#5969),#5965,.T.);
#5965=PLANE('',#5966);
#5966=AXIS2_PLACEMENT_3D('',#422,#5967,#5968);
#5967=DIRECTION('',(0.5175388476442738,-0.30678828208634085,0.7987706123497214));
#5968=DIRECTION('',(0.08977312533741988,-0.9088940693744004,-0.40724974723527396));
#5969=FACE_BOUND('',#5970,.T.);
#5970=EDGE_LOOP('',(#5971,#5972,#5973));
#5971=ORIENTED_EDGE('',*,*,#5974,.T.);
#5972=ORIENTED_EDGE('',*,*,#5975,.T.);
#5973=ORIENTED_EDGE('',*,*,#5976,.T.);
#5974=EDGE_CURVE('',#423,#421,#5977,.F.);
#5975=EDGE_CURVE('',#421,#433,#5978,.T.);
#5976=EDGE_CURVE('',#433,#423,#5979,.T.);
#5977=LINE('',#422,#5980);
#5978=LINE('',#420,#5981);
#5979=LINE('',#432,#5982);
#5980=VECTOR('',#5983,1.0);
#5981=VECTOR('',#5984,1.0);
#5982=VECTOR('',#5985,1.0);
#5983=DIRECTION('',(0.08977312533741988,-0.9088940693744004,-0.40724974723527396));
#5984=DIRECTION('',(0.8403691864109311,0.006552226748253666,-0.5419748138573132));
#5985=DIRECTION('',(-0.7429676639663314,0.30194308746018206,0.5973520086476861));
#5986=FACE_SURFACE('',(#5991),#5987,.T.);
#5987=PLANE('',#5988);
#5988=AXIS2_PLACEMENT_3D('',#422,#5989,#5990);
#5989=DIRECTION('',(0.499520880461703,-0.3438980129407359,0.7951182595552554));
#5990=DIRECTION('',(0.7429676639663314,-0.30194308746018206,-0.5973520086476861));
#5991=FACE_BOUND('',#5992,.T.);
#5992=EDGE_LOOP('',(#5993,#5994,#5995));
#5993=ORIENTED_EDGE('',*,*,#5996,.T.);
#5994=ORIENTED_EDGE('',*,*,#5997,.T.);
#5995=ORIENTED_EDGE('',*,*,#5998,.T.);
#5996=EDGE_CURVE('',#423,#433,#5999,.F.);
#5997=EDGE_CURVE('',#433,#435,#6000,.T.);
#5998=EDGE_CURVE('',#435,#423,#6001,.T.);
#5999=LINE('',#422,#6002);
#6000=LINE('',#432,#6003);
#6001=LINE('',#434,#6004);
#6002=VECTOR('',#6005,1.0);
#6003=VECTOR('',#6006,1.0);
#6004=VECTOR('',#6007,1.0);
#6005=DIRECTION('',(0.7429676639663314,-0.30194308746018206,-0.5973520086476861));
#6006=DIRECTION('',(0.09737929279600038,0.9343034848402623,0.3429202116380613));
#6007=DIRECTION('',(-0.8467649919063076,0,0.5319671498146391));
#6008=FACE_SURFACE('',(#6013),#6009,.T.);
#6009=PLANE('',#6010);
#6010=AXIS2_PLACEMENT_3D('',#420,#6011,#6012);
#6011=DIRECTION('',(0.38240142618852285,-0.7196359397029807,0.5795629935880927));
#6012=DIRECTION('',(-0.1274536376041447,-0.6623207162116488,-0.7382999655548956));
#6013=FACE_BOUND('',#6014,.T.);
#6014=EDGE_LOOP('',(#6015,#6016,#6017));
#6015=ORIENTED_EDGE('',*,*,#6018,.T.);
#6016=ORIENTED_EDGE('',*,*,#6019,.T.);
#6017=ORIENTED_EDGE('',*,*,#6020,.T.);
#6018=EDGE_CURVE('',#421,#425,#6021,.F.);
#6019=EDGE_CURVE('',#425,#437,#6022,.T.);
#6020=EDGE_CURVE('',#437,#421,#6023,.T.);
#6021=LINE('',#420,#6024);
#6022=LINE('',#424,#6025);
#6023=LINE('',#436,#6026);
#6024=VECTOR('',#6027,1.0);
#6025=VECTOR('',#6028,1.0);
#6026=VECTOR('',#6029,1.0);
#6027=DIRECTION('',(-0.1274536376041447,-0.6623207162116488,-0.7382999655548956));
#6028=DIRECTION('',(0.8506779896212874,0.02932901638048226,-0.5248683327959865));
#6029=DIRECTION('',(-0.6227087493794797,0.26268477161724585,0.7370417384427015));
#6030=FACE_SURFACE('',(#6035),#6031,.T.);
#6031=PLANE('',#6032);
#6032=AXIS2_PLACEMENT_3D('',#420,#6033,#6034);
#6033=DIRECTION('',(0.3779507028464066,-0.723803661583371,0.5772880786023667));
#6034=DIRECTION('',(0.6227087493794797,-0.26268477161724585,-0.7370417384427015));
#6035=FACE_BOUND('',#6036,.T.);
#6036=EDGE_LOOP('',(#6037,#6038,#6039));
#6037=ORIENTED_EDGE('',*,*,#6040,.T.);
#6038=ORIENTED_EDGE('',*,*,#6041,.T.);
#6039=ORIENTED_EDGE('',*,*,#6042,.T.);
#6040=EDGE_CURVE('',#421,#437,#6043,.F.);
#6041=EDGE_CURVE('',#437,#433,#6044,.T.);
#6042=EDGE_CURVE('',#433,#421,#6045,.T.);
#6043=LINE('',#420,#6046);
#6044=LINE('',#436,#6047);
#6045=LINE('',#432,#6048);
#6046=VECTOR('',#6049,1.0);
#6047=VECTOR('',#6050,1.0);
#6048=VECTOR('',#6051,1.0);
#6049=DIRECTION('',(0.6227087493794797,-0.26268477161724585,-0.7370417384427015));
#6050=DIRECTION('',(0.3756013176847487,0.6897939358067874,0.6189571683708511));
#6051=DIRECTION('',(-0.8403691864109311,-0.006552226748253666,0.5419748138573132));
#6052=FACE_SURFACE('',(#6057),#6053,.T.);
#6053=PLANE('',#6054);
#6054=AXIS2_PLACEMENT_3D('',#424,#6055,#6056);
#6055=DIRECTION('',(0.27864103659693246,-0.8676968434526887,0.41165684809854347));
#6056=DIRECTION('',(-0.14672281475572346,-0.4620612209739605,-0.8746266881945751));
#6057=FACE_BOUND('',#6058,.T.);
#6058=EDGE_LOOP('',(#6059,#6060,#6061));
#6059=ORIENTED_EDGE('',*,*,#6062,.T.);
#6060=ORIENTED_EDGE('',*,*,#6063,.T.);
#6061=ORIENTED_EDGE('',*,*,#6064,.T.);
#6062=EDGE_CURVE('',#425,#427,#6065,.F.);
#6063=EDGE_CURVE('',#427,#439,#6066,.T.);
#6064=EDGE_CURVE('',#439,#425,#6067,.T.);
#6065=LINE('',#424,#6068);
#6066=LINE('',#426,#6069);
#6067=LINE('',#438,#6070);
#6068=VECTOR('',#6071,1.0);
#6069=VECTOR('',#6072,1.0);
#6070=VECTOR('',#6073,1.0);
#6071=DIRECTION('',(-0.14672281475572346,-0.4620612209739605,-0.8746266881945751));
#6072=DIRECTION('',(0.8942144148415596,0.07803762108692158,-0.4407841988826974));
#6073=DIRECTION('',(-0.581193378567639,0.18888905280436505,0.7915397541752422));
#6074=FACE_SURFACE('',(#6079),#6075,.T.);
#6075=PLANE('',#6076);
#6076=AXIS2_PLACEMENT_3D('',#424,#6077,#6078);
#6077=DIRECTION('',(0.2866512426153104,-0.8628225445152976,0.41637521754211776));
#6078=DIRECTION('',(0.581193378567639,-0.18888905280436505,-0.7915397541752422));
#6079=FACE_BOUND('',#6080,.T.);
#6080=EDGE_LOOP('',(#6081,#6082,#6083));
#6081=ORIENTED_EDGE('',*,*,#6084,.T.);
#6082=ORIENTED_EDGE('',*,*,#6085,.T.);
#6083=ORIENTED_EDGE('',*,*,#6086,.T.);
#6084=EDGE_CURVE('',#425,#439,#6087,.F.);
#6085=EDGE_CURVE('',#439,#437,#6088,.T.);
#6086=EDGE_CURVE('',#437,#425,#6089,.T.);
#6087=LINE('',#424,#6090);
#6088=LINE('',#438,#6091);
#6089=LINE('',#436,#6092);
#6090=VECTOR('',#6093,1.0);
#6091=VECTOR('',#6094,1.0);
#6092=VECTOR('',#6095,1.0);
#6093=DIRECTION('',(0.581193378567639,-0.18888905280436505,-0.7915397541752422));
#6094=DIRECTION('',(0.41427083830756994,0.5035139024300348,0.7581908879613503));
#6095=DIRECTION('',(-0.8506779896212874,-0.02932901638048226,0.5248683327959865));
#6096=FACE_SURFACE('',(#6101),#6097,.T.);
#6097=PLANE('',#6098);
#6098=AXIS2_PLACEMENT_3D('',#430,#6099,#6100);
#6099=DIRECTION('',(0.22986220465951146,-0.9250748676696093,0.30232409112593667));
#6100=DIRECTION('',(0.0018619376874044467,-0.31022352063733544,-0.9506618223277007));
#6101=FACE_BOUND('',#6102,.T.);
#6102=EDGE_LOOP('',(#6103,#6104,#6105));
#6103=ORIENTED_EDGE('',*,*,#6106,.T.);
#6104=ORIENTED_EDGE('',*,*,#6107,.T.);
#6105=ORIENTED_EDGE('',*,*,#6108,.T.);
#6106=EDGE_CURVE('',#431,#429,#6109,.F.);
#6107=EDGE_CURVE('',#429,#441,#6110,.T.);
#6108=EDGE_CURVE('',#441,#431,#6111,.T.);
#6109=LINE('',#430,#6112);
#6110=LINE('',#428,#6113);
#6111=LINE('',#440,#6114);
#6112=VECTOR('',#6115,1.0);
#6113=VECTOR('',#6116,1.0);
#6114=VECTOR('',#6117,1.0);
#6115=DIRECTION('',(0.0018619376874044467,-0.31022352063733544,-0.9506618223277007));
#6116=DIRECTION('',(0.9543172583303292,0.15331336595524384,-0.25646360808574226));
#6117=DIRECTION('',(-0.6545392746655296,0.08294662752779629,0.7514640343370315));
#6118=FACE_SURFACE('',(#6123),#6119,.T.);
#6119=PLANE('',#6120);
#6120=AXIS2_PLACEMENT_3D('',#430,#6121,#6122);
#6121=DIRECTION('',(0.22969577519742,-0.9251604802762057,0.30218857786414877));
#6122=DIRECTION('',(0.6545392746655296,-0.08294662752779629,-0.7514640343370315));
#6123=FACE_BOUND('',#6124,.T.);
#6124=EDGE_LOOP('',(#6125,#6126,#6127));
#6125=ORIENTED_EDGE('',*,*,#6128,.T.);
#6126=ORIENTED_EDGE('',*,*,#6129,.T.);
#6127=ORIENTED_EDGE('',*,*,#6130,.T.);
#6128=EDGE_CURVE('',#431,#441,#6131,.F.);
#6129=EDGE_CURVE('',#441,#443,#6132,.T.);
#6130=EDGE_CURVE('',#443,#431,#6133,.T.);
#6131=LINE('',#430,#6134);
#6132=LINE('',#440,#6135);
#6133=LINE('',#442,#6136);
#6134=VECTOR('',#6137,1.0);
#6135=VECTOR('',#6138,1.0);
#6136=VECTOR('',#6139,1.0);
#6137=DIRECTION('',(0.6545392746655296,-0.08294662752779629,-0.7514640343370315));
#6138=DIRECTION('',(-2.588166814323468E-06,0.31048973901774735,0.9505767312310947));
#6139=DIRECTION('',(-0.8942144148415596,-0.07803762108692158,0.4407841988826974));
#6140=FACE_SURFACE('',(#6145),#6141,.T.);
#6141=PLANE('',#6142);
#6142=AXIS2_PLACEMENT_3D('',#36,#6143,#6144);
#6143=DIRECTION('',(0.036729279513355854,-0.9984974477320966,0.04066702471190478));
#6144=DIRECTION('',(0.9993241342422257,0.03675968880480614,0));
#6145=FACE_BOUND('',#6146,.T.);
#6146=EDGE_LOOP('',(#6147,#6148,#6149));
#6147=ORIENTED_EDGE('',*,*,#6150,.T.);
#6148=ORIENTED_EDGE('',*,*,#6151,.T.);
#6149=ORIENTED_EDGE('',*,*,#6152,.T.);
#6150=EDGE_CURVE('',#37,#445,#6153,.F.);
#6151=EDGE_CURVE('',#445,#447,#6154,.T.);
#6152=EDGE_CURVE('',#447,#37,#6155,.T.);
#6153=LINE('',#36,#6156);
#6154=LINE('',#444,#6157);
#6155=LINE('',#446,#6158);
#6156=VECTOR('',#6159,1.0);
#6157=VECTOR('',#6160,1.0);
#6158=VECTOR('',#6161,1.0);
#6159=DIRECTION('',(0.9993241342422257,0.03675968880480614,0));
#6160=DIRECTION('',(0.04146138324584953,0.042182055674279885,0.9982492814314632));
#6161=DIRECTION('',(-0.7097157714629975,-0.054712463247157526,-0.7023603563001765));
#6162=FACE_SURFACE('',(#6167),#6163,.T.);
#6163=PLANE('',#6164);
#6164=AXIS2_PLACEMENT_3D('',#36,#6165,#6166);
#6165=DIRECTION('',(0.04062628175054841,-0.9984991040466472,0.036729340440141624));
#6166=DIRECTION('',(0.7097157714629975,0.054712463247157526,0.7023603563001765));
#6167=FACE_BOUND('',#6168,.T.);
#6168=EDGE_LOOP('',(#6169,#6170,#6171));
#6169=ORIENTED_EDGE('',*,*,#6172,.T.);
#6170=ORIENTED_EDGE('',*,*,#6173,.T.);
#6171=ORIENTED_EDGE('',*,*,#6174,.T.);
#6172=EDGE_CURVE('',#37,#447,#6175,.F.);
#6173=EDGE_CURVE('',#447,#449,#6176,.T.);
#6174=EDGE_CURVE('',#449,#37,#6177,.T.);
#6175=LINE('',#36,#6178);
#6176=LINE('',#446,#6179);
#6177=LINE('',#448,#6180);
#6178=VECTOR('',#6181,1.0);
#6179=VECTOR('',#6182,1.0);
#6180=VECTOR('',#6183,1.0);
#6181=DIRECTION('',(0.7097157714629975,0.054712463247157526,0.7023603563001765));
#6182=DIRECTION('',(-0.9986558720038308,-0.04176188839425677,-0.030698436279621707));
#6183=DIRECTION('',(0,-0.03675968880480614,-0.9993241342422257));
#6184=FACE_SURFACE('',(#6189),#6185,.T.);
#6185=PLANE('',#6186);
#6186=AXIS2_PLACEMENT_3D('',#444,#6187,#6188);
#6187=DIRECTION('',(0.11340756205725383,-0.9925976596741087,0.043458150877739916));
#6188=DIRECTION('',(0.9935363048037349,0.11351480536449957,0));
#6189=FACE_BOUND('',#6190,.T.);
#6190=EDGE_LOOP('',(#6191,#6192,#6193));
#6191=ORIENTED_EDGE('',*,*,#6194,.T.);
#6192=ORIENTED_EDGE('',*,*,#6195,.T.);
#6193=ORIENTED_EDGE('',*,*,#6196,.T.);
#6194=EDGE_CURVE('',#445,#451,#6197,.F.);
#6195=EDGE_CURVE('',#451,#453,#6198,.T.);
#6196=EDGE_CURVE('',#453,#445,#6199,.T.);
#6197=LINE('',#444,#6200);
#6198=LINE('',#450,#6201);
#6199=LINE('',#452,#6202);
#6200=VECTOR('',#6203,1.0);
#6201=VECTOR('',#6204,1.0);
#6202=VECTOR('',#6205,1.0);
#6203=DIRECTION('',(0.9935363048037349,0.11351480536449957,0));
#6204=DIRECTION('',(0.0330508997950462,0.04748508116409994,0.9983249997318391));
#6205=DIRECTION('',(-0.68749276515662,-0.10997588895295579,-0.7178154370771861));
#6206=FACE_SURFACE('',(#6211),#6207,.T.);
#6207=PLANE('',#6208);
#6208=AXIS2_PLACEMENT_3D('',#444,#6209,#6210);
#6209=DIRECTION('',(0.12013807315413197,-0.9920700256915644,0.036931118357710145));
#6210=DIRECTION('',(0.68749276515662,0.10997588895295579,0.7178154370771861));
#6211=FACE_BOUND('',#6212,.T.);
#6212=EDGE_LOOP('',(#6213,#6214,#6215));
#6213=ORIENTED_EDGE('',*,*,#6216,.T.);
#6214=ORIENTED_EDGE('',*,*,#6217,.T.);
#6215=ORIENTED_EDGE('',*,*,#6218,.T.);
#6216=EDGE_CURVE('',#445,#453,#6219,.F.);
#6217=EDGE_CURVE('',#453,#447,#6220,.T.);
#6218=EDGE_CURVE('',#447,#445,#6221,.T.);
#6219=LINE('',#444,#6222);
#6220=LINE('',#452,#6223);
#6221=LINE('',#446,#6224);
#6222=VECTOR('',#6225,1.0);
#6223=VECTOR('',#6226,1.0);
#6224=VECTOR('',#6227,1.0);
#6225=DIRECTION('',(0.68749276515662,0.10997588895295579,0.7178154370771861));
#6226=DIRECTION('',(-0.9927571922466373,-0.12005398183511169,0.0044942950623826266));
#6227=DIRECTION('',(-0.04146138324584953,-0.042182055674279885,-0.9982492814314632));
#6228=FACE_SURFACE('',(#6233),#6229,.T.);
#6229=PLANE('',#6230);
#6230=AXIS2_PLACEMENT_3D('',#450,#6231,#6232);
#6231=DIRECTION('',(0.20081175363756595,-0.9786075275375996,0.04474311844017508));
#6232=DIRECTION('',(0.9795885607953723,0.2010130631547386,0));
#6233=FACE_BOUND('',#6234,.T.);
#6234=EDGE_LOOP('',(#6235,#6236,#6237));
#6235=ORIENTED_EDGE('',*,*,#6238,.T.);
#6236=ORIENTED_EDGE('',*,*,#6239,.T.);
#6237=ORIENTED_EDGE('',*,*,#6240,.T.);
#6238=EDGE_CURVE('',#451,#455,#6241,.F.);
#6239=EDGE_CURVE('',#455,#457,#6242,.T.);
#6240=EDGE_CURVE('',#457,#451,#6243,.T.);
#6241=LINE('',#450,#6244);
#6242=LINE('',#454,#6245);
#6243=LINE('',#456,#6246);
#6244=VECTOR('',#6247,1.0);
#6245=VECTOR('',#6248,1.0);
#6246=VECTOR('',#6249,1.0);
#6247=DIRECTION('',(0.9795885607953723,0.2010130631547386,0));
#6248=DIRECTION('',(-0.038435791052024285,0.037767696522837034,0.9985470900591339));
#6249=DIRECTION('',(-0.617327193254901,-0.1618759694760468,-0.7698722666613053));
#6250=FACE_SURFACE('',(#6255),#6251,.T.);
#6251=PLANE('',#6252);
#6252=AXIS2_PLACEMENT_3D('',#450,#6253,#6254);
#6253=DIRECTION('',(0.20689129219109018,-0.9775602435370929,0.03964799454197066));
#6254=DIRECTION('',(0.617327193254901,0.1618759694760468,0.7698722666613053));
#6255=FACE_BOUND('',#6256,.T.);
#6256=EDGE_LOOP('',(#6257,#6258,#6259));
#6257=ORIENTED_EDGE('',*,*,#6260,.T.);
#6258=ORIENTED_EDGE('',*,*,#6261,.T.);
#6259=ORIENTED_EDGE('',*,*,#6262,.T.);
#6260=EDGE_CURVE('',#451,#457,#6263,.F.);
#6261=EDGE_CURVE('',#457,#453,#6264,.T.);
#6262=EDGE_CURVE('',#453,#451,#6265,.T.);
#6263=LINE('',#450,#6266);
#6264=LINE('',#456,#6267);
#6265=LINE('',#452,#6268);
#6266=VECTOR('',#6269,1.0);
#6267=VECTOR('',#6270,1.0);
#6268=VECTOR('',#6271,1.0);
#6269=DIRECTION('',(0.617327193254901,0.1618759694760468,0.7698722666613053));
#6270=DIRECTION('',(-0.9783332089274099,-0.20639366428583725,0.01630299519909754));
#6271=DIRECTION('',(-0.0330508997950462,-0.04748508116409994,-0.9983249997318391));
#6272=FACE_SURFACE('',(#6277),#6273,.T.);
#6273=PLANE('',#6274);
#6274=AXIS2_PLACEMENT_3D('',#454,#6275,#6276);
#6275=DIRECTION('',(0.3101361557475811,-0.9494927913220447,0.04773891625900378));
#6276=DIRECTION('',(0.9505765931602289,0.310490161737683,0));
#6277=FACE_BOUND('',#6278,.T.);
#6278=EDGE_LOOP('',(#6279,#6280,#6281));
#6279=ORIENTED_EDGE('',*,*,#6282,.T.);
#6280=ORIENTED_EDGE('',*,*,#6283,.T.);
#6281=ORIENTED_EDGE('',*,*,#6284,.T.);
#6282=EDGE_CURVE('',#455,#459,#6285,.F.);
#6283=EDGE_CURVE('',#459,#461,#6286,.T.);
#6284=EDGE_CURVE('',#461,#455,#6287,.T.);
#6285=LINE('',#454,#6288);
#6286=LINE('',#458,#6289);
#6287=LINE('',#460,#6290);
#6288=VECTOR('',#6291,1.0);
#6289=VECTOR('',#6292,1.0);
#6290=VECTOR('',#6293,1.0);
#6291=DIRECTION('',(0.9505765931602289,0.310490161737683,0));
#6292=DIRECTION('',(-0.11902549586142694,0.011040115213796218,0.9928298178393957));
#6293=DIRECTION('',(-0.4911276822830996,-0.2030096001477742,-0.8471013528162209));
#6294=FACE_SURFACE('',(#6299),#6295,.T.);
#6295=PLANE('',#6296);
#6296=AXIS2_PLACEMENT_3D('',#454,#6297,#6298);
#6297=DIRECTION('',(0.3099722019341182,-0.9495409630641,0.04784551694167342));
#6298=DIRECTION('',(0.4911276822830996,0.2030096001477742,0.8471013528162209));
#6299=FACE_BOUND('',#6300,.T.);
#6300=EDGE_LOOP('',(#6301,#6302,#6303));
#6301=ORIENTED_EDGE('',*,*,#6304,.T.);
#6302=ORIENTED_EDGE('',*,*,#6305,.T.);
#6303=ORIENTED_EDGE('',*,*,#6306,.T.);
#6304=EDGE_CURVE('',#455,#461,#6307,.F.);
#6305=EDGE_CURVE('',#461,#457,#6308,.T.);
#6306=EDGE_CURVE('',#457,#455,#6309,.T.);
#6307=LINE('',#454,#6310);
#6308=LINE('',#460,#6311);
#6309=LINE('',#456,#6312);
#6310=VECTOR('',#6313,1.0);
#6311=VECTOR('',#6314,1.0);
#6312=VECTOR('',#6315,1.0);
#6313=DIRECTION('',(0.4911276822830996,0.2030096001477742,0.8471013528162209));
#6314=DIRECTION('',(-0.9505487628712231,-0.3105393771894682,-0.004727009494832636));
#6315=DIRECTION('',(0.038435791052024285,-0.037767696522837034,-0.9985470900591339));
#6316=FACE_SURFACE('',(#6321),#6317,.T.);
#6317=PLANE('',#6318);
#6318=AXIS2_PLACEMENT_3D('',#448,#6319,#6320);
#6319=DIRECTION('',(0.037810272269881054,-0.9920983239613298,0.11962984119356497));
#6320=DIRECTION('',(0.9986558720038308,0.04176188839425677,0.030698436279621707));
#6321=FACE_BOUND('',#6322,.T.);
#6322=EDGE_LOOP('',(#6323,#6324,#6325));
#6323=ORIENTED_EDGE('',*,*,#6326,.T.);
#6324=ORIENTED_EDGE('',*,*,#6327,.T.);
#6325=ORIENTED_EDGE('',*,*,#6328,.T.);
#6326=EDGE_CURVE('',#449,#447,#6329,.F.);
#6327=EDGE_CURVE('',#447,#463,#6330,.T.);
#6328=EDGE_CURVE('',#463,#449,#6331,.T.);
#6329=LINE('',#448,#6332);
#6330=LINE('',#446,#6333);
#6331=LINE('',#462,#6334);
#6332=VECTOR('',#6335,1.0);
#6333=VECTOR('',#6336,1.0);
#6334=VECTOR('',#6337,1.0);
#6335=DIRECTION('',(0.9986558720038308,0.04176188839425677,0.030698436279621707));
#6336=DIRECTION('',(-0.006471270758273538,0.11946984044622812,0.9928167403295162));
#6337=DIRECTION('',(-0.7209600344801462,-0.1099787205019387,-0.6841939123663283));
#6338=FACE_SURFACE('',(#6343),#6339,.T.);
#6339=PLANE('',#6340);
#6340=AXIS2_PLACEMENT_3D('',#448,#6341,#6342);
#6341=DIRECTION('',(0.043791122677804065,-0.9925832553249286,0.11340555023095149));
#6342=DIRECTION('',(0.7209600344801462,0.1099787205019387,0.6841939123663283));
#6343=FACE_BOUND('',#6344,.T.);
#6344=EDGE_LOOP('',(#6345,#6346,#6347));
#6345=ORIENTED_EDGE('',*,*,#6348,.T.);
#6346=ORIENTED_EDGE('',*,*,#6349,.T.);
#6347=ORIENTED_EDGE('',*,*,#6350,.T.);
#6348=EDGE_CURVE('',#449,#463,#6351,.F.);
#6349=EDGE_CURVE('',#463,#465,#6352,.T.);
#6350=EDGE_CURVE('',#465,#449,#6353,.T.);
#6351=LINE('',#448,#6354);
#6352=LINE('',#462,#6355);
#6353=LINE('',#464,#6356);
#6354=VECTOR('',#6357,1.0);
#6355=VECTOR('',#6358,1.0);
#6356=VECTOR('',#6359,1.0);
#6357=DIRECTION('',(0.7209600344801462,0.1099787205019387,0.6841939123663283));
#6358=DIRECTION('',(-0.9983410849383972,-0.04772507770274608,-0.03220861813693322));
#6359=DIRECTION('',(0,-0.11351444365287505,-0.9935363461304161));
#6360=FACE_SURFACE('',(#6365),#6361,.T.);
#6361=PLANE('',#6362);
#6362=AXIS2_PLACEMENT_3D('',#446,#6363,#6364);
#6363=DIRECTION('',(0.11967909452489656,-0.9850052480342483,0.12426413673578532));
#6364=DIRECTION('',(0.9927571922466373,0.12005398183511169,-0.0044942950623826266));
#6365=FACE_BOUND('',#6366,.T.);
#6366=EDGE_LOOP('',(#6367,#6368,#6369));
#6367=ORIENTED_EDGE('',*,*,#6370,.T.);
#6368=ORIENTED_EDGE('',*,*,#6371,.T.);
#6369=ORIENTED_EDGE('',*,*,#6372,.T.);
#6370=EDGE_CURVE('',#447,#453,#6373,.F.);
#6371=EDGE_CURVE('',#453,#467,#6374,.T.);
#6372=EDGE_CURVE('',#467,#447,#6375,.T.);
#6373=LINE('',#446,#6376);
#6374=LINE('',#452,#6377);
#6375=LINE('',#466,#6378);
#6376=VECTOR('',#6379,1.0);
#6377=VECTOR('',#6380,1.0);
#6378=VECTOR('',#6381,1.0);
#6379=DIRECTION('',(0.9927571922466373,0.12005398183511169,-0.0044942950623826266));
#6380=DIRECTION('',(-0.05959805896500063,0.11781023374817319,0.9912460946666096));
#6381=DIRECTION('',(-0.6933111850441649,-0.17250746287284496,-0.6996861981958983));
#6382=FACE_SURFACE('',(#6387),#6383,.T.);
#6383=PLANE('',#6384);
#6384=AXIS2_PLACEMENT_3D('',#446,#6385,#6386);
#6385=DIRECTION('',(0.12464527221934912,-0.984998059913994,0.11934143487922484));
#6386=DIRECTION('',(0.6933111850441649,0.17250746287284496,0.6996861981958983));
#6387=FACE_BOUND('',#6388,.T.);
#6388=EDGE_LOOP('',(#6389,#6390,#6391));
#6389=ORIENTED_EDGE('',*,*,#6392,.T.);
#6390=ORIENTED_EDGE('',*,*,#6393,.T.);
#6391=ORIENTED_EDGE('',*,*,#6394,.T.);
#6392=EDGE_CURVE('',#447,#467,#6395,.F.);
#6393=EDGE_CURVE('',#467,#463,#6396,.T.);
#6394=EDGE_CURVE('',#463,#447,#6397,.T.);
#6395=LINE('',#446,#6398);
#6396=LINE('',#466,#6399);
#6397=LINE('',#462,#6400);
#6398=VECTOR('',#6401,1.0);
#6399=VECTOR('',#6402,1.0);
#6400=VECTOR('',#6403,1.0);
#6401=DIRECTION('',(0.6933111850441649,0.17250746287284496,0.6996861981958983));
#6402=DIRECTION('',(-0.9910735943191992,-0.11786654690785191,0.0622945243439806));
#6403=DIRECTION('',(0.006471270758273538,-0.11946984044622812,-0.9928167403295162));
#6404=FACE_SURFACE('',(#6409),#6405,.T.);
#6405=PLANE('',#6406);
#6406=AXIS2_PLACEMENT_3D('',#452,#6407,#6408);
#6407=DIRECTION('',(0.20674702413193047,-0.9697684827394617,0.12963316665804883));
#6408=DIRECTION('',(0.9783332089274099,0.20639366428583725,-0.01630299519909754));
#6409=FACE_BOUND('',#6410,.T.);
#6410=EDGE_LOOP('',(#6411,#6412,#6413));
#6411=ORIENTED_EDGE('',*,*,#6414,.T.);
#6412=ORIENTED_EDGE('',*,*,#6415,.T.);
#6413=ORIENTED_EDGE('',*,*,#6416,.T.);
#6414=EDGE_CURVE('',#453,#457,#6417,.F.);
#6415=EDGE_CURVE('',#457,#469,#6418,.T.);
#6416=EDGE_CURVE('',#469,#453,#6419,.T.);
#6417=LINE('',#452,#6420);
#6418=LINE('',#456,#6421);
#6419=LINE('',#468,#6422);
#6420=VECTOR('',#6423,1.0);
#6421=VECTOR('',#6424,1.0);
#6422=VECTOR('',#6425,1.0);
#6423=DIRECTION('',(0.9783332089274099,0.20639366428583725,-0.01630299519909754));
#6424=DIRECTION('',(-0.16966079938545933,0.09495315226438944,0.980917484820687));
#6425=DIRECTION('',(-0.5916241591149399,-0.2294432595914495,-0.7728755688851804));
#6426=FACE_SURFACE('',(#6431),#6427,.T.);
#6427=PLANE('',#6428);
#6428=AXIS2_PLACEMENT_3D('',#452,#6429,#6430);
#6429=DIRECTION('',(0.20904902711406517,-0.9695186779299854,0.12779685992838916));
#6430=DIRECTION('',(0.5916241591149399,0.2294432595914495,0.7728755688851804));
#6431=FACE_BOUND('',#6432,.T.);
#6432=EDGE_LOOP('',(#6433,#6434,#6435));
#6433=ORIENTED_EDGE('',*,*,#6436,.T.);
#6434=ORIENTED_EDGE('',*,*,#6437,.T.);
#6435=ORIENTED_EDGE('',*,*,#6438,.T.);
#6436=EDGE_CURVE('',#453,#469,#6439,.F.);
#6437=EDGE_CURVE('',#469,#467,#6440,.T.);
#6438=EDGE_CURVE('',#467,#453,#6441,.T.);
#6439=LINE('',#452,#6442);
#6440=LINE('',#468,#6443);
#6441=LINE('',#466,#6444);
#6442=VECTOR('',#6445,1.0);
#6443=VECTOR('',#6446,1.0);
#6444=VECTOR('',#6447,1.0);
#6445=DIRECTION('',(0.5916241591149399,0.2294432595914495,0.7728755688851804));
#6446=DIRECTION('',(-0.9751845814039006,-0.1969382961056828,0.10114514184620688));
#6447=DIRECTION('',(0.05959805896500063,-0.11781023374817319,-0.9912460946666096));
#6448=FACE_SURFACE('',(#6453),#6449,.T.);
#6449=PLANE('',#6450);
#6450=AXIS2_PLACEMENT_3D('',#456,#6451,#6452);
#6451=DIRECTION('',(0.30663302603947057,-0.940791526944294,0.14452505032588997));
#6452=DIRECTION('',(0.9505487628712231,0.3105393771894682,0.004727009494832636));
#6453=FACE_BOUND('',#6454,.T.);
#6454=EDGE_LOOP('',(#6455,#6456,#6457));
#6455=ORIENTED_EDGE('',*,*,#6458,.T.);
#6456=ORIENTED_EDGE('',*,*,#6459,.T.);
#6457=ORIENTED_EDGE('',*,*,#6460,.T.);
#6458=EDGE_CURVE('',#457,#461,#6461,.F.);
#6459=EDGE_CURVE('',#461,#471,#6462,.T.);
#6460=EDGE_CURVE('',#471,#457,#6463,.T.);
#6461=LINE('',#456,#6464);
#6462=LINE('',#460,#6465);
#6463=LINE('',#470,#6466);
#6464=VECTOR('',#6467,1.0);
#6465=VECTOR('',#6468,1.0);
#6466=VECTOR('',#6469,1.0);
#6467=DIRECTION('',(0.9505487628712231,0.3105393771894682,0.004727009494832636));
#6468=DIRECTION('',(-0.2808226840841558,0.05566199516742362,0.9581442283903567));
#6469=DIRECTION('',(-0.39925789055178673,-0.2649658990578184,-0.8777164742492986));
#6470=FACE_SURFACE('',(#6475),#6471,.T.);
#6471=PLANE('',#6472);
#6472=AXIS2_PLACEMENT_3D('',#456,#6473,#6474);
#6473=DIRECTION('',(0.30725304925139807,-0.9406395435723658,0.14419713171103393));
#6474=DIRECTION('',(0.39925789055178673,0.2649658990578184,0.8777164742492986));
#6475=FACE_BOUND('',#6476,.T.);
#6476=EDGE_LOOP('',(#6477,#6478,#6479));
#6477=ORIENTED_EDGE('',*,*,#6480,.T.);
#6478=ORIENTED_EDGE('',*,*,#6481,.T.);
#6479=ORIENTED_EDGE('',*,*,#6482,.T.);
#6480=EDGE_CURVE('',#457,#471,#6483,.F.);
#6481=EDGE_CURVE('',#471,#469,#6484,.T.);
#6482=EDGE_CURVE('',#469,#457,#6485,.T.);
#6483=LINE('',#456,#6486);
#6484=LINE('',#470,#6487);
#6485=LINE('',#468,#6488);
#6486=VECTOR('',#6489,1.0);
#6487=VECTOR('',#6490,1.0);
#6488=VECTOR('',#6491,1.0);
#6489=DIRECTION('',(0.39925789055178673,0.2649658990578184,0.8777164742492986));
#6490=DIRECTION('',(-0.9504880153615496,-0.31075562832819703,-0.0018633615887148796));
#6491=DIRECTION('',(0.16966079938545933,-0.09495315226438944,-0.980917484820687));
#6492=FACE_SURFACE('',(#6497),#6493,.T.);
#6493=PLANE('',#6494);
#6494=AXIS2_PLACEMENT_3D('',#464,#6495,#6496);
#6495=DIRECTION('',(0.04005659628227059,-0.9775460110648883,0.2068798331046417));
#6496=DIRECTION('',(0.9983410849383972,0.04772507770274608,0.03220861813693322));
#6497=FACE_BOUND('',#6498,.T.);
#6498=EDGE_LOOP('',(#6499,#6500,#6501));
#6499=ORIENTED_EDGE('',*,*,#6502,.T.);
#6500=ORIENTED_EDGE('',*,*,#6503,.T.);
#6501=ORIENTED_EDGE('',*,*,#6504,.T.);
#6502=EDGE_CURVE('',#465,#463,#6505,.F.);
#6503=EDGE_CURVE('',#463,#417,#6506,.T.);
#6504=EDGE_CURVE('',#417,#465,#6507,.T.);
#6505=LINE('',#464,#6508);
#6506=LINE('',#462,#6509);
#6507=LINE('',#416,#6510);
#6508=VECTOR('',#6511,1.0);
#6509=VECTOR('',#6512,1.0);
#6510=VECTOR('',#6513,1.0);
#6511=DIRECTION('',(0.9983410849383972,0.04772507770274608,0.03220861813693322));
#6512=DIRECTION('',(-0.02335135345026276,0.2060736152707351,0.9782578286838751));
#6513=DIRECTION('',(-0.7691132484804938,-0.16233631207746654,-0.618151868712592));
#6514=FACE_SURFACE('',(#6519),#6515,.T.);
#6515=PLANE('',#6516);
#6516=AXIS2_PLACEMENT_3D('',#464,#6517,#6518);
#6517=DIRECTION('',(0.045156315431066504,-0.9785891861889496,0.20080864486057218));
#6518=DIRECTION('',(0.7691132484804938,0.16233631207746654,0.618151868712592));
#6519=FACE_BOUND('',#6520,.T.);
#6520=EDGE_LOOP('',(#6521,#6522,#6523));
#6521=ORIENTED_EDGE('',*,*,#6524,.T.);
#6522=ORIENTED_EDGE('',*,*,#6525,.T.);
#6523=ORIENTED_EDGE('',*,*,#6526,.T.);
#6524=EDGE_CURVE('',#465,#417,#6527,.F.);
#6525=EDGE_CURVE('',#417,#415,#6528,.T.);
#6526=EDGE_CURVE('',#415,#465,#6529,.T.);
#6527=LINE('',#464,#6530);
#6528=LINE('',#416,#6531);
#6529=LINE('',#414,#6532);
#6530=VECTOR('',#6533,1.0);
#6531=VECTOR('',#6534,1.0);
#6532=VECTOR('',#6535,1.0);
#6533=DIRECTION('',(0.7691132484804938,0.16233631207746654,0.618151868712592));
#6534=DIRECTION('',(-0.9986565289454491,-0.03910582084094927,0.03399811716821034));
#6535=DIRECTION('',(0,-0.20101369223017373,-0.9795884317079255));
#6536=FACE_SURFACE('',(#6541),#6537,.T.);
#6537=PLANE('',#6538);
#6538=AXIS2_PLACEMENT_3D('',#462,#6539,#6540);
#6539=DIRECTION('',(0.1284287341071359,-0.9694600728937289,0.20893354761867328));
#6540=DIRECTION('',(0.9910735943191992,0.11786654690785191,-0.0622945243439806));
#6541=FACE_BOUND('',#6542,.T.);
#6542=EDGE_LOOP('',(#6543,#6544,#6545));
#6543=ORIENTED_EDGE('',*,*,#6546,.T.);
#6544=ORIENTED_EDGE('',*,*,#6547,.T.);
#6545=ORIENTED_EDGE('',*,*,#6548,.T.);
#6546=EDGE_CURVE('',#463,#467,#6549,.F.);
#6547=EDGE_CURVE('',#467,#429,#6550,.T.);
#6548=EDGE_CURVE('',#429,#463,#6551,.T.);
#6549=LINE('',#462,#6552);
#6550=LINE('',#466,#6553);
#6551=LINE('',#428,#6554);
#6552=VECTOR('',#6555,1.0);
#6553=VECTOR('',#6556,1.0);
#6554=VECTOR('',#6557,1.0);
#6555=DIRECTION('',(0.9910735943191992,0.11786654690785191,-0.0622945243439806));
#6556=DIRECTION('',(-0.10292334769935475,0.1965110258611251,0.9750847148906427));
#6557=DIRECTION('',(-0.7694232436297227,-0.2303258242657296,-0.5957666379033225));
#6558=FACE_SURFACE('',(#6563),#6559,.T.);
#6559=PLANE('',#6560);
#6560=AXIS2_PLACEMENT_3D('',#462,#6561,#6562);
#6561=DIRECTION('',(0.12970400777916677,-0.9696297996958846,0.20735216880404414));
#6562=DIRECTION('',(0.7694232436297227,0.2303258242657296,0.5957666379033225));
#6563=FACE_BOUND('',#6564,.T.);
#6564=EDGE_LOOP('',(#6565,#6566,#6567));
#6565=ORIENTED_EDGE('',*,*,#6568,.T.);
#6566=ORIENTED_EDGE('',*,*,#6569,.T.);
#6567=ORIENTED_EDGE('',*,*,#6570,.T.);
#6568=EDGE_CURVE('',#463,#429,#6571,.F.);
#6569=EDGE_CURVE('',#429,#417,#6572,.T.);
#6570=EDGE_CURVE('',#417,#463,#6573,.T.);
#6571=LINE('',#462,#6574);
#6572=LINE('',#428,#6575);
#6573=LINE('',#416,#6576);
#6574=VECTOR('',#6577,1.0);
#6575=VECTOR('',#6578,1.0);
#6576=VECTOR('',#6579,1.0);
#6577=DIRECTION('',(0.7694232436297227,0.2303258242657296,0.5957666379033225));
#6578=DIRECTION('',(-0.9802051627308219,-0.09383791657712222,0.17433383024619115));
#6579=DIRECTION('',(0.02335135345026276,-0.2060736152707351,-0.9782578286838751));
#6580=FACE_SURFACE('',(#6585),#6581,.T.);
#6581=PLANE('',#6582);
#6582=AXIS2_PLACEMENT_3D('',#466,#6583,#6584);
#6583=DIRECTION('',(0.2144690147314072,-0.9537000789333094,0.2108535064037088));
#6584=DIRECTION('',(0.9751845814039006,0.1969382961056828,-0.10114514184620688));
#6585=FACE_BOUND('',#6586,.T.);
#6586=EDGE_LOOP('',(#6587,#6588,#6589));
#6587=ORIENTED_EDGE('',*,*,#6590,.T.);
#6588=ORIENTED_EDGE('',*,*,#6591,.T.);
#6589=ORIENTED_EDGE('',*,*,#6592,.T.);
#6590=EDGE_CURVE('',#467,#469,#6593,.F.);
#6591=EDGE_CURVE('',#469,#441,#6594,.T.);
#6592=EDGE_CURVE('',#441,#467,#6595,.T.);
#6593=LINE('',#466,#6596);
#6594=LINE('',#468,#6597);
#6595=LINE('',#440,#6598);
#6596=VECTOR('',#6599,1.0);
#6597=VECTOR('',#6600,1.0);
#6598=VECTOR('',#6601,1.0);
#6599=DIRECTION('',(0.9751845814039006,0.1969382961056828,-0.10114514184620688));
#6600=DIRECTION('',(-0.2550570540124035,0.1537019867528579,0.9546316559106649));
#6601=DIRECTION('',(-0.6726808525857625,-0.3007427420147879,-0.6760578922621334));
#6602=FACE_SURFACE('',(#6607),#6603,.T.);
#6603=PLANE('',#6604);
#6604=AXIS2_PLACEMENT_3D('',#466,#6605,#6606);
#6605=DIRECTION('',(0.21084827984866916,-0.9537037582221314,0.214457791739633));
#6606=DIRECTION('',(0.6726808525857625,0.3007427420147879,0.6760578922621334));
#6607=FACE_BOUND('',#6608,.T.);
#6608=EDGE_LOOP('',(#6609,#6610,#6611));
#6609=ORIENTED_EDGE('',*,*,#6612,.T.);
#6610=ORIENTED_EDGE('',*,*,#6613,.T.);
#6611=ORIENTED_EDGE('',*,*,#6614,.T.);
#6612=EDGE_CURVE('',#467,#441,#6615,.F.);
#6613=EDGE_CURVE('',#441,#429,#6616,.T.);
#6614=EDGE_CURVE('',#429,#467,#6617,.T.);
#6615=LINE('',#466,#6618);
#6616=LINE('',#440,#6619);
#6617=LINE('',#428,#6620);
#6618=VECTOR('',#6621,1.0);
#6619=VECTOR('',#6622,1.0);
#6620=VECTOR('',#6623,1.0);
#6621=DIRECTION('',(0.6726808525857625,0.3007427420147879,0.6760578922621334));
#6622=DIRECTION('',(-0.9543172583303292,-0.15331336595524384,0.25646360808574226));
#6623=DIRECTION('',(0.10292334769935475,-0.1965110258611251,-0.9750847148906427));
#6624=FACE_SURFACE('',(#6629),#6625,.T.);
#6625=PLANE('',#6626);
#6626=AXIS2_PLACEMENT_3D('',#468,#6627,#6628);
#6627=DIRECTION('',(0.3020351181864905,-0.9251928941449022,0.22976704725841823));
#6628=DIRECTION('',(0.9504880153615496,0.31075562832819703,0.0018633615887148796));
#6629=FACE_BOUND('',#6630,.T.);
#6630=EDGE_LOOP('',(#6631,#6632,#6633));
#6631=ORIENTED_EDGE('',*,*,#6634,.T.);
#6632=ORIENTED_EDGE('',*,*,#6635,.T.);
#6633=ORIENTED_EDGE('',*,*,#6636,.T.);
#6634=EDGE_CURVE('',#469,#471,#6637,.F.);
#6635=EDGE_CURVE('',#471,#473,#6638,.T.);
#6636=EDGE_CURVE('',#473,#469,#6639,.T.);
#6637=LINE('',#468,#6640);
#6638=LINE('',#470,#6641);
#6639=LINE('',#472,#6642);
#6640=VECTOR('',#6643,1.0);
#6641=VECTOR('',#6644,1.0);
#6642=VECTOR('',#6645,1.0);
#6643=DIRECTION('',(0.9504880153615496,0.31075562832819703,0.0018633615887148796));
#6644=DIRECTION('',(-0.4399861050957044,0.07852443805095598,0.894564776833681));
#6645=DIRECTION('',(-0.3414401152798404,-0.3300234743970916,-0.8800586082895625));
#6646=FACE_SURFACE('',(#6651),#6647,.T.);
#6647=PLANE('',#6648);
#6648=AXIS2_PLACEMENT_3D('',#468,#6649,#6650);
#6649=DIRECTION('',(0.30218879179649266,-0.9251605309611847,0.22969528959949323));
#6650=DIRECTION('',(0.3414401152798404,0.3300234743970916,0.8800586082895625));
#6651=FACE_BOUND('',#6652,.T.);
#6652=EDGE_LOOP('',(#6653,#6654,#6655));
#6653=ORIENTED_EDGE('',*,*,#6656,.T.);
#6654=ORIENTED_EDGE('',*,*,#6657,.T.);
#6655=ORIENTED_EDGE('',*,*,#6658,.T.);
#6656=EDGE_CURVE('',#469,#473,#6659,.F.);
#6657=EDGE_CURVE('',#473,#441,#6660,.T.);
#6658=EDGE_CURVE('',#441,#469,#6661,.T.);
#6659=LINE('',#468,#6662);
#6660=LINE('',#472,#6663);
#6661=LINE('',#440,#6664);
#6662=VECTOR('',#6665,1.0);
#6663=VECTOR('',#6666,1.0);
#6664=VECTOR('',#6667,1.0);
#6665=DIRECTION('',(0.3414401152798404,0.3300234743970916,0.8800586082895625));
#6666=DIRECTION('',(-0.9505764817247025,-0.31049050290127483,0));
#6667=DIRECTION('',(0.2550570540124035,-0.1537019867528579,-0.9546316559106649));
#6668=FACE_SURFACE('',(#6673),#6669,.T.);
#6669=PLANE('',#6670);
#6670=AXIS2_PLACEMENT_3D('',#42,#6671,#6672);
#6671=DIRECTION('',(0.9291123825235554,-0.3546855882328902,0.10463419202770667));
#6672=DIRECTION('',(-0.11190994637736189,0,0.9937183524026392));
#6673=FACE_BOUND('',#6674,.T.);
#6674=EDGE_LOOP('',(#6675,#6676,#6677));
#6675=ORIENTED_EDGE('',*,*,#6678,.T.);
#6676=ORIENTED_EDGE('',*,*,#6679,.T.);
#6677=ORIENTED_EDGE('',*,*,#6680,.T.);
#6678=EDGE_CURVE('',#43,#475,#6681,.F.);
#6679=EDGE_CURVE('',#475,#477,#6682,.T.);
#6680=EDGE_CURVE('',#477,#43,#6683,.T.);
#6681=LINE('',#42,#6684);
#6682=LINE('',#474,#6685);
#6683=LINE('',#476,#6686);
#6684=VECTOR('',#6687,1.0);
#6685=VECTOR('',#6688,1.0);
#6686=VECTOR('',#6689,1.0);
#6687=DIRECTION('',(-0.11190994637736189,0,0.9937183524026392));
#6688=DIRECTION('',(-0.36568950885705037,-0.923302290887833,0.11740554822140566));
#6689=DIRECTION('',(0.21911729547831332,0.30010313184894466,-0.9283995481885613));
#6690=FACE_SURFACE('',(#6695),#6691,.T.);
#6691=PLANE('',#6692);
#6692=AXIS2_PLACEMENT_3D('',#42,#6693,#6694);
#6693=DIRECTION('',(0.9388981443117387,-0.3237157161599313,0.11695473363244545));
#6694=DIRECTION('',(-0.21911729547831332,-0.30010313184894466,0.9283995481885613));
#6695=FACE_BOUND('',#6696,.T.);
#6696=EDGE_LOOP('',(#6697,#6698,#6699));
#6697=ORIENTED_EDGE('',*,*,#6700,.T.);
#6698=ORIENTED_EDGE('',*,*,#6701,.T.);
#6699=ORIENTED_EDGE('',*,*,#6702,.T.);
#6700=EDGE_CURVE('',#43,#477,#6703,.F.);
#6701=EDGE_CURVE('',#477,#479,#6704,.T.);
#6702=EDGE_CURVE('',#479,#43,#6705,.T.);
#6703=LINE('',#42,#6706);
#6704=LINE('',#476,#6707);
#6705=LINE('',#478,#6708);
#6706=VECTOR('',#6709,1.0);
#6707=VECTOR('',#6710,1.0);
#6708=VECTOR('',#6711,1.0);
#6709=DIRECTION('',(-0.21911729547831332,-0.30010313184894466,0.9283995481885613));
#6710=DIRECTION('',(0.126984943145209,0.009958834166102219,-0.9918546495512637));
#6711=DIRECTION('',(0.32595264885889336,0.9453860961014136,0));
#6712=FACE_SURFACE('',(#6717),#6713,.T.);
#6713=PLANE('',#6714);
#6714=AXIS2_PLACEMENT_3D('',#474,#6715,#6716);
#6715=DIRECTION('',(0.8801919843872594,-0.3612062526077191,0.3078832793405754));
#6716=DIRECTION('',(-0.33017471204341037,0,0.9439198374475721));
#6717=FACE_BOUND('',#6718,.T.);
#6718=EDGE_LOOP('',(#6719,#6720,#6721));
#6719=ORIENTED_EDGE('',*,*,#6722,.T.);
#6720=ORIENTED_EDGE('',*,*,#6723,.T.);
#6721=ORIENTED_EDGE('',*,*,#6724,.T.);
#6722=EDGE_CURVE('',#475,#481,#6725,.F.);
#6723=EDGE_CURVE('',#481,#483,#6726,.T.);
#6724=EDGE_CURVE('',#483,#475,#6727,.T.);
#6725=LINE('',#474,#6728);
#6726=LINE('',#480,#6729);
#6727=LINE('',#482,#6730);
#6728=VECTOR('',#6731,1.0);
#6729=VECTOR('',#6732,1.0);
#6730=VECTOR('',#6733,1.0);
#6731=DIRECTION('',(-0.33017471204341037,0,0.9439198374475721));
#6732=DIRECTION('',(-0.40545801858215197,-0.9094541352396548,0.09217901639162185));
#6733=DIRECTION('',(0.4205467095629493,0.29285301415593207,-0.8587069215835876));
#6734=FACE_SURFACE('',(#6739),#6735,.T.);
#6735=PLANE('',#6736);
#6736=AXIS2_PLACEMENT_3D('',#474,#6737,#6738);
#6737=DIRECTION('',(0.8911533310103745,-0.3109441708591646,0.3303928922325969));
#6738=DIRECTION('',(-0.4205467095629493,-0.29285301415593207,0.8587069215835876));
#6739=FACE_BOUND('',#6740,.T.);
#6740=EDGE_LOOP('',(#6741,#6742,#6743));
#6741=ORIENTED_EDGE('',*,*,#6744,.T.);
#6742=ORIENTED_EDGE('',*,*,#6745,.T.);
#6743=ORIENTED_EDGE('',*,*,#6746,.T.);
#6744=EDGE_CURVE('',#475,#483,#6747,.F.);
#6745=EDGE_CURVE('',#483,#477,#6748,.T.);
#6746=EDGE_CURVE('',#477,#475,#6749,.T.);
#6747=LINE('',#474,#6750);
#6748=LINE('',#482,#6751);
#6749=LINE('',#476,#6752);
#6750=VECTOR('',#6753,1.0);
#6751=VECTOR('',#6754,1.0);
#6752=VECTOR('',#6755,1.0);
#6753=DIRECTION('',(-0.4205467095629493,-0.29285301415593207,0.8587069215835876));
#6754=DIRECTION('',(0.3471995586924633,-0.0013867057726309386,-0.9377902449326602));
#6755=DIRECTION('',(0.36568950885705037,0.923302290887833,-0.11740554822140566));
#6756=FACE_SURFACE('',(#6761),#6757,.T.);
#6757=PLANE('',#6758);
#6758=AXIS2_PLACEMENT_3D('',#480,#6759,#6760);
#6759=DIRECTION('',(0.7959785524236714,-0.3411135076022517,0.5000597154468704));
#6760=DIRECTION('',(-0.531965905870462,0,0.8467657733939291));
#6761=FACE_BOUND('',#6762,.T.);
#6762=EDGE_LOOP('',(#6763,#6764,#6765));
#6763=ORIENTED_EDGE('',*,*,#6766,.T.);
#6764=ORIENTED_EDGE('',*,*,#6767,.T.);
#6765=ORIENTED_EDGE('',*,*,#6768,.T.);
#6766=EDGE_CURVE('',#481,#485,#6769,.F.);
#6767=EDGE_CURVE('',#485,#487,#6770,.T.);
#6768=EDGE_CURVE('',#487,#481,#6771,.T.);
#6769=LINE('',#480,#6772);
#6770=LINE('',#484,#6773);
#6771=LINE('',#486,#6774);
#6772=VECTOR('',#6775,1.0);
#6773=VECTOR('',#6776,1.0);
#6774=VECTOR('',#6777,1.0);
#6775=DIRECTION('',(-0.531965905870462,0,0.8467657733939291));
#6776=DIRECTION('',(-0.3320947226955977,-0.9367639586890706,-0.1103919420017392));
#6777=DIRECTION('',(0.5966471557433215,0.30274293270386604,-0.7432085092632262));
#6778=FACE_SURFACE('',(#6783),#6779,.T.);
#6779=PLANE('',#6780);
#6780=AXIS2_PLACEMENT_3D('',#480,#6781,#6782);
#6781=DIRECTION('',(0.7995269877965933,-0.30394197108051846,0.5180500690093531));
#6782=DIRECTION('',(-0.5966471557433215,-0.30274293270386604,0.7432085092632262));
#6783=FACE_BOUND('',#6784,.T.);
#6784=EDGE_LOOP('',(#6785,#6786,#6787));
#6785=ORIENTED_EDGE('',*,*,#6788,.T.);
#6786=ORIENTED_EDGE('',*,*,#6789,.T.);
#6787=ORIENTED_EDGE('',*,*,#6790,.T.);
#6788=EDGE_CURVE('',#481,#487,#6791,.F.);
#6789=EDGE_CURVE('',#487,#483,#6792,.T.);
#6790=EDGE_CURVE('',#483,#481,#6793,.T.);
#6791=LINE('',#480,#6794);
#6792=LINE('',#486,#6795);
#6793=LINE('',#482,#6796);
#6794=VECTOR('',#6797,1.0);
#6795=VECTOR('',#6798,1.0);
#6796=VECTOR('',#6799,1.0);
#6797=DIRECTION('',(-0.5966471557433215,-0.30274293270386604,0.7432085092632262));
#6798=DIRECTION('',(0.5425453567252988,-0.004572221235555576,-0.8400140657684199));
#6799=DIRECTION('',(0.40545801858215197,0.9094541352396548,-0.09217901639162185));
#6800=FACE_SURFACE('',(#6805),#6801,.T.);
#6801=PLANE('',#6802);
#6802=AXIS2_PLACEMENT_3D('',#484,#6803,#6804);
#6803=DIRECTION('',(0.6708404773470038,-0.3161403988467532,0.6708414881101644));
#6804=DIRECTION('',(-0.707107313888957,0,0.7071062484837367));
#6805=FACE_BOUND('',#6806,.T.);
#6806=EDGE_LOOP('',(#6807,#6808,#6809));
#6807=ORIENTED_EDGE('',*,*,#6810,.T.);
#6808=ORIENTED_EDGE('',*,*,#6811,.T.);
#6809=ORIENTED_EDGE('',*,*,#6812,.T.);
#6810=EDGE_CURVE('',#485,#435,#6813,.F.);
#6811=EDGE_CURVE('',#435,#433,#6814,.T.);
#6812=EDGE_CURVE('',#433,#485,#6815,.T.);
#6813=LINE('',#484,#6816);
#6814=LINE('',#434,#6817);
#6815=LINE('',#432,#6818);
#6816=VECTOR('',#6819,1.0);
#6817=VECTOR('',#6820,1.0);
#6818=VECTOR('',#6821,1.0);
#6819=DIRECTION('',(-0.707107313888957,0,0.7071062484837367));
#6820=DIRECTION('',(-0.09737929279600038,-0.9343034848402623,-0.3429202116380613));
#6821=DIRECTION('',(0.7407190312547294,0.329755804446903,-0.5853173721756695));
#6822=FACE_SURFACE('',(#6827),#6823,.T.);
#6823=PLANE('',#6824);
#6824=AXIS2_PLACEMENT_3D('',#484,#6825,#6826);
#6825=DIRECTION('',(0.6708688682922519,-0.31684367284879217,0.6704812066955798));
#6826=DIRECTION('',(-0.7407190312547294,-0.329755804446903,0.5853173721756695));
#6827=FACE_BOUND('',#6828,.T.);
#6828=EDGE_LOOP('',(#6829,#6830,#6831));
#6829=ORIENTED_EDGE('',*,*,#6832,.T.);
#6830=ORIENTED_EDGE('',*,*,#6833,.T.);
#6831=ORIENTED_EDGE('',*,*,#6834,.T.);
#6832=EDGE_CURVE('',#485,#433,#6835,.F.);
#6833=EDGE_CURVE('',#433,#487,#6836,.T.);
#6834=EDGE_CURVE('',#487,#485,#6837,.T.);
#6835=LINE('',#484,#6838);
#6836=LINE('',#432,#6839);
#6837=LINE('',#486,#6840);
#6838=VECTOR('',#6841,1.0);
#6839=VECTOR('',#6842,1.0);
#6840=VECTOR('',#6843,1.0);
#6841=DIRECTION('',(-0.7407190312547294,-0.329755804446903,0.5853173721756695));
#6842=DIRECTION('',(0.7071732325006003,0.0011484596912646368,-0.7070393908934561));
#6843=DIRECTION('',(0.3320947226955977,0.9367639586890706,0.1103919420017392));
#6844=FACE_SURFACE('',(#6849),#6845,.T.);
#6845=PLANE('',#6846);
#6846=AXIS2_PLACEMENT_3D('',#478,#6847,#6848);
#6847=DIRECTION('',(0.6606713014198835,-0.7467067996914553,0.07708687809674403));
#6848=DIRECTION('',(-0.126984943145209,-0.009958834166102219,0.9918546495512637));
#6849=FACE_BOUND('',#6850,.T.);
#6850=EDGE_LOOP('',(#6851,#6852,#6853));
#6851=ORIENTED_EDGE('',*,*,#6854,.T.);
#6852=ORIENTED_EDGE('',*,*,#6855,.T.);
#6853=ORIENTED_EDGE('',*,*,#6856,.T.);
#6854=EDGE_CURVE('',#479,#477,#6857,.F.);
#6855=EDGE_CURVE('',#477,#489,#6858,.T.);
#6856=EDGE_CURVE('',#489,#479,#6859,.T.);
#6857=LINE('',#478,#6860);
#6858=LINE('',#476,#6861);
#6859=LINE('',#488,#6862);
#6860=VECTOR('',#6863,1.0);
#6861=VECTOR('',#6864,1.0);
#6862=VECTOR('',#6865,1.0);
#6863=DIRECTION('',(-0.126984943145209,-0.009958834166102219,0.9918546495512637));
#6864=DIRECTION('',(-0.748191133311304,-0.6633511877480598,-0.013237437349608867));
#6865=DIRECTION('',(0.407387347815171,0.2703947320503038,-0.8723085679503357));
#6866=FACE_SURFACE('',(#6871),#6867,.T.);
#6867=PLANE('',#6868);
#6868=AXIS2_PLACEMENT_3D('',#478,#6869,#6870);
#6869=DIRECTION('',(0.6796179733874301,-0.7278000401278968,0.09179603389359646));
#6870=DIRECTION('',(-0.407387347815171,-0.2703947320503038,0.8723085679503357));
#6871=FACE_BOUND('',#6872,.T.);
#6872=EDGE_LOOP('',(#6873,#6874,#6875));
#6873=ORIENTED_EDGE('',*,*,#6876,.T.);
#6874=ORIENTED_EDGE('',*,*,#6877,.T.);
#6875=ORIENTED_EDGE('',*,*,#6878,.T.);
#6876=EDGE_CURVE('',#479,#489,#6879,.F.);
#6877=EDGE_CURVE('',#489,#491,#6880,.T.);
#6878=EDGE_CURVE('',#491,#479,#6881,.T.);
#6879=LINE('',#478,#6882);
#6880=LINE('',#488,#6883);
#6881=LINE('',#490,#6884);
#6882=VECTOR('',#6885,1.0);
#6883=VECTOR('',#6886,1.0);
#6884=VECTOR('',#6887,1.0);
#6885=DIRECTION('',(-0.407387347815171,-0.2703947320503038,0.8723085679503357));
#6886=DIRECTION('',(0.14480444248289653,0.010426234304463648,-0.9894053603429921));
#6887=DIRECTION('',(0.7308859643910043,0.6824996022388816,0));
#6888=FACE_SURFACE('',(#6893),#6889,.T.);
#6889=PLANE('',#6890);
#6890=AXIS2_PLACEMENT_3D('',#476,#6891,#6892);
#6891=DIRECTION('',(0.6278780264073532,-0.7424417760468347,0.23355811511319585));
#6892=DIRECTION('',(-0.3471995586924633,0.0013867057726309386,0.9377902449326602));
#6893=FACE_BOUND('',#6894,.T.);
#6894=EDGE_LOOP('',(#6895,#6896,#6897));
#6895=ORIENTED_EDGE('',*,*,#6898,.T.);
#6896=ORIENTED_EDGE('',*,*,#6899,.T.);
#6897=ORIENTED_EDGE('',*,*,#6900,.T.);
#6898=EDGE_CURVE('',#477,#483,#6901,.F.);
#6899=EDGE_CURVE('',#483,#493,#6902,.T.);
#6900=EDGE_CURVE('',#493,#477,#6903,.T.);
#6901=LINE('',#476,#6904);
#6902=LINE('',#482,#6905);
#6903=LINE('',#492,#6906);
#6904=VECTOR('',#6907,1.0);
#6905=VECTOR('',#6908,1.0);
#6906=VECTOR('',#6909,1.0);
#6907=DIRECTION('',(-0.3471995586924633,0.0013867057726309386,0.9377902449326602));
#6908=DIRECTION('',(-0.7385915158326425,-0.6630143565479291,-0.12204317167041714));
#6909=DIRECTION('',(0.5861546294160525,0.2536458522798273,-0.7694715927409993));
#6910=FACE_SURFACE('',(#6915),#6911,.T.);
#6911=PLANE('',#6912);
#6912=AXIS2_PLACEMENT_3D('',#476,#6913,#6914);
#6913=DIRECTION('',(0.6402182577922981,-0.7270491801951167,0.2480324010426928));
#6914=DIRECTION('',(-0.5861546294160525,-0.2536458522798273,0.7694715927409993));
#6915=FACE_BOUND('',#6916,.T.);
#6916=EDGE_LOOP('',(#6917,#6918,#6919));
#6917=ORIENTED_EDGE('',*,*,#6920,.T.);
#6918=ORIENTED_EDGE('',*,*,#6921,.T.);
#6919=ORIENTED_EDGE('',*,*,#6922,.T.);
#6920=EDGE_CURVE('',#477,#493,#6923,.F.);
#6921=EDGE_CURVE('',#493,#489,#6924,.T.);
#6922=EDGE_CURVE('',#489,#477,#6925,.T.);
#6923=LINE('',#476,#6926);
#6924=LINE('',#492,#6927);
#6925=LINE('',#488,#6928);
#6926=VECTOR('',#6929,1.0);
#6927=VECTOR('',#6930,1.0);
#6928=VECTOR('',#6931,1.0);
#6929=DIRECTION('',(-0.5861546294160525,-0.2536458522798273,0.7694715927409993));
#6930=DIRECTION('',(0.3420668793643876,-0.019288146039185036,-0.9394776301031764));
#6931=DIRECTION('',(0.748191133311304,0.6633511877480598,0.013237437349608867));
#6932=FACE_SURFACE('',(#6937),#6933,.T.);
#6933=PLANE('',#6934);
#6934=AXIS2_PLACEMENT_3D('',#482,#6935,#6936);
#6935=DIRECTION('',(0.5777496295897211,-0.7238816938745929,0.37709502619656793));
#6936=DIRECTION('',(-0.5425453567252988,0.004572221235555576,0.8400140657684199));
#6937=FACE_BOUND('',#6938,.T.);
#6938=EDGE_LOOP('',(#6939,#6940,#6941));
#6939=ORIENTED_EDGE('',*,*,#6942,.T.);
#6940=ORIENTED_EDGE('',*,*,#6943,.T.);
#6941=ORIENTED_EDGE('',*,*,#6944,.T.);
#6942=EDGE_CURVE('',#483,#487,#6945,.F.);
#6943=EDGE_CURVE('',#487,#495,#6946,.T.);
#6944=EDGE_CURVE('',#495,#483,#6947,.T.);
#6945=LINE('',#482,#6948);
#6946=LINE('',#486,#6949);
#6947=LINE('',#494,#6950);
#6948=VECTOR('',#6951,1.0);
#6949=VECTOR('',#6952,1.0);
#6950=VECTOR('',#6953,1.0);
#6951=DIRECTION('',(-0.5425453567252988,0.004572221235555576,0.8400140657684199));
#6952=DIRECTION('',(-0.6255666556121832,-0.6894723061558322,-0.36509491701521507));
#6953=DIRECTION('',(0.7375093459615822,0.26504642441165444,-0.6211524430652401));
#6954=FACE_SURFACE('',(#6959),#6955,.T.);
#6955=PLANE('',#6956);
#6956=AXIS2_PLACEMENT_3D('',#482,#6957,#6958);
#6957=DIRECTION('',(0.5810179473854973,-0.7178495033570664,0.3835495213736509));
#6958=DIRECTION('',(-0.7375093459615822,-0.26504642441165444,0.6211524430652401));
#6959=FACE_BOUND('',#6960,.T.);
#6960=EDGE_LOOP('',(#6961,#6962,#6963));
#6961=ORIENTED_EDGE('',*,*,#6964,.T.);
#6962=ORIENTED_EDGE('',*,*,#6965,.T.);
#6963=ORIENTED_EDGE('',*,*,#6966,.T.);
#6964=EDGE_CURVE('',#483,#495,#6967,.F.);
#6965=EDGE_CURVE('',#495,#493,#6968,.T.);
#6966=EDGE_CURVE('',#493,#483,#6969,.T.);
#6967=LINE('',#482,#6970);
#6968=LINE('',#494,#6971);
#6969=LINE('',#492,#6972);
#6970=VECTOR('',#6973,1.0);
#6971=VECTOR('',#6974,1.0);
#6972=VECTOR('',#6975,1.0);
#6973=DIRECTION('',(-0.7375093459615822,-0.26504642441165444,0.6211524430652401));
#6974=DIRECTION('',(0.525662644574865,-0.028803291095104953,-0.8502053602046095));
#6975=DIRECTION('',(0.7385915158326425,0.6630143565479291,0.12204317167041714));
#6976=FACE_SURFACE('',(#6981),#6977,.T.);
#6977=PLANE('',#6978);
#6978=AXIS2_PLACEMENT_3D('',#486,#6979,#6980);
#6979=DIRECTION('',(0.49574303188207725,-0.713815878134388,0.49467740848314296));
#6980=DIRECTION('',(-0.7071732325006003,-0.0011484596912646368,0.7070393908934561));
#6981=FACE_BOUND('',#6982,.T.);
#6982=EDGE_LOOP('',(#6983,#6984,#6985));
#6983=ORIENTED_EDGE('',*,*,#6986,.T.);
#6984=ORIENTED_EDGE('',*,*,#6987,.T.);
#6985=ORIENTED_EDGE('',*,*,#6988,.T.);
#6986=EDGE_CURVE('',#487,#433,#6989,.F.);
#6987=EDGE_CURVE('',#433,#437,#6990,.T.);
#6988=EDGE_CURVE('',#437,#487,#6991,.T.);
#6989=LINE('',#486,#6992);
#6990=LINE('',#432,#6993);
#6991=LINE('',#436,#6994);
#6992=VECTOR('',#6995,1.0);
#6993=VECTOR('',#6996,1.0);
#6994=VECTOR('',#6997,1.0);
#6995=DIRECTION('',(-0.7071732325006003,-0.0011484596912646368,0.7070393908934561));
#6996=DIRECTION('',(-0.3756013176847487,-0.6897939358067874,-0.6189571683708511));
#6997=DIRECTION('',(0.855250023663168,0.30225779298687766,-0.42093660283093953));
#6998=FACE_SURFACE('',(#7003),#6999,.T.);
#6999=PLANE('',#7000);
#7000=AXIS2_PLACEMENT_3D('',#486,#7001,#7002);
#7001=DIRECTION('',(0.49600986847384493,-0.7126947515152665,0.4960245977158305));
#7002=DIRECTION('',(-0.855250023663168,-0.30225779298687766,0.42093660283093953));
#7003=FACE_BOUND('',#7004,.T.);
#7004=EDGE_LOOP('',(#7005,#7006,#7007));
#7005=ORIENTED_EDGE('',*,*,#7008,.T.);
#7006=ORIENTED_EDGE('',*,*,#7009,.T.);
#7007=ORIENTED_EDGE('',*,*,#7010,.T.);
#7008=EDGE_CURVE('',#487,#437,#7011,.F.);
#7009=EDGE_CURVE('',#437,#495,#7012,.T.);
#7010=EDGE_CURVE('',#495,#487,#7013,.T.);
#7011=LINE('',#486,#7014);
#7012=LINE('',#436,#7015);
#7013=LINE('',#494,#7016);
#7014=VECTOR('',#7017,1.0);
#7015=VECTOR('',#7018,1.0);
#7016=VECTOR('',#7019,1.0);
#7017=DIRECTION('',(-0.855250023663168,-0.30225779298687766,0.42093660283093953));
#7018=DIRECTION('',(0.7074422646545795,0.00045257367021060257,-0.7067709935739248));
#7019=DIRECTION('',(0.6255666556121832,0.6894723061558322,0.36509491701521507));
#7020=FACE_SURFACE('',(#7025),#7021,.T.);
#7021=PLANE('',#7022);
#7022=AXIS2_PLACEMENT_3D('',#490,#7023,#7024);
#7023=DIRECTION('',(0.4494425794220139,-0.891528061346412,0.05638336309936576));
#7024=DIRECTION('',(-0.14480444248289653,-0.010426234304463648,0.9894053603429921));
#7025=FACE_BOUND('',#7026,.T.);
#7026=EDGE_LOOP('',(#7027,#7028,#7029));
#7027=ORIENTED_EDGE('',*,*,#7030,.T.);
#7028=ORIENTED_EDGE('',*,*,#7031,.T.);
#7029=ORIENTED_EDGE('',*,*,#7032,.T.);
#7030=EDGE_CURVE('',#491,#489,#7033,.F.);
#7031=EDGE_CURVE('',#489,#461,#7034,.T.);
#7032=EDGE_CURVE('',#461,#491,#7035,.T.);
#7033=LINE('',#490,#7036);
#7034=LINE('',#488,#7037);
#7035=LINE('',#460,#7038);
#7036=VECTOR('',#7039,1.0);
#7037=VECTOR('',#7040,1.0);
#7038=VECTOR('',#7041,1.0);
#7039=DIRECTION('',(-0.14480444248289653,-0.010426234304463648,0.9894053603429921));
#7040=DIRECTION('',(-0.891621684481486,-0.4515768920125603,-0.03300124789570806));
#7041=DIRECTION('',(0.5300105111824418,0.21531988531456459,-0.8201988813844173));
#7042=FACE_SURFACE('',(#7047),#7043,.T.);
#7043=PLANE('',#7044);
#7044=AXIS2_PLACEMENT_3D('',#490,#7045,#7046);
#7045=DIRECTION('',(0.46032177447823797,-0.8853670710658834,0.06503086508285867));
#7046=DIRECTION('',(-0.5300105111824418,-0.21531988531456459,0.8201988813844173));
#7047=FACE_BOUND('',#7048,.T.);
#7048=EDGE_LOOP('',(#7049,#7050,#7051));
#7049=ORIENTED_EDGE('',*,*,#7052,.T.);
#7050=ORIENTED_EDGE('',*,*,#7053,.T.);
#7051=ORIENTED_EDGE('',*,*,#7054,.T.);
#7052=EDGE_CURVE('',#491,#461,#7055,.F.);
#7053=EDGE_CURVE('',#461,#459,#7056,.T.);
#7054=EDGE_CURVE('',#459,#491,#7057,.T.);
#7055=LINE('',#490,#7058);
#7056=LINE('',#460,#7059);
#7057=LINE('',#458,#7060);
#7058=VECTOR('',#7061,1.0);
#7059=VECTOR('',#7062,1.0);
#7060=VECTOR('',#7063,1.0);
#7061=DIRECTION('',(-0.5300105111824418,-0.21531988531456459,0.8201988813844173));
#7062=DIRECTION('',(0.11902549586142694,-0.011040115213796218,-0.9928298178393957));
#7063=DIRECTION('',(0.8872451445778423,0.4612982261217181,0));
#7064=FACE_SURFACE('',(#7069),#7065,.T.);
#7065=PLANE('',#7066);
#7066=AXIS2_PLACEMENT_3D('',#488,#7067,#7068);
#7067=DIRECTION('',(0.43664245594805845,-0.8820328179158617,0.17709171009127464));
#7068=DIRECTION('',(-0.3420668793643876,0.019288146039185036,0.9394776301031764));
#7069=FACE_BOUND('',#7070,.T.);
#7070=EDGE_LOOP('',(#7071,#7072,#7073));
#7071=ORIENTED_EDGE('',*,*,#7074,.T.);
#7072=ORIENTED_EDGE('',*,*,#7075,.T.);
#7073=ORIENTED_EDGE('',*,*,#7076,.T.);
#7074=EDGE_CURVE('',#489,#493,#7077,.F.);
#7075=EDGE_CURVE('',#493,#471,#7078,.T.);
#7076=EDGE_CURVE('',#471,#489,#7079,.T.);
#7077=LINE('',#488,#7080);
#7078=LINE('',#492,#7081);
#7079=LINE('',#470,#7082);
#7080=VECTOR('',#7083,1.0);
#7081=VECTOR('',#7084,1.0);
#7082=VECTOR('',#7085,1.0);
#7083=DIRECTION('',(-0.3420668793643876,0.019288146039185036,0.9394776301031764));
#7084=DIRECTION('',(-0.8738643627988334,-0.4626141653637829,-0.1494965198088549));
#7085=DIRECTION('',(0.664198188847378,0.1832950114805891,-0.7247369900165119));
#7086=FACE_SURFACE('',(#7091),#7087,.T.);
#7087=PLANE('',#7088);
#7088=AXIS2_PLACEMENT_3D('',#488,#7089,#7090);
#7089=DIRECTION('',(0.43915012820759186,-0.8802286680699745,0.17984620319321235));
#7090=DIRECTION('',(-0.664198188847378,-0.1832950114805891,0.7247369900165119));
#7091=FACE_BOUND('',#7092,.T.);
#7092=EDGE_LOOP('',(#7093,#7094,#7095));
#7093=ORIENTED_EDGE('',*,*,#7096,.T.);
#7094=ORIENTED_EDGE('',*,*,#7097,.T.);
#7095=ORIENTED_EDGE('',*,*,#7098,.T.);
#7096=EDGE_CURVE('',#489,#471,#7099,.F.);
#7097=EDGE_CURVE('',#471,#461,#7100,.T.);
#7098=EDGE_CURVE('',#461,#489,#7101,.T.);
#7099=LINE('',#488,#7102);
#7100=LINE('',#470,#7103);
#7101=LINE('',#460,#7104);
#7102=VECTOR('',#7105,1.0);
#7103=VECTOR('',#7106,1.0);
#7104=VECTOR('',#7107,1.0);
#7105=DIRECTION('',(-0.664198188847378,-0.1832950114805891,0.7247369900165119));
#7106=DIRECTION('',(0.2808226840841558,-0.05566199516742362,-0.9581442283903567));
#7107=DIRECTION('',(0.891621684481486,0.4515768920125603,0.03300124789570806));
#7108=FACE_SURFACE('',(#7113),#7109,.T.);
#7109=PLANE('',#7110);
#7110=AXIS2_PLACEMENT_3D('',#492,#7111,#7112);
#7111=DIRECTION('',(0.4163640305643659,-0.8628252848915606,0.28665924336046267));
#7112=DIRECTION('',(-0.525662644574865,0.028803291095104953,0.8502053602046095));
#7113=FACE_BOUND('',#7114,.T.);
#7114=EDGE_LOOP('',(#7115,#7116,#7117));
#7115=ORIENTED_EDGE('',*,*,#7118,.T.);
#7116=ORIENTED_EDGE('',*,*,#7119,.T.);
#7117=ORIENTED_EDGE('',*,*,#7120,.T.);
#7118=EDGE_CURVE('',#493,#495,#7121,.F.);
#7119=EDGE_CURVE('',#495,#473,#7122,.T.);
#7120=EDGE_CURVE('',#473,#493,#7123,.T.);
#7121=LINE('',#492,#7124);
#7122=LINE('',#494,#7125);
#7123=LINE('',#472,#7126);
#7124=VECTOR('',#7127,1.0);
#7125=VECTOR('',#7128,1.0);
#7126=VECTOR('',#7129,1.0);
#7127=DIRECTION('',(-0.525662644574865,0.028803291095104953,0.8502053602046095));
#7128=DIRECTION('',(-0.7596545071960996,-0.5033752298143405,-0.4117504191934855));
#7129=DIRECTION('',(0.7927320626281691,0.19012289696396845,-0.579162465057359));
#7130=FACE_SURFACE('',(#7135),#7131,.T.);
#7131=PLANE('',#7132);
#7132=AXIS2_PLACEMENT_3D('',#492,#7133,#7134);
#7133=DIRECTION('',(0.41167478638997224,-0.867687122090182,0.27864480689513743));
#7134=DIRECTION('',(-0.7927320626281691,-0.19012289696396845,0.579162465057359));
#7135=FACE_BOUND('',#7136,.T.);
#7136=EDGE_LOOP('',(#7137,#7138,#7139));
#7137=ORIENTED_EDGE('',*,*,#7140,.T.);
#7138=ORIENTED_EDGE('',*,*,#7141,.T.);
#7139=ORIENTED_EDGE('',*,*,#7142,.T.);
#7140=EDGE_CURVE('',#493,#473,#7143,.F.);
#7141=EDGE_CURVE('',#473,#471,#7144,.T.);
#7142=EDGE_CURVE('',#471,#493,#7145,.T.);
#7143=LINE('',#492,#7146);
#7144=LINE('',#472,#7147);
#7145=LINE('',#470,#7148);
#7146=VECTOR('',#7149,1.0);
#7147=VECTOR('',#7150,1.0);
#7148=VECTOR('',#7151,1.0);
#7149=DIRECTION('',(-0.7927320626281691,-0.19012289696396845,0.579162465057359));
#7150=DIRECTION('',(0.4399861050957044,-0.07852443805095598,-0.894564776833681));
#7151=DIRECTION('',(0.8738643627988334,0.4626141653637829,0.1494965198088549));
#7152=FACE_SURFACE('',(#7157),#7153,.T.);
#7153=PLANE('',#7154);
#7154=AXIS2_PLACEMENT_3D('',#494,#7155,#7156);
#7155=DIRECTION('',(0.36717803371884333,-0.8546966468910797,0.3669794726514126));
#7156=DIRECTION('',(-0.7074422646545795,-0.00045257367021060257,0.7067709935739248));
#7157=FACE_BOUND('',#7158,.T.);
#7158=EDGE_LOOP('',(#7159,#7160,#7161));
#7159=ORIENTED_EDGE('',*,*,#7162,.T.);
#7160=ORIENTED_EDGE('',*,*,#7163,.T.);
#7161=ORIENTED_EDGE('',*,*,#7164,.T.);
#7162=EDGE_CURVE('',#495,#437,#7165,.F.);
#7163=EDGE_CURVE('',#437,#439,#7166,.T.);
#7164=EDGE_CURVE('',#439,#495,#7167,.T.);
#7165=LINE('',#494,#7168);
#7166=LINE('',#436,#7169);
#7167=LINE('',#438,#7170);
#7168=VECTOR('',#7171,1.0);
#7169=VECTOR('',#7172,1.0);
#7170=VECTOR('',#7173,1.0);
#7171=DIRECTION('',(-0.7074422646545795,-0.00045257367021060257,0.7067709935739248));
#7172=DIRECTION('',(-0.41427083830756994,-0.5035139024300348,-0.7581908879613503));
#7173=DIRECTION('',(0.914725026891015,0.26024204980843485,-0.30911519000323484));
#7174=FACE_SURFACE('',(#7179),#7175,.T.);
#7175=PLANE('',#7176);
#7176=AXIS2_PLACEMENT_3D('',#494,#7177,#7178);
#7177=DIRECTION('',(0.3672253429911279,-0.8545706049043514,0.36722558284855333));
#7178=DIRECTION('',(-0.914725026891015,-0.26024204980843485,0.30911519000323484));
#7179=FACE_BOUND('',#7180,.T.);
#7180=EDGE_LOOP('',(#7181,#7182,#7183));
#7181=ORIENTED_EDGE('',*,*,#7184,.T.);
#7182=ORIENTED_EDGE('',*,*,#7185,.T.);
#7183=ORIENTED_EDGE('',*,*,#7186,.T.);
#7184=EDGE_CURVE('',#495,#439,#7187,.F.);
#7185=EDGE_CURVE('',#439,#473,#7188,.T.);
#7186=EDGE_CURVE('',#473,#495,#7189,.T.);
#7187=LINE('',#494,#7190);
#7188=LINE('',#438,#7191);
#7189=LINE('',#472,#7192);
#7190=VECTOR('',#7193,1.0);
#7191=VECTOR('',#7194,1.0);
#7192=VECTOR('',#7195,1.0);
#7193=DIRECTION('',(-0.914725026891015,-0.26024204980843485,0.30911519000323484));
#7194=DIRECTION('',(0.7071077438159925,6.288536674838014E-07,-0.7071058185555125));
#7195=DIRECTION('',(0.7596545071960996,0.5033752298143405,0.4117504191934855));
#7196=FACE_SURFACE('',(#7201),#7197,.T.);
#7197=PLANE('',#7198);
#7198=AXIS2_PLACEMENT_3D('',#442,#7199,#7200);
#7199=DIRECTION('',(0.2965261134372487,-0.9078240623041052,0.29652611343939334));
#7200=DIRECTION('',(2.588166814323468E-06,-0.31048973901774735,-0.9505767312310947));
#7201=FACE_BOUND('',#7202,.T.);
#7202=EDGE_LOOP('',(#7203,#7204,#7205));
#7203=ORIENTED_EDGE('',*,*,#7206,.T.);
#7204=ORIENTED_EDGE('',*,*,#7207,.T.);
#7205=ORIENTED_EDGE('',*,*,#7208,.T.);
#7206=EDGE_CURVE('',#443,#441,#7209,.F.);
#7207=EDGE_CURVE('',#441,#497,#7210,.T.);
#7208=EDGE_CURVE('',#497,#443,#7211,.T.);
#7209=LINE('',#442,#7212);
#7210=LINE('',#440,#7213);
#7211=LINE('',#496,#7214);
#7212=VECTOR('',#7215,1.0);
#7213=VECTOR('',#7216,1.0);
#7214=VECTOR('',#7217,1.0);
#7215=DIRECTION('',(2.588166814323468E-06,-0.31048973901774735,-0.9505767312310947));
#7216=DIRECTION('',(0.9505764817247025,0.31049050290127483,0));
#7217=DIRECTION('',(-0.7071077438159925,-6.288536674838014E-07,0.7071058185555125));
#7218=FACE_SURFACE('',(#7223),#7219,.T.);
#7219=PLANE('',#7220);
#7220=AXIS2_PLACEMENT_3D('',#66,#7221,#7222);
#7221=DIRECTION('',(-0.11190994637736192,0,-0.9937183524026394));
#7222=DIRECTION('',(-0.9937183524026392,0,0.11190994637736189));
#7223=FACE_BOUND('',#7224,.T.);
#7224=EDGE_LOOP('',(#7225,#7226,#7227));
#7225=ORIENTED_EDGE('',*,*,#7228,.T.);
#7226=ORIENTED_EDGE('',*,*,#7229,.T.);
#7227=ORIENTED_EDGE('',*,*,#7230,.T.);
#7228=EDGE_CURVE('',#67,#73,#7231,.F.);
#7229=EDGE_CURVE('',#73,#499,#7232,.T.);
#7230=EDGE_CURVE('',#499,#67,#7233,.T.);
#7231=LINE('',#66,#7234);
#7232=LINE('',#72,#7235);
#7233=LINE('',#498,#7236);
#7234=VECTOR('',#7237,1.0);
#7235=VECTOR('',#7238,1.0);
#7236=VECTOR('',#7239,1.0);
#7237=DIRECTION('',(-0.9937183524026392,0,0.11190994637736189));
#7238=DIRECTION('',(0,1,0));
#7239=DIRECTION('',(0.19240837735617594,-0.9810756807389712,-0.02166852523194647));
#7240=FACE_SURFACE('',(#7245),#7241,.T.);
#7241=PLANE('',#7242);
#7242=AXIS2_PLACEMENT_3D('',#66,#7243,#7244);
#7243=DIRECTION('',(-0.11190994637736192,0,-0.9937183524026394));
#7244=DIRECTION('',(-0.19240837735617594,0.9810756807389712,0.02166852523194647));
#7245=FACE_BOUND('',#7246,.T.);
#7246=EDGE_LOOP('',(#7247,#7248,#7249));
#7247=ORIENTED_EDGE('',*,*,#7250,.T.);
#7248=ORIENTED_EDGE('',*,*,#7251,.T.);
#7249=ORIENTED_EDGE('',*,*,#7252,.T.);
#7250=EDGE_CURVE('',#67,#499,#7253,.F.);
#7251=EDGE_CURVE('',#499,#501,#7254,.T.);
#7252=EDGE_CURVE('',#501,#67,#7255,.T.);
#7253=LINE('',#66,#7256);
#7254=LINE('',#498,#7257);
#7255=LINE('',#500,#7258);
#7256=VECTOR('',#7259,1.0);
#7257=VECTOR('',#7260,1.0);
#7258=VECTOR('',#7261,1.0);
#7259=DIRECTION('',(-0.19240837735617594,0.9810756807389712,0.02166852523194647));
#7260=DIRECTION('',(0.9937183524026392,0,-0.11190994637736189));
#7261=DIRECTION('',(0,-1,0));
#7262=FACE_SURFACE('',(#7267),#7263,.T.);
#7263=PLANE('',#7264);
#7264=AXIS2_PLACEMENT_3D('',#72,#7265,#7266);
#7265=DIRECTION('',(-0.33017376240847013,1.9865160644426722E-07,-0.9439201696208189));
#7266=DIRECTION('',(-0.9439201696208377,0,0.3301737624084767));
#7267=FACE_BOUND('',#7268,.T.);
#7268=EDGE_LOOP('',(#7269,#7270,#7271));
#7269=ORIENTED_EDGE('',*,*,#7272,.T.);
#7270=ORIENTED_EDGE('',*,*,#7273,.T.);
#7271=ORIENTED_EDGE('',*,*,#7274,.T.);
#7272=EDGE_CURVE('',#73,#89,#7275,.F.);
#7273=EDGE_CURVE('',#89,#503,#7276,.T.);
#7274=EDGE_CURVE('',#503,#73,#7277,.T.);
#7275=LINE('',#72,#7278);
#7276=LINE('',#88,#7279);
#7277=LINE('',#502,#7280);
#7278=VECTOR('',#7281,1.0);
#7279=VECTOR('',#7282,1.0);
#7280=VECTOR('',#7283,1.0);
#7281=DIRECTION('',(-0.9439201696208377,0,0.3301737624084767));
#7282=DIRECTION('',(0,0.9999999999999779,2.1045382102846184E-07));
#7283=DIRECTION('',(0.18285222297806822,-0.9810576811972902,-0.06396007126149039));
#7284=FACE_SURFACE('',(#7289),#7285,.T.);
#7285=PLANE('',#7286);
#7286=AXIS2_PLACEMENT_3D('',#72,#7287,#7288);
#7287=DIRECTION('',(-0.33017471204341037,0,-0.9439198374475722));
#7288=DIRECTION('',(-0.18285222297806822,0.9810576811972902,0.06396007126149039));
#7289=FACE_BOUND('',#7290,.T.);
#7290=EDGE_LOOP('',(#7291,#7292,#7293));
#7291=ORIENTED_EDGE('',*,*,#7294,.T.);
#7292=ORIENTED_EDGE('',*,*,#7295,.T.);
#7293=ORIENTED_EDGE('',*,*,#7296,.T.);
#7294=EDGE_CURVE('',#73,#503,#7297,.F.);
#7295=EDGE_CURVE('',#503,#499,#7298,.T.);
#7296=EDGE_CURVE('',#499,#73,#7299,.T.);
#7297=LINE('',#72,#7300);
#7298=LINE('',#502,#7301);
#7299=LINE('',#498,#7302);
#7300=VECTOR('',#7303,1.0);
#7301=VECTOR('',#7304,1.0);
#7302=VECTOR('',#7305,1.0);
#7303=DIRECTION('',(-0.18285222297806822,0.9810576811972902,0.06396007126149039));
#7304=DIRECTION('',(0.9439198374475721,0,-0.33017471204341037));
#7305=DIRECTION('',(0,-1,0));
#7306=FACE_SURFACE('',(#7311),#7307,.T.);
#7307=PLANE('',#7308);
#7308=AXIS2_PLACEMENT_3D('',#88,#7309,#7310);
#7309=DIRECTION('',(-0.5319671498146359,-1.1195451935094284E-07,-0.8467649919063024));
#7310=DIRECTION('',(-0.8467649919063076,0,0.5319671498146391));
#7311=FACE_BOUND('',#7312,.T.);
#7312=EDGE_LOOP('',(#7313,#7314,#7315));
#7313=ORIENTED_EDGE('',*,*,#7316,.T.);
#7314=ORIENTED_EDGE('',*,*,#7317,.T.);
#7315=ORIENTED_EDGE('',*,*,#7318,.T.);
#7316=EDGE_CURVE('',#89,#99,#7319,.F.);
#7317=EDGE_CURVE('',#99,#505,#7320,.T.);
#7318=EDGE_CURVE('',#505,#89,#7321,.T.);
#7319=LINE('',#88,#7322);
#7320=LINE('',#98,#7323);
#7321=LINE('',#504,#7324);
#7322=VECTOR('',#7325,1.0);
#7323=VECTOR('',#7326,1.0);
#7324=VECTOR('',#7327,1.0);
#7325=DIRECTION('',(-0.8467649919063076,0,0.5319671498146391));
#7326=DIRECTION('',(-2.1045382102846184E-07,0.9999999999999779,0));
#7327=DIRECTION('',(0.16407859569308364,-0.9810467787820645,-0.10307973746920733));
#7328=FACE_SURFACE('',(#7333),#7329,.T.);
#7329=PLANE('',#7330);
#7330=AXIS2_PLACEMENT_3D('',#88,#7331,#7332);
#7331=DIRECTION('',(-0.5319659058704536,1.782050925268741E-07,-0.8467657733939156));
#7332=DIRECTION('',(-0.16407859569308364,0.9810467787820645,0.10307973746920733));
#7333=FACE_BOUND('',#7334,.T.);
#7334=EDGE_LOOP('',(#7335,#7336,#7337));
#7335=ORIENTED_EDGE('',*,*,#7338,.T.);
#7336=ORIENTED_EDGE('',*,*,#7339,.T.);
#7337=ORIENTED_EDGE('',*,*,#7340,.T.);
#7338=EDGE_CURVE('',#89,#505,#7341,.F.);
#7339=EDGE_CURVE('',#505,#503,#7342,.T.);
#7340=EDGE_CURVE('',#503,#89,#7343,.T.);
#7341=LINE('',#88,#7344);
#7342=LINE('',#504,#7345);
#7343=LINE('',#502,#7346);
#7344=VECTOR('',#7347,1.0);
#7345=VECTOR('',#7348,1.0);
#7346=VECTOR('',#7349,1.0);
#7347=DIRECTION('',(-0.16407859569308364,0.9810467787820645,0.10307973746920733));
#7348=DIRECTION('',(0.8467657733939291,0,-0.531965905870462));
#7349=DIRECTION('',(0,-0.9999999999999779,-2.1045382102846184E-07));
#7350=FACE_SURFACE('',(#7355),#7351,.T.);
#7351=PLANE('',#7352);
#7352=AXIS2_PLACEMENT_3D('',#98,#7353,#7354);
#7353=DIRECTION('',(-0.7071062484837289,1.4881343607506858E-07,-0.7071073138889492));
#7354=DIRECTION('',(-0.707107313888957,0,0.7071062484837367));
#7355=FACE_BOUND('',#7356,.T.);
#7356=EDGE_LOOP('',(#7357,#7358,#7359));
#7357=ORIENTED_EDGE('',*,*,#7360,.T.);
#7358=ORIENTED_EDGE('',*,*,#7361,.T.);
#7359=ORIENTED_EDGE('',*,*,#7362,.T.);
#7360=EDGE_CURVE('',#99,#167,#7363,.F.);
#7361=EDGE_CURVE('',#167,#507,#7364,.T.);
#7362=EDGE_CURVE('',#507,#99,#7365,.T.);
#7363=LINE('',#98,#7366);
#7364=LINE('',#166,#7367);
#7365=LINE('',#506,#7368);
#7366=VECTOR('',#7369,1.0);
#7367=VECTOR('',#7370,1.0);
#7368=VECTOR('',#7371,1.0);
#7369=DIRECTION('',(-0.707107313888957,0,0.7071062484837367));
#7370=DIRECTION('',(0,0.9999999999999779,2.1045382102846184E-07));
#7371=DIRECTION('',(0.13702992491212204,-0.9810431179908233,-0.13702992491212204));
#7372=FACE_SURFACE('',(#7377),#7373,.T.);
#7373=PLANE('',#7374);
#7374=AXIS2_PLACEMENT_3D('',#98,#7375,#7376);
#7375=DIRECTION('',(-0.7071073138889492,-1.4881343608510462E-07,-0.7071062484837289));
#7376=DIRECTION('',(-0.13702992491212204,0.9810431179908233,0.13702992491212204));
#7377=FACE_BOUND('',#7378,.T.);
#7378=EDGE_LOOP('',(#7379,#7380,#7381));
#7379=ORIENTED_EDGE('',*,*,#7382,.T.);
#7380=ORIENTED_EDGE('',*,*,#7383,.T.);
#7381=ORIENTED_EDGE('',*,*,#7384,.T.);
#7382=EDGE_CURVE('',#99,#507,#7385,.F.);
#7383=EDGE_CURVE('',#507,#505,#7386,.T.);
#7384=EDGE_CURVE('',#505,#99,#7387,.T.);
#7385=LINE('',#98,#7388);
#7386=LINE('',#506,#7389);
#7387=LINE('',#504,#7390);
#7388=VECTOR('',#7391,1.0);
#7389=VECTOR('',#7392,1.0);
#7390=VECTOR('',#7393,1.0);
#7391=DIRECTION('',(-0.13702992491212204,0.9810431179908233,0.13702992491212204));
#7392=DIRECTION('',(0.7071062484837367,0,-0.707107313888957));
#7393=DIRECTION('',(2.1045382102846184E-07,-0.9999999999999779,0));
#7394=FACE_SURFACE('',(#7399),#7395,.T.);
#7395=PLANE('',#7396);
#7396=AXIS2_PLACEMENT_3D('',#508,#7397,#7398);
#7397=DIRECTION('',(-0.8467657733939238,1.1195425754730756E-07,-0.5319659058704587));
#7398=DIRECTION('',(0,-0.9999999999999779,-2.1045382102846184E-07));
#7399=FACE_BOUND('',#7400,.T.);
#7400=EDGE_LOOP('',(#7401,#7402,#7403));
#7401=ORIENTED_EDGE('',*,*,#7404,.T.);
#7402=ORIENTED_EDGE('',*,*,#7405,.T.);
#7403=ORIENTED_EDGE('',*,*,#7406,.T.);
#7404=EDGE_CURVE('',#509,#163,#7407,.F.);
#7405=EDGE_CURVE('',#163,#159,#7408,.T.);
#7406=EDGE_CURVE('',#159,#509,#7409,.T.);
#7407=LINE('',#508,#7410);
#7408=LINE('',#162,#7411);
#7409=LINE('',#158,#7412);
#7410=VECTOR('',#7413,1.0);
#7411=VECTOR('',#7414,1.0);
#7412=VECTOR('',#7415,1.0);
#7413=DIRECTION('',(0,-0.9999999999999779,-2.1045382102846184E-07));
#7414=DIRECTION('',(-0.531965905870462,0,0.8467657733939291));
#7415=DIRECTION('',(0.10307953668990931,0.9810468328954459,-0.1640783982784106));
#7416=FACE_SURFACE('',(#7421),#7417,.T.);
#7417=PLANE('',#7418);
#7418=AXIS2_PLACEMENT_3D('',#508,#7419,#7420);
#7419=DIRECTION('',(-0.8467649919062943,-1.782049280512284E-07,-0.5319671498146307));
#7420=DIRECTION('',(-0.10307953668990931,-0.9810468328954459,0.1640783982784106));
#7421=FACE_BOUND('',#7422,.T.);
#7422=EDGE_LOOP('',(#7423,#7424,#7425));
#7423=ORIENTED_EDGE('',*,*,#7426,.T.);
#7424=ORIENTED_EDGE('',*,*,#7427,.T.);
#7425=ORIENTED_EDGE('',*,*,#7428,.T.);
#7426=EDGE_CURVE('',#509,#159,#7429,.F.);
#7427=EDGE_CURVE('',#159,#511,#7430,.T.);
#7428=EDGE_CURVE('',#511,#509,#7431,.T.);
#7429=LINE('',#508,#7432);
#7430=LINE('',#158,#7433);
#7431=LINE('',#510,#7434);
#7432=VECTOR('',#7435,1.0);
#7433=VECTOR('',#7436,1.0);
#7434=VECTOR('',#7437,1.0);
#7435=DIRECTION('',(-0.10307953668990931,-0.9810468328954459,0.1640783982784106));
#7436=DIRECTION('',(-2.1045382102846184E-07,0.9999999999999779,0));
#7437=DIRECTION('',(0.5319671498146391,0,-0.8467649919063076));
#7438=FACE_SURFACE('',(#7443),#7439,.T.);
#7439=PLANE('',#7440);
#7440=AXIS2_PLACEMENT_3D('',#510,#7441,#7442);
#7441=DIRECTION('',(-0.9439198374475535,-1.986515365354066E-07,-0.3301747120434039));
#7442=DIRECTION('',(2.1045382102846184E-07,-0.9999999999999779,0));
#7443=FACE_BOUND('',#7444,.T.);
#7444=EDGE_LOOP('',(#7445,#7446,#7447));
#7445=ORIENTED_EDGE('',*,*,#7448,.T.);
#7446=ORIENTED_EDGE('',*,*,#7449,.T.);
#7447=ORIENTED_EDGE('',*,*,#7450,.T.);
#7448=EDGE_CURVE('',#511,#159,#7451,.F.);
#7449=EDGE_CURVE('',#159,#153,#7452,.T.);
#7450=EDGE_CURVE('',#153,#511,#7453,.T.);
#7451=LINE('',#510,#7454);
#7452=LINE('',#158,#7455);
#7453=LINE('',#152,#7456);
#7454=VECTOR('',#7457,1.0);
#7455=VECTOR('',#7458,1.0);
#7456=VECTOR('',#7459,1.0);
#7457=DIRECTION('',(2.1045382102846184E-07,-0.9999999999999779,0));
#7458=DIRECTION('',(-0.33017471204341037,0,0.9439198374475721));
#7459=DIRECTION('',(0.06395986563878397,0.9810576941527892,-0.18285222539274967));
#7460=FACE_SURFACE('',(#7465),#7461,.T.);
#7461=PLANE('',#7462);
#7462=AXIS2_PLACEMENT_3D('',#510,#7463,#7464);
#7463=DIRECTION('',(-0.9439201696208376,0,-0.3301737624084766));
#7464=DIRECTION('',(-0.06395986563878397,-0.9810576941527892,0.18285222539274967));
#7465=FACE_BOUND('',#7466,.T.);
#7466=EDGE_LOOP('',(#7467,#7468,#7469));
#7467=ORIENTED_EDGE('',*,*,#7470,.T.);
#7468=ORIENTED_EDGE('',*,*,#7471,.T.);
#7469=ORIENTED_EDGE('',*,*,#7472,.T.);
#7470=EDGE_CURVE('',#511,#153,#7473,.F.);
#7471=EDGE_CURVE('',#153,#513,#7474,.T.);
#7472=EDGE_CURVE('',#513,#511,#7475,.T.);
#7473=LINE('',#510,#7476);
#7474=LINE('',#152,#7477);
#7475=LINE('',#512,#7478);
#7476=VECTOR('',#7479,1.0);
#7477=VECTOR('',#7480,1.0);
#7478=VECTOR('',#7481,1.0);
#7479=DIRECTION('',(-0.06395986563878397,-0.9810576941527892,0.18285222539274967));
#7480=DIRECTION('',(0,1,0));
#7481=DIRECTION('',(0.3301737624084767,0,-0.9439201696208377));
#7482=FACE_SURFACE('',(#7487),#7483,.T.);
#7483=PLANE('',#7484);
#7484=AXIS2_PLACEMENT_3D('',#512,#7485,#7486);
#7485=DIRECTION('',(-0.9937183524026394,-0,-0.11190994637736192));
#7486=DIRECTION('',(0,-1,0));
#7487=FACE_BOUND('',#7488,.T.);
#7488=EDGE_LOOP('',(#7489,#7490,#7491));
#7489=ORIENTED_EDGE('',*,*,#7492,.T.);
#7490=ORIENTED_EDGE('',*,*,#7493,.T.);
#7491=ORIENTED_EDGE('',*,*,#7494,.T.);
#7492=EDGE_CURVE('',#513,#153,#7495,.F.);
#7493=EDGE_CURVE('',#153,#59,#7496,.T.);
#7494=EDGE_CURVE('',#59,#513,#7497,.T.);
#7495=LINE('',#512,#7498);
#7496=LINE('',#152,#7499);
#7497=LINE('',#58,#7500);
#7498=VECTOR('',#7501,1.0);
#7499=VECTOR('',#7502,1.0);
#7500=VECTOR('',#7503,1.0);
#7501=DIRECTION('',(0,-1,0));
#7502=DIRECTION('',(-0.11190994637736189,0,0.9937183524026392));
#7503=DIRECTION('',(0.02166852523194647,0.9810756807389712,-0.19240837735617594));
#7504=FACE_SURFACE('',(#7509),#7505,.T.);
#7505=PLANE('',#7506);
#7506=AXIS2_PLACEMENT_3D('',#512,#7507,#7508);
#7507=DIRECTION('',(-0.9937183524026394,0,-0.11190994637736192));
#7508=DIRECTION('',(-0.02166852523194647,-0.9810756807389712,0.19240837735617594));
#7509=FACE_BOUND('',#7510,.T.);
#7510=EDGE_LOOP('',(#7511,#7512,#7513));
#7511=ORIENTED_EDGE('',*,*,#7514,.T.);
#7512=ORIENTED_EDGE('',*,*,#7515,.T.);
#7513=ORIENTED_EDGE('',*,*,#7516,.T.);
#7514=EDGE_CURVE('',#513,#59,#7517,.F.);
#7515=EDGE_CURVE('',#59,#65,#7518,.T.);
#7516=EDGE_CURVE('',#65,#513,#7519,.T.);
#7517=LINE('',#512,#7520);
#7518=LINE('',#58,#7521);
#7519=LINE('',#64,#7522);
#7520=VECTOR('',#7523,1.0);
#7521=VECTOR('',#7524,1.0);
#7522=VECTOR('',#7525,1.0);
#7523=DIRECTION('',(-0.02166852523194647,-0.9810756807389712,0.19240837735617594));
#7524=DIRECTION('',(0,1,0));
#7525=DIRECTION('',(0.11190994637736189,0,-0.9937183524026392));
#7526=FACE_SURFACE('',(#7531),#7527,.T.);
#7527=PLANE('',#7528);
#7528=AXIS2_PLACEMENT_3D('',#40,#7529,#7530);
#7529=DIRECTION('',(-0.03675968880480614,-0.9993241342422257,1.7776694849163173E-15));
#7530=DIRECTION('',(0,1.77887176342869E-15,1));
#7531=FACE_BOUND('',#7532,.T.);
#7532=EDGE_LOOP('',(#7533,#7534,#7535));
#7533=ORIENTED_EDGE('',*,*,#7536,.T.);
#7534=ORIENTED_EDGE('',*,*,#7537,.T.);
#7535=ORIENTED_EDGE('',*,*,#7538,.T.);
#7536=EDGE_CURVE('',#41,#39,#7539,.F.);
#7537=EDGE_CURVE('',#39,#187,#7540,.T.);
#7538=EDGE_CURVE('',#187,#41,#7541,.T.);
#7539=LINE('',#40,#7542);
#7540=LINE('',#38,#7543);
#7541=LINE('',#186,#7544);
#7542=VECTOR('',#7545,1.0);
#7543=VECTOR('',#7546,1.0);
#7544=VECTOR('',#7547,1.0);
#7545=DIRECTION('',(0,1.77887176342869E-15,1));
#7546=DIRECTION('',(-0.9993241342422257,0.03675968880480614,0));
#7547=DIRECTION('',(0.0381828025156364,-0.0014045372167822822,-0.9992697838257988));
#7548=FACE_SURFACE('',(#7553),#7549,.T.);
#7549=PLANE('',#7550);
#7550=AXIS2_PLACEMENT_3D('',#40,#7551,#7552);
#7551=DIRECTION('',(-0.0367596888048526,-0.999324134242224,0));
#7552=DIRECTION('',(-0.0381828025156364,0.0014045372167822822,0.9992697838257988));
#7553=FACE_BOUND('',#7554,.T.);
#7554=EDGE_LOOP('',(#7555,#7556,#7557));
#7555=ORIENTED_EDGE('',*,*,#7558,.T.);
#7556=ORIENTED_EDGE('',*,*,#7559,.T.);
#7557=ORIENTED_EDGE('',*,*,#7560,.T.);
#7558=EDGE_CURVE('',#41,#187,#7561,.F.);
#7559=EDGE_CURVE('',#187,#107,#7562,.T.);
#7560=EDGE_CURVE('',#107,#41,#7563,.T.);
#7561=LINE('',#40,#7564);
#7562=LINE('',#186,#7565);
#7563=LINE('',#106,#7566);
#7564=VECTOR('',#7567,1.0);
#7565=VECTOR('',#7568,1.0);
#7566=VECTOR('',#7569,1.0);
#7567=DIRECTION('',(-0.0381828025156364,0.0014045372167822822,0.9992697838257988));
#7568=DIRECTION('',(0,0,-1));
#7569=DIRECTION('',(0.9993241342422239,-0.03675968880485259,0));
#7570=FACE_SURFACE('',(#7575),#7571,.T.);
#7571=PLANE('',#7572);
#7572=AXIS2_PLACEMENT_3D('',#106,#7573,#7574);
#7573=DIRECTION('',(-0.11351444365287507,-0.9935363461304162,0));
#7574=DIRECTION('',(0,0,1));
#7575=FACE_BOUND('',#7576,.T.);
#7576=EDGE_LOOP('',(#7577,#7578,#7579));
#7577=ORIENTED_EDGE('',*,*,#7580,.T.);
#7578=ORIENTED_EDGE('',*,*,#7581,.T.);
#7579=ORIENTED_EDGE('',*,*,#7582,.T.);
#7580=EDGE_CURVE('',#107,#187,#7583,.F.);
#7581=EDGE_CURVE('',#187,#203,#7584,.T.);
#7582=EDGE_CURVE('',#203,#107,#7585,.T.);
#7583=LINE('',#106,#7586);
#7584=LINE('',#186,#7587);
#7585=LINE('',#202,#7588);
#7586=VECTOR('',#7589,1.0);
#7587=VECTOR('',#7590,1.0);
#7588=VECTOR('',#7591,1.0);
#7589=DIRECTION('',(0,0,1));
#7590=DIRECTION('',(-0.9935363461304161,0.11351444365287505,0));
#7591=DIRECTION('',(0.03628936675989333,-0.004146166664469164,-0.9993327229517487));
#7592=FACE_SURFACE('',(#7597),#7593,.T.);
#7593=PLANE('',#7594);
#7594=AXIS2_PLACEMENT_3D('',#106,#7595,#7596);
#7595=DIRECTION('',(-0.1135148053644515,-0.9935363048037402,-1.3306510473884943E-08));
#7596=DIRECTION('',(-0.03628936675989333,0.004146166664469164,0.9993327229517487));
#7597=FACE_BOUND('',#7598,.T.);
#7598=EDGE_LOOP('',(#7599,#7600,#7601));
#7599=ORIENTED_EDGE('',*,*,#7602,.T.);
#7600=ORIENTED_EDGE('',*,*,#7603,.T.);
#7601=ORIENTED_EDGE('',*,*,#7604,.T.);
#7602=EDGE_CURVE('',#107,#203,#7605,.F.);
#7603=EDGE_CURVE('',#203,#113,#7606,.T.);
#7604=EDGE_CURVE('',#113,#107,#7607,.T.);
#7605=LINE('',#106,#7608);
#7606=LINE('',#202,#7609);
#7607=LINE('',#112,#7610);
#7608=VECTOR('',#7611,1.0);
#7609=VECTOR('',#7612,1.0);
#7610=VECTOR('',#7613,1.0);
#7611=DIRECTION('',(-0.03628936675989333,0.004146166664469164,0.9993327229517487));
#7612=DIRECTION('',(0,1.339307925618876E-08,-0.9999999999999999));
#7613=DIRECTION('',(0.9935363048037403,-0.11351480536445152,0));
#7614=FACE_SURFACE('',(#7619),#7615,.T.);
#7615=PLANE('',#7616);
#7616=AXIS2_PLACEMENT_3D('',#112,#7617,#7618);
#7617=DIRECTION('',(-0.20101369223017368,-0.9795884317079254,-1.3119705504309895E-08));
#7618=DIRECTION('',(0,-1.339307925618876E-08,0.9999999999999999));
#7619=FACE_BOUND('',#7620,.T.);
#7620=EDGE_LOOP('',(#7621,#7622,#7623));
#7621=ORIENTED_EDGE('',*,*,#7624,.T.);
#7622=ORIENTED_EDGE('',*,*,#7625,.T.);
#7623=ORIENTED_EDGE('',*,*,#7626,.T.);
#7624=EDGE_CURVE('',#113,#203,#7627,.F.);
#7625=EDGE_CURVE('',#203,#213,#7628,.T.);
#7626=EDGE_CURVE('',#213,#113,#7629,.T.);
#7627=LINE('',#112,#7630);
#7628=LINE('',#202,#7631);
#7629=LINE('',#212,#7632);
#7630=VECTOR('',#7633,1.0);
#7631=VECTOR('',#7634,1.0);
#7632=VECTOR('',#7635,1.0);
#7633=DIRECTION('',(0,-1.339307925618876E-08,0.9999999999999999));
#7634=DIRECTION('',(-0.9795884317079255,0.20101369223017373,0));
#7635=DIRECTION('',(0.032567550856755154,-0.006682919397836836,-0.9994471938124169));
#7636=FACE_SURFACE('',(#7641),#7637,.T.);
#7637=PLANE('',#7638);
#7638=AXIS2_PLACEMENT_3D('',#112,#7639,#7640);
#7639=DIRECTION('',(-0.20101306315478995,-0.9795885607953619,8.242228991702203E-09));
#7640=DIRECTION('',(-0.032567550856755154,0.006682919397836836,0.9994471938124169));
#7641=FACE_BOUND('',#7642,.T.);
#7642=EDGE_LOOP('',(#7643,#7644,#7645));
#7643=ORIENTED_EDGE('',*,*,#7646,.T.);
#7644=ORIENTED_EDGE('',*,*,#7647,.T.);
#7645=ORIENTED_EDGE('',*,*,#7648,.T.);
#7646=EDGE_CURVE('',#113,#213,#7649,.F.);
#7647=EDGE_CURVE('',#213,#117,#7650,.T.);
#7648=EDGE_CURVE('',#117,#113,#7651,.T.);
#7649=LINE('',#112,#7652);
#7650=LINE('',#212,#7653);
#7651=LINE('',#116,#7654);
#7652=VECTOR('',#7655,1.0);
#7653=VECTOR('',#7656,1.0);
#7654=VECTOR('',#7657,1.0);
#7655=DIRECTION('',(-0.032567550856755154,0.006682919397836836,0.9994471938124169));
#7656=DIRECTION('',(-4.100344953820272E-08,0,-0.9999999999999992));
#7657=DIRECTION('',(0.9795885607953618,-0.20101306315478995,0));
#7658=FACE_SURFACE('',(#7663),#7659,.T.);
#7659=PLANE('',#7660);
#7660=AXIS2_PLACEMENT_3D('',#120,#7661,#7662);
#7661=DIRECTION('',(-0.3104893163003723,-0.9505768693079625,1.2731133013073387E-08));
#7662=DIRECTION('',(4.100344953820272E-08,0,0.9999999999999992));
#7663=FACE_BOUND('',#7664,.T.);
#7664=EDGE_LOOP('',(#7665,#7666,#7667));
#7665=ORIENTED_EDGE('',*,*,#7668,.T.);
#7666=ORIENTED_EDGE('',*,*,#7669,.T.);
#7667=ORIENTED_EDGE('',*,*,#7670,.T.);
#7668=EDGE_CURVE('',#121,#281,#7671,.F.);
#7669=EDGE_CURVE('',#281,#277,#7672,.T.);
#7670=EDGE_CURVE('',#277,#121,#7673,.T.);
#7671=LINE('',#120,#7674);
#7672=LINE('',#280,#7675);
#7673=LINE('',#276,#7676);
#7674=VECTOR('',#7677,1.0);
#7675=VECTOR('',#7678,1.0);
#7676=VECTOR('',#7679,1.0);
#7677=DIRECTION('',(4.100344953820272E-08,0,0.9999999999999992));
#7678=DIRECTION('',(-0.9505768693079626,0.31048931630037224,0));
#7679=DIRECTION('',(0.027202720948821396,-0.008885306625415031,-0.9995904477830673));
#7680=FACE_SURFACE('',(#7685),#7681,.T.);
#7681=PLANE('',#7682);
#7682=AXIS2_PLACEMENT_3D('',#120,#7683,#7684);
#7683=DIRECTION('',(-0.310490161737683,-0.9505765931602289,-1.2731147651353615E-08));
#7684=DIRECTION('',(-0.027202720948821396,0.008885306625415031,0.9995904477830673));
#7685=FACE_BOUND('',#7686,.T.);
#7686=EDGE_LOOP('',(#7687,#7688,#7689));
#7687=ORIENTED_EDGE('',*,*,#7690,.T.);
#7688=ORIENTED_EDGE('',*,*,#7691,.T.);
#7689=ORIENTED_EDGE('',*,*,#7692,.T.);
#7690=EDGE_CURVE('',#121,#277,#7693,.F.);
#7691=EDGE_CURVE('',#277,#123,#7694,.T.);
#7692=EDGE_CURVE('',#123,#121,#7695,.T.);
#7693=LINE('',#120,#7696);
#7694=LINE('',#276,#7697);
#7695=LINE('',#122,#7698);
#7696=VECTOR('',#7699,1.0);
#7697=VECTOR('',#7700,1.0);
#7698=VECTOR('',#7701,1.0);
#7699=DIRECTION('',(-0.027202720948821396,0.008885306625415031,0.9995904477830673));
#7700=DIRECTION('',(0,1.339307925618876E-08,-0.9999999999999999));
#7701=DIRECTION('',(0.9505765931602289,-0.310490161737683,0));
#7702=FACE_SURFACE('',(#7707),#7703,.T.);
#7703=PLANE('',#7704);
#7704=AXIS2_PLACEMENT_3D('',#122,#7705,#7706);
#7705=DIRECTION('',(-0.46129941041614947,-0.8872445288361674,-1.1882936294322643E-08));
#7706=DIRECTION('',(0,-1.339307925618876E-08,0.9999999999999999));
#7707=FACE_BOUND('',#7708,.T.);
#7708=EDGE_LOOP('',(#7709,#7710,#7711));
#7709=ORIENTED_EDGE('',*,*,#7712,.T.);
#7710=ORIENTED_EDGE('',*,*,#7713,.T.);
#7711=ORIENTED_EDGE('',*,*,#7714,.T.);
#7712=EDGE_CURVE('',#123,#277,#7715,.F.);
#7713=EDGE_CURVE('',#277,#273,#7716,.T.);
#7714=EDGE_CURVE('',#273,#123,#7717,.T.);
#7715=LINE('',#122,#7718);
#7716=LINE('',#276,#7719);
#7717=LINE('',#272,#7720);
#7718=VECTOR('',#7721,1.0);
#7719=VECTOR('',#7722,1.0);
#7720=VECTOR('',#7723,1.0);
#7721=DIRECTION('',(0,-1.339307925618876E-08,0.9999999999999999));
#7722=DIRECTION('',(-0.8872445288361674,0.4612994104161495,0));
#7723=DIRECTION('',(0.020465894322494835,-0.010640689007364762,-0.9997339260558427));
#7724=FACE_SURFACE('',(#7729),#7725,.T.);
#7725=PLANE('',#7726);
#7726=AXIS2_PLACEMENT_3D('',#122,#7727,#7728);
#7727=DIRECTION('',(-0.4612982261216573,-0.8872451445778736,1.8914820114930353E-08));
#7728=DIRECTION('',(-0.020465894322494835,0.010640689007364762,0.9997339260558427));
#7729=FACE_BOUND('',#7730,.T.);
#7730=EDGE_LOOP('',(#7731,#7732,#7733));
#7731=ORIENTED_EDGE('',*,*,#7734,.T.);
#7732=ORIENTED_EDGE('',*,*,#7735,.T.);
#7733=ORIENTED_EDGE('',*,*,#7736,.T.);
#7734=EDGE_CURVE('',#123,#273,#7737,.F.);
#7735=EDGE_CURVE('',#273,#173,#7738,.T.);
#7736=EDGE_CURVE('',#173,#123,#7739,.T.);
#7737=LINE('',#122,#7740);
#7738=LINE('',#272,#7741);
#7739=LINE('',#172,#7742);
#7740=VECTOR('',#7743,1.0);
#7741=VECTOR('',#7744,1.0);
#7742=VECTOR('',#7745,1.0);
#7743=DIRECTION('',(-0.020465894322494835,0.010640689007364762,0.9997339260558427));
#7744=DIRECTION('',(-4.100344953820272E-08,-1.778871763428689E-15,-0.9999999999999992));
#7745=DIRECTION('',(0.8872451445778738,-0.46129822612165744,0));
#7746=FACE_SURFACE('',(#7751),#7747,.T.);
#7747=PLANE('',#7748);
#7748=AXIS2_PLACEMENT_3D('',#172,#7749,#7750);
#7749=DIRECTION('',(-0.6824984253240256,-0.7308870633895669,2.7984791042830884E-08));
#7750=DIRECTION('',(4.100344953820272E-08,1.778871763428689E-15,0.9999999999999992));
#7751=FACE_BOUND('',#7752,.T.);
#7752=EDGE_LOOP('',(#7753,#7754,#7755));
#7753=ORIENTED_EDGE('',*,*,#7756,.T.);
#7754=ORIENTED_EDGE('',*,*,#7757,.T.);
#7755=ORIENTED_EDGE('',*,*,#7758,.T.);
#7756=EDGE_CURVE('',#173,#273,#7759,.F.);
#7757=EDGE_CURVE('',#273,#267,#7760,.T.);
#7758=EDGE_CURVE('',#267,#173,#7761,.T.);
#7759=LINE('',#172,#7762);
#7760=LINE('',#272,#7763);
#7761=LINE('',#266,#7764);
#7762=VECTOR('',#7765,1.0);
#7763=VECTOR('',#7766,1.0);
#7764=VECTOR('',#7767,1.0);
#7765=DIRECTION('',(4.100344953820272E-08,1.778871763428689E-15,0.9999999999999992));
#7766=DIRECTION('',(-0.7308870633895671,0.6824984253240258,0));
#7767=DIRECTION('',(0.012700212810129018,-0.011859428985595374,-0.999849017871555));
#7768=FACE_SURFACE('',(#7773),#7769,.T.);
#7769=PLANE('',#7770);
#7770=AXIS2_PLACEMENT_3D('',#172,#7771,#7772);
#7771=DIRECTION('',(-0.6824996022389364,-0.7308859643909532,0));
#7772=DIRECTION('',(-0.012700212810129018,0.011859428985595374,0.999849017871555));
#7773=FACE_BOUND('',#7774,.T.);
#7774=EDGE_LOOP('',(#7775,#7776,#7777));
#7775=ORIENTED_EDGE('',*,*,#7778,.T.);
#7776=ORIENTED_EDGE('',*,*,#7779,.T.);
#7777=ORIENTED_EDGE('',*,*,#7780,.T.);
#7778=EDGE_CURVE('',#173,#267,#7781,.F.);
#7779=EDGE_CURVE('',#267,#157,#7782,.T.);
#7780=EDGE_CURVE('',#157,#173,#7783,.T.);
#7781=LINE('',#172,#7784);
#7782=LINE('',#266,#7785);
#7783=LINE('',#156,#7786);
#7784=VECTOR('',#7787,1.0);
#7785=VECTOR('',#7788,1.0);
#7786=VECTOR('',#7789,1.0);
#7787=DIRECTION('',(-0.012700212810129018,0.011859428985595374,0.999849017871555));
#7788=DIRECTION('',(0,0,-1));
#7789=DIRECTION('',(0.7308859643909532,-0.6824996022389364,0));
#7790=FACE_SURFACE('',(#7795),#7791,.T.);
#7791=PLANE('',#7792);
#7792=AXIS2_PLACEMENT_3D('',#156,#7793,#7794);
#7793=DIRECTION('',(-0.9453860961014134,-0.3259526488588933,0));
#7794=DIRECTION('',(0,0,1));
#7795=FACE_BOUND('',#7796,.T.);
#7796=EDGE_LOOP('',(#7797,#7798,#7799));
#7797=ORIENTED_EDGE('',*,*,#7800,.T.);
#7798=ORIENTED_EDGE('',*,*,#7801,.T.);
#7799=ORIENTED_EDGE('',*,*,#7802,.T.);
#7800=EDGE_CURVE('',#157,#267,#7803,.F.);
#7801=EDGE_CURVE('',#267,#61,#7804,.T.);
#7802=EDGE_CURVE('',#61,#157,#7805,.T.);
#7803=LINE('',#156,#7806);
#7804=LINE('',#266,#7807);
#7805=LINE('',#60,#7808);
#7806=VECTOR('',#7809,1.0);
#7807=VECTOR('',#7810,1.0);
#7808=VECTOR('',#7811,1.0);
#7809=DIRECTION('',(0,0,1));
#7810=DIRECTION('',(-0.32595264885889336,0.9453860961014136,0));
#7811=DIRECTION('',(0.004302814066854806,-0.012479789954629554,-0.9999128665207756));
#7812=FACE_SURFACE('',(#7817),#7813,.T.);
#7813=PLANE('',#7814);
#7814=AXIS2_PLACEMENT_3D('',#156,#7815,#7816);
#7815=DIRECTION('',(-0.9453860961014134,-0.3259526488588933,0));
#7816=DIRECTION('',(-0.004302814066854806,0.012479789954629554,0.9999128665207756));
#7817=FACE_BOUND('',#7818,.T.);
#7818=EDGE_LOOP('',(#7819,#7820,#7821));
#7819=ORIENTED_EDGE('',*,*,#7822,.T.);
#7820=ORIENTED_EDGE('',*,*,#7823,.T.);
#7821=ORIENTED_EDGE('',*,*,#7824,.T.);
#7822=EDGE_CURVE('',#157,#61,#7825,.F.);
#7823=EDGE_CURVE('',#61,#59,#7826,.T.);
#7824=EDGE_CURVE('',#59,#157,#7827,.T.);
#7825=LINE('',#156,#7828);
#7826=LINE('',#60,#7829);
#7827=LINE('',#58,#7830);
#7828=VECTOR('',#7831,1.0);
#7829=VECTOR('',#7832,1.0);
#7830=VECTOR('',#7833,1.0);
#7831=DIRECTION('',(-0.004302814066854806,0.012479789954629554,0.9999128665207756));
#7832=DIRECTION('',(0,0,-1));
#7833=DIRECTION('',(0.32595264885889336,-0.9453860961014136,0));
#7834=FACE_SURFACE('',(#7839),#7835,.T.);
#7835=PLANE('',#7836);
#7836=AXIS2_PLACEMENT_3D('',#514,#7837,#7838);
#7837=DIRECTION('',(-0.11190994637736192,0,0.9937183524026394));
#7838=DIRECTION('',(0,-1,0));
#7839=FACE_BOUND('',#7840,.T.);
#7840=EDGE_LOOP('',(#7841,#7842,#7843));
#7841=ORIENTED_EDGE('',*,*,#7844,.T.);
#7842=ORIENTED_EDGE('',*,*,#7845,.T.);
#7843=ORIENTED_EDGE('',*,*,#7846,.T.);
#7844=EDGE_CURVE('',#515,#221,#7847,.F.);
#7845=EDGE_CURVE('',#221,#53,#7848,.T.);
#7846=EDGE_CURVE('',#53,#515,#7849,.T.);
#7847=LINE('',#514,#7850);
#7848=LINE('',#220,#7851);
#7849=LINE('',#52,#7852);
#7850=VECTOR('',#7853,1.0);
#7851=VECTOR('',#7854,1.0);
#7852=VECTOR('',#7855,1.0);
#7853=DIRECTION('',(0,-1,0));
#7854=DIRECTION('',(0.9937183524026392,0,0.11190994637736189));
#7855=DIRECTION('',(-0.19240837735617594,0.9810756807389712,-0.02166852523194647));
#7856=FACE_SURFACE('',(#7861),#7857,.T.);
#7857=PLANE('',#7858);
#7858=AXIS2_PLACEMENT_3D('',#514,#7859,#7860);
#7859=DIRECTION('',(-0.11190994637736192,0,0.9937183524026394));
#7860=DIRECTION('',(0.19240837735617594,-0.9810756807389712,0.02166852523194647));
#7861=FACE_BOUND('',#7862,.T.);
#7862=EDGE_LOOP('',(#7863,#7864,#7865));
#7863=ORIENTED_EDGE('',*,*,#7866,.T.);
#7864=ORIENTED_EDGE('',*,*,#7867,.T.);
#7865=ORIENTED_EDGE('',*,*,#7868,.T.);
#7866=EDGE_CURVE('',#515,#53,#7869,.F.);
#7867=EDGE_CURVE('',#53,#51,#7870,.T.);
#7868=EDGE_CURVE('',#51,#515,#7871,.T.);
#7869=LINE('',#514,#7872);
#7870=LINE('',#52,#7873);
#7871=LINE('',#50,#7874);
#7872=VECTOR('',#7875,1.0);
#7873=VECTOR('',#7876,1.0);
#7874=VECTOR('',#7877,1.0);
#7875=DIRECTION('',(0.19240837735617594,-0.9810756807389712,0.02166852523194647));
#7876=DIRECTION('',(0,1,0));
#7877=DIRECTION('',(-0.9937183524026392,0,-0.11190994637736189));
#7878=FACE_SURFACE('',(#7883),#7879,.T.);
#7879=PLANE('',#7880);
#7880=AXIS2_PLACEMENT_3D('',#516,#7881,#7882);
#7881=DIRECTION('',(-0.3301747120434039,-1.986515365354066E-07,0.9439198374475535));
#7882=DIRECTION('',(0,-0.9999999999999779,-2.1045382102846184E-07));
#7883=FACE_BOUND('',#7884,.T.);
#7884=EDGE_LOOP('',(#7885,#7886,#7887));
#7885=ORIENTED_EDGE('',*,*,#7888,.T.);
#7886=ORIENTED_EDGE('',*,*,#7889,.T.);
#7887=ORIENTED_EDGE('',*,*,#7890,.T.);
#7888=EDGE_CURVE('',#517,#227,#7891,.F.);
#7889=EDGE_CURVE('',#227,#221,#7892,.T.);
#7890=EDGE_CURVE('',#221,#517,#7893,.T.);
#7891=LINE('',#516,#7894);
#7892=LINE('',#226,#7895);
#7893=LINE('',#220,#7896);
#7894=VECTOR('',#7897,1.0);
#7895=VECTOR('',#7898,1.0);
#7896=VECTOR('',#7899,1.0);
#7897=DIRECTION('',(0,-0.9999999999999779,-2.1045382102846184E-07));
#7898=DIRECTION('',(0.9439198374475721,0,0.33017471204341037));
#7899=DIRECTION('',(-0.18285222539274967,0.9810576941527892,-0.06395986563878397));
#7900=FACE_SURFACE('',(#7905),#7901,.T.);
#7901=PLANE('',#7902);
#7902=AXIS2_PLACEMENT_3D('',#516,#7903,#7904);
#7903=DIRECTION('',(-0.3301737624084766,0,0.9439201696208376));
#7904=DIRECTION('',(0.18285222539274967,-0.9810576941527892,0.06395986563878397));
#7905=FACE_BOUND('',#7906,.T.);
#7906=EDGE_LOOP('',(#7907,#7908,#7909));
#7907=ORIENTED_EDGE('',*,*,#7910,.T.);
#7908=ORIENTED_EDGE('',*,*,#7911,.T.);
#7909=ORIENTED_EDGE('',*,*,#7912,.T.);
#7910=EDGE_CURVE('',#517,#221,#7913,.F.);
#7911=EDGE_CURVE('',#221,#515,#7914,.T.);
#7912=EDGE_CURVE('',#515,#517,#7915,.T.);
#7913=LINE('',#516,#7916);
#7914=LINE('',#220,#7917);
#7915=LINE('',#514,#7918);
#7916=VECTOR('',#7919,1.0);
#7917=VECTOR('',#7920,1.0);
#7918=VECTOR('',#7921,1.0);
#7919=DIRECTION('',(0.18285222539274967,-0.9810576941527892,0.06395986563878397));
#7920=DIRECTION('',(0,1,0));
#7921=DIRECTION('',(-0.9439201696208377,0,-0.3301737624084767));
#7922=FACE_SURFACE('',(#7927),#7923,.T.);
#7923=PLANE('',#7924);
#7924=AXIS2_PLACEMENT_3D('',#518,#7925,#7926);
#7925=DIRECTION('',(-0.5319659058704587,1.1195425754730756E-07,0.8467657733939238));
#7926=DIRECTION('',(-2.1045382102846184E-07,-0.9999999999999779,0));
#7927=FACE_BOUND('',#7928,.T.);
#7928=EDGE_LOOP('',(#7929,#7930,#7931));
#7929=ORIENTED_EDGE('',*,*,#7932,.T.);
#7930=ORIENTED_EDGE('',*,*,#7933,.T.);
#7931=ORIENTED_EDGE('',*,*,#7934,.T.);
#7932=EDGE_CURVE('',#519,#231,#7935,.F.);
#7933=EDGE_CURVE('',#231,#227,#7936,.T.);
#7934=EDGE_CURVE('',#227,#519,#7937,.T.);
#7935=LINE('',#518,#7938);
#7936=LINE('',#230,#7939);
#7937=LINE('',#226,#7940);
#7938=VECTOR('',#7941,1.0);
#7939=VECTOR('',#7942,1.0);
#7940=VECTOR('',#7943,1.0);
#7941=DIRECTION('',(-2.1045382102846184E-07,-0.9999999999999779,0));
#7942=DIRECTION('',(0.8467657733939291,0,0.531965905870462));
#7943=DIRECTION('',(-0.1640783982784106,0.9810468328954459,-0.10307953668990931));
#7944=FACE_SURFACE('',(#7949),#7945,.T.);
#7945=PLANE('',#7946);
#7946=AXIS2_PLACEMENT_3D('',#518,#7947,#7948);
#7947=DIRECTION('',(-0.5319671498146307,-1.782049280512284E-07,0.8467649919062943));
#7948=DIRECTION('',(0.1640783982784106,-0.9810468328954459,0.10307953668990931));
#7949=FACE_BOUND('',#7950,.T.);
#7950=EDGE_LOOP('',(#7951,#7952,#7953));
#7951=ORIENTED_EDGE('',*,*,#7954,.T.);
#7952=ORIENTED_EDGE('',*,*,#7955,.T.);
#7953=ORIENTED_EDGE('',*,*,#7956,.T.);
#7954=EDGE_CURVE('',#519,#227,#7957,.F.);
#7955=EDGE_CURVE('',#227,#517,#7958,.T.);
#7956=EDGE_CURVE('',#517,#519,#7959,.T.);
#7957=LINE('',#518,#7960);
#7958=LINE('',#226,#7961);
#7959=LINE('',#516,#7962);
#7960=VECTOR('',#7963,1.0);
#7961=VECTOR('',#7964,1.0);
#7962=VECTOR('',#7965,1.0);
#7963=DIRECTION('',(0.1640783982784106,-0.9810468328954459,0.10307953668990931));
#7964=DIRECTION('',(0,0.9999999999999779,2.1045382102846184E-07));
#7965=DIRECTION('',(-0.8467649919063076,0,-0.5319671498146391));
#7966=FACE_SURFACE('',(#7971),#7967,.T.);
#7967=PLANE('',#7968);
#7968=AXIS2_PLACEMENT_3D('',#520,#7969,#7970);
#7969=DIRECTION('',(-0.7071073138889492,-1.4881321186650507E-07,0.7071062484837289));
#7970=DIRECTION('',(0,-0.9999999999999779,-2.1045382102846184E-07));
#7971=FACE_BOUND('',#7972,.T.);
#7972=EDGE_LOOP('',(#7973,#7974,#7975));
#7973=ORIENTED_EDGE('',*,*,#7976,.T.);
#7974=ORIENTED_EDGE('',*,*,#7977,.T.);
#7975=ORIENTED_EDGE('',*,*,#7978,.T.);
#7976=EDGE_CURVE('',#521,#237,#7979,.F.);
#7977=EDGE_CURVE('',#237,#235,#7980,.T.);
#7978=EDGE_CURVE('',#235,#521,#7981,.T.);
#7979=LINE('',#520,#7982);
#7980=LINE('',#236,#7983);
#7981=LINE('',#234,#7984);
#7982=VECTOR('',#7985,1.0);
#7983=VECTOR('',#7986,1.0);
#7984=VECTOR('',#7987,1.0);
#7985=DIRECTION('',(0,-0.9999999999999779,-2.1045382102846184E-07));
#7986=DIRECTION('',(0.7071062484837367,0,0.707107313888957));
#7987=DIRECTION('',(-0.13702972620147444,0.9810431735017058,-0.13702972620147444));
#7988=FACE_SURFACE('',(#7993),#7989,.T.);
#7989=PLANE('',#7990);
#7990=AXIS2_PLACEMENT_3D('',#520,#7991,#7992);
#7991=DIRECTION('',(-0.7071062484837289,1.4881321187504877E-07,0.7071073138889492));
#7992=DIRECTION('',(0.13702972620147444,-0.9810431735017058,0.13702972620147444));
#7993=FACE_BOUND('',#7994,.T.);
#7994=EDGE_LOOP('',(#7995,#7996,#7997));
#7995=ORIENTED_EDGE('',*,*,#7998,.T.);
#7996=ORIENTED_EDGE('',*,*,#7999,.T.);
#7997=ORIENTED_EDGE('',*,*,#8000,.T.);
#7998=EDGE_CURVE('',#521,#235,#8001,.F.);
#7999=EDGE_CURVE('',#235,#523,#8002,.T.);
#8000=EDGE_CURVE('',#523,#521,#8003,.T.);
#8001=LINE('',#520,#8004);
#8002=LINE('',#234,#8005);
#8003=LINE('',#522,#8006);
#8004=VECTOR('',#8007,1.0);
#8005=VECTOR('',#8008,1.0);
#8006=VECTOR('',#8009,1.0);
#8007=DIRECTION('',(0.13702972620147444,-0.9810431735017058,0.13702972620147444));
#8008=DIRECTION('',(2.1045382102846184E-07,0.9999999999999779,0));
#8009=DIRECTION('',(-0.707107313888957,0,-0.7071062484837367));
#8010=FACE_SURFACE('',(#8015),#8011,.T.);
#8011=PLANE('',#8012);
#8012=AXIS2_PLACEMENT_3D('',#524,#8013,#8014);
#8013=DIRECTION('',(-0.8467649919062943,1.782049280598181E-07,0.5319671498146306));
#8014=DIRECTION('',(-2.1045382102846184E-07,-0.9999999999999779,0));
#8015=FACE_BOUND('',#8016,.T.);
#8016=EDGE_LOOP('',(#8017,#8018,#8019));
#8017=ORIENTED_EDGE('',*,*,#8020,.T.);
#8018=ORIENTED_EDGE('',*,*,#8021,.T.);
#8019=ORIENTED_EDGE('',*,*,#8022,.T.);
#8020=EDGE_CURVE('',#525,#287,#8023,.F.);
#8021=EDGE_CURVE('',#287,#237,#8024,.T.);
#8022=EDGE_CURVE('',#237,#525,#8025,.T.);
#8023=LINE('',#524,#8026);
#8024=LINE('',#286,#8027);
#8025=LINE('',#236,#8028);
#8026=VECTOR('',#8029,1.0);
#8027=VECTOR('',#8030,1.0);
#8028=VECTOR('',#8031,1.0);
#8029=DIRECTION('',(-2.1045382102846184E-07,-0.9999999999999779,0));
#8030=DIRECTION('',(0.5319671498146391,0,0.8467649919063076));
#8031=DIRECTION('',(-0.10307953668990931,0.9810468328954459,-0.1640783982784106));
#8032=FACE_SURFACE('',(#8037),#8033,.T.);
#8033=PLANE('',#8034);
#8034=AXIS2_PLACEMENT_3D('',#524,#8035,#8036);
#8035=DIRECTION('',(-0.8467657733939238,-1.1195425754771618E-07,0.5319659058704587));
#8036=DIRECTION('',(0.10307953668990931,-0.9810468328954459,0.1640783982784106));
#8037=FACE_BOUND('',#8038,.T.);
#8038=EDGE_LOOP('',(#8039,#8040,#8041));
#8039=ORIENTED_EDGE('',*,*,#8042,.T.);
#8040=ORIENTED_EDGE('',*,*,#8043,.T.);
#8041=ORIENTED_EDGE('',*,*,#8044,.T.);
#8042=EDGE_CURVE('',#525,#237,#8045,.F.);
#8043=EDGE_CURVE('',#237,#521,#8046,.T.);
#8044=EDGE_CURVE('',#521,#525,#8047,.T.);
#8045=LINE('',#524,#8048);
#8046=LINE('',#236,#8049);
#8047=LINE('',#520,#8050);
#8048=VECTOR('',#8051,1.0);
#8049=VECTOR('',#8052,1.0);
#8050=VECTOR('',#8053,1.0);
#8051=DIRECTION('',(0.10307953668990931,-0.9810468328954459,0.1640783982784106));
#8052=DIRECTION('',(0,0.9999999999999779,2.1045382102846184E-07));
#8053=DIRECTION('',(-0.531965905870462,0,-0.8467657733939291));
#8054=FACE_SURFACE('',(#8059),#8055,.T.);
#8055=PLANE('',#8056);
#8056=AXIS2_PLACEMENT_3D('',#526,#8057,#8058);
#8057=DIRECTION('',(-0.9439201696208376,0,0.3301737624084766));
#8058=DIRECTION('',(0,-1,0));
#8059=FACE_BOUND('',#8060,.T.);
#8060=EDGE_LOOP('',(#8061,#8062,#8063));
#8061=ORIENTED_EDGE('',*,*,#8064,.T.);
#8062=ORIENTED_EDGE('',*,*,#8065,.T.);
#8063=ORIENTED_EDGE('',*,*,#8066,.T.);
#8064=EDGE_CURVE('',#527,#271,#8067,.F.);
#8065=EDGE_CURVE('',#271,#287,#8068,.T.);
#8066=EDGE_CURVE('',#287,#527,#8069,.T.);
#8067=LINE('',#526,#8070);
#8068=LINE('',#270,#8071);
#8069=LINE('',#286,#8072);
#8070=VECTOR('',#8073,1.0);
#8071=VECTOR('',#8074,1.0);
#8072=VECTOR('',#8075,1.0);
#8073=DIRECTION('',(0,-1,0));
#8074=DIRECTION('',(0.3301737624084767,0,0.9439201696208377));
#8075=DIRECTION('',(-0.06395986563878397,0.9810576941527892,-0.18285222539274967));
#8076=FACE_SURFACE('',(#8081),#8077,.T.);
#8077=PLANE('',#8078);
#8078=AXIS2_PLACEMENT_3D('',#526,#8079,#8080);
#8079=DIRECTION('',(-0.9439198374475535,1.9865153653713425E-07,0.3301747120434038));
#8080=DIRECTION('',(0.06395986563878397,-0.9810576941527892,0.18285222539274967));
#8081=FACE_BOUND('',#8082,.T.);
#8082=EDGE_LOOP('',(#8083,#8084,#8085));
#8083=ORIENTED_EDGE('',*,*,#8086,.T.);
#8084=ORIENTED_EDGE('',*,*,#8087,.T.);
#8085=ORIENTED_EDGE('',*,*,#8088,.T.);
#8086=EDGE_CURVE('',#527,#287,#8089,.F.);
#8087=EDGE_CURVE('',#287,#525,#8090,.T.);
#8088=EDGE_CURVE('',#525,#527,#8091,.T.);
#8089=LINE('',#526,#8092);
#8090=LINE('',#286,#8093);
#8091=LINE('',#524,#8094);
#8092=VECTOR('',#8095,1.0);
#8093=VECTOR('',#8096,1.0);
#8094=VECTOR('',#8097,1.0);
#8095=DIRECTION('',(0.06395986563878397,-0.9810576941527892,0.18285222539274967));
#8096=DIRECTION('',(2.1045382102846184E-07,0.9999999999999779,0));
#8097=DIRECTION('',(-0.33017471204341037,0,-0.9439198374475721));
#8098=FACE_SURFACE('',(#8103),#8099,.T.);
#8099=PLANE('',#8100);
#8100=AXIS2_PLACEMENT_3D('',#62,#8101,#8102);
#8101=DIRECTION('',(-0.9937183524026394,0,0.11190994637736192));
#8102=DIRECTION('',(0,-1,0));
#8103=FACE_BOUND('',#8104,.T.);
#8104=EDGE_LOOP('',(#8105,#8106,#8107));
#8105=ORIENTED_EDGE('',*,*,#8108,.T.);
#8106=ORIENTED_EDGE('',*,*,#8109,.T.);
#8107=ORIENTED_EDGE('',*,*,#8110,.T.);
#8108=EDGE_CURVE('',#63,#61,#8111,.F.);
#8109=EDGE_CURVE('',#61,#271,#8112,.T.);
#8110=EDGE_CURVE('',#271,#63,#8113,.T.);
#8111=LINE('',#62,#8114);
#8112=LINE('',#60,#8115);
#8113=LINE('',#270,#8116);
#8114=VECTOR('',#8117,1.0);
#8115=VECTOR('',#8118,1.0);
#8116=VECTOR('',#8119,1.0);
#8117=DIRECTION('',(0,-1,0));
#8118=DIRECTION('',(0.11190994637736189,0,0.9937183524026392));
#8119=DIRECTION('',(-0.02166852523194647,0.9810756807389712,-0.19240837735617594));
#8120=FACE_SURFACE('',(#8125),#8121,.T.);
#8121=PLANE('',#8122);
#8122=AXIS2_PLACEMENT_3D('',#62,#8123,#8124);
#8123=DIRECTION('',(-0.9937183524026394,0,0.11190994637736192));
#8124=DIRECTION('',(0.02166852523194647,-0.9810756807389712,0.19240837735617594));
#8125=FACE_BOUND('',#8126,.T.);
#8126=EDGE_LOOP('',(#8127,#8128,#8129));
#8127=ORIENTED_EDGE('',*,*,#8130,.T.);
#8128=ORIENTED_EDGE('',*,*,#8131,.T.);
#8129=ORIENTED_EDGE('',*,*,#8132,.T.);
#8130=EDGE_CURVE('',#63,#271,#8133,.F.);
#8131=EDGE_CURVE('',#271,#527,#8134,.T.);
#8132=EDGE_CURVE('',#527,#63,#8135,.T.);
#8133=LINE('',#62,#8136);
#8134=LINE('',#270,#8137);
#8135=LINE('',#526,#8138);
#8136=VECTOR('',#8139,1.0);
#8137=VECTOR('',#8140,1.0);
#8138=VECTOR('',#8141,1.0);
#8139=DIRECTION('',(0.02166852523194647,-0.9810756807389712,0.19240837735617594));
#8140=DIRECTION('',(0,1,0));
#8141=DIRECTION('',(-0.11190994637736189,0,-0.9937183524026392));
#8142=FACE_SURFACE('',(#8147),#8143,.T.);
#8143=PLANE('',#8144);
#8144=AXIS2_PLACEMENT_3D('',#298,#8145,#8146);
#8145=DIRECTION('',(0.11190994637736192,0,-0.9937183524026394));
#8146=DIRECTION('',(-0.9937183524026392,0,-0.11190994637736189));
#8147=FACE_BOUND('',#8148,.T.);
#8148=EDGE_LOOP('',(#8149,#8150,#8151));
#8149=ORIENTED_EDGE('',*,*,#8152,.T.);
#8150=ORIENTED_EDGE('',*,*,#8153,.T.);
#8151=ORIENTED_EDGE('',*,*,#8154,.T.);
#8152=EDGE_CURVE('',#299,#297,#8155,.F.);
#8153=EDGE_CURVE('',#297,#529,#8156,.T.);
#8154=EDGE_CURVE('',#529,#299,#8157,.T.);
#8155=LINE('',#298,#8158);
#8156=LINE('',#296,#8159);
#8157=LINE('',#528,#8160);
#8158=VECTOR('',#8161,1.0);
#8159=VECTOR('',#8162,1.0);
#8160=VECTOR('',#8163,1.0);
#8161=DIRECTION('',(-0.9937183524026392,0,-0.11190994637736189));
#8162=DIRECTION('',(0,1,0));
#8163=DIRECTION('',(0.19240837735617594,-0.9810756807389712,0.02166852523194647));
#8164=FACE_SURFACE('',(#8169),#8165,.T.);
#8165=PLANE('',#8166);
#8166=AXIS2_PLACEMENT_3D('',#298,#8167,#8168);
#8167=DIRECTION('',(0.11190994637736192,0,-0.9937183524026394));
#8168=DIRECTION('',(-0.19240837735617594,0.9810756807389712,-0.02166852523194647));
#8169=FACE_BOUND('',#8170,.T.);
#8170=EDGE_LOOP('',(#8171,#8172,#8173));
#8171=ORIENTED_EDGE('',*,*,#8174,.T.);
#8172=ORIENTED_EDGE('',*,*,#8175,.T.);
#8173=ORIENTED_EDGE('',*,*,#8176,.T.);
#8174=EDGE_CURVE('',#299,#529,#8177,.F.);
#8175=EDGE_CURVE('',#529,#531,#8178,.T.);
#8176=EDGE_CURVE('',#531,#299,#8179,.T.);
#8177=LINE('',#298,#8180);
#8178=LINE('',#528,#8181);
#8179=LINE('',#530,#8182);
#8180=VECTOR('',#8183,1.0);
#8181=VECTOR('',#8184,1.0);
#8182=VECTOR('',#8185,1.0);
#8183=DIRECTION('',(-0.19240837735617594,0.9810756807389712,-0.02166852523194647));
#8184=DIRECTION('',(0.9937183524026392,0,0.11190994637736189));
#8185=DIRECTION('',(0,-1,0));
#8186=FACE_SURFACE('',(#8191),#8187,.T.);
#8187=PLANE('',#8188);
#8188=AXIS2_PLACEMENT_3D('',#304,#8189,#8190);
#8189=DIRECTION('',(0.33017471204341037,0,-0.9439198374475722));
#8190=DIRECTION('',(-0.9439198374475721,0,-0.33017471204341037));
#8191=FACE_BOUND('',#8192,.T.);
#8192=EDGE_LOOP('',(#8193,#8194,#8195));
#8193=ORIENTED_EDGE('',*,*,#8196,.T.);
#8194=ORIENTED_EDGE('',*,*,#8197,.T.);
#8195=ORIENTED_EDGE('',*,*,#8198,.T.);
#8196=EDGE_CURVE('',#305,#299,#8199,.F.);
#8197=EDGE_CURVE('',#299,#531,#8200,.T.);
#8198=EDGE_CURVE('',#531,#305,#8201,.T.);
#8199=LINE('',#304,#8202);
#8200=LINE('',#298,#8203);
#8201=LINE('',#530,#8204);
#8202=VECTOR('',#8205,1.0);
#8203=VECTOR('',#8206,1.0);
#8204=VECTOR('',#8207,1.0);
#8205=DIRECTION('',(-0.9439198374475721,0,-0.33017471204341037));
#8206=DIRECTION('',(0,1,0));
#8207=DIRECTION('',(0.18285222297806822,-0.9810576811972902,0.06396007126149039));
#8208=FACE_SURFACE('',(#8213),#8209,.T.);
#8209=PLANE('',#8210);
#8210=AXIS2_PLACEMENT_3D('',#304,#8211,#8212);
#8211=DIRECTION('',(0.3301737624084701,-1.9865160644253953E-07,-0.9439201696208189));
#8212=DIRECTION('',(-0.18285222297806822,0.9810576811972902,-0.06396007126149039));
#8213=FACE_BOUND('',#8214,.T.);
#8214=EDGE_LOOP('',(#8215,#8216,#8217));
#8215=ORIENTED_EDGE('',*,*,#8218,.T.);
#8216=ORIENTED_EDGE('',*,*,#8219,.T.);
#8217=ORIENTED_EDGE('',*,*,#8220,.T.);
#8218=EDGE_CURVE('',#305,#531,#8221,.F.);
#8219=EDGE_CURVE('',#531,#533,#8222,.T.);
#8220=EDGE_CURVE('',#533,#305,#8223,.T.);
#8221=LINE('',#304,#8224);
#8222=LINE('',#530,#8225);
#8223=LINE('',#532,#8226);
#8224=VECTOR('',#8227,1.0);
#8225=VECTOR('',#8228,1.0);
#8226=VECTOR('',#8229,1.0);
#8227=DIRECTION('',(-0.18285222297806822,0.9810576811972902,-0.06396007126149039));
#8228=DIRECTION('',(0.9439201696208377,0,0.3301737624084767));
#8229=DIRECTION('',(0,-0.9999999999999779,2.1045382102846184E-07));
#8230=FACE_SURFACE('',(#8235),#8231,.T.);
#8231=PLANE('',#8232);
#8232=AXIS2_PLACEMENT_3D('',#308,#8233,#8234);
#8233=DIRECTION('',(0.5319659058704536,-1.7820509252870586E-07,-0.8467657733939157));
#8234=DIRECTION('',(-0.8467657733939291,0,-0.531965905870462));
#8235=FACE_BOUND('',#8236,.T.);
#8236=EDGE_LOOP('',(#8237,#8238,#8239));
#8237=ORIENTED_EDGE('',*,*,#8240,.T.);
#8238=ORIENTED_EDGE('',*,*,#8241,.T.);
#8239=ORIENTED_EDGE('',*,*,#8242,.T.);
#8240=EDGE_CURVE('',#309,#305,#8243,.F.);
#8241=EDGE_CURVE('',#305,#533,#8244,.T.);
#8242=EDGE_CURVE('',#533,#309,#8245,.T.);
#8243=LINE('',#308,#8246);
#8244=LINE('',#304,#8247);
#8245=LINE('',#532,#8248);
#8246=VECTOR('',#8249,1.0);
#8247=VECTOR('',#8250,1.0);
#8248=VECTOR('',#8251,1.0);
#8249=DIRECTION('',(-0.8467657733939291,0,-0.531965905870462));
#8250=DIRECTION('',(0,0.9999999999999779,-2.1045382102846184E-07));
#8251=DIRECTION('',(0.16407859569308364,-0.9810467787820645,0.10307973746920733));
#8252=FACE_SURFACE('',(#8257),#8253,.T.);
#8253=PLANE('',#8254);
#8254=AXIS2_PLACEMENT_3D('',#308,#8255,#8256);
#8255=DIRECTION('',(0.5319671498146359,1.1195451934011278E-07,-0.8467649919063024));
#8256=DIRECTION('',(-0.16407859569308364,0.9810467787820645,-0.10307973746920733));
#8257=FACE_BOUND('',#8258,.T.);
#8258=EDGE_LOOP('',(#8259,#8260,#8261));
#8259=ORIENTED_EDGE('',*,*,#8262,.T.);
#8260=ORIENTED_EDGE('',*,*,#8263,.T.);
#8261=ORIENTED_EDGE('',*,*,#8264,.T.);
#8262=EDGE_CURVE('',#309,#533,#8265,.F.);
#8263=EDGE_CURVE('',#533,#535,#8266,.T.);
#8264=EDGE_CURVE('',#535,#309,#8267,.T.);
#8265=LINE('',#308,#8268);
#8266=LINE('',#532,#8269);
#8267=LINE('',#534,#8270);
#8268=VECTOR('',#8271,1.0);
#8269=VECTOR('',#8272,1.0);
#8270=VECTOR('',#8273,1.0);
#8271=DIRECTION('',(-0.16407859569308364,0.9810467787820645,-0.10307973746920733));
#8272=DIRECTION('',(0.8467649919063076,0,0.5319671498146391));
#8273=DIRECTION('',(2.1045382102846184E-07,-0.9999999999999779,0));
#8274=FACE_SURFACE('',(#8279),#8275,.T.);
#8275=PLANE('',#8276);
#8276=AXIS2_PLACEMENT_3D('',#536,#8277,#8278);
#8277=DIRECTION('',(0.7071073138889492,-1.4881321186650507E-07,-0.7071062484837289));
#8278=DIRECTION('',(0,-0.9999999999999779,2.1045382102846184E-07));
#8279=FACE_BOUND('',#8280,.T.);
#8280=EDGE_LOOP('',(#8281,#8282,#8283));
#8281=ORIENTED_EDGE('',*,*,#8284,.T.);
#8282=ORIENTED_EDGE('',*,*,#8285,.T.);
#8283=ORIENTED_EDGE('',*,*,#8286,.T.);
#8284=EDGE_CURVE('',#537,#313,#8287,.F.);
#8285=EDGE_CURVE('',#313,#309,#8288,.T.);
#8286=EDGE_CURVE('',#309,#537,#8289,.T.);
#8287=LINE('',#536,#8290);
#8288=LINE('',#312,#8291);
#8289=LINE('',#308,#8292);
#8290=VECTOR('',#8293,1.0);
#8291=VECTOR('',#8294,1.0);
#8292=VECTOR('',#8295,1.0);
#8293=DIRECTION('',(0,-0.9999999999999779,2.1045382102846184E-07));
#8294=DIRECTION('',(-0.7071062484837367,0,-0.707107313888957));
#8295=DIRECTION('',(0.13702972620147444,0.9810431735017058,0.13702972620147444));
#8296=FACE_SURFACE('',(#8301),#8297,.T.);
#8297=PLANE('',#8298);
#8298=AXIS2_PLACEMENT_3D('',#536,#8299,#8300);
#8299=DIRECTION('',(0.7071062484837289,1.4881321187504877E-07,-0.7071073138889492));
#8300=DIRECTION('',(-0.13702972620147444,-0.9810431735017058,-0.13702972620147444));
#8301=FACE_BOUND('',#8302,.T.);
#8302=EDGE_LOOP('',(#8303,#8304,#8305));
#8303=ORIENTED_EDGE('',*,*,#8306,.T.);
#8304=ORIENTED_EDGE('',*,*,#8307,.T.);
#8305=ORIENTED_EDGE('',*,*,#8308,.T.);
#8306=EDGE_CURVE('',#537,#309,#8309,.F.);
#8307=EDGE_CURVE('',#309,#535,#8310,.T.);
#8308=EDGE_CURVE('',#535,#537,#8311,.T.);
#8309=LINE('',#536,#8312);
#8310=LINE('',#308,#8313);
#8311=LINE('',#534,#8314);
#8312=VECTOR('',#8315,1.0);
#8313=VECTOR('',#8316,1.0);
#8314=VECTOR('',#8317,1.0);
#8315=DIRECTION('',(-0.13702972620147444,-0.9810431735017058,-0.13702972620147444));
#8316=DIRECTION('',(-2.1045382102846184E-07,0.9999999999999779,0));
#8317=DIRECTION('',(0.707107313888957,0,0.7071062484837367));
#8318=FACE_SURFACE('',(#8323),#8319,.T.);
#8319=PLANE('',#8320);
#8320=AXIS2_PLACEMENT_3D('',#538,#8321,#8322);
#8321=DIRECTION('',(0.8467649919062943,1.782049280598181E-07,-0.5319671498146306));
#8322=DIRECTION('',(2.1045382102846184E-07,-0.9999999999999779,0));
#8323=FACE_BOUND('',#8324,.T.);
#8324=EDGE_LOOP('',(#8325,#8326,#8327));
#8325=ORIENTED_EDGE('',*,*,#8328,.T.);
#8326=ORIENTED_EDGE('',*,*,#8329,.T.);
#8327=ORIENTED_EDGE('',*,*,#8330,.T.);
#8328=EDGE_CURVE('',#539,#357,#8331,.F.);
#8329=EDGE_CURVE('',#357,#313,#8332,.T.);
#8330=EDGE_CURVE('',#313,#539,#8333,.T.);
#8331=LINE('',#538,#8334);
#8332=LINE('',#356,#8335);
#8333=LINE('',#312,#8336);
#8334=VECTOR('',#8337,1.0);
#8335=VECTOR('',#8338,1.0);
#8336=VECTOR('',#8339,1.0);
#8337=DIRECTION('',(2.1045382102846184E-07,-0.9999999999999779,0));
#8338=DIRECTION('',(-0.5319671498146391,0,-0.8467649919063076));
#8339=DIRECTION('',(0.10307953668990931,0.9810468328954459,0.1640783982784106));
#8340=FACE_SURFACE('',(#8345),#8341,.T.);
#8341=PLANE('',#8342);
#8342=AXIS2_PLACEMENT_3D('',#538,#8343,#8344);
#8343=DIRECTION('',(0.8467657733939238,-1.1195425754771618E-07,-0.5319659058704587));
#8344=DIRECTION('',(-0.10307953668990931,-0.9810468328954459,-0.1640783982784106));
#8345=FACE_BOUND('',#8346,.T.);
#8346=EDGE_LOOP('',(#8347,#8348,#8349));
#8347=ORIENTED_EDGE('',*,*,#8350,.T.);
#8348=ORIENTED_EDGE('',*,*,#8351,.T.);
#8349=ORIENTED_EDGE('',*,*,#8352,.T.);
#8350=EDGE_CURVE('',#539,#313,#8353,.F.);
#8351=EDGE_CURVE('',#313,#537,#8354,.T.);
#8352=EDGE_CURVE('',#537,#539,#8355,.T.);
#8353=LINE('',#538,#8356);
#8354=LINE('',#312,#8357);
#8355=LINE('',#536,#8358);
#8356=VECTOR('',#8359,1.0);
#8357=VECTOR('',#8360,1.0);
#8358=VECTOR('',#8361,1.0);
#8359=DIRECTION('',(-0.10307953668990931,-0.9810468328954459,-0.1640783982784106));
#8360=DIRECTION('',(0,0.9999999999999779,-2.1045382102846184E-07));
#8361=DIRECTION('',(0.531965905870462,0,0.8467657733939291));
#8362=FACE_SURFACE('',(#8367),#8363,.T.);
#8363=PLANE('',#8364);
#8364=AXIS2_PLACEMENT_3D('',#540,#8365,#8366);
#8365=DIRECTION('',(0.9439201696208376,0,-0.3301737624084766));
#8366=DIRECTION('',(0,-1,0));
#8367=FACE_BOUND('',#8368,.T.);
#8368=EDGE_LOOP('',(#8369,#8370,#8371));
#8369=ORIENTED_EDGE('',*,*,#8372,.T.);
#8370=ORIENTED_EDGE('',*,*,#8373,.T.);
#8371=ORIENTED_EDGE('',*,*,#8374,.T.);
#8372=EDGE_CURVE('',#541,#341,#8375,.F.);
#8373=EDGE_CURVE('',#341,#357,#8376,.T.);
#8374=EDGE_CURVE('',#357,#541,#8377,.T.);
#8375=LINE('',#540,#8378);
#8376=LINE('',#340,#8379);
#8377=LINE('',#356,#8380);
#8378=VECTOR('',#8381,1.0);
#8379=VECTOR('',#8382,1.0);
#8380=VECTOR('',#8383,1.0);
#8381=DIRECTION('',(0,-1,0));
#8382=DIRECTION('',(-0.3301737624084767,0,-0.9439201696208377));
#8383=DIRECTION('',(0.06395986563878397,0.9810576941527892,0.18285222539274967));
#8384=FACE_SURFACE('',(#8389),#8385,.T.);
#8385=PLANE('',#8386);
#8386=AXIS2_PLACEMENT_3D('',#540,#8387,#8388);
#8387=DIRECTION('',(0.9439198374475535,1.9865153653713425E-07,-0.3301747120434038));
#8388=DIRECTION('',(-0.06395986563878397,-0.9810576941527892,-0.18285222539274967));
#8389=FACE_BOUND('',#8390,.T.);
#8390=EDGE_LOOP('',(#8391,#8392,#8393));
#8391=ORIENTED_EDGE('',*,*,#8394,.T.);
#8392=ORIENTED_EDGE('',*,*,#8395,.T.);
#8393=ORIENTED_EDGE('',*,*,#8396,.T.);
#8394=EDGE_CURVE('',#541,#357,#8397,.F.);
#8395=EDGE_CURVE('',#357,#539,#8398,.T.);
#8396=EDGE_CURVE('',#539,#541,#8399,.T.);
#8397=LINE('',#540,#8400);
#8398=LINE('',#356,#8401);
#8399=LINE('',#538,#8402);
#8400=VECTOR('',#8403,1.0);
#8401=VECTOR('',#8404,1.0);
#8402=VECTOR('',#8405,1.0);
#8403=DIRECTION('',(-0.06395986563878397,-0.9810576941527892,-0.18285222539274967));
#8404=DIRECTION('',(-2.1045382102846184E-07,0.9999999999999779,0));
#8405=DIRECTION('',(0.33017471204341037,0,0.9439198374475721));
#8406=FACE_SURFACE('',(#8411),#8407,.T.);
#8407=PLANE('',#8408);
#8408=AXIS2_PLACEMENT_3D('',#46,#8409,#8410);
#8409=DIRECTION('',(0.9937183524026394,0,-0.11190994637736192));
#8410=DIRECTION('',(0,-1,0));
#8411=FACE_BOUND('',#8412,.T.);
#8412=EDGE_LOOP('',(#8413,#8414,#8415));
#8413=ORIENTED_EDGE('',*,*,#8416,.T.);
#8414=ORIENTED_EDGE('',*,*,#8417,.T.);
#8415=ORIENTED_EDGE('',*,*,#8418,.T.);
#8416=EDGE_CURVE('',#47,#45,#8419,.F.);
#8417=EDGE_CURVE('',#45,#341,#8420,.T.);
#8418=EDGE_CURVE('',#341,#47,#8421,.T.);
#8419=LINE('',#46,#8422);
#8420=LINE('',#44,#8423);
#8421=LINE('',#340,#8424);
#8422=VECTOR('',#8425,1.0);
#8423=VECTOR('',#8426,1.0);
#8424=VECTOR('',#8427,1.0);
#8425=DIRECTION('',(0,-1,0));
#8426=DIRECTION('',(-0.11190994637736189,0,-0.9937183524026392));
#8427=DIRECTION('',(0.02166852523194647,0.9810756807389712,0.19240837735617594));
#8428=FACE_SURFACE('',(#8433),#8429,.T.);
#8429=PLANE('',#8430);
#8430=AXIS2_PLACEMENT_3D('',#46,#8431,#8432);
#8431=DIRECTION('',(0.9937183524026394,0,-0.11190994637736192));
#8432=DIRECTION('',(-0.02166852523194647,-0.9810756807389712,-0.19240837735617594));
#8433=FACE_BOUND('',#8434,.T.);
#8434=EDGE_LOOP('',(#8435,#8436,#8437));
#8435=ORIENTED_EDGE('',*,*,#8438,.T.);
#8436=ORIENTED_EDGE('',*,*,#8439,.T.);
#8437=ORIENTED_EDGE('',*,*,#8440,.T.);
#8438=EDGE_CURVE('',#47,#341,#8441,.F.);
#8439=EDGE_CURVE('',#341,#541,#8442,.T.);
#8440=EDGE_CURVE('',#541,#47,#8443,.T.);
#8441=LINE('',#46,#8444);
#8442=LINE('',#340,#8445);
#8443=LINE('',#540,#8446);
#8444=VECTOR('',#8447,1.0);
#8445=VECTOR('',#8448,1.0);
#8446=VECTOR('',#8449,1.0);
#8447=DIRECTION('',(-0.02166852523194647,-0.9810756807389712,-0.19240837735617594));
#8448=DIRECTION('',(0,1,0));
#8449=DIRECTION('',(0.11190994637736189,0,0.9937183524026392));
#8450=FACE_SURFACE('',(#8455),#8451,.T.);
#8451=PLANE('',#8452);
#8452=AXIS2_PLACEMENT_3D('',#56,#8453,#8454);
#8453=DIRECTION('',(0.11190994637736192,0,0.9937183524026394));
#8454=DIRECTION('',(0,-1,0));
#8455=FACE_BOUND('',#8456,.T.);
#8456=EDGE_LOOP('',(#8457,#8458,#8459));
#8457=ORIENTED_EDGE('',*,*,#8460,.T.);
#8458=ORIENTED_EDGE('',*,*,#8461,.T.);
#8459=ORIENTED_EDGE('',*,*,#8462,.T.);
#8460=EDGE_CURVE('',#57,#55,#8463,.F.);
#8461=EDGE_CURVE('',#55,#403,#8464,.T.);
#8462=EDGE_CURVE('',#403,#57,#8465,.T.);
#8463=LINE('',#56,#8466);
#8464=LINE('',#54,#8467);
#8465=LINE('',#402,#8468);
#8466=VECTOR('',#8469,1.0);
#8467=VECTOR('',#8470,1.0);
#8468=VECTOR('',#8471,1.0);
#8469=DIRECTION('',(0,-1,0));
#8470=DIRECTION('',(0.9937183524026392,0,-0.11190994637736189));
#8471=DIRECTION('',(-0.19240837735617594,0.9810756807389712,0.02166852523194647));
#8472=FACE_SURFACE('',(#8477),#8473,.T.);
#8473=PLANE('',#8474);
#8474=AXIS2_PLACEMENT_3D('',#56,#8475,#8476);
#8475=DIRECTION('',(0.11190994637736192,0,0.9937183524026394));
#8476=DIRECTION('',(0.19240837735617594,-0.9810756807389712,-0.02166852523194647));
#8477=FACE_BOUND('',#8478,.T.);
#8478=EDGE_LOOP('',(#8479,#8480,#8481));
#8479=ORIENTED_EDGE('',*,*,#8482,.T.);
#8480=ORIENTED_EDGE('',*,*,#8483,.T.);
#8481=ORIENTED_EDGE('',*,*,#8484,.T.);
#8482=EDGE_CURVE('',#57,#403,#8485,.F.);
#8483=EDGE_CURVE('',#403,#543,#8486,.T.);
#8484=EDGE_CURVE('',#543,#57,#8487,.T.);
#8485=LINE('',#56,#8488);
#8486=LINE('',#402,#8489);
#8487=LINE('',#542,#8490);
#8488=VECTOR('',#8491,1.0);
#8489=VECTOR('',#8492,1.0);
#8490=VECTOR('',#8493,1.0);
#8491=DIRECTION('',(0.19240837735617594,-0.9810756807389712,-0.02166852523194647));
#8492=DIRECTION('',(0,1,0));
#8493=DIRECTION('',(-0.9937183524026392,0,0.11190994637736189));
#8494=FACE_SURFACE('',(#8499),#8495,.T.);
#8495=PLANE('',#8496);
#8496=AXIS2_PLACEMENT_3D('',#542,#8497,#8498);
#8497=DIRECTION('',(0.3301737624084766,0,0.9439201696208376));
#8498=DIRECTION('',(0,-1,0));
#8499=FACE_BOUND('',#8500,.T.);
#8500=EDGE_LOOP('',(#8501,#8502,#8503));
#8501=ORIENTED_EDGE('',*,*,#8504,.T.);
#8502=ORIENTED_EDGE('',*,*,#8505,.T.);
#8503=ORIENTED_EDGE('',*,*,#8506,.T.);
#8504=EDGE_CURVE('',#543,#403,#8507,.F.);
#8505=EDGE_CURVE('',#403,#423,#8508,.T.);
#8506=EDGE_CURVE('',#423,#543,#8509,.T.);
#8507=LINE('',#542,#8510);
#8508=LINE('',#402,#8511);
#8509=LINE('',#422,#8512);
#8510=VECTOR('',#8513,1.0);
#8511=VECTOR('',#8514,1.0);
#8512=VECTOR('',#8515,1.0);
#8513=DIRECTION('',(0,-1,0));
#8514=DIRECTION('',(0.9439201696208377,0,-0.3301737624084767));
#8515=DIRECTION('',(-0.18285222539274967,0.9810576941527892,0.06395986563878397));
#8516=FACE_SURFACE('',(#8521),#8517,.T.);
#8517=PLANE('',#8518);
#8518=AXIS2_PLACEMENT_3D('',#542,#8519,#8520);
#8519=DIRECTION('',(0.3301747120434038,1.9865153653713425E-07,0.9439198374475535));
#8520=DIRECTION('',(0.18285222539274967,-0.9810576941527892,-0.06395986563878397));
#8521=FACE_BOUND('',#8522,.T.);
#8522=EDGE_LOOP('',(#8523,#8524,#8525));
#8523=ORIENTED_EDGE('',*,*,#8526,.T.);
#8524=ORIENTED_EDGE('',*,*,#8527,.T.);
#8525=ORIENTED_EDGE('',*,*,#8528,.T.);
#8526=EDGE_CURVE('',#543,#423,#8529,.F.);
#8527=EDGE_CURVE('',#423,#545,#8530,.T.);
#8528=EDGE_CURVE('',#545,#543,#8531,.T.);
#8529=LINE('',#542,#8532);
#8530=LINE('',#422,#8533);
#8531=LINE('',#544,#8534);
#8532=VECTOR('',#8535,1.0);
#8533=VECTOR('',#8536,1.0);
#8534=VECTOR('',#8537,1.0);
#8535=DIRECTION('',(0.18285222539274967,-0.9810576941527892,-0.06395986563878397));
#8536=DIRECTION('',(0,0.9999999999999779,-2.1045382102846184E-07));
#8537=DIRECTION('',(-0.9439198374475721,0,0.33017471204341037));
#8538=FACE_SURFACE('',(#8543),#8539,.T.);
#8539=PLANE('',#8540);
#8540=AXIS2_PLACEMENT_3D('',#544,#8541,#8542);
#8541=DIRECTION('',(0.5319671498146306,1.782049280598181E-07,0.8467649919062943));
#8542=DIRECTION('',(0,-0.9999999999999779,2.1045382102846184E-07));
#8543=FACE_BOUND('',#8544,.T.);
#8544=EDGE_LOOP('',(#8545,#8546,#8547));
#8545=ORIENTED_EDGE('',*,*,#8548,.T.);
#8546=ORIENTED_EDGE('',*,*,#8549,.T.);
#8547=ORIENTED_EDGE('',*,*,#8550,.T.);
#8548=EDGE_CURVE('',#545,#423,#8551,.F.);
#8549=EDGE_CURVE('',#423,#435,#8552,.T.);
#8550=EDGE_CURVE('',#435,#545,#8553,.T.);
#8551=LINE('',#544,#8554);
#8552=LINE('',#422,#8555);
#8553=LINE('',#434,#8556);
#8554=VECTOR('',#8557,1.0);
#8555=VECTOR('',#8558,1.0);
#8556=VECTOR('',#8559,1.0);
#8557=DIRECTION('',(0,-0.9999999999999779,2.1045382102846184E-07));
#8558=DIRECTION('',(0.8467649919063076,0,-0.5319671498146391));
#8559=DIRECTION('',(-0.1640783982784106,0.9810468328954459,0.10307953668990931));
#8560=FACE_SURFACE('',(#8565),#8561,.T.);
#8561=PLANE('',#8562);
#8562=AXIS2_PLACEMENT_3D('',#544,#8563,#8564);
#8563=DIRECTION('',(0.5319659058704587,-1.1195425754771618E-07,0.8467657733939238));
#8564=DIRECTION('',(0.1640783982784106,-0.9810468328954459,-0.10307953668990931));
#8565=FACE_BOUND('',#8566,.T.);
#8566=EDGE_LOOP('',(#8567,#8568,#8569));
#8567=ORIENTED_EDGE('',*,*,#8570,.T.);
#8568=ORIENTED_EDGE('',*,*,#8571,.T.);
#8569=ORIENTED_EDGE('',*,*,#8572,.T.);
#8570=EDGE_CURVE('',#545,#435,#8573,.F.);
#8571=EDGE_CURVE('',#435,#547,#8574,.T.);
#8572=EDGE_CURVE('',#547,#545,#8575,.T.);
#8573=LINE('',#544,#8576);
#8574=LINE('',#434,#8577);
#8575=LINE('',#546,#8578);
#8576=VECTOR('',#8579,1.0);
#8577=VECTOR('',#8580,1.0);
#8578=VECTOR('',#8581,1.0);
#8579=DIRECTION('',(0.1640783982784106,-0.9810468328954459,-0.10307953668990931));
#8580=DIRECTION('',(2.1045382102846184E-07,0.9999999999999779,0));
#8581=DIRECTION('',(-0.8467657733939291,0,0.531965905870462));
#8582=FACE_SURFACE('',(#8587),#8583,.T.);
#8583=PLANE('',#8584);
#8584=AXIS2_PLACEMENT_3D('',#546,#8585,#8586);
#8585=DIRECTION('',(0.7071062484837289,-1.4881321186650507E-07,0.7071073138889492));
#8586=DIRECTION('',(-2.1045382102846184E-07,-0.9999999999999779,0));
#8587=FACE_BOUND('',#8588,.T.);
#8588=EDGE_LOOP('',(#8589,#8590,#8591));
#8589=ORIENTED_EDGE('',*,*,#8592,.T.);
#8590=ORIENTED_EDGE('',*,*,#8593,.T.);
#8591=ORIENTED_EDGE('',*,*,#8594,.T.);
#8592=EDGE_CURVE('',#547,#435,#8595,.F.);
#8593=EDGE_CURVE('',#435,#485,#8596,.T.);
#8594=EDGE_CURVE('',#485,#547,#8597,.T.);
#8595=LINE('',#546,#8598);
#8596=LINE('',#434,#8599);
#8597=LINE('',#484,#8600);
#8598=VECTOR('',#8601,1.0);
#8599=VECTOR('',#8602,1.0);
#8600=VECTOR('',#8603,1.0);
#8601=DIRECTION('',(-2.1045382102846184E-07,-0.9999999999999779,0));
#8602=DIRECTION('',(0.707107313888957,0,-0.7071062484837367));
#8603=DIRECTION('',(-0.13702972620147444,0.9810431735017058,0.13702972620147444));
#8604=FACE_SURFACE('',(#8609),#8605,.T.);
#8605=PLANE('',#8606);
#8606=AXIS2_PLACEMENT_3D('',#546,#8607,#8608);
#8607=DIRECTION('',(0.7071073138889492,1.4881321187504877E-07,0.7071062484837289));
#8608=DIRECTION('',(0.13702972620147444,-0.9810431735017058,-0.13702972620147444));
#8609=FACE_BOUND('',#8610,.T.);
#8610=EDGE_LOOP('',(#8611,#8612,#8613));
#8611=ORIENTED_EDGE('',*,*,#8614,.T.);
#8612=ORIENTED_EDGE('',*,*,#8615,.T.);
#8613=ORIENTED_EDGE('',*,*,#8616,.T.);
#8614=EDGE_CURVE('',#547,#485,#8617,.F.);
#8615=EDGE_CURVE('',#485,#549,#8618,.T.);
#8616=EDGE_CURVE('',#549,#547,#8619,.T.);
#8617=LINE('',#546,#8620);
#8618=LINE('',#484,#8621);
#8619=LINE('',#548,#8622);
#8620=VECTOR('',#8623,1.0);
#8621=VECTOR('',#8624,1.0);
#8622=VECTOR('',#8625,1.0);
#8623=DIRECTION('',(0.13702972620147444,-0.9810431735017058,-0.13702972620147444));
#8624=DIRECTION('',(0,0.9999999999999779,-2.1045382102846184E-07));
#8625=DIRECTION('',(-0.7071062484837367,0,0.707107313888957));
#8626=FACE_SURFACE('',(#8631),#8627,.T.);
#8627=PLANE('',#8628);
#8628=AXIS2_PLACEMENT_3D('',#548,#8629,#8630);
#8629=DIRECTION('',(0.8467657733939238,1.1195425754730756E-07,0.5319659058704587));
#8630=DIRECTION('',(0,-0.9999999999999779,2.1045382102846184E-07));
#8631=FACE_BOUND('',#8632,.T.);
#8632=EDGE_LOOP('',(#8633,#8634,#8635));
#8633=ORIENTED_EDGE('',*,*,#8636,.T.);
#8634=ORIENTED_EDGE('',*,*,#8637,.T.);
#8635=ORIENTED_EDGE('',*,*,#8638,.T.);
#8636=EDGE_CURVE('',#549,#485,#8639,.F.);
#8637=EDGE_CURVE('',#485,#481,#8640,.T.);
#8638=EDGE_CURVE('',#481,#549,#8641,.T.);
#8639=LINE('',#548,#8642);
#8640=LINE('',#484,#8643);
#8641=LINE('',#480,#8644);
#8642=VECTOR('',#8645,1.0);
#8643=VECTOR('',#8646,1.0);
#8644=VECTOR('',#8647,1.0);
#8645=DIRECTION('',(0,-0.9999999999999779,2.1045382102846184E-07));
#8646=DIRECTION('',(0.531965905870462,0,-0.8467657733939291));
#8647=DIRECTION('',(-0.10307953668990931,0.9810468328954459,0.1640783982784106));
#8648=FACE_SURFACE('',(#8653),#8649,.T.);
#8649=PLANE('',#8650);
#8650=AXIS2_PLACEMENT_3D('',#548,#8651,#8652);
#8651=DIRECTION('',(0.8467649919062943,-1.782049280512284E-07,0.5319671498146307));
#8652=DIRECTION('',(0.10307953668990931,-0.9810468328954459,-0.1640783982784106));
#8653=FACE_BOUND('',#8654,.T.);
#8654=EDGE_LOOP('',(#8655,#8656,#8657));
#8655=ORIENTED_EDGE('',*,*,#8658,.T.);
#8656=ORIENTED_EDGE('',*,*,#8659,.T.);
#8657=ORIENTED_EDGE('',*,*,#8660,.T.);
#8658=EDGE_CURVE('',#549,#481,#8661,.F.);
#8659=EDGE_CURVE('',#481,#551,#8662,.T.);
#8660=EDGE_CURVE('',#551,#549,#8663,.T.);
#8661=LINE('',#548,#8664);
#8662=LINE('',#480,#8665);
#8663=LINE('',#550,#8666);
#8664=VECTOR('',#8667,1.0);
#8665=VECTOR('',#8668,1.0);
#8666=VECTOR('',#8669,1.0);
#8667=DIRECTION('',(0.10307953668990931,-0.9810468328954459,-0.1640783982784106));
#8668=DIRECTION('',(2.1045382102846184E-07,0.9999999999999779,0));
#8669=DIRECTION('',(-0.5319671498146391,0,0.8467649919063076));
#8670=FACE_SURFACE('',(#8675),#8671,.T.);
#8671=PLANE('',#8672);
#8672=AXIS2_PLACEMENT_3D('',#550,#8673,#8674);
#8673=DIRECTION('',(0.9439198374475535,-1.986515365354066E-07,0.3301747120434039));
#8674=DIRECTION('',(-2.1045382102846184E-07,-0.9999999999999779,0));
#8675=FACE_BOUND('',#8676,.T.);
#8676=EDGE_LOOP('',(#8677,#8678,#8679));
#8677=ORIENTED_EDGE('',*,*,#8680,.T.);
#8678=ORIENTED_EDGE('',*,*,#8681,.T.);
#8679=ORIENTED_EDGE('',*,*,#8682,.T.);
#8680=EDGE_CURVE('',#551,#481,#8683,.F.);
#8681=EDGE_CURVE('',#481,#475,#8684,.T.);
#8682=EDGE_CURVE('',#475,#551,#8685,.T.);
#8683=LINE('',#550,#8686);
#8684=LINE('',#480,#8687);
#8685=LINE('',#474,#8688);
#8686=VECTOR('',#8689,1.0);
#8687=VECTOR('',#8690,1.0);
#8688=VECTOR('',#8691,1.0);
#8689=DIRECTION('',(-2.1045382102846184E-07,-0.9999999999999779,0));
#8690=DIRECTION('',(0.33017471204341037,0,-0.9439198374475721));
#8691=DIRECTION('',(-0.06395986563878397,0.9810576941527892,0.18285222539274967));
#8692=FACE_SURFACE('',(#8697),#8693,.T.);
#8693=PLANE('',#8694);
#8694=AXIS2_PLACEMENT_3D('',#550,#8695,#8696);
#8695=DIRECTION('',(0.9439201696208376,0,0.3301737624084766));
#8696=DIRECTION('',(0.06395986563878397,-0.9810576941527892,-0.18285222539274967));
#8697=FACE_BOUND('',#8698,.T.);
#8698=EDGE_LOOP('',(#8699,#8700,#8701));
#8699=ORIENTED_EDGE('',*,*,#8702,.T.);
#8700=ORIENTED_EDGE('',*,*,#8703,.T.);
#8701=ORIENTED_EDGE('',*,*,#8704,.T.);
#8702=EDGE_CURVE('',#551,#475,#8705,.F.);
#8703=EDGE_CURVE('',#475,#553,#8706,.T.);
#8704=EDGE_CURVE('',#553,#551,#8707,.T.);
#8705=LINE('',#550,#8708);
#8706=LINE('',#474,#8709);
#8707=LINE('',#552,#8710);
#8708=VECTOR('',#8711,1.0);
#8709=VECTOR('',#8712,1.0);
#8710=VECTOR('',#8713,1.0);
#8711=DIRECTION('',(0.06395986563878397,-0.9810576941527892,-0.18285222539274967));
#8712=DIRECTION('',(0,1,0));
#8713=DIRECTION('',(-0.3301737624084767,0,0.9439201696208377));
#8714=FACE_SURFACE('',(#8719),#8715,.T.);
#8715=PLANE('',#8716);
#8716=AXIS2_PLACEMENT_3D('',#552,#8717,#8718);
#8717=DIRECTION('',(0.9937183524026394,0,0.11190994637736192));
#8718=DIRECTION('',(0,-1,0));
#8719=FACE_BOUND('',#8720,.T.);
#8720=EDGE_LOOP('',(#8721,#8722,#8723));
#8721=ORIENTED_EDGE('',*,*,#8724,.T.);
#8722=ORIENTED_EDGE('',*,*,#8725,.T.);
#8723=ORIENTED_EDGE('',*,*,#8726,.T.);
#8724=EDGE_CURVE('',#553,#475,#8727,.F.);
#8725=EDGE_CURVE('',#475,#43,#8728,.T.);
#8726=EDGE_CURVE('',#43,#553,#8729,.T.);
#8727=LINE('',#552,#8730);
#8728=LINE('',#474,#8731);
#8729=LINE('',#42,#8732);
#8730=VECTOR('',#8733,1.0);
#8731=VECTOR('',#8734,1.0);
#8732=VECTOR('',#8735,1.0);
#8733=DIRECTION('',(0,-1,0));
#8734=DIRECTION('',(0.11190994637736189,0,-0.9937183524026392));
#8735=DIRECTION('',(-0.02166852523194647,0.9810756807389712,0.19240837735617594));
#8736=FACE_SURFACE('',(#8741),#8737,.T.);
#8737=PLANE('',#8738);
#8738=AXIS2_PLACEMENT_3D('',#552,#8739,#8740);
#8739=DIRECTION('',(0.9937183524026394,0,0.11190994637736192));
#8740=DIRECTION('',(0.02166852523194647,-0.9810756807389712,-0.19240837735617594));
#8741=FACE_BOUND('',#8742,.T.);
#8742=EDGE_LOOP('',(#8743,#8744,#8745));
#8743=ORIENTED_EDGE('',*,*,#8746,.T.);
#8744=ORIENTED_EDGE('',*,*,#8747,.T.);
#8745=ORIENTED_EDGE('',*,*,#8748,.T.);
#8746=EDGE_CURVE('',#553,#43,#8749,.F.);
#8747=EDGE_CURVE('',#43,#49,#8750,.T.);
#8748=EDGE_CURVE('',#49,#553,#8751,.T.);
#8749=LINE('',#552,#8752);
#8750=LINE('',#42,#8753);
#8751=LINE('',#48,#8754);
#8752=VECTOR('',#8755,1.0);
#8753=VECTOR('',#8756,1.0);
#8754=VECTOR('',#8757,1.0);
#8755=DIRECTION('',(0.02166852523194647,-0.9810756807389712,-0.19240837735617594));
#8756=DIRECTION('',(0,1,0));
#8757=DIRECTION('',(-0.11190994637736189,0,0.9937183524026392));
#8758=FACE_SURFACE('',(#8763),#8759,.T.);
#8759=PLANE('',#8760);
#8760=AXIS2_PLACEMENT_3D('',#36,#8761,#8762);
#8761=DIRECTION('',(0.0367596888048526,-0.999324134242224,1.7776694849163145E-15));
#8762=DIRECTION('',(0,-1.77887176342869E-15,-1));
#8763=FACE_BOUND('',#8764,.T.);
#8764=EDGE_LOOP('',(#8765,#8766,#8767));
#8765=ORIENTED_EDGE('',*,*,#8768,.T.);
#8766=ORIENTED_EDGE('',*,*,#8769,.T.);
#8767=ORIENTED_EDGE('',*,*,#8770,.T.);
#8768=EDGE_CURVE('',#37,#35,#8771,.F.);
#8769=EDGE_CURVE('',#35,#371,#8772,.T.);
#8770=EDGE_CURVE('',#371,#37,#8773,.T.);
#8771=LINE('',#36,#8774);
#8772=LINE('',#34,#8775);
#8773=LINE('',#370,#8776);
#8774=VECTOR('',#8777,1.0);
#8775=VECTOR('',#8778,1.0);
#8776=VECTOR('',#8779,1.0);
#8777=DIRECTION('',(0,-1.77887176342869E-15,-1));
#8778=DIRECTION('',(0.9993241342422239,0.03675968880485259,0));
#8779=DIRECTION('',(-0.0381828025156364,-0.0014045372167805045,0.9992697838257988));
#8780=FACE_SURFACE('',(#8785),#8781,.T.);
#8781=PLANE('',#8782);
#8782=AXIS2_PLACEMENT_3D('',#36,#8783,#8784);
#8783=DIRECTION('',(0.03675968880480614,-0.9993241342422257,0));
#8784=DIRECTION('',(0.0381828025156364,0.0014045372167805045,-0.9992697838257988));
#8785=FACE_BOUND('',#8786,.T.);
#8786=EDGE_LOOP('',(#8787,#8788,#8789));
#8787=ORIENTED_EDGE('',*,*,#8790,.T.);
#8788=ORIENTED_EDGE('',*,*,#8791,.T.);
#8789=ORIENTED_EDGE('',*,*,#8792,.T.);
#8790=EDGE_CURVE('',#37,#371,#8793,.F.);
#8791=EDGE_CURVE('',#371,#445,#8794,.T.);
#8792=EDGE_CURVE('',#445,#37,#8795,.T.);
#8793=LINE('',#36,#8796);
#8794=LINE('',#370,#8797);
#8795=LINE('',#444,#8798);
#8796=VECTOR('',#8799,1.0);
#8797=VECTOR('',#8800,1.0);
#8798=VECTOR('',#8801,1.0);
#8799=DIRECTION('',(0.0381828025156364,0.0014045372167805045,-0.9992697838257988));
#8800=DIRECTION('',(0,0,1));
#8801=DIRECTION('',(-0.9993241342422257,-0.03675968880480614,0));
#8802=FACE_SURFACE('',(#8807),#8803,.T.);
#8803=PLANE('',#8804);
#8804=AXIS2_PLACEMENT_3D('',#444,#8805,#8806);
#8805=DIRECTION('',(0.11351444365287507,-0.9935363461304162,0));
#8806=DIRECTION('',(0,0,-1));
#8807=FACE_BOUND('',#8808,.T.);
#8808=EDGE_LOOP('',(#8809,#8810,#8811));
#8809=ORIENTED_EDGE('',*,*,#8812,.T.);
#8810=ORIENTED_EDGE('',*,*,#8813,.T.);
#8811=ORIENTED_EDGE('',*,*,#8814,.T.);
#8812=EDGE_CURVE('',#445,#371,#8815,.F.);
#8813=EDGE_CURVE('',#371,#387,#8816,.T.);
#8814=EDGE_CURVE('',#387,#445,#8817,.T.);
#8815=LINE('',#444,#8818);
#8816=LINE('',#370,#8819);
#8817=LINE('',#386,#8820);
#8818=VECTOR('',#8821,1.0);
#8819=VECTOR('',#8822,1.0);
#8820=VECTOR('',#8823,1.0);
#8821=DIRECTION('',(0,0,-1));
#8822=DIRECTION('',(0.9935363461304161,0.11351444365287505,0));
#8823=DIRECTION('',(-0.03628936675989333,-0.004146166664469164,0.9993327229517487));
#8824=FACE_SURFACE('',(#8829),#8825,.T.);
#8825=PLANE('',#8826);
#8826=AXIS2_PLACEMENT_3D('',#444,#8827,#8828);
#8827=DIRECTION('',(0.11351480536449955,-0.9935363048037348,1.3306512241642748E-08));
#8828=DIRECTION('',(0.03628936675989333,0.004146166664469164,-0.9993327229517487));
#8829=FACE_BOUND('',#8830,.T.);
#8830=EDGE_LOOP('',(#8831,#8832,#8833));
#8831=ORIENTED_EDGE('',*,*,#8834,.T.);
#8832=ORIENTED_EDGE('',*,*,#8835,.T.);
#8833=ORIENTED_EDGE('',*,*,#8836,.T.);
#8834=EDGE_CURVE('',#445,#387,#8837,.F.);
#8835=EDGE_CURVE('',#387,#451,#8838,.T.);
#8836=EDGE_CURVE('',#451,#445,#8839,.T.);
#8837=LINE('',#444,#8840);
#8838=LINE('',#386,#8841);
#8839=LINE('',#450,#8842);
#8840=VECTOR('',#8843,1.0);
#8841=VECTOR('',#8844,1.0);
#8842=VECTOR('',#8845,1.0);
#8843=DIRECTION('',(0.03628936675989333,0.004146166664469164,-0.9993327229517487));
#8844=DIRECTION('',(0,1.3393081035060522E-08,0.9999999999999999));
#8845=DIRECTION('',(-0.9935363048037349,-0.11351480536449957,0));
#8846=FACE_SURFACE('',(#8851),#8847,.T.);
#8847=PLANE('',#8848);
#8848=AXIS2_PLACEMENT_3D('',#450,#8849,#8850);
#8849=DIRECTION('',(0.20101369223017368,-0.9795884317079254,1.3119707246872097E-08));
#8850=DIRECTION('',(0,-1.3393081035060522E-08,-0.9999999999999999));
#8851=FACE_BOUND('',#8852,.T.);
#8852=EDGE_LOOP('',(#8853,#8854,#8855));
#8853=ORIENTED_EDGE('',*,*,#8856,.T.);
#8854=ORIENTED_EDGE('',*,*,#8857,.T.);
#8855=ORIENTED_EDGE('',*,*,#8858,.T.);
#8856=EDGE_CURVE('',#451,#387,#8859,.F.);
#8857=EDGE_CURVE('',#387,#351,#8860,.T.);
#8858=EDGE_CURVE('',#351,#451,#8861,.T.);
#8859=LINE('',#450,#8862);
#8860=LINE('',#386,#8863);
#8861=LINE('',#350,#8864);
#8862=VECTOR('',#8865,1.0);
#8863=VECTOR('',#8866,1.0);
#8864=VECTOR('',#8867,1.0);
#8865=DIRECTION('',(0,-1.3393081035060522E-08,-0.9999999999999999));
#8866=DIRECTION('',(0.9795884317079255,0.20101369223017373,0));
#8867=DIRECTION('',(-0.032567550856755154,-0.006682919397835059,0.9994471938124169));
#8868=FACE_SURFACE('',(#8873),#8869,.T.);
#8869=PLANE('',#8870);
#8870=AXIS2_PLACEMENT_3D('',#450,#8871,#8872);
#8871=DIRECTION('',(0.20101306315473863,-0.9795885607953724,-8.24222899170229E-09));
#8872=DIRECTION('',(0.032567550856755154,0.006682919397835059,-0.9994471938124169));
#8873=FACE_BOUND('',#8874,.T.);
#8874=EDGE_LOOP('',(#8875,#8876,#8877));
#8875=ORIENTED_EDGE('',*,*,#8878,.T.);
#8876=ORIENTED_EDGE('',*,*,#8879,.T.);
#8877=ORIENTED_EDGE('',*,*,#8880,.T.);
#8878=EDGE_CURVE('',#451,#351,#8881,.F.);
#8879=EDGE_CURVE('',#351,#455,#8882,.T.);
#8880=EDGE_CURVE('',#455,#451,#8883,.T.);
#8881=LINE('',#450,#8884);
#8882=LINE('',#350,#8885);
#8883=LINE('',#454,#8886);
#8884=VECTOR('',#8887,1.0);
#8885=VECTOR('',#8888,1.0);
#8886=VECTOR('',#8889,1.0);
#8887=DIRECTION('',(0.032567550856755154,0.006682919397835059,-0.9994471938124169));
#8888=DIRECTION('',(4.100344953820272E-08,0,0.9999999999999992));
#8889=DIRECTION('',(-0.9795885607953723,-0.2010130631547386,0));
#8890=FACE_SURFACE('',(#8895),#8891,.T.);
#8891=PLANE('',#8892);
#8892=AXIS2_PLACEMENT_3D('',#454,#8893,#8894);
#8893=DIRECTION('',(0.3104893163003161,-0.9505768693079809,-1.2731133013071084E-08));
#8894=DIRECTION('',(-4.100344953820272E-08,0,-0.9999999999999992));
#8895=FACE_BOUND('',#8896,.T.);
#8896=EDGE_LOOP('',(#8897,#8898,#8899));
#8897=ORIENTED_EDGE('',*,*,#8900,.T.);
#8898=ORIENTED_EDGE('',*,*,#8901,.T.);
#8899=ORIENTED_EDGE('',*,*,#8902,.T.);
#8900=EDGE_CURVE('',#455,#351,#8903,.F.);
#8901=EDGE_CURVE('',#351,#347,#8904,.T.);
#8902=EDGE_CURVE('',#347,#455,#8905,.T.);
#8903=LINE('',#454,#8906);
#8904=LINE('',#350,#8907);
#8905=LINE('',#346,#8908);
#8906=VECTOR('',#8909,1.0);
#8907=VECTOR('',#8910,1.0);
#8908=VECTOR('',#8911,1.0);
#8909=DIRECTION('',(-4.100344953820272E-08,0,-0.9999999999999992));
#8910=DIRECTION('',(0.9505768693079809,0.3104893163003161,0));
#8911=DIRECTION('',(-0.027202720948821396,-0.008885306625413253,0.9995904477830673));
#8912=FACE_SURFACE('',(#8917),#8913,.T.);
#8913=PLANE('',#8914);
#8914=AXIS2_PLACEMENT_3D('',#454,#8915,#8916);
#8915=DIRECTION('',(0.310490161737683,-0.9505765931602289,1.273114934233928E-08));
#8916=DIRECTION('',(0.027202720948821396,0.008885306625413253,-0.9995904477830673));
#8917=FACE_BOUND('',#8918,.T.);
#8918=EDGE_LOOP('',(#8919,#8920,#8921));
#8919=ORIENTED_EDGE('',*,*,#8922,.T.);
#8920=ORIENTED_EDGE('',*,*,#8923,.T.);
#8921=ORIENTED_EDGE('',*,*,#8924,.T.);
#8922=EDGE_CURVE('',#455,#347,#8925,.F.);
#8923=EDGE_CURVE('',#347,#459,#8926,.T.);
#8924=EDGE_CURVE('',#459,#455,#8927,.T.);
#8925=LINE('',#454,#8928);
#8926=LINE('',#346,#8929);
#8927=LINE('',#458,#8930);
#8928=VECTOR('',#8931,1.0);
#8929=VECTOR('',#8932,1.0);
#8930=VECTOR('',#8933,1.0);
#8931=DIRECTION('',(0.027202720948821396,0.008885306625413253,-0.9995904477830673));
#8932=DIRECTION('',(0,1.3393081035060522E-08,0.9999999999999999));
#8933=DIRECTION('',(-0.9505765931602289,-0.310490161737683,0));
#8934=FACE_SURFACE('',(#8939),#8935,.T.);
#8935=PLANE('',#8936);
#8936=AXIS2_PLACEMENT_3D('',#458,#8937,#8938);
#8937=DIRECTION('',(0.4612994104161494,-0.8872445288361674,1.1882937872616882E-08));
#8938=DIRECTION('',(0,-1.3393081035060522E-08,-0.9999999999999999));
#8939=FACE_BOUND('',#8940,.T.);
#8940=EDGE_LOOP('',(#8941,#8942,#8943));
#8941=ORIENTED_EDGE('',*,*,#8944,.T.);
#8942=ORIENTED_EDGE('',*,*,#8945,.T.);
#8943=ORIENTED_EDGE('',*,*,#8946,.T.);
#8944=EDGE_CURVE('',#459,#347,#8947,.F.);
#8945=EDGE_CURVE('',#347,#343,#8948,.T.);
#8946=EDGE_CURVE('',#343,#459,#8949,.T.);
#8947=LINE('',#458,#8950);
#8948=LINE('',#346,#8951);
#8949=LINE('',#342,#8952);
#8950=VECTOR('',#8953,1.0);
#8951=VECTOR('',#8954,1.0);
#8952=VECTOR('',#8955,1.0);
#8953=DIRECTION('',(0,-1.3393081035060522E-08,-0.9999999999999999));
#8954=DIRECTION('',(0.8872445288361674,0.4612994104161495,0));
#8955=DIRECTION('',(-0.020465894322494835,-0.010640689007362985,0.9997339260558428));
#8956=FACE_SURFACE('',(#8961),#8957,.T.);
#8957=PLANE('',#8958);
#8958=AXIS2_PLACEMENT_3D('',#458,#8959,#8960);
#8959=DIRECTION('',(0.461298226121718,-0.8872451445778421,-1.8914816957669312E-08));
#8960=DIRECTION('',(0.020465894322494835,0.010640689007362985,-0.9997339260558428));
#8961=FACE_BOUND('',#8962,.T.);
#8962=EDGE_LOOP('',(#8963,#8964,#8965));
#8963=ORIENTED_EDGE('',*,*,#8966,.T.);
#8964=ORIENTED_EDGE('',*,*,#8967,.T.);
#8965=ORIENTED_EDGE('',*,*,#8968,.T.);
#8966=EDGE_CURVE('',#459,#343,#8969,.F.);
#8967=EDGE_CURVE('',#343,#491,#8970,.T.);
#8968=EDGE_CURVE('',#491,#459,#8971,.T.);
#8969=LINE('',#458,#8972);
#8970=LINE('',#342,#8973);
#8971=LINE('',#490,#8974);
#8972=VECTOR('',#8975,1.0);
#8973=VECTOR('',#8976,1.0);
#8974=VECTOR('',#8977,1.0);
#8975=DIRECTION('',(0.020465894322494835,0.010640689007362985,-0.9997339260558428));
#8976=DIRECTION('',(4.100344953820272E-08,1.778871763428689E-15,0.9999999999999992));
#8977=DIRECTION('',(-0.8872451445778423,-0.4612982261217181,0));
#8978=FACE_SURFACE('',(#8983),#8979,.T.);
#8979=PLANE('',#8980);
#8980=AXIS2_PLACEMENT_3D('',#490,#8981,#8982);
#8981=DIRECTION('',(0.6824984253240803,-0.7308870633895158,-2.7984788442524407E-08));
#8982=DIRECTION('',(-4.100344953820272E-08,-1.778871763428689E-15,-0.9999999999999992));
#8983=FACE_BOUND('',#8984,.T.);
#8984=EDGE_LOOP('',(#8985,#8986,#8987));
#8985=ORIENTED_EDGE('',*,*,#8988,.T.);
#8986=ORIENTED_EDGE('',*,*,#8989,.T.);
#8987=ORIENTED_EDGE('',*,*,#8990,.T.);
#8988=EDGE_CURVE('',#491,#343,#8991,.F.);
#8989=EDGE_CURVE('',#343,#337,#8992,.T.);
#8990=EDGE_CURVE('',#337,#491,#8993,.T.);
#8991=LINE('',#490,#8994);
#8992=LINE('',#342,#8995);
#8993=LINE('',#336,#8996);
#8994=VECTOR('',#8997,1.0);
#8995=VECTOR('',#8998,1.0);
#8996=VECTOR('',#8999,1.0);
#8997=DIRECTION('',(-4.100344953820272E-08,-1.778871763428689E-15,-0.9999999999999992));
#8998=DIRECTION('',(0.7308870633895161,0.6824984253240807,0));
#8999=DIRECTION('',(-0.012700212810129018,-0.011859428985593596,0.999849017871555));
#9000=FACE_SURFACE('',(#9005),#9001,.T.);
#9001=PLANE('',#9002);
#9002=AXIS2_PLACEMENT_3D('',#490,#9003,#9004);
#9003=DIRECTION('',(0.6824996022388816,-0.7308859643910043,0));
#9004=DIRECTION('',(0.012700212810129018,0.011859428985593596,-0.999849017871555));
#9005=FACE_BOUND('',#9006,.T.);
#9006=EDGE_LOOP('',(#9007,#9008,#9009));
#9007=ORIENTED_EDGE('',*,*,#9010,.T.);
#9008=ORIENTED_EDGE('',*,*,#9011,.T.);
#9009=ORIENTED_EDGE('',*,*,#9012,.T.);
#9010=EDGE_CURVE('',#491,#337,#9013,.F.);
#9011=EDGE_CURVE('',#337,#479,#9014,.T.);
#9012=EDGE_CURVE('',#479,#491,#9015,.T.);
#9013=LINE('',#490,#9016);
#9014=LINE('',#336,#9017);
#9015=LINE('',#478,#9018);
#9016=VECTOR('',#9019,1.0);
#9017=VECTOR('',#9020,1.0);
#9018=VECTOR('',#9021,1.0);
#9019=DIRECTION('',(0.012700212810129018,0.011859428985593596,-0.999849017871555));
#9020=DIRECTION('',(0,0,1));
#9021=DIRECTION('',(-0.7308859643910043,-0.6824996022388816,0));
#9022=FACE_SURFACE('',(#9027),#9023,.T.);
#9023=PLANE('',#9024);
#9024=AXIS2_PLACEMENT_3D('',#478,#9025,#9026);
#9025=DIRECTION('',(0.9453860961014134,-0.3259526488588933,0));
#9026=DIRECTION('',(0,0,-1));
#9027=FACE_BOUND('',#9028,.T.);
#9028=EDGE_LOOP('',(#9029,#9030,#9031));
#9029=ORIENTED_EDGE('',*,*,#9032,.T.);
#9030=ORIENTED_EDGE('',*,*,#9033,.T.);
#9031=ORIENTED_EDGE('',*,*,#9034,.T.);
#9032=EDGE_CURVE('',#479,#337,#9035,.F.);
#9033=EDGE_CURVE('',#337,#45,#9036,.T.);
#9034=EDGE_CURVE('',#45,#479,#9037,.T.);
#9035=LINE('',#478,#9038);
#9036=LINE('',#336,#9039);
#9037=LINE('',#44,#9040);
#9038=VECTOR('',#9041,1.0);
#9039=VECTOR('',#9042,1.0);
#9040=VECTOR('',#9043,1.0);
#9041=DIRECTION('',(0,0,-1));
#9042=DIRECTION('',(0.32595264885889336,0.9453860961014136,0));
#9043=DIRECTION('',(-0.004302814066854806,-0.012479789954629554,0.9999128665207756));
#9044=FACE_SURFACE('',(#9049),#9045,.T.);
#9045=PLANE('',#9046);
#9046=AXIS2_PLACEMENT_3D('',#478,#9047,#9048);
#9047=DIRECTION('',(0.9453860961014134,-0.3259526488588933,0));
#9048=DIRECTION('',(0.004302814066854806,0.012479789954629554,-0.9999128665207756));
#9049=FACE_BOUND('',#9050,.T.);
#9050=EDGE_LOOP('',(#9051,#9052,#9053));
#9051=ORIENTED_EDGE('',*,*,#9054,.T.);
#9052=ORIENTED_EDGE('',*,*,#9055,.T.);
#9053=ORIENTED_EDGE('',*,*,#9056,.T.);
#9054=EDGE_CURVE('',#479,#45,#9057,.F.);
#9055=EDGE_CURVE('',#45,#43,#9058,.T.);
#9056=EDGE_CURVE('',#43,#479,#9059,.T.);
#9057=LINE('',#478,#9060);
#9058=LINE('',#44,#9061);
#9059=LINE('',#42,#9062);
#9060=VECTOR('',#9063,1.0);
#9061=VECTOR('',#9064,1.0);
#9062=VECTOR('',#9065,1.0);
#9063=DIRECTION('',(0.004302814066854806,0.012479789954629554,-0.9999128665207756));
#9064=DIRECTION('',(0,0,1));
#9065=DIRECTION('',(-0.32595264885889336,-0.9453860961014136,0));
#9066=FACE_SURFACE('',(#9071),#9067,.T.);
#9067=PLANE('',#9068);
#9068=AXIS2_PLACEMENT_3D('',#66,#9069,#9070);
#9069=DIRECTION('',(0,-0.3259526488588933,-0.9453860961014134));
#9070=DIRECTION('',(1,0,0));
#9071=FACE_BOUND('',#9072,.T.);
#9072=EDGE_LOOP('',(#9073,#9074,#9075));
#9073=ORIENTED_EDGE('',*,*,#9076,.T.);
#9074=ORIENTED_EDGE('',*,*,#9077,.T.);
#9075=ORIENTED_EDGE('',*,*,#9078,.T.);
#9076=EDGE_CURVE('',#67,#297,#9079,.F.);
#9077=EDGE_CURVE('',#297,#303,#9080,.T.);
#9078=EDGE_CURVE('',#303,#67,#9081,.T.);
#9079=LINE('',#66,#9082);
#9080=LINE('',#296,#9083);
#9081=LINE('',#302,#9084);
#9082=VECTOR('',#9085,1.0);
#9083=VECTOR('',#9086,1.0);
#9084=VECTOR('',#9087,1.0);
#9085=DIRECTION('',(1,0,0));
#9086=DIRECTION('',(0,-0.9453860961014136,0.32595264885889336));
#9087=DIRECTION('',(-0.9999128665207756,0.012479789954629554,-0.004302814066854806));
#9088=FACE_SURFACE('',(#9093),#9089,.T.);
#9089=PLANE('',#9090);
#9090=AXIS2_PLACEMENT_3D('',#66,#9091,#9092);
#9091=DIRECTION('',(0,-0.3259526488588933,-0.9453860961014134));
#9092=DIRECTION('',(0.9999128665207756,-0.012479789954629554,0.004302814066854806));
#9093=FACE_BOUND('',#9094,.T.);
#9094=EDGE_LOOP('',(#9095,#9096,#9097));
#9095=ORIENTED_EDGE('',*,*,#9098,.T.);
#9096=ORIENTED_EDGE('',*,*,#9099,.T.);
#9097=ORIENTED_EDGE('',*,*,#9100,.T.);
#9098=EDGE_CURVE('',#67,#303,#9101,.F.);
#9099=EDGE_CURVE('',#303,#69,#9102,.T.);
#9100=EDGE_CURVE('',#69,#67,#9103,.T.);
#9101=LINE('',#66,#9104);
#9102=LINE('',#302,#9105);
#9103=LINE('',#68,#9106);
#9104=VECTOR('',#9107,1.0);
#9105=VECTOR('',#9108,1.0);
#9106=VECTOR('',#9109,1.0);
#9107=DIRECTION('',(0.9999128665207756,-0.012479789954629554,0.004302814066854806));
#9108=DIRECTION('',(-1,0,0));
#9109=DIRECTION('',(0,0.9453860961014136,-0.32595264885889336));
#9110=FACE_SURFACE('',(#9115),#9111,.T.);
#9111=PLANE('',#9112);
#9112=AXIS2_PLACEMENT_3D('',#68,#9113,#9114);
#9113=DIRECTION('',(0,-0.7308859643909532,-0.6824996022389364));
#9114=DIRECTION('',(1,0,0));
#9115=FACE_BOUND('',#9116,.T.);
#9116=EDGE_LOOP('',(#9117,#9118,#9119));
#9117=ORIENTED_EDGE('',*,*,#9120,.T.);
#9118=ORIENTED_EDGE('',*,*,#9121,.T.);
#9119=ORIENTED_EDGE('',*,*,#9122,.T.);
#9120=EDGE_CURVE('',#69,#303,#9123,.F.);
#9121=EDGE_CURVE('',#303,#319,#9124,.T.);
#9122=EDGE_CURVE('',#319,#69,#9125,.T.);
#9123=LINE('',#68,#9126);
#9124=LINE('',#302,#9127);
#9125=LINE('',#318,#9128);
#9126=VECTOR('',#9129,1.0);
#9127=VECTOR('',#9130,1.0);
#9128=VECTOR('',#9131,1.0);
#9129=DIRECTION('',(1,0,0));
#9130=DIRECTION('',(0,-0.6824996022389364,0.7308859643909532));
#9131=DIRECTION('',(-0.999849017871555,0.011859428985595374,-0.012700212810129018));
#9132=FACE_SURFACE('',(#9137),#9133,.T.);
#9133=PLANE('',#9134);
#9134=AXIS2_PLACEMENT_3D('',#68,#9135,#9136);
#9135=DIRECTION('',(-2.798478974176769E-08,-0.7308870633895158,-0.6824984253240803));
#9136=DIRECTION('',(0.999849017871555,-0.011859428985595374,0.012700212810129018));
#9137=FACE_BOUND('',#9138,.T.);
#9138=EDGE_LOOP('',(#9139,#9140,#9141));
#9139=ORIENTED_EDGE('',*,*,#9142,.T.);
#9140=ORIENTED_EDGE('',*,*,#9143,.T.);
#9141=ORIENTED_EDGE('',*,*,#9144,.T.);
#9142=EDGE_CURVE('',#69,#319,#9145,.F.);
#9143=EDGE_CURVE('',#319,#75,#9146,.T.);
#9144=EDGE_CURVE('',#75,#69,#9147,.T.);
#9145=LINE('',#68,#9148);
#9146=LINE('',#318,#9149);
#9147=LINE('',#74,#9150);
#9148=VECTOR('',#9151,1.0);
#9149=VECTOR('',#9152,1.0);
#9150=VECTOR('',#9153,1.0);
#9151=DIRECTION('',(0.999849017871555,-0.011859428985595374,0.012700212810129018));
#9152=DIRECTION('',(-0.9999999999999992,0,4.100344953820272E-08));
#9153=DIRECTION('',(0,0.6824984253240807,-0.7308870633895161));
#9154=FACE_SURFACE('',(#9159),#9155,.T.);
#9155=PLANE('',#9156);
#9156=AXIS2_PLACEMENT_3D('',#74,#9157,#9158);
#9157=DIRECTION('',(-1.8914818536841818E-08,-0.8872451445778737,-0.46129822612165733));
#9158=DIRECTION('',(0.9999999999999992,0,-4.100344953820272E-08));
#9159=FACE_BOUND('',#9160,.T.);
#9160=EDGE_LOOP('',(#9161,#9162,#9163));
#9161=ORIENTED_EDGE('',*,*,#9164,.T.);
#9162=ORIENTED_EDGE('',*,*,#9165,.T.);
#9163=ORIENTED_EDGE('',*,*,#9166,.T.);
#9164=EDGE_CURVE('',#75,#319,#9167,.F.);
#9165=EDGE_CURVE('',#319,#329,#9168,.T.);
#9166=EDGE_CURVE('',#329,#75,#9169,.T.);
#9167=LINE('',#74,#9170);
#9168=LINE('',#318,#9171);
#9169=LINE('',#328,#9172);
#9170=VECTOR('',#9173,1.0);
#9171=VECTOR('',#9174,1.0);
#9172=VECTOR('',#9175,1.0);
#9173=DIRECTION('',(0.9999999999999992,0,-4.100344953820272E-08));
#9174=DIRECTION('',(0,-0.46129822612165744,0.8872451445778738));
#9175=DIRECTION('',(-0.9997339260558428,0.010640689007362985,-0.020465894322494835));
#9176=FACE_SURFACE('',(#9181),#9177,.T.);
#9177=PLANE('',#9178);
#9178=AXIS2_PLACEMENT_3D('',#74,#9179,#9180);
#9179=DIRECTION('',(1.188293787295357E-08,-0.8872445288361674,-0.46129941041614947));
#9180=DIRECTION('',(0.9997339260558428,-0.010640689007362985,0.020465894322494835));
#9181=FACE_BOUND('',#9182,.T.);
#9182=EDGE_LOOP('',(#9183,#9184,#9185));
#9183=ORIENTED_EDGE('',*,*,#9186,.T.);
#9184=ORIENTED_EDGE('',*,*,#9187,.T.);
#9185=ORIENTED_EDGE('',*,*,#9188,.T.);
#9186=EDGE_CURVE('',#75,#329,#9189,.F.);
#9187=EDGE_CURVE('',#329,#79,#9190,.T.);
#9188=EDGE_CURVE('',#79,#75,#9191,.T.);
#9189=LINE('',#74,#9192);
#9190=LINE('',#328,#9193);
#9191=LINE('',#78,#9194);
#9192=VECTOR('',#9195,1.0);
#9193=VECTOR('',#9196,1.0);
#9194=VECTOR('',#9197,1.0);
#9195=DIRECTION('',(0.9997339260558428,-0.010640689007362985,0.020465894322494835));
#9196=DIRECTION('',(-0.9999999999999999,-1.3393081035060522E-08,0));
#9197=DIRECTION('',(0,0.4612994104161495,-0.8872445288361674));
#9198=FACE_SURFACE('',(#9203),#9199,.T.);
#9199=PLANE('',#9200);
#9200=AXIS2_PLACEMENT_3D('',#78,#9201,#9202);
#9201=DIRECTION('',(1.2731149342226705E-08,-0.9505765931602289,-0.31049016173768296));
#9202=DIRECTION('',(0.9999999999999999,1.3393081035060522E-08,0));
#9203=FACE_BOUND('',#9204,.T.);
#9204=EDGE_LOOP('',(#9205,#9206,#9207));
#9205=ORIENTED_EDGE('',*,*,#9208,.T.);
#9206=ORIENTED_EDGE('',*,*,#9209,.T.);
#9207=ORIENTED_EDGE('',*,*,#9210,.T.);
#9208=EDGE_CURVE('',#79,#329,#9211,.F.);
#9209=EDGE_CURVE('',#329,#381,#9212,.T.);
#9210=EDGE_CURVE('',#381,#79,#9213,.T.);
#9211=LINE('',#78,#9214);
#9212=LINE('',#328,#9215);
#9213=LINE('',#380,#9216);
#9214=VECTOR('',#9217,1.0);
#9215=VECTOR('',#9218,1.0);
#9216=VECTOR('',#9219,1.0);
#9217=DIRECTION('',(0.9999999999999999,1.3393081035060522E-08,0));
#9218=DIRECTION('',(0,-0.310490161737683,0.9505765931602289));
#9219=DIRECTION('',(-0.9995904477830673,0.008885306625413253,-0.027202720948821396));
#9220=FACE_SURFACE('',(#9225),#9221,.T.);
#9221=PLANE('',#9222);
#9222=AXIS2_PLACEMENT_3D('',#78,#9223,#9224);
#9223=DIRECTION('',(-1.2731133012694303E-08,-0.9505768693079809,-0.3104893163003161));
#9224=DIRECTION('',(0.9995904477830673,-0.008885306625413253,0.027202720948821396));
#9225=FACE_BOUND('',#9226,.T.);
#9226=EDGE_LOOP('',(#9227,#9228,#9229));
#9227=ORIENTED_EDGE('',*,*,#9230,.T.);
#9228=ORIENTED_EDGE('',*,*,#9231,.T.);
#9229=ORIENTED_EDGE('',*,*,#9232,.T.);
#9230=EDGE_CURVE('',#79,#381,#9233,.F.);
#9231=EDGE_CURVE('',#381,#83,#9234,.T.);
#9232=EDGE_CURVE('',#83,#79,#9235,.T.);
#9233=LINE('',#78,#9236);
#9234=LINE('',#380,#9237);
#9235=LINE('',#82,#9238);
#9236=VECTOR('',#9239,1.0);
#9237=VECTOR('',#9240,1.0);
#9238=VECTOR('',#9241,1.0);
#9239=DIRECTION('',(0.9995904477830673,-0.008885306625413253,0.027202720948821396));
#9240=DIRECTION('',(-0.9999999999999992,0,4.100344953820272E-08));
#9241=DIRECTION('',(0,0.3104893163003161,-0.9505768693079809));
#9242=FACE_SURFACE('',(#9247),#9243,.T.);
#9243=PLANE('',#9244);
#9244=AXIS2_PLACEMENT_3D('',#142,#9245,#9246);
#9245=DIRECTION('',(-8.242228991586993E-09,-0.9795885607953619,-0.20101306315478995));
#9246=DIRECTION('',(0.9999999999999992,0,-4.100344953820272E-08));
#9247=FACE_BOUND('',#9248,.T.);
#9248=EDGE_LOOP('',(#9249,#9250,#9251));
#9249=ORIENTED_EDGE('',*,*,#9252,.T.);
#9250=ORIENTED_EDGE('',*,*,#9253,.T.);
#9251=ORIENTED_EDGE('',*,*,#9254,.T.);
#9252=EDGE_CURVE('',#143,#377,#9255,.F.);
#9253=EDGE_CURVE('',#377,#373,#9256,.T.);
#9254=EDGE_CURVE('',#373,#143,#9257,.T.);
#9255=LINE('',#142,#9258);
#9256=LINE('',#376,#9259);
#9257=LINE('',#372,#9260);
#9258=VECTOR('',#9261,1.0);
#9259=VECTOR('',#9262,1.0);
#9260=VECTOR('',#9263,1.0);
#9261=DIRECTION('',(0.9999999999999992,0,-4.100344953820272E-08));
#9262=DIRECTION('',(0,-0.20101306315478995,0.9795885607953618));
#9263=DIRECTION('',(-0.9994471938124169,0.006682919397836836,-0.032567550856755154));
#9264=FACE_SURFACE('',(#9269),#9265,.T.);
#9265=PLANE('',#9266);
#9266=AXIS2_PLACEMENT_3D('',#142,#9267,#9268);
#9267=DIRECTION('',(1.3119705504140815E-08,-0.9795884317079254,-0.20101369223017368));
#9268=DIRECTION('',(0.9994471938124169,-0.006682919397836836,0.032567550856755154));
#9269=FACE_BOUND('',#9270,.T.);
#9270=EDGE_LOOP('',(#9271,#9272,#9273));
#9271=ORIENTED_EDGE('',*,*,#9274,.T.);
#9272=ORIENTED_EDGE('',*,*,#9275,.T.);
#9273=ORIENTED_EDGE('',*,*,#9276,.T.);
#9274=EDGE_CURVE('',#143,#373,#9277,.F.);
#9275=EDGE_CURVE('',#373,#131,#9278,.T.);
#9276=EDGE_CURVE('',#131,#143,#9279,.T.);
#9277=LINE('',#142,#9280);
#9278=LINE('',#372,#9281);
#9279=LINE('',#130,#9282);
#9280=VECTOR('',#9283,1.0);
#9281=VECTOR('',#9284,1.0);
#9282=VECTOR('',#9285,1.0);
#9283=DIRECTION('',(0.9994471938124169,-0.006682919397836836,0.032567550856755154));
#9284=DIRECTION('',(-0.9999999999999999,-1.339307925618876E-08,0));
#9285=DIRECTION('',(0,0.20101369223017373,-0.9795884317079255));
#9286=FACE_SURFACE('',(#9291),#9287,.T.);
#9287=PLANE('',#9288);
#9288=AXIS2_PLACEMENT_3D('',#130,#9289,#9290);
#9289=DIRECTION('',(1.3306510474137406E-08,-0.9935363048037402,-0.11351480536445151));
#9290=DIRECTION('',(0.9999999999999999,1.339307925618876E-08,0));
#9291=FACE_BOUND('',#9292,.T.);
#9292=EDGE_LOOP('',(#9293,#9294,#9295));
#9293=ORIENTED_EDGE('',*,*,#9296,.T.);
#9294=ORIENTED_EDGE('',*,*,#9297,.T.);
#9295=ORIENTED_EDGE('',*,*,#9298,.T.);
#9296=EDGE_CURVE('',#131,#373,#9299,.F.);
#9297=EDGE_CURVE('',#373,#367,#9300,.T.);
#9298=EDGE_CURVE('',#367,#131,#9301,.T.);
#9299=LINE('',#130,#9302);
#9300=LINE('',#372,#9303);
#9301=LINE('',#366,#9304);
#9302=VECTOR('',#9305,1.0);
#9303=VECTOR('',#9306,1.0);
#9304=VECTOR('',#9307,1.0);
#9305=DIRECTION('',(0.9999999999999999,1.339307925618876E-08,0));
#9306=DIRECTION('',(0,-0.11351480536445152,0.9935363048037403));
#9307=DIRECTION('',(-0.9993327229517486,0.004146166664469164,-0.03628936675989333));
#9308=FACE_SURFACE('',(#9313),#9309,.T.);
#9309=PLANE('',#9310);
#9310=AXIS2_PLACEMENT_3D('',#130,#9311,#9312);
#9311=DIRECTION('',(0,-0.9935363461304162,-0.11351444365287507));
#9312=DIRECTION('',(0.9993327229517486,-0.004146166664469164,0.03628936675989333));
#9313=FACE_BOUND('',#9314,.T.);
#9314=EDGE_LOOP('',(#9315,#9316,#9317));
#9315=ORIENTED_EDGE('',*,*,#9318,.T.);
#9316=ORIENTED_EDGE('',*,*,#9319,.T.);
#9317=ORIENTED_EDGE('',*,*,#9320,.T.);
#9318=EDGE_CURVE('',#131,#367,#9321,.F.);
#9319=EDGE_CURVE('',#367,#111,#9322,.T.);
#9320=EDGE_CURVE('',#111,#131,#9323,.T.);
#9321=LINE('',#130,#9324);
#9322=LINE('',#366,#9325);
#9323=LINE('',#110,#9326);
#9324=VECTOR('',#9327,1.0);
#9325=VECTOR('',#9328,1.0);
#9326=VECTOR('',#9329,1.0);
#9327=DIRECTION('',(0.9993327229517486,-0.004146166664469164,0.03628936675989333));
#9328=DIRECTION('',(-1,0,0));
#9329=DIRECTION('',(0,0.11351444365287505,-0.9935363461304161));
#9330=FACE_SURFACE('',(#9335),#9331,.T.);
#9331=PLANE('',#9332);
#9332=AXIS2_PLACEMENT_3D('',#110,#9333,#9334);
#9333=DIRECTION('',(0,-0.999324134242224,-0.0367596888048526));
#9334=DIRECTION('',(1,0,0));
#9335=FACE_BOUND('',#9336,.T.);
#9336=EDGE_LOOP('',(#9337,#9338,#9339));
#9337=ORIENTED_EDGE('',*,*,#9340,.T.);
#9338=ORIENTED_EDGE('',*,*,#9341,.T.);
#9339=ORIENTED_EDGE('',*,*,#9342,.T.);
#9340=EDGE_CURVE('',#111,#367,#9343,.F.);
#9341=EDGE_CURVE('',#367,#35,#9344,.T.);
#9342=EDGE_CURVE('',#35,#111,#9345,.T.);
#9343=LINE('',#110,#9346);
#9344=LINE('',#366,#9347);
#9345=LINE('',#34,#9348);
#9346=VECTOR('',#9349,1.0);
#9347=VECTOR('',#9350,1.0);
#9348=VECTOR('',#9351,1.0);
#9349=DIRECTION('',(1,0,0));
#9350=DIRECTION('',(0,-0.03675968880485259,0.9993241342422239));
#9351=DIRECTION('',(-0.9992697838257988,0.0014045372167822822,-0.0381828025156364));
#9352=FACE_SURFACE('',(#9357),#9353,.T.);
#9353=PLANE('',#9354);
#9354=AXIS2_PLACEMENT_3D('',#110,#9355,#9356);
#9355=DIRECTION('',(0,-0.999324134242224,-0.0367596888048526));
#9356=DIRECTION('',(0.9992697838257988,-0.0014045372167822822,0.0381828025156364));
#9357=FACE_BOUND('',#9358,.T.);
#9358=EDGE_LOOP('',(#9359,#9360,#9361));
#9359=ORIENTED_EDGE('',*,*,#9362,.T.);
#9360=ORIENTED_EDGE('',*,*,#9363,.T.);
#9361=ORIENTED_EDGE('',*,*,#9364,.T.);
#9362=EDGE_CURVE('',#111,#35,#9365,.F.);
#9363=EDGE_CURVE('',#35,#41,#9366,.T.);
#9364=EDGE_CURVE('',#41,#111,#9367,.T.);
#9365=LINE('',#110,#9368);
#9366=LINE('',#34,#9369);
#9367=LINE('',#40,#9370);
#9368=VECTOR('',#9371,1.0);
#9369=VECTOR('',#9372,1.0);
#9370=VECTOR('',#9373,1.0);
#9371=DIRECTION('',(0.9992697838257988,-0.0014045372167822822,0.0381828025156364));
#9372=DIRECTION('',(-1,0,0));
#9373=DIRECTION('',(0,0.03675968880485259,-0.9993241342422239));
#9374=FACE_SURFACE('',(#9379),#9375,.T.);
#9375=PLANE('',#9376);
#9376=AXIS2_PLACEMENT_3D('',#54,#9377,#9378);
#9377=DIRECTION('',(0,-0.3259526488588933,0.9453860961014134));
#9378=DIRECTION('',(-1,0,0));
#9379=FACE_BOUND('',#9380,.T.);
#9380=EDGE_LOOP('',(#9381,#9382,#9383));
#9381=ORIENTED_EDGE('',*,*,#9384,.T.);
#9382=ORIENTED_EDGE('',*,*,#9385,.T.);
#9383=ORIENTED_EDGE('',*,*,#9386,.T.);
#9384=EDGE_CURVE('',#55,#53,#9387,.F.);
#9385=EDGE_CURVE('',#53,#225,#9388,.T.);
#9386=EDGE_CURVE('',#225,#55,#9389,.T.);
#9387=LINE('',#54,#9390);
#9388=LINE('',#52,#9391);
#9389=LINE('',#224,#9392);
#9390=VECTOR('',#9393,1.0);
#9391=VECTOR('',#9394,1.0);
#9392=VECTOR('',#9395,1.0);
#9393=DIRECTION('',(-1,0,0));
#9394=DIRECTION('',(0,-0.9453860961014136,-0.32595264885889336));
#9395=DIRECTION('',(0.9999128665207756,0.012479789954629554,0.004302814066854806));
#9396=FACE_SURFACE('',(#9401),#9397,.T.);
#9397=PLANE('',#9398);
#9398=AXIS2_PLACEMENT_3D('',#54,#9399,#9400);
#9399=DIRECTION('',(0,-0.3259526488588933,0.9453860961014134));
#9400=DIRECTION('',(-0.9999128665207756,-0.012479789954629554,-0.004302814066854806));
#9401=FACE_BOUND('',#9402,.T.);
#9402=EDGE_LOOP('',(#9403,#9404,#9405));
#9403=ORIENTED_EDGE('',*,*,#9406,.T.);
#9404=ORIENTED_EDGE('',*,*,#9407,.T.);
#9405=ORIENTED_EDGE('',*,*,#9408,.T.);
#9406=EDGE_CURVE('',#55,#225,#9409,.F.);
#9407=EDGE_CURVE('',#225,#399,#9410,.T.);
#9408=EDGE_CURVE('',#399,#55,#9411,.T.);
#9409=LINE('',#54,#9412);
#9410=LINE('',#224,#9413);
#9411=LINE('',#398,#9414);
#9412=VECTOR('',#9415,1.0);
#9413=VECTOR('',#9416,1.0);
#9414=VECTOR('',#9417,1.0);
#9415=DIRECTION('',(-0.9999128665207756,-0.012479789954629554,-0.004302814066854806));
#9416=DIRECTION('',(1,0,0));
#9417=DIRECTION('',(0,0.9453860961014136,0.32595264885889336));
#9418=FACE_SURFACE('',(#9423),#9419,.T.);
#9419=PLANE('',#9420);
#9420=AXIS2_PLACEMENT_3D('',#398,#9421,#9422);
#9421=DIRECTION('',(0,-0.7308859643910043,0.6824996022388816));
#9422=DIRECTION('',(-1,0,0));
#9423=FACE_BOUND('',#9424,.T.);
#9424=EDGE_LOOP('',(#9425,#9426,#9427));
#9425=ORIENTED_EDGE('',*,*,#9428,.T.);
#9426=ORIENTED_EDGE('',*,*,#9429,.T.);
#9427=ORIENTED_EDGE('',*,*,#9430,.T.);
#9428=EDGE_CURVE('',#399,#225,#9431,.F.);
#9429=EDGE_CURVE('',#225,#245,#9432,.T.);
#9430=EDGE_CURVE('',#245,#399,#9433,.T.);
#9431=LINE('',#398,#9434);
#9432=LINE('',#224,#9435);
#9433=LINE('',#244,#9436);
#9434=VECTOR('',#9437,1.0);
#9435=VECTOR('',#9438,1.0);
#9436=VECTOR('',#9439,1.0);
#9437=DIRECTION('',(-1,0,0));
#9438=DIRECTION('',(0,-0.6824996022388816,-0.7308859643910043));
#9439=DIRECTION('',(0.999849017871555,0.011859428985593596,0.012700212810129018));
#9440=FACE_SURFACE('',(#9445),#9441,.T.);
#9441=PLANE('',#9442);
#9442=AXIS2_PLACEMENT_3D('',#398,#9443,#9444);
#9443=DIRECTION('',(2.79847897433337E-08,-0.7308870633895669,0.6824984253240256));
#9444=DIRECTION('',(-0.999849017871555,-0.011859428985593596,-0.012700212810129018));
#9445=FACE_BOUND('',#9446,.T.);
#9446=EDGE_LOOP('',(#9447,#9448,#9449));
#9447=ORIENTED_EDGE('',*,*,#9450,.T.);
#9448=ORIENTED_EDGE('',*,*,#9451,.T.);
#9449=ORIENTED_EDGE('',*,*,#9452,.T.);
#9450=EDGE_CURVE('',#399,#245,#9453,.F.);
#9451=EDGE_CURVE('',#245,#405,#9454,.T.);
#9452=EDGE_CURVE('',#405,#399,#9455,.T.);
#9453=LINE('',#398,#9456);
#9454=LINE('',#244,#9457);
#9455=LINE('',#404,#9458);
#9456=VECTOR('',#9459,1.0);
#9457=VECTOR('',#9460,1.0);
#9458=VECTOR('',#9461,1.0);
#9459=DIRECTION('',(-0.999849017871555,-0.011859428985593596,-0.012700212810129018));
#9460=DIRECTION('',(0.9999999999999992,0,-4.100344953820272E-08));
#9461=DIRECTION('',(0,0.6824984253240258,0.7308870633895671));
#9462=FACE_SURFACE('',(#9467),#9463,.T.);
#9463=PLANE('',#9464);
#9464=AXIS2_PLACEMENT_3D('',#404,#9465,#9466);
#9465=DIRECTION('',(1.8914818536844303E-08,-0.8872451445778421,0.461298226121718));
#9466=DIRECTION('',(-0.9999999999999992,0,4.100344953820272E-08));
#9467=FACE_BOUND('',#9468,.T.);
#9468=EDGE_LOOP('',(#9469,#9470,#9471));
#9469=ORIENTED_EDGE('',*,*,#9472,.T.);
#9470=ORIENTED_EDGE('',*,*,#9473,.T.);
#9471=ORIENTED_EDGE('',*,*,#9474,.T.);
#9472=EDGE_CURVE('',#405,#245,#9475,.F.);
#9473=EDGE_CURVE('',#245,#257,#9476,.T.);
#9474=EDGE_CURVE('',#257,#405,#9477,.T.);
#9475=LINE('',#404,#9478);
#9476=LINE('',#244,#9479);
#9477=LINE('',#256,#9480);
#9478=VECTOR('',#9481,1.0);
#9479=VECTOR('',#9482,1.0);
#9480=VECTOR('',#9483,1.0);
#9481=DIRECTION('',(-0.9999999999999992,0,4.100344953820272E-08));
#9482=DIRECTION('',(0,-0.4612982261217181,-0.8872451445778423));
#9483=DIRECTION('',(0.9997339260558428,0.010640689007364763,0.020465894322494835));
#9484=FACE_SURFACE('',(#9489),#9485,.T.);
#9485=PLANE('',#9486);
#9486=AXIS2_PLACEMENT_3D('',#404,#9487,#9488);
#9487=DIRECTION('',(-1.1882936294321318E-08,-0.8872445288361674,0.46129941041614947));
#9488=DIRECTION('',(-0.9997339260558428,-0.010640689007364763,-0.020465894322494835));
#9489=FACE_BOUND('',#9490,.T.);
#9490=EDGE_LOOP('',(#9491,#9492,#9493));
#9491=ORIENTED_EDGE('',*,*,#9494,.T.);
#9492=ORIENTED_EDGE('',*,*,#9495,.T.);
#9493=ORIENTED_EDGE('',*,*,#9496,.T.);
#9494=EDGE_CURVE('',#405,#257,#9497,.F.);
#9495=EDGE_CURVE('',#257,#409,#9498,.T.);
#9496=EDGE_CURVE('',#409,#405,#9499,.T.);
#9497=LINE('',#404,#9500);
#9498=LINE('',#256,#9501);
#9499=LINE('',#408,#9502);
#9500=VECTOR('',#9503,1.0);
#9501=VECTOR('',#9504,1.0);
#9502=VECTOR('',#9505,1.0);
#9503=DIRECTION('',(-0.9997339260558428,-0.010640689007364763,-0.020465894322494835));
#9504=DIRECTION('',(0.9999999999999999,-1.339307925618876E-08,0));
#9505=DIRECTION('',(0,0.4612994104161495,0.8872445288361674));
#9506=FACE_SURFACE('',(#9511),#9507,.T.);
#9507=PLANE('',#9508);
#9508=AXIS2_PLACEMENT_3D('',#412,#9509,#9510);
#9509=DIRECTION('',(-1.2731147651272844E-08,-0.9505765931602289,0.310490161737683));
#9510=DIRECTION('',(-0.9999999999999999,1.339307925618876E-08,0));
#9511=FACE_BOUND('',#9512,.T.);
#9512=EDGE_LOOP('',(#9513,#9514,#9515));
#9513=ORIENTED_EDGE('',*,*,#9516,.T.);
#9514=ORIENTED_EDGE('',*,*,#9517,.T.);
#9515=ORIENTED_EDGE('',*,*,#9518,.T.);
#9516=EDGE_CURVE('',#413,#197,#9519,.F.);
#9517=EDGE_CURVE('',#197,#193,#9520,.T.);
#9518=EDGE_CURVE('',#193,#413,#9521,.T.);
#9519=LINE('',#412,#9522);
#9520=LINE('',#196,#9523);
#9521=LINE('',#192,#9524);
#9522=VECTOR('',#9525,1.0);
#9523=VECTOR('',#9526,1.0);
#9524=VECTOR('',#9527,1.0);
#9525=DIRECTION('',(-0.9999999999999999,1.339307925618876E-08,0));
#9526=DIRECTION('',(0,-0.310490161737683,-0.9505765931602289));
#9527=DIRECTION('',(0.9995904477830673,0.008885306625415031,0.027202720948821396));
#9528=FACE_SURFACE('',(#9533),#9529,.T.);
#9529=PLANE('',#9530);
#9530=AXIS2_PLACEMENT_3D('',#412,#9531,#9532);
#9531=DIRECTION('',(1.2731133012694057E-08,-0.9505768693079625,0.3104893163003723));
#9532=DIRECTION('',(-0.9995904477830673,-0.008885306625415031,-0.027202720948821396));
#9533=FACE_BOUND('',#9534,.T.);
#9534=EDGE_LOOP('',(#9535,#9536,#9537));
#9535=ORIENTED_EDGE('',*,*,#9538,.T.);
#9536=ORIENTED_EDGE('',*,*,#9539,.T.);
#9537=ORIENTED_EDGE('',*,*,#9540,.T.);
#9538=EDGE_CURVE('',#413,#193,#9541,.F.);
#9539=EDGE_CURVE('',#193,#415,#9542,.T.);
#9540=EDGE_CURVE('',#415,#413,#9543,.T.);
#9541=LINE('',#412,#9544);
#9542=LINE('',#192,#9545);
#9543=LINE('',#414,#9546);
#9544=VECTOR('',#9547,1.0);
#9545=VECTOR('',#9548,1.0);
#9546=VECTOR('',#9549,1.0);
#9547=DIRECTION('',(-0.9995904477830673,-0.008885306625415031,-0.027202720948821396));
#9548=DIRECTION('',(0.9999999999999992,0,-4.100344953820272E-08));
#9549=DIRECTION('',(0,0.31048931630037224,0.9505768693079626));
#9550=FACE_SURFACE('',(#9555),#9551,.T.);
#9551=PLANE('',#9552);
#9552=AXIS2_PLACEMENT_3D('',#414,#9553,#9554);
#9553=DIRECTION('',(8.242228991584887E-09,-0.9795885607953724,0.20101306315473863));
#9554=DIRECTION('',(-0.9999999999999992,0,4.100344953820272E-08));
#9555=FACE_BOUND('',#9556,.T.);
#9556=EDGE_LOOP('',(#9557,#9558,#9559));
#9557=ORIENTED_EDGE('',*,*,#9560,.T.);
#9558=ORIENTED_EDGE('',*,*,#9561,.T.);
#9559=ORIENTED_EDGE('',*,*,#9562,.T.);
#9560=EDGE_CURVE('',#415,#193,#9563,.F.);
#9561=EDGE_CURVE('',#193,#189,#9564,.T.);
#9562=EDGE_CURVE('',#189,#415,#9565,.T.);
#9563=LINE('',#414,#9566);
#9564=LINE('',#192,#9567);
#9565=LINE('',#188,#9568);
#9566=VECTOR('',#9569,1.0);
#9567=VECTOR('',#9570,1.0);
#9568=VECTOR('',#9571,1.0);
#9569=DIRECTION('',(-0.9999999999999992,0,4.100344953820272E-08));
#9570=DIRECTION('',(0,-0.2010130631547386,-0.9795885607953723));
#9571=DIRECTION('',(0.9994471938124169,0.006682919397835059,0.032567550856755154));
#9572=FACE_SURFACE('',(#9577),#9573,.T.);
#9573=PLANE('',#9574);
#9574=AXIS2_PLACEMENT_3D('',#414,#9575,#9576);
#9575=DIRECTION('',(-1.311970724710473E-08,-0.9795884317079254,0.20101369223017368));
#9576=DIRECTION('',(-0.9994471938124169,-0.006682919397835059,-0.032567550856755154));
#9577=FACE_BOUND('',#9578,.T.);
#9578=EDGE_LOOP('',(#9579,#9580,#9581));
#9579=ORIENTED_EDGE('',*,*,#9582,.T.);
#9580=ORIENTED_EDGE('',*,*,#9583,.T.);
#9581=ORIENTED_EDGE('',*,*,#9584,.T.);
#9582=EDGE_CURVE('',#415,#189,#9585,.F.);
#9583=EDGE_CURVE('',#189,#465,#9586,.T.);
#9584=EDGE_CURVE('',#465,#415,#9587,.T.);
#9585=LINE('',#414,#9588);
#9586=LINE('',#188,#9589);
#9587=LINE('',#464,#9590);
#9588=VECTOR('',#9591,1.0);
#9589=VECTOR('',#9592,1.0);
#9590=VECTOR('',#9593,1.0);
#9591=DIRECTION('',(-0.9994471938124169,-0.006682919397835059,-0.032567550856755154));
#9592=DIRECTION('',(0.9999999999999999,-1.3393081035060522E-08,0));
#9593=DIRECTION('',(0,0.20101369223017373,0.9795884317079255));
#9594=FACE_SURFACE('',(#9599),#9595,.T.);
#9595=PLANE('',#9596);
#9596=AXIS2_PLACEMENT_3D('',#464,#9597,#9598);
#9597=DIRECTION('',(-1.330651224151101E-08,-0.9935363048037348,0.11351480536449955));
#9598=DIRECTION('',(-0.9999999999999999,1.3393081035060522E-08,0));
#9599=FACE_BOUND('',#9600,.T.);
#9600=EDGE_LOOP('',(#9601,#9602,#9603));
#9601=ORIENTED_EDGE('',*,*,#9604,.T.);
#9602=ORIENTED_EDGE('',*,*,#9605,.T.);
#9603=ORIENTED_EDGE('',*,*,#9606,.T.);
#9604=EDGE_CURVE('',#465,#189,#9607,.F.);
#9605=EDGE_CURVE('',#189,#183,#9608,.T.);
#9606=EDGE_CURVE('',#183,#465,#9609,.T.);
#9607=LINE('',#464,#9610);
#9608=LINE('',#188,#9611);
#9609=LINE('',#182,#9612);
#9610=VECTOR('',#9613,1.0);
#9611=VECTOR('',#9614,1.0);
#9612=VECTOR('',#9615,1.0);
#9613=DIRECTION('',(-0.9999999999999999,1.3393081035060522E-08,0));
#9614=DIRECTION('',(0,-0.11351480536449957,-0.9935363048037349));
#9615=DIRECTION('',(0.9993327229517486,0.004146166664469164,0.03628936675989333));
#9616=FACE_SURFACE('',(#9621),#9617,.T.);
#9617=PLANE('',#9618);
#9618=AXIS2_PLACEMENT_3D('',#464,#9619,#9620);
#9619=DIRECTION('',(0,-0.9935363461304162,0.11351444365287507));
#9620=DIRECTION('',(-0.9993327229517486,-0.004146166664469164,-0.03628936675989333));
#9621=FACE_BOUND('',#9622,.T.);
#9622=EDGE_LOOP('',(#9623,#9624,#9625));
#9623=ORIENTED_EDGE('',*,*,#9626,.T.);
#9624=ORIENTED_EDGE('',*,*,#9627,.T.);
#9625=ORIENTED_EDGE('',*,*,#9628,.T.);
#9626=EDGE_CURVE('',#465,#183,#9629,.F.);
#9627=EDGE_CURVE('',#183,#449,#9630,.T.);
#9628=EDGE_CURVE('',#449,#465,#9631,.T.);
#9629=LINE('',#464,#9632);
#9630=LINE('',#182,#9633);
#9631=LINE('',#448,#9634);
#9632=VECTOR('',#9635,1.0);
#9633=VECTOR('',#9636,1.0);
#9634=VECTOR('',#9637,1.0);
#9635=DIRECTION('',(-0.9993327229517486,-0.004146166664469164,-0.03628936675989333));
#9636=DIRECTION('',(1,0,0));
#9637=DIRECTION('',(0,0.11351444365287505,0.9935363461304161));
#9638=FACE_SURFACE('',(#9643),#9639,.T.);
#9639=PLANE('',#9640);
#9640=AXIS2_PLACEMENT_3D('',#448,#9641,#9642);
#9641=DIRECTION('',(0,-0.9993241342422257,0.03675968880480614));
#9642=DIRECTION('',(-1,0,0));
#9643=FACE_BOUND('',#9644,.T.);
#9644=EDGE_LOOP('',(#9645,#9646,#9647));
#9645=ORIENTED_EDGE('',*,*,#9648,.T.);
#9646=ORIENTED_EDGE('',*,*,#9649,.T.);
#9647=ORIENTED_EDGE('',*,*,#9650,.T.);
#9648=EDGE_CURVE('',#449,#183,#9651,.F.);
#9649=EDGE_CURVE('',#183,#39,#9652,.T.);
#9650=EDGE_CURVE('',#39,#449,#9653,.T.);
#9651=LINE('',#448,#9654);
#9652=LINE('',#182,#9655);
#9653=LINE('',#38,#9656);
#9654=VECTOR('',#9657,1.0);
#9655=VECTOR('',#9658,1.0);
#9656=VECTOR('',#9659,1.0);
#9657=DIRECTION('',(-1,0,0));
#9658=DIRECTION('',(0,-0.03675968880480614,-0.9993241342422257));
#9659=DIRECTION('',(0.9992697838257988,0.0014045372167805045,0.0381828025156364));
#9660=FACE_SURFACE('',(#9665),#9661,.T.);
#9661=PLANE('',#9662);
#9662=AXIS2_PLACEMENT_3D('',#448,#9663,#9664);
#9663=DIRECTION('',(0,-0.9993241342422257,0.03675968880480614));
#9664=DIRECTION('',(-0.9992697838257988,-0.0014045372167805045,-0.0381828025156364));
#9665=FACE_BOUND('',#9666,.T.);
#9666=EDGE_LOOP('',(#9667,#9668,#9669));
#9667=ORIENTED_EDGE('',*,*,#9670,.T.);
#9668=ORIENTED_EDGE('',*,*,#9671,.T.);
#9669=ORIENTED_EDGE('',*,*,#9672,.T.);
#9670=EDGE_CURVE('',#449,#39,#9673,.F.);
#9671=EDGE_CURVE('',#39,#37,#9674,.T.);
#9672=EDGE_CURVE('',#37,#449,#9675,.T.);
#9673=LINE('',#448,#9676);
#9674=LINE('',#38,#9677);
#9675=LINE('',#36,#9678);
#9676=VECTOR('',#9679,1.0);
#9677=VECTOR('',#9680,1.0);
#9678=VECTOR('',#9681,1.0);
#9679=DIRECTION('',(-0.9992697838257988,-0.0014045372167805045,-0.0381828025156364));
#9680=DIRECTION('',(1,0,0));
#9681=DIRECTION('',(0,0.03675968880480614,0.9993241342422257));
#9682=FACE_SURFACE('',(#9687),#9683,.T.);
#9683=PLANE('',#9684);
#9684=AXIS2_PLACEMENT_3D('',#296,#9685,#9686);
#9685=DIRECTION('',(0,0,-1));
#9686=DIRECTION('',(-1,0,0));
#9687=FACE_BOUND('',#9688,.T.);
#9688=EDGE_LOOP('',(#9689,#9690,#9691));
#9689=ORIENTED_EDGE('',*,*,#9692,.T.);
#9690=ORIENTED_EDGE('',*,*,#9693,.T.);
#9691=ORIENTED_EDGE('',*,*,#9694,.T.);
#9692=EDGE_CURVE('',#297,#67,#9695,.F.);
#9693=EDGE_CURVE('',#67,#501,#9696,.T.);
#9694=EDGE_CURVE('',#501,#297,#9697,.T.);
#9695=LINE('',#296,#9698);
#9696=LINE('',#66,#9699);
#9697=LINE('',#500,#9700);
#9698=VECTOR('',#9701,1.0);
#9699=VECTOR('',#9702,1.0);
#9700=VECTOR('',#9703,1.0);
#9701=DIRECTION('',(-1,0,0));
#9702=DIRECTION('',(0,1,0));
#9703=DIRECTION('',(0.9815437767426787,-0.19123758610095043,0));
#9704=FACE_SURFACE('',(#9709),#9705,.T.);
#9705=PLANE('',#9706);
#9706=AXIS2_PLACEMENT_3D('',#296,#9707,#9708);
#9707=DIRECTION('',(0,0,-1));
#9708=DIRECTION('',(-0.9815437767426787,0.19123758610095043,0));
#9709=FACE_BOUND('',#9710,.T.);
#9710=EDGE_LOOP('',(#9711,#9712,#9713));
#9711=ORIENTED_EDGE('',*,*,#9714,.T.);
#9712=ORIENTED_EDGE('',*,*,#9715,.T.);
#9713=ORIENTED_EDGE('',*,*,#9716,.T.);
#9714=EDGE_CURVE('',#297,#501,#9717,.F.);
#9715=EDGE_CURVE('',#501,#529,#9718,.T.);
#9716=EDGE_CURVE('',#529,#297,#9719,.T.);
#9717=LINE('',#296,#9720);
#9718=LINE('',#500,#9721);
#9719=LINE('',#528,#9722);
#9720=VECTOR('',#9723,1.0);
#9721=VECTOR('',#9724,1.0);
#9722=VECTOR('',#9725,1.0);
#9723=DIRECTION('',(-0.9815437767426787,0.19123758610095043,0));
#9724=DIRECTION('',(1,0,0));
#9725=DIRECTION('',(0,-1,0));
#9726=FACE_SURFACE('',(#9731),#9727,.T.);
#9727=PLANE('',#9728);
#9728=AXIS2_PLACEMENT_3D('',#554,#9729,#9730);
#9729=DIRECTION('',(0,1,0));
#9730=DIRECTION('',(-0.11190994637736189,0,-0.9937183524026392));
#9731=FACE_BOUND('',#9732,.T.);
#9732=EDGE_LOOP('',(#9733,#9734,#9735));
#9733=ORIENTED_EDGE('',*,*,#9736,.T.);
#9734=ORIENTED_EDGE('',*,*,#9737,.T.);
#9735=ORIENTED_EDGE('',*,*,#9738,.T.);
#9736=EDGE_CURVE('',#555,#557,#9739,.F.);
#9737=EDGE_CURVE('',#557,#559,#9740,.T.);
#9738=EDGE_CURVE('',#559,#555,#9741,.T.);
#9739=LINE('',#554,#9742);
#9740=LINE('',#556,#9743);
#9741=LINE('',#558,#9744);
#9742=VECTOR('',#9745,1.0);
#9743=VECTOR('',#9746,1.0);
#9744=VECTOR('',#9747,1.0);
#9745=DIRECTION('',(-0.11190994637736189,0,-0.9937183524026392));
#9746=DIRECTION('',(-0.33017471204341037,0,-0.9439198374475721));
#9747=DIRECTION('',(0.22246715331135467,0,0.9749401857024573));
#9748=FACE_SURFACE('',(#9753),#9749,.T.);
#9749=PLANE('',#9750);
#9750=AXIS2_PLACEMENT_3D('',#558,#9751,#9752);
#9751=DIRECTION('',(0,1,0));
#9752=DIRECTION('',(-0.531965905870462,0,-0.8467657733939291));
#9753=FACE_BOUND('',#9754,.T.);
#9754=EDGE_LOOP('',(#9755,#9756,#9757));
#9755=ORIENTED_EDGE('',*,*,#9758,.T.);
#9756=ORIENTED_EDGE('',*,*,#9759,.T.);
#9757=ORIENTED_EDGE('',*,*,#9760,.T.);
#9758=EDGE_CURVE('',#559,#561,#9761,.F.);
#9759=EDGE_CURVE('',#561,#563,#9762,.T.);
#9760=EDGE_CURVE('',#563,#559,#9763,.T.);
#9761=LINE('',#558,#9764);
#9762=LINE('',#560,#9765);
#9763=LINE('',#562,#9766);
#9764=VECTOR('',#9767,1.0);
#9765=VECTOR('',#9768,1.0);
#9766=VECTOR('',#9769,1.0);
#9767=DIRECTION('',(-0.531965905870462,0,-0.8467657733939291));
#9768=DIRECTION('',(-0.707107313888957,0,-0.7071062484837367));
#9769=DIRECTION('',(0.6234639173555443,0,0.781852123969539));
#9770=FACE_SURFACE('',(#9775),#9771,.T.);
#9771=PLANE('',#9772);
#9772=AXIS2_PLACEMENT_3D('',#562,#9773,#9774);
#9773=DIRECTION('',(0,1,0));
#9774=DIRECTION('',(-0.8467649919063076,0,-0.5319671498146391));
#9775=FACE_BOUND('',#9776,.T.);
#9776=EDGE_LOOP('',(#9777,#9778,#9779));
#9777=ORIENTED_EDGE('',*,*,#9780,.T.);
#9778=ORIENTED_EDGE('',*,*,#9781,.T.);
#9779=ORIENTED_EDGE('',*,*,#9782,.T.);
#9780=EDGE_CURVE('',#563,#565,#9783,.F.);
#9781=EDGE_CURVE('',#565,#567,#9784,.T.);
#9782=EDGE_CURVE('',#567,#563,#9785,.T.);
#9783=LINE('',#562,#9786);
#9784=LINE('',#564,#9787);
#9785=LINE('',#566,#9788);
#9786=VECTOR('',#9789,1.0);
#9787=VECTOR('',#9790,1.0);
#9788=VECTOR('',#9791,1.0);
#9789=DIRECTION('',(-0.8467649919063076,0,-0.5319671498146391));
#9790=DIRECTION('',(-0.9439201696208377,0,-0.3301737624084767));
#9791=DIRECTION('',(0.9010024770535247,0,0.43381394208048774));
#9792=FACE_SURFACE('',(#9797),#9793,.T.);
#9793=PLANE('',#9794);
#9794=AXIS2_PLACEMENT_3D('',#566,#9795,#9796);
#9795=DIRECTION('',(0,1,0));
#9796=DIRECTION('',(-0.9937183524026392,0,-0.11190994637736189));
#9797=FACE_BOUND('',#9798,.T.);
#9798=EDGE_LOOP('',(#9799,#9800,#9801));
#9799=ORIENTED_EDGE('',*,*,#9802,.T.);
#9800=ORIENTED_EDGE('',*,*,#9803,.T.);
#9801=ORIENTED_EDGE('',*,*,#9804,.T.);
#9802=EDGE_CURVE('',#567,#569,#9805,.F.);
#9803=EDGE_CURVE('',#569,#571,#9806,.T.);
#9804=EDGE_CURVE('',#571,#567,#9807,.T.);
#9805=LINE('',#566,#9808);
#9806=LINE('',#568,#9809);
#9807=LINE('',#570,#9810);
#9808=VECTOR('',#9811,1.0);
#9809=VECTOR('',#9812,1.0);
#9810=VECTOR('',#9813,1.0);
#9811=DIRECTION('',(-0.9937183524026392,0,-0.11190994637736189));
#9812=DIRECTION('',(-1,0,0));
#9813=DIRECTION('',(0.9999914103740954,0,0.004144777198767768));
#9814=FACE_SURFACE('',(#9819),#9815,.T.);
#9815=PLANE('',#9816);
#9816=AXIS2_PLACEMENT_3D('',#570,#9817,#9818);
#9817=DIRECTION('',(0,1,0));
#9818=DIRECTION('',(-0.9937183524026392,0,0.11190994637736189));
#9819=FACE_BOUND('',#9820,.T.);
#9820=EDGE_LOOP('',(#9821,#9822,#9823));
#9821=ORIENTED_EDGE('',*,*,#9824,.T.);
#9822=ORIENTED_EDGE('',*,*,#9825,.T.);
#9823=ORIENTED_EDGE('',*,*,#9826,.T.);
#9824=EDGE_CURVE('',#571,#573,#9827,.F.);
#9825=EDGE_CURVE('',#573,#575,#9828,.T.);
#9826=EDGE_CURVE('',#575,#571,#9829,.T.);
#9827=LINE('',#570,#9830);
#9828=LINE('',#572,#9831);
#9829=LINE('',#574,#9832);
#9830=VECTOR('',#9833,1.0);
#9831=VECTOR('',#9834,1.0);
#9832=VECTOR('',#9835,1.0);
#9833=DIRECTION('',(-0.9937183524026392,0,0.11190994637736189));
#9834=DIRECTION('',(-0.9439198374475721,0,0.33017471204341037));
#9835=DIRECTION('',(0.9749401857024573,0,-0.22246715331135467));
#9836=FACE_SURFACE('',(#9841),#9837,.T.);
#9837=PLANE('',#9838);
#9838=AXIS2_PLACEMENT_3D('',#574,#9839,#9840);
#9839=DIRECTION('',(0,1,0));
#9840=DIRECTION('',(-0.8467657733939291,0,0.531965905870462));
#9841=FACE_BOUND('',#9842,.T.);
#9842=EDGE_LOOP('',(#9843,#9844,#9845));
#9843=ORIENTED_EDGE('',*,*,#9846,.T.);
#9844=ORIENTED_EDGE('',*,*,#9847,.T.);
#9845=ORIENTED_EDGE('',*,*,#9848,.T.);
#9846=EDGE_CURVE('',#575,#577,#9849,.F.);
#9847=EDGE_CURVE('',#577,#579,#9850,.T.);
#9848=EDGE_CURVE('',#579,#575,#9851,.T.);
#9849=LINE('',#574,#9852);
#9850=LINE('',#576,#9853);
#9851=LINE('',#578,#9854);
#9852=VECTOR('',#9855,1.0);
#9853=VECTOR('',#9856,1.0);
#9854=VECTOR('',#9857,1.0);
#9855=DIRECTION('',(-0.8467657733939291,0,0.531965905870462));
#9856=DIRECTION('',(-0.7071062484837367,0,0.707107313888957));
#9857=DIRECTION('',(0.781852123969539,0,-0.6234639173555443));
#9858=FACE_SURFACE('',(#9863),#9859,.T.);
#9859=PLANE('',#9860);
#9860=AXIS2_PLACEMENT_3D('',#578,#9861,#9862);
#9861=DIRECTION('',(0,1,0));
#9862=DIRECTION('',(-0.5319671498146391,0,0.8467649919063076));
#9863=FACE_BOUND('',#9864,.T.);
#9864=EDGE_LOOP('',(#9865,#9866,#9867));
#9865=ORIENTED_EDGE('',*,*,#9868,.T.);
#9866=ORIENTED_EDGE('',*,*,#9869,.T.);
#9867=ORIENTED_EDGE('',*,*,#9870,.T.);
#9868=EDGE_CURVE('',#579,#581,#9871,.F.);
#9869=EDGE_CURVE('',#581,#583,#9872,.T.);
#9870=EDGE_CURVE('',#583,#579,#9873,.T.);
#9871=LINE('',#578,#9874);
#9872=LINE('',#580,#9875);
#9873=LINE('',#582,#9876);
#9874=VECTOR('',#9877,1.0);
#9875=VECTOR('',#9878,1.0);
#9876=VECTOR('',#9879,1.0);
#9877=DIRECTION('',(-0.5319671498146391,0,0.8467649919063076));
#9878=DIRECTION('',(-0.3301737624084767,0,0.9439201696208377));
#9879=DIRECTION('',(0.43381394208048774,0,-0.9010024770535247));
#9880=FACE_SURFACE('',(#9885),#9881,.T.);
#9881=PLANE('',#9882);
#9882=AXIS2_PLACEMENT_3D('',#582,#9883,#9884);
#9883=DIRECTION('',(0,1,0));
#9884=DIRECTION('',(-0.11190994637736189,0,0.9937183524026392));
#9885=FACE_BOUND('',#9886,.T.);
#9886=EDGE_LOOP('',(#9887,#9888,#9889));
#9887=ORIENTED_EDGE('',*,*,#9890,.T.);
#9888=ORIENTED_EDGE('',*,*,#9891,.T.);
#9889=ORIENTED_EDGE('',*,*,#9892,.T.);
#9890=EDGE_CURVE('',#583,#585,#9893,.F.);
#9891=EDGE_CURVE('',#585,#587,#9894,.T.);
#9892=EDGE_CURVE('',#587,#583,#9895,.T.);
#9893=LINE('',#582,#9896);
#9894=LINE('',#584,#9897);
#9895=LINE('',#586,#9898);
#9896=VECTOR('',#9899,1.0);
#9897=VECTOR('',#9900,1.0);
#9898=VECTOR('',#9901,1.0);
#9899=DIRECTION('',(-0.11190994637736189,0,0.9937183524026392));
#9900=DIRECTION('',(0,0,1));
#9901=DIRECTION('',(0.004144777198767768,0,-0.9999914103740954));
#9902=FACE_SURFACE('',(#9907),#9903,.T.);
#9903=PLANE('',#9904);
#9904=AXIS2_PLACEMENT_3D('',#586,#9905,#9906);
#9905=DIRECTION('',(0,1,0));
#9906=DIRECTION('',(0.11190994637736189,0,0.9937183524026392));
#9907=FACE_BOUND('',#9908,.T.);
#9908=EDGE_LOOP('',(#9909,#9910,#9911));
#9909=ORIENTED_EDGE('',*,*,#9912,.T.);
#9910=ORIENTED_EDGE('',*,*,#9913,.T.);
#9911=ORIENTED_EDGE('',*,*,#9914,.T.);
#9912=EDGE_CURVE('',#587,#589,#9915,.F.);
#9913=EDGE_CURVE('',#589,#591,#9916,.T.);
#9914=EDGE_CURVE('',#591,#587,#9917,.T.);
#9915=LINE('',#586,#9918);
#9916=LINE('',#588,#9919);
#9917=LINE('',#590,#9920);
#9918=VECTOR('',#9921,1.0);
#9919=VECTOR('',#9922,1.0);
#9920=VECTOR('',#9923,1.0);
#9921=DIRECTION('',(0.11190994637736189,0,0.9937183524026392));
#9922=DIRECTION('',(0.33017471204341037,0,0.9439198374475721));
#9923=DIRECTION('',(-0.22246715331135467,0,-0.9749401857024573));
#9924=FACE_SURFACE('',(#9929),#9925,.T.);
#9925=PLANE('',#9926);
#9926=AXIS2_PLACEMENT_3D('',#590,#9927,#9928);
#9927=DIRECTION('',(0,1,0));
#9928=DIRECTION('',(0.531965905870462,0,0.8467657733939291));
#9929=FACE_BOUND('',#9930,.T.);
#9930=EDGE_LOOP('',(#9931,#9932,#9933));
#9931=ORIENTED_EDGE('',*,*,#9934,.T.);
#9932=ORIENTED_EDGE('',*,*,#9935,.T.);
#9933=ORIENTED_EDGE('',*,*,#9936,.T.);
#9934=EDGE_CURVE('',#591,#593,#9937,.F.);
#9935=EDGE_CURVE('',#593,#595,#9938,.T.);
#9936=EDGE_CURVE('',#595,#591,#9939,.T.);
#9937=LINE('',#590,#9940);
#9938=LINE('',#592,#9941);
#9939=LINE('',#594,#9942);
#9940=VECTOR('',#9943,1.0);
#9941=VECTOR('',#9944,1.0);
#9942=VECTOR('',#9945,1.0);
#9943=DIRECTION('',(0.531965905870462,0,0.8467657733939291));
#9944=DIRECTION('',(0.707107313888957,0,0.7071062484837367));
#9945=DIRECTION('',(-0.6234639173555443,0,-0.781852123969539));
#9946=FACE_SURFACE('',(#9951),#9947,.T.);
#9947=PLANE('',#9948);
#9948=AXIS2_PLACEMENT_3D('',#594,#9949,#9950);
#9949=DIRECTION('',(0,1,0));
#9950=DIRECTION('',(0.8467649919063076,0,0.5319671498146391));
#9951=FACE_BOUND('',#9952,.T.);
#9952=EDGE_LOOP('',(#9953,#9954,#9955));
#9953=ORIENTED_EDGE('',*,*,#9956,.T.);
#9954=ORIENTED_EDGE('',*,*,#9957,.T.);
#9955=ORIENTED_EDGE('',*,*,#9958,.T.);
#9956=EDGE_CURVE('',#595,#597,#9959,.F.);
#9957=EDGE_CURVE('',#597,#599,#9960,.T.);
#9958=EDGE_CURVE('',#599,#595,#9961,.T.);
#9959=LINE('',#594,#9962);
#9960=LINE('',#596,#9963);
#9961=LINE('',#598,#9964);
#9962=VECTOR('',#9965,1.0);
#9963=VECTOR('',#9966,1.0);
#9964=VECTOR('',#9967,1.0);
#9965=DIRECTION('',(0.8467649919063076,0,0.5319671498146391));
#9966=DIRECTION('',(0.9439201696208377,0,0.3301737624084767));
#9967=DIRECTION('',(-0.9010024770535247,0,-0.43381394208048774));
#9968=FACE_SURFACE('',(#9973),#9969,.T.);
#9969=PLANE('',#9970);
#9970=AXIS2_PLACEMENT_3D('',#598,#9971,#9972);
#9971=DIRECTION('',(0,1,0));
#9972=DIRECTION('',(0.9937183524026392,0,0.11190994637736189));
#9973=FACE_BOUND('',#9974,.T.);
#9974=EDGE_LOOP('',(#9975,#9976,#9977));
#9975=ORIENTED_EDGE('',*,*,#9978,.T.);
#9976=ORIENTED_EDGE('',*,*,#9979,.T.);
#9977=ORIENTED_EDGE('',*,*,#9980,.T.);
#9978=EDGE_CURVE('',#599,#601,#9981,.F.);
#9979=EDGE_CURVE('',#601,#603,#9982,.T.);
#9980=EDGE_CURVE('',#603,#599,#9983,.T.);
#9981=LINE('',#598,#9984);
#9982=LINE('',#600,#9985);
#9983=LINE('',#602,#9986);
#9984=VECTOR('',#9987,1.0);
#9985=VECTOR('',#9988,1.0);
#9986=VECTOR('',#9989,1.0);
#9987=DIRECTION('',(0.9937183524026392,0,0.11190994637736189));
#9988=DIRECTION('',(1,0,0));
#9989=DIRECTION('',(-0.9999914103740954,0,-0.004144777198767768));
#9990=FACE_SURFACE('',(#9995),#9991,.T.);
#9991=PLANE('',#9992);
#9992=AXIS2_PLACEMENT_3D('',#602,#9993,#9994);
#9993=DIRECTION('',(0,1,0));
#9994=DIRECTION('',(0.9937183524026392,0,-0.11190994637736189));
#9995=FACE_BOUND('',#9996,.T.);
#9996=EDGE_LOOP('',(#9997,#9998,#9999));
#9997=ORIENTED_EDGE('',*,*,#10000,.T.);
#9998=ORIENTED_EDGE('',*,*,#10001,.T.);
#9999=ORIENTED_EDGE('',*,*,#10002,.T.);
#10000=EDGE_CURVE('',#603,#605,#10003,.F.);
#10001=EDGE_CURVE('',#605,#607,#10004,.T.);
#10002=EDGE_CURVE('',#607,#603,#10005,.T.);
#10003=LINE('',#602,#10006);
#10004=LINE('',#604,#10007);
#10005=LINE('',#606,#10008);
#10006=VECTOR('',#10009,1.0);
#10007=VECTOR('',#10010,1.0);
#10008=VECTOR('',#10011,1.0);
#10009=DIRECTION('',(0.9937183524026392,0,-0.11190994637736189));
#10010=DIRECTION('',(0.9439198374475721,0,-0.33017471204341037));
#10011=DIRECTION('',(-0.9749401857024573,0,0.22246715331135467));
#10012=FACE_SURFACE('',(#10017),#10013,.T.);
#10013=PLANE('',#10014);
#10014=AXIS2_PLACEMENT_3D('',#606,#10015,#10016);
#10015=DIRECTION('',(0,1,0));
#10016=DIRECTION('',(0.8467657733939291,0,-0.531965905870462));
#10017=FACE_BOUND('',#10018,.T.);
#10018=EDGE_LOOP('',(#10019,#10020,#10021));
#10019=ORIENTED_EDGE('',*,*,#10022,.T.);
#10020=ORIENTED_EDGE('',*,*,#10023,.T.);
#10021=ORIENTED_EDGE('',*,*,#10024,.T.);
#10022=EDGE_CURVE('',#607,#609,#10025,.F.);
#10023=EDGE_CURVE('',#609,#611,#10026,.T.);
#10024=EDGE_CURVE('',#611,#607,#10027,.T.);
#10025=LINE('',#606,#10028);
#10026=LINE('',#608,#10029);
#10027=LINE('',#610,#10030);
#10028=VECTOR('',#10031,1.0);
#10029=VECTOR('',#10032,1.0);
#10030=VECTOR('',#10033,1.0);
#10031=DIRECTION('',(0.8467657733939291,0,-0.531965905870462));
#10032=DIRECTION('',(0.7071062484837367,0,-0.707107313888957));
#10033=DIRECTION('',(-0.781852123969539,0,0.6234639173555443));
#10034=FACE_SURFACE('',(#10039),#10035,.T.);
#10035=PLANE('',#10036);
#10036=AXIS2_PLACEMENT_3D('',#610,#10037,#10038);
#10037=DIRECTION('',(0,1,0));
#10038=DIRECTION('',(0.5319671498146391,0,-0.8467649919063076));
#10039=FACE_BOUND('',#10040,.T.);
#10040=EDGE_LOOP('',(#10041,#10042,#10043));
#10041=ORIENTED_EDGE('',*,*,#10044,.T.);
#10042=ORIENTED_EDGE('',*,*,#10045,.T.);
#10043=ORIENTED_EDGE('',*,*,#10046,.T.);
#10044=EDGE_CURVE('',#611,#613,#10047,.F.);
#10045=EDGE_CURVE('',#613,#615,#10048,.T.);
#10046=EDGE_CURVE('',#615,#611,#10049,.T.);
#10047=LINE('',#610,#10050);
#10048=LINE('',#612,#10051);
#10049=LINE('',#614,#10052);
#10050=VECTOR('',#10053,1.0);
#10051=VECTOR('',#10054,1.0);
#10052=VECTOR('',#10055,1.0);
#10053=DIRECTION('',(0.5319671498146391,0,-0.8467649919063076));
#10054=DIRECTION('',(0.3301737624084767,0,-0.9439201696208377));
#10055=DIRECTION('',(-0.43381394208048774,0,0.9010024770535247));
#10056=FACE_SURFACE('',(#10061),#10057,.T.);
#10057=PLANE('',#10058);
#10058=AXIS2_PLACEMENT_3D('',#614,#10059,#10060);
#10059=DIRECTION('',(0,1,0));
#10060=DIRECTION('',(0.11190994637736189,0,-0.9937183524026392));
#10061=FACE_BOUND('',#10062,.T.);
#10062=EDGE_LOOP('',(#10063,#10064,#10065));
#10063=ORIENTED_EDGE('',*,*,#10066,.T.);
#10064=ORIENTED_EDGE('',*,*,#10067,.T.);
#10065=ORIENTED_EDGE('',*,*,#10068,.T.);
#10066=EDGE_CURVE('',#615,#617,#10069,.F.);
#10067=EDGE_CURVE('',#617,#555,#10070,.T.);
#10068=EDGE_CURVE('',#555,#615,#10071,.T.);
#10069=LINE('',#614,#10072);
#10070=LINE('',#616,#10073);
#10071=LINE('',#554,#10074);
#10072=VECTOR('',#10075,1.0);
#10073=VECTOR('',#10076,1.0);
#10074=VECTOR('',#10077,1.0);
#10075=DIRECTION('',(0.11190994637736189,0,-0.9937183524026392));
#10076=DIRECTION('',(0,0,-1));
#10077=DIRECTION('',(-0.004144777198767768,0,0.9999914103740954));
#10078=FACE_SURFACE('',(#10083),#10079,.T.);
#10079=PLANE('',#10080);
#10080=AXIS2_PLACEMENT_3D('',#554,#10081,#10082);
#10081=DIRECTION('',(0,1,0));
#10082=DIRECTION('',(-0.22246715331135467,0,-0.9749401857024573));
#10083=FACE_BOUND('',#10084,.T.);
#10084=EDGE_LOOP('',(#10085,#10086,#10087));
#10085=ORIENTED_EDGE('',*,*,#10088,.T.);
#10086=ORIENTED_EDGE('',*,*,#10089,.T.);
#10087=ORIENTED_EDGE('',*,*,#10090,.T.);
#10088=EDGE_CURVE('',#555,#559,#10091,.F.);
#10089=EDGE_CURVE('',#559,#563,#10092,.T.);
#10090=EDGE_CURVE('',#563,#555,#10093,.T.);
#10091=LINE('',#554,#10094);
#10092=LINE('',#558,#10095);
#10093=LINE('',#562,#10096);
#10094=VECTOR('',#10097,1.0);
#10095=VECTOR('',#10098,1.0);
#10096=VECTOR('',#10099,1.0);
#10097=DIRECTION('',(-0.22246715331135467,0,-0.9749401857024573));
#10098=DIRECTION('',(-0.6234639173555443,0,-0.781852123969539));
#10099=DIRECTION('',(0.4339038235520827,0,0.9009591954727378));
#10100=FACE_SURFACE('',(#10105),#10101,.T.);
#10101=PLANE('',#10102);
#10102=AXIS2_PLACEMENT_3D('',#562,#10103,#10104);
#10103=DIRECTION('',(0,1,0));
#10104=DIRECTION('',(-0.9010024770535247,0,-0.43381394208048774));
#10105=FACE_BOUND('',#10106,.T.);
#10106=EDGE_LOOP('',(#10107,#10108,#10109));
#10107=ORIENTED_EDGE('',*,*,#10110,.T.);
#10108=ORIENTED_EDGE('',*,*,#10111,.T.);
#10109=ORIENTED_EDGE('',*,*,#10112,.T.);
#10110=EDGE_CURVE('',#563,#567,#10113,.F.);
#10111=EDGE_CURVE('',#567,#571,#10114,.T.);
#10112=EDGE_CURVE('',#571,#563,#10115,.T.);
#10113=LINE('',#562,#10116);
#10114=LINE('',#566,#10117);
#10115=LINE('',#570,#10118);
#10116=VECTOR('',#10119,1.0);
#10117=VECTOR('',#10120,1.0);
#10118=VECTOR('',#10121,1.0);
#10119=DIRECTION('',(-0.9010024770535247,0,-0.43381394208048774));
#10120=DIRECTION('',(-0.9999914103740954,0,-0.004144777198767768));
#10121=DIRECTION('',(0.9994275490957584,0,0.033831554922076845));
#10122=FACE_SURFACE('',(#10127),#10123,.T.);
#10123=PLANE('',#10124);
#10124=AXIS2_PLACEMENT_3D('',#570,#10125,#10126);
#10125=DIRECTION('',(0,1,0));
#10126=DIRECTION('',(-0.9749401857024573,0,0.22246715331135467));
#10127=FACE_BOUND('',#10128,.T.);
#10128=EDGE_LOOP('',(#10129,#10130,#10131));
#10129=ORIENTED_EDGE('',*,*,#10132,.T.);
#10130=ORIENTED_EDGE('',*,*,#10133,.T.);
#10131=ORIENTED_EDGE('',*,*,#10134,.T.);
#10132=EDGE_CURVE('',#571,#575,#10135,.F.);
#10133=EDGE_CURVE('',#575,#579,#10136,.T.);
#10134=EDGE_CURVE('',#579,#571,#10137,.T.);
#10135=LINE('',#570,#10138);
#10136=LINE('',#574,#10139);
#10137=LINE('',#578,#10140);
#10138=VECTOR('',#10141,1.0);
#10139=VECTOR('',#10142,1.0);
#10140=VECTOR('',#10143,1.0);
#10141=DIRECTION('',(-0.9749401857024573,0,0.22246715331135467));
#10142=DIRECTION('',(-0.781852123969539,0,0.6234639173555443));
#10143=DIRECTION('',(0.9009591954727378,0,-0.4339038235520827));
#10144=FACE_SURFACE('',(#10149),#10145,.T.);
#10145=PLANE('',#10146);
#10146=AXIS2_PLACEMENT_3D('',#578,#10147,#10148);
#10147=DIRECTION('',(0,1,0));
#10148=DIRECTION('',(-0.43381394208048774,0,0.9010024770535247));
#10149=FACE_BOUND('',#10150,.T.);
#10150=EDGE_LOOP('',(#10151,#10152,#10153));
#10151=ORIENTED_EDGE('',*,*,#10154,.T.);
#10152=ORIENTED_EDGE('',*,*,#10155,.T.);
#10153=ORIENTED_EDGE('',*,*,#10156,.T.);
#10154=EDGE_CURVE('',#579,#583,#10157,.F.);
#10155=EDGE_CURVE('',#583,#587,#10158,.T.);
#10156=EDGE_CURVE('',#587,#579,#10159,.T.);
#10157=LINE('',#578,#10160);
#10158=LINE('',#582,#10161);
#10159=LINE('',#586,#10162);
#10160=VECTOR('',#10163,1.0);
#10161=VECTOR('',#10164,1.0);
#10162=VECTOR('',#10165,1.0);
#10163=DIRECTION('',(-0.43381394208048774,0,0.9010024770535247));
#10164=DIRECTION('',(-0.004144777198767768,0,0.9999914103740954));
#10165=DIRECTION('',(0.033831554922076845,0,-0.9994275490957584));
#10166=FACE_SURFACE('',(#10171),#10167,.T.);
#10167=PLANE('',#10168);
#10168=AXIS2_PLACEMENT_3D('',#586,#10169,#10170);
#10169=DIRECTION('',(0,1,0));
#10170=DIRECTION('',(0.22246715331135467,0,0.9749401857024573));
#10171=FACE_BOUND('',#10172,.T.);
#10172=EDGE_LOOP('',(#10173,#10174,#10175));
#10173=ORIENTED_EDGE('',*,*,#10176,.T.);
#10174=ORIENTED_EDGE('',*,*,#10177,.T.);
#10175=ORIENTED_EDGE('',*,*,#10178,.T.);
#10176=EDGE_CURVE('',#587,#591,#10179,.F.);
#10177=EDGE_CURVE('',#591,#595,#10180,.T.);
#10178=EDGE_CURVE('',#595,#587,#10181,.T.);
#10179=LINE('',#586,#10182);
#10180=LINE('',#590,#10183);
#10181=LINE('',#594,#10184);
#10182=VECTOR('',#10185,1.0);
#10183=VECTOR('',#10186,1.0);
#10184=VECTOR('',#10187,1.0);
#10185=DIRECTION('',(0.22246715331135467,0,0.9749401857024573));
#10186=DIRECTION('',(0.6234639173555443,0,0.781852123969539));
#10187=DIRECTION('',(-0.4339038235520827,0,-0.9009591954727378));
#10188=FACE_SURFACE('',(#10193),#10189,.T.);
#10189=PLANE('',#10190);
#10190=AXIS2_PLACEMENT_3D('',#594,#10191,#10192);
#10191=DIRECTION('',(0,1,0));
#10192=DIRECTION('',(0.9010024770535247,0,0.43381394208048774));
#10193=FACE_BOUND('',#10194,.T.);
#10194=EDGE_LOOP('',(#10195,#10196,#10197));
#10195=ORIENTED_EDGE('',*,*,#10198,.T.);
#10196=ORIENTED_EDGE('',*,*,#10199,.T.);
#10197=ORIENTED_EDGE('',*,*,#10200,.T.);
#10198=EDGE_CURVE('',#595,#599,#10201,.F.);
#10199=EDGE_CURVE('',#599,#603,#10202,.T.);
#10200=EDGE_CURVE('',#603,#595,#10203,.T.);
#10201=LINE('',#594,#10204);
#10202=LINE('',#598,#10205);
#10203=LINE('',#602,#10206);
#10204=VECTOR('',#10207,1.0);
#10205=VECTOR('',#10208,1.0);
#10206=VECTOR('',#10209,1.0);
#10207=DIRECTION('',(0.9010024770535247,0,0.43381394208048774));
#10208=DIRECTION('',(0.9999914103740954,0,0.004144777198767768));
#10209=DIRECTION('',(-0.9994275490957584,0,-0.033831554922076845));
#10210=FACE_SURFACE('',(#10215),#10211,.T.);
#10211=PLANE('',#10212);
#10212=AXIS2_PLACEMENT_3D('',#602,#10213,#10214);
#10213=DIRECTION('',(0,1,0));
#10214=DIRECTION('',(0.9749401857024573,0,-0.22246715331135467));
#10215=FACE_BOUND('',#10216,.T.);
#10216=EDGE_LOOP('',(#10217,#10218,#10219));
#10217=ORIENTED_EDGE('',*,*,#10220,.T.);
#10218=ORIENTED_EDGE('',*,*,#10221,.T.);
#10219=ORIENTED_EDGE('',*,*,#10222,.T.);
#10220=EDGE_CURVE('',#603,#607,#10223,.F.);
#10221=EDGE_CURVE('',#607,#611,#10224,.T.);
#10222=EDGE_CURVE('',#611,#603,#10225,.T.);
#10223=LINE('',#602,#10226);
#10224=LINE('',#606,#10227);
#10225=LINE('',#610,#10228);
#10226=VECTOR('',#10229,1.0);
#10227=VECTOR('',#10230,1.0);
#10228=VECTOR('',#10231,1.0);
#10229=DIRECTION('',(0.9749401857024573,0,-0.22246715331135467));
#10230=DIRECTION('',(0.781852123969539,0,-0.6234639173555443));
#10231=DIRECTION('',(-0.9009591954727378,0,0.4339038235520827));
#10232=FACE_SURFACE('',(#10237),#10233,.T.);
#10233=PLANE('',#10234);
#10234=AXIS2_PLACEMENT_3D('',#610,#10235,#10236);
#10235=DIRECTION('',(0,1,0));
#10236=DIRECTION('',(0.43381394208048774,0,-0.9010024770535247));
#10237=FACE_BOUND('',#10238,.T.);
#10238=EDGE_LOOP('',(#10239,#10240,#10241));
#10239=ORIENTED_EDGE('',*,*,#10242,.T.);
#10240=ORIENTED_EDGE('',*,*,#10243,.T.);
#10241=ORIENTED_EDGE('',*,*,#10244,.T.);
#10242=EDGE_CURVE('',#611,#615,#10245,.F.);
#10243=EDGE_CURVE('',#615,#555,#10246,.T.);
#10244=EDGE_CURVE('',#555,#611,#10247,.T.);
#10245=LINE('',#610,#10248);
#10246=LINE('',#614,#10249);
#10247=LINE('',#554,#10250);
#10248=VECTOR('',#10251,1.0);
#10249=VECTOR('',#10252,1.0);
#10250=VECTOR('',#10253,1.0);
#10251=DIRECTION('',(0.43381394208048774,0,-0.9010024770535247));
#10252=DIRECTION('',(0.004144777198767768,0,-0.9999914103740954));
#10253=DIRECTION('',(-0.033831554922076845,0,0.9994275490957584));
#10254=FACE_SURFACE('',(#10259),#10255,.T.);
#10255=PLANE('',#10256);
#10256=AXIS2_PLACEMENT_3D('',#554,#10257,#10258);
#10257=DIRECTION('',(0,1,0));
#10258=DIRECTION('',(-0.4339038235520827,0,-0.9009591954727378));
#10259=FACE_BOUND('',#10260,.T.);
#10260=EDGE_LOOP('',(#10261,#10262,#10263));
#10261=ORIENTED_EDGE('',*,*,#10264,.T.);
#10262=ORIENTED_EDGE('',*,*,#10265,.T.);
#10263=ORIENTED_EDGE('',*,*,#10266,.T.);
#10264=EDGE_CURVE('',#555,#563,#10267,.F.);
#10265=EDGE_CURVE('',#563,#571,#10268,.T.);
#10266=EDGE_CURVE('',#571,#555,#10269,.T.);
#10267=LINE('',#554,#10270);
#10268=LINE('',#562,#10271);
#10269=LINE('',#570,#10272);
#10270=VECTOR('',#10273,1.0);
#10271=VECTOR('',#10274,1.0);
#10272=VECTOR('',#10275,1.0);
#10273=DIRECTION('',(-0.4339038235520827,0,-0.9009591954727378));
#10274=DIRECTION('',(-0.9994275490957584,0,-0.033831554922076845));
#10275=DIRECTION('',(0.9894226224549119,0,0.1450616219902587));
#10276=FACE_SURFACE('',(#10281),#10277,.T.);
#10277=PLANE('',#10278);
#10278=AXIS2_PLACEMENT_3D('',#570,#10279,#10280);
#10279=DIRECTION('',(0,1,0));
#10280=DIRECTION('',(-0.9009591954727378,0,0.4339038235520827));
#10281=FACE_BOUND('',#10282,.T.);
#10282=EDGE_LOOP('',(#10283,#10284,#10285));
#10283=ORIENTED_EDGE('',*,*,#10286,.T.);
#10284=ORIENTED_EDGE('',*,*,#10287,.T.);
#10285=ORIENTED_EDGE('',*,*,#10288,.T.);
#10286=EDGE_CURVE('',#571,#579,#10289,.F.);
#10287=EDGE_CURVE('',#579,#587,#10290,.T.);
#10288=EDGE_CURVE('',#587,#571,#10291,.T.);
#10289=LINE('',#570,#10292);
#10290=LINE('',#578,#10293);
#10291=LINE('',#586,#10294);
#10292=VECTOR('',#10295,1.0);
#10293=VECTOR('',#10296,1.0);
#10294=VECTOR('',#10297,1.0);
#10295=DIRECTION('',(-0.9009591954727378,0,0.4339038235520827));
#10296=DIRECTION('',(-0.033831554922076845,0,0.9994275490957584));
#10297=DIRECTION('',(0.1450616219902587,0,-0.9894226224549119));
#10298=FACE_SURFACE('',(#10303),#10299,.T.);
#10299=PLANE('',#10300);
#10300=AXIS2_PLACEMENT_3D('',#586,#10301,#10302);
#10301=DIRECTION('',(0,1,0));
#10302=DIRECTION('',(0.4339038235520827,0,0.9009591954727378));
#10303=FACE_BOUND('',#10304,.T.);
#10304=EDGE_LOOP('',(#10305,#10306,#10307));
#10305=ORIENTED_EDGE('',*,*,#10308,.T.);
#10306=ORIENTED_EDGE('',*,*,#10309,.T.);
#10307=ORIENTED_EDGE('',*,*,#10310,.T.);
#10308=EDGE_CURVE('',#587,#595,#10311,.F.);
#10309=EDGE_CURVE('',#595,#603,#10312,.T.);
#10310=EDGE_CURVE('',#603,#587,#10313,.T.);
#10311=LINE('',#586,#10314);
#10312=LINE('',#594,#10315);
#10313=LINE('',#602,#10316);
#10314=VECTOR('',#10317,1.0);
#10315=VECTOR('',#10318,1.0);
#10316=VECTOR('',#10319,1.0);
#10317=DIRECTION('',(0.4339038235520827,0,0.9009591954727378));
#10318=DIRECTION('',(0.9994275490957584,0,0.033831554922076845));
#10319=DIRECTION('',(-0.9894226224549119,0,-0.1450616219902587));
#10320=FACE_SURFACE('',(#10325),#10321,.T.);
#10321=PLANE('',#10322);
#10322=AXIS2_PLACEMENT_3D('',#602,#10323,#10324);
#10323=DIRECTION('',(0,1,0));
#10324=DIRECTION('',(0.9009591954727378,0,-0.4339038235520827));
#10325=FACE_BOUND('',#10326,.T.);
#10326=EDGE_LOOP('',(#10327,#10328,#10329));
#10327=ORIENTED_EDGE('',*,*,#10330,.T.);
#10328=ORIENTED_EDGE('',*,*,#10331,.T.);
#10329=ORIENTED_EDGE('',*,*,#10332,.T.);
#10330=EDGE_CURVE('',#603,#611,#10333,.F.);
#10331=EDGE_CURVE('',#611,#555,#10334,.T.);
#10332=EDGE_CURVE('',#555,#603,#10335,.T.);
#10333=LINE('',#602,#10336);
#10334=LINE('',#610,#10337);
#10335=LINE('',#554,#10338);
#10336=VECTOR('',#10339,1.0);
#10337=VECTOR('',#10340,1.0);
#10338=VECTOR('',#10341,1.0);
#10339=DIRECTION('',(0.9009591954727378,0,-0.4339038235520827));
#10340=DIRECTION('',(0.033831554922076845,0,-0.9994275490957584));
#10341=DIRECTION('',(-0.1450616219902587,0,0.9894226224549119));
#10342=FACE_SURFACE('',(#10347),#10343,.T.);
#10343=PLANE('',#10344);
#10344=AXIS2_PLACEMENT_3D('',#554,#10345,#10346);
#10345=DIRECTION('',(0,1,0));
#10346=DIRECTION('',(-0.9894226224549119,0,-0.1450616219902587));
#10347=FACE_BOUND('',#10348,.T.);
#10348=EDGE_LOOP('',(#10349,#10350,#10351));
#10349=ORIENTED_EDGE('',*,*,#10352,.T.);
#10350=ORIENTED_EDGE('',*,*,#10353,.T.);
#10351=ORIENTED_EDGE('',*,*,#10354,.T.);
#10352=EDGE_CURVE('',#555,#571,#10355,.F.);
#10353=EDGE_CURVE('',#571,#587,#10356,.T.);
#10354=EDGE_CURVE('',#587,#555,#10357,.T.);
#10355=LINE('',#554,#10358);
#10356=LINE('',#570,#10359);
#10357=LINE('',#586,#10360);
#10358=VECTOR('',#10361,1.0);
#10359=VECTOR('',#10362,1.0);
#10360=VECTOR('',#10363,1.0);
#10361=DIRECTION('',(-0.9894226224549119,0,-0.1450616219902587));
#10362=DIRECTION('',(-0.1450616219902587,0,0.9894226224549119));
#10363=DIRECTION('',(0.802201502396477,0,-0.597053389198014));
#10364=FACE_SURFACE('',(#10369),#10365,.T.);
#10365=PLANE('',#10366);
#10366=AXIS2_PLACEMENT_3D('',#586,#10367,#10368);
#10367=DIRECTION('',(-0,1,0));
#10368=DIRECTION('',(0.9894226224549119,0,0.1450616219902587));
#10369=FACE_BOUND('',#10370,.T.);
#10370=EDGE_LOOP('',(#10371,#10372,#10373));
#10371=ORIENTED_EDGE('',*,*,#10374,.T.);
#10372=ORIENTED_EDGE('',*,*,#10375,.T.);
#10373=ORIENTED_EDGE('',*,*,#10376,.T.);
#10374=EDGE_CURVE('',#587,#603,#10377,.F.);
#10375=EDGE_CURVE('',#603,#555,#10378,.T.);
#10376=EDGE_CURVE('',#555,#587,#10379,.T.);
#10377=LINE('',#586,#10380);
#10378=LINE('',#602,#10381);
#10379=LINE('',#554,#10382);
#10380=VECTOR('',#10383,1.0);
#10381=VECTOR('',#10384,1.0);
#10382=VECTOR('',#10385,1.0);
#10383=DIRECTION('',(0.9894226224549119,0,0.1450616219902587));
#10384=DIRECTION('',(0.1450616219902587,0,-0.9894226224549119));
#10385=DIRECTION('',(-0.802201502396477,0,0.597053389198014));
ENDSEC;
END-ISO-10303-21;
