ISO-10303-21;
HEADER;
FILE_DESCRIPTION((''),'2;1');
FILE_NAME('Ai', '2026-10-07T13:42:37', (''), (''), 'ImageToStl.com STEP Converter','', '');
FILE_SCHEMA(('AUTOMOTIVE_DESIGN_CC2'));
ENDSEC;
DATA;
#1=PRODUCT_DEFINITION_CONTEXT('',#4,'design');
#2=APPLICATION_PROTOCOL_DEFINITION('INTERNATIONAL STANDARD','automotive_design',1994,#4);
#3=(GEOMETRIC_REPRESENTATION_CONTEXT(3)GLOBAL_UNCERTAINTY_ASSIGNED_CONTEXT((#5))GLOBAL_UNIT_ASSIGNED_CONTEXT((#6,#7,#8))REPRESENTATION_CONTEXT('NONE','WORKSPACE'));
#4=APPLICATION_CONTEXT(' ');
#5=UNCERTAINTY_MEASURE_WITH_UNIT(LENGTH_MEASURE(1.0E-006),#6,'','');
#6=(CONVERSION_BASED_UNIT('METRE',#10)LENGTH_UNIT()NAMED_UNIT(#11));
#7=(NAMED_UNIT(#12)PLANE_ANGLE_UNIT()SI_UNIT($,.RADIAN.));
#8=(NAMED_UNIT(#12)SOLID_ANGLE_UNIT()SI_UNIT($,.STERADIAN.));
#9=AXIS2_PLACEMENT_3D('',#14,#15,#16);
#10=LENGTH_MEASURE_WITH_UNIT(LENGTH_MEASURE(1.0),#17);
#11=DIMENSIONAL_EXPONENTS(1.0,0.0,0.0,0.0,0.0,0.0,0.0);
#12=DIMENSIONAL_EXPONENTS(0.0,0.0,0.0,0.0,0.0,0.0,0.0);
#13=PRODUCT_CONTEXT('',#4,'mechanical');
#14=CARTESIAN_POINT('',(0.0,0.0,0.0));
#15=DIRECTION('',(0.0,0.0,1.0));
#16=DIRECTION('',(1.0,0.0,0.0));
#17=(NAMED_UNIT(#11)LENGTH_UNIT()SI_UNIT(.MILLI.,.METRE.));
#18=PRESENTATION_STYLE_ASSIGNMENT((#19));
#19=SURFACE_STYLE_USAGE(.BOTH.,#20);
#20=SURFACE_SIDE_STYLE('',(#21));
#21=SURFACE_STYLE_FILL_AREA(#22);
#22=FILL_AREA_STYLE('',(#23));
#23=FILL_AREA_STYLE_COLOUR('',#24);
#24=COLOUR_RGB('',0.59839,0.22038,0.03146);
#25=SHAPE_DEFINITION_REPRESENTATION(#26,#27);
#26=PRODUCT_DEFINITION_SHAPE('productshape0','',#30);
#27=MANIFOLD_SURFACE_SHAPE_REPRESENTATION('',(#28,#9),#3);
#28=SHELL_BASED_SURFACE_MODEL('shell0',(#33));
#29=PRODUCT('product0','','',(#13));
#30=PRODUCT_DEFINITION('mesh0','',#31,#2);
#31=PRODUCT_DEFINITION_FORMATION_WITH_SPECIFIED_SOURCE('prodsource0','',#29,.NOT_KNOWN.);
#32=STYLED_ITEM('',(#18),#33);
#33=CLOSED_SHELL('',(#566,#588,#610,#632,#654,#676,#698,#720,#742,#764,#786,#808,#830,#852,#874,#896,#918,#940,#962,#984,#1006,#1028,#1050,#1072,#1094,#1116,#1138,#1160,#1182,#1204,#1226,#1248,#1270,#1292,#1314,#1336,#1358,#1380,#1402,#1424,#1446,#1468,#1490,#1512,#1534,#1556,#1578,#1600,#1622,#1644,#1666,#1688,#1710,#1732,#1754,#1776,#1798,#1820,#1842,#1864,#1886,#1908,#1930,#1952,#1974,#1996,#2018,#2040,#2062,#2084,#2106,#2128,#2150,#2172,#2194,#2216,#2238,#2260,#2282,#2304,#2326,#2348,#2370,#2392,#2414,#2436,#2458,#2480,#2502,#2524,#2546,#2568,#2590,#2612,#2634,#2656,#2678,#2700,#2722,#2744,#2766,#2788,#2810,#2832,#2854,#2876,#2898,#2920,#2942,#2964,#2986,#3008,#3030,#3052,#3074,#3096,#3118,#3140,#3162,#3184,#3206,#3228,#3250,#3272,#3294,#3316,#3338,#3360,#3382,#3404,#3426,#3448,#3470,#3492,#3514,#3536,#3558,#3580,#3602,#3624,#3646,#3668,#3690,#3712,#3734,#3756,#3778,#3800,#3822,#3844,#3866,#3888,#3910,#3932,#3954,#3976,#3998,#4020,#4042,#4064,#4086,#4108,#4130,#4152,#4174,#4196,#4218,#4240,#4262,#4284,#4306,#4328,#4350,#4372,#4394,#4416,#4438,#4460,#4482,#4504,#4526,#4548,#4570,#4592,#4614,#4636,#4658,#4680,#4702,#4724,#4746,#4768,#4790,#4812,#4834,#4856,#4878,#4900,#4922,#4944,#4966,#4988,#5010,#5032,#5054,#5076,#5098,#5120,#5142,#5164,#5186,#5208,#5230,#5252,#5274,#5296,#5318,#5340,#5362,#5384,#5406,#5428,#5450,#5472,#5494,#5516,#5538,#5560,#5582,#5604,#5626,#5648,#5670,#5692,#5714,#5736,#5758,#5780,#5802,#5824,#5846,#5868,#5890,#5912,#5934,#5956,#5978,#6000,#6022,#6044));
#34=CARTESIAN_POINT('',(28.07176939846677,-72.29075538601715,341.3791131258408));
#35=VERTEX_POINT('',#34);
#36=CARTESIAN_POINT('',(28.171121257712457,-72.29075538601712,341.37911291834394));
#37=VERTEX_POINT('',#36);
#38=CARTESIAN_POINT('',(28.12144527621541,-72.29075538647459,341.3825177336835));
#39=VERTEX_POINT('',#38);
#40=CARTESIAN_POINT('',(28.024003321365143,-72.29075538468595,341.3692053601237));
#41=VERTEX_POINT('',#40);
#42=CARTESIAN_POINT('',(28.21888723106568,-72.29075538468592,341.3692051526269));
#43=VERTEX_POINT('',#42);
#44=CARTESIAN_POINT('',(27.97860644284974,-72.29075538254273,341.3532538344946));
#45=VERTEX_POINT('',#44);
#46=CARTESIAN_POINT('',(28.264284109581084,-72.2907553825427,341.3532536269978));
#47=VERTEX_POINT('',#46);
#48=CARTESIAN_POINT('',(27.93603805711136,-72.29075537964916,341.3317177394188));
#49=VERTEX_POINT('',#48);
#50=CARTESIAN_POINT('',(28.30685249531946,-72.29075537964913,341.33171753192204));
#51=VERTEX_POINT('',#50);
#52=CARTESIAN_POINT('',(27.896757458340815,-72.29075537606701,341.30505668035545));
#53=VERTEX_POINT('',#52);
#54=CARTESIAN_POINT('',(28.3461329903416,-72.29075537606698,341.3050564728586));
#55=VERTEX_POINT('',#54);
#56=CARTESIAN_POINT('',(27.86122404447731,-72.29075537185797,341.2737298477698));
#57=VERTEX_POINT('',#56);
#58=CARTESIAN_POINT('',(28.381666404205106,-72.29075537185794,341.273729640273));
#59=VERTEX_POINT('',#58);
#60=CARTESIAN_POINT('',(27.829897109711652,-72.29075536708375,341.2381964321273));
#61=VERTEX_POINT('',#60);
#62=CARTESIAN_POINT('',(28.41299323522236,-72.29075536708372,341.2381962246305));
#63=VERTEX_POINT('',#62);
#64=CARTESIAN_POINT('',(27.803235948234644,-72.29075536180605,341.1989158313902));
#65=VERTEX_POINT('',#64);
#66=CARTESIAN_POINT('',(28.439654292950962,-72.29075536180602,341.19891562389336));
#67=VERTEX_POINT('',#66);
#68=CARTESIAN_POINT('',(27.781699957985495,-72.2907553560866,341.15634744352064));
#69=VERTEX_POINT('',#68);
#70=CARTESIAN_POINT('',(28.461190386948516,-72.29075535608658,341.1563472360238));
#71=VERTEX_POINT('',#70);
#72=CARTESIAN_POINT('',(27.76574843315501,-72.29075534998715,341.11095066648085));
#73=VERTEX_POINT('',#72);
#74=CARTESIAN_POINT('',(28.477141911779,-72.29075534998712,341.110950458984));
#75=VERTEX_POINT('',#74);
#76=CARTESIAN_POINT('',(27.755840667933995,-72.29075534356937,341.0631846907362));
#77=VERTEX_POINT('',#76);
#78=CARTESIAN_POINT('',(28.487049677000016,-72.29075534356934,341.06318448323935));
#79=VERTEX_POINT('',#78);
#80=CARTESIAN_POINT('',(27.752436060261658,-72.29075533689496,341.01350870675213));
#81=VERTEX_POINT('',#80);
#82=CARTESIAN_POINT('',(28.490454284672353,-72.29075533689496,341.01350870675213));
#83=VERTEX_POINT('',#82);
#84=CARTESIAN_POINT('',(27.7558407716824,-72.29075533022056,340.96383282651647));
#85=VERTEX_POINT('',#84);
#86=CARTESIAN_POINT('',(28.487049677000016,-72.29075533022056,340.96383282651647));
#87=VERTEX_POINT('',#86);
#88=CARTESIAN_POINT('',(27.765748536903416,-72.29075532380277,340.9160667470234));
#89=VERTEX_POINT('',#88);
#90=CARTESIAN_POINT('',(28.477141911779,-72.29075532380278,340.9160668507718));
#91=VERTEX_POINT('',#90);
#92=CARTESIAN_POINT('',(28.461190386948516,-72.29075531770332,340.8706699699836));
#93=VERTEX_POINT('',#92);
#94=CARTESIAN_POINT('',(27.7817000617339,-72.2907553177033,340.8706698662352));
#95=VERTEX_POINT('',#94);
#96=CARTESIAN_POINT('',(28.439654292950962,-72.29075531198387,340.828101582114));
#97=VERTEX_POINT('',#96);
#98=CARTESIAN_POINT('',(27.80323605198305,-72.29075531198386,340.8281014783656));
#99=VERTEX_POINT('',#98);
#100=CARTESIAN_POINT('',(28.41299323522236,-72.29075530670617,340.7888209813769));
#101=VERTEX_POINT('',#100);
#102=CARTESIAN_POINT('',(27.829897213460058,-72.29075530670616,340.7888208776285));
#103=VERTEX_POINT('',#102);
#104=CARTESIAN_POINT('',(28.381666404205106,-72.29075530193195,340.7532875657344));
#105=VERTEX_POINT('',#104);
#106=CARTESIAN_POINT('',(27.861224148225716,-72.29075530193194,340.753287461986));
#107=VERTEX_POINT('',#106);
#108=CARTESIAN_POINT('',(28.3461329903416,-72.2907552977229,340.72196062940037));
#109=VERTEX_POINT('',#108);
#110=CARTESIAN_POINT('',(27.89675756208922,-72.29075529772288,340.7219605256519));
#111=VERTEX_POINT('',#110);
#112=CARTESIAN_POINT('',(28.306852391571056,-72.29075529414074,340.69529946658855));
#113=VERTEX_POINT('',#112);
#114=CARTESIAN_POINT('',(27.936038160859766,-72.29075529414072,340.69529936284016));
#115=VERTEX_POINT('',#114);
#116=CARTESIAN_POINT('',(28.26428400583268,-72.29075529124717,340.6737633715128));
#117=VERTEX_POINT('',#116);
#118=CARTESIAN_POINT('',(27.978606546598144,-72.29075529124715,340.6737632677644));
#119=VERTEX_POINT('',#118);
#120=CARTESIAN_POINT('',(28.218887127317274,-72.29075528910393,340.65781174213527));
#121=VERTEX_POINT('',#120);
#122=CARTESIAN_POINT('',(28.02400342511355,-72.29075528910391,340.6578116383869));
#123=VERTEX_POINT('',#122);
#124=CARTESIAN_POINT('',(28.17112115396405,-72.29075528777273,340.6479039764182));
#125=VERTEX_POINT('',#124);
#126=CARTESIAN_POINT('',(28.071769502215176,-72.29075528777271,340.6479038726698));
#127=VERTEX_POINT('',#126);
#128=CARTESIAN_POINT('',(28.12144527621541,-72.29075528731528,340.644499264827));
#129=VERTEX_POINT('',#128);
#130=CARTESIAN_POINT('',(27.80813546668071,-72.2907547896478,336.94048222386516));
#131=VERTEX_POINT('',#130);
#132=CARTESIAN_POINT('',(28.427792530262224,-72.29075520967169,340.06661709024746));
#133=VERTEX_POINT('',#132);
#134=CARTESIAN_POINT('',(27.80813546668071,-72.29075520967169,340.06661709024746));
#135=VERTEX_POINT('',#134);
#136=CARTESIAN_POINT('',(28.427792530262224,-72.2907547896478,336.94048222386516));
#137=VERTEX_POINT('',#136);
#138=CARTESIAN_POINT('',(22.71163075322619,-72.2907547896478,336.94048222386516));
#139=VERTEX_POINT('',#138);
#140=CARTESIAN_POINT('',(25.232033302995518,-72.29075543137695,341.7167150189167));
#141=VERTEX_POINT('',#140);
#142=CARTESIAN_POINT('',(24.75162506670685,-72.29075543137695,341.7167150189167));
#143=VERTEX_POINT('',#142);
#144=CARTESIAN_POINT('',(24.981385455367757,-72.29075529105714,340.67234907317925));
#145=VERTEX_POINT('',#144);
#146=CARTESIAN_POINT('',(27.355577037349974,-72.2907547896478,336.94048222386516));
#147=VERTEX_POINT('',#146);
#148=CARTESIAN_POINT('',(24.271216830418183,-72.29075505999724,338.9526268311262));
#149=VERTEX_POINT('',#148);
#150=CARTESIAN_POINT('',(25.747253694233194,-72.29075505999724,338.9526268311262));
#151=VERTEX_POINT('',#150);
#152=CARTESIAN_POINT('',(24.006644079311457,-72.29075497767631,338.33993229235796));
#153=VERTEX_POINT('',#152);
#154=CARTESIAN_POINT('',(26.025751141322075,-72.29075497767631,338.33993229235796));
#155=VERTEX_POINT('',#154);
#156=CARTESIAN_POINT('',(23.407874474696797,-72.2907547896478,336.94048222386516));
#157=VERTEX_POINT('',#156);
#158=CARTESIAN_POINT('',(26.659333108382555,-72.2907547896478,336.94048222386516));
#159=VERTEX_POINT('',#158);
#160=CARTESIAN_POINT('',(26.659333108382555,-71.40119942099042,336.9404823433848));
#161=VERTEX_POINT('',#160);
#162=CARTESIAN_POINT('',(26.659333108382555,-72.2907547896478,336.94048222386516));
#163=VERTEX_POINT('',#162);
#164=CARTESIAN_POINT('',(26.025751141322075,-72.29075497767631,338.33993229235796));
#165=VERTEX_POINT('',#164);
#166=CARTESIAN_POINT('',(26.025751141322075,-71.40119960901892,338.3399324118776));
#167=VERTEX_POINT('',#166);
#168=CARTESIAN_POINT('',(25.10930049560706,-71.40119960901892,338.3399324118776));
#169=VERTEX_POINT('',#168);
#170=CARTESIAN_POINT('',(24.006644079311457,-72.29075497767631,338.33993229235796));
#171=VERTEX_POINT('',#170);
#172=CARTESIAN_POINT('',(24.006644079311457,-71.40119960901892,338.3399324118776));
#173=VERTEX_POINT('',#172);
#174=CARTESIAN_POINT('',(23.407874474696797,-72.2907547896478,336.94048222386516));
#175=VERTEX_POINT('',#174);
#176=CARTESIAN_POINT('',(23.407874474696797,-71.40119942099042,336.9404823433848));
#177=VERTEX_POINT('',#176);
#178=CARTESIAN_POINT('',(22.71163075322619,-72.2907547896478,336.94048222386516));
#179=VERTEX_POINT('',#178);
#180=CARTESIAN_POINT('',(22.71163075322619,-71.40119942099042,336.9404823433848));
#181=VERTEX_POINT('',#180);
#182=CARTESIAN_POINT('',(24.344728593067373,-71.40119993472054,340.76404981913254));
#183=VERTEX_POINT('',#182);
#184=CARTESIAN_POINT('',(24.75162506670685,-72.29075543137695,341.7167150189167));
#185=VERTEX_POINT('',#184);
#186=CARTESIAN_POINT('',(24.75162506670685,-71.40120006271957,341.71671513843637));
#187=VERTEX_POINT('',#186);
#188=CARTESIAN_POINT('',(25.232033302995518,-72.29075543137695,341.7167150189167));
#189=VERTEX_POINT('',#188);
#190=CARTESIAN_POINT('',(25.232033302995518,-71.40120006271957,341.71671513843637));
#191=VERTEX_POINT('',#190);
#192=CARTESIAN_POINT('',(27.355577037349974,-72.2907547896478,336.94048222386516));
#193=VERTEX_POINT('',#192);
#194=CARTESIAN_POINT('',(27.355577037349974,-71.40119942099042,336.9404823433848));
#195=VERTEX_POINT('',#194);
#196=CARTESIAN_POINT('',(26.659333108382555,-72.2907547896478,336.94048222386516));
#197=VERTEX_POINT('',#196);
#198=CARTESIAN_POINT('',(26.659333108382555,-71.40119942099042,336.9404823433848));
#199=VERTEX_POINT('',#198);
#200=CARTESIAN_POINT('',(25.747253694233194,-72.29075505999724,338.9526268311262));
#201=VERTEX_POINT('',#200);
#202=CARTESIAN_POINT('',(24.981385455367757,-72.29075529105714,340.67234907317925));
#203=VERTEX_POINT('',#202);
#204=CARTESIAN_POINT('',(24.981385455367757,-71.40119992239975,340.6723491926989));
#205=VERTEX_POINT('',#204);
#206=CARTESIAN_POINT('',(25.747253694233194,-71.40119969133985,338.9526269506459));
#207=VERTEX_POINT('',#206);
#208=CARTESIAN_POINT('',(24.271216830418183,-72.29075505999724,338.9526268311262));
#209=VERTEX_POINT('',#208);
#210=CARTESIAN_POINT('',(24.271216830418183,-71.40119969133985,338.9526269506459));
#211=VERTEX_POINT('',#210);
#212=CARTESIAN_POINT('',(24.941173818406952,-71.40119969133985,338.9526269506459));
#213=VERTEX_POINT('',#212);
#214=CARTESIAN_POINT('',(25.747253694233194,-72.29075505999724,338.9526268311262));
#215=VERTEX_POINT('',#214);
#216=CARTESIAN_POINT('',(25.747253694233194,-71.40119969133985,338.9526269506459));
#217=VERTEX_POINT('',#216);
#218=CARTESIAN_POINT('',(27.80813546668071,-72.2907547896478,336.94048222386516));
#219=VERTEX_POINT('',#218);
#220=CARTESIAN_POINT('',(27.80813546668071,-72.29075520967169,340.06661709024746));
#221=VERTEX_POINT('',#220);
#222=CARTESIAN_POINT('',(27.80813546668071,-71.4011998410143,340.0666172097671));
#223=VERTEX_POINT('',#222);
#224=CARTESIAN_POINT('',(27.80813546668071,-71.40119942099042,336.9404823433848));
#225=VERTEX_POINT('',#224);
#226=CARTESIAN_POINT('',(28.427792530262224,-72.29075520967169,340.06661709024746));
#227=VERTEX_POINT('',#226);
#228=CARTESIAN_POINT('',(28.427792530262224,-71.4011998410143,340.0666172097671));
#229=VERTEX_POINT('',#228);
#230=CARTESIAN_POINT('',(28.427792530262224,-72.2907547896478,336.94048222386516));
#231=VERTEX_POINT('',#230);
#232=CARTESIAN_POINT('',(28.427792530262224,-71.40119942099042,336.9404823433848));
#233=VERTEX_POINT('',#232);
#234=CARTESIAN_POINT('',(27.80813546668071,-72.2907547896478,336.94048222386516));
#235=VERTEX_POINT('',#234);
#236=CARTESIAN_POINT('',(27.80813546668071,-71.40119942099042,336.9404823433848));
#237=VERTEX_POINT('',#236);
#238=CARTESIAN_POINT('',(28.071769502215176,-71.40119991911533,340.64790399218947));
#239=VERTEX_POINT('',#238);
#240=CARTESIAN_POINT('',(28.071769502215176,-72.29075528777271,340.6479038726698));
#241=VERTEX_POINT('',#240);
#242=CARTESIAN_POINT('',(28.02400342511355,-72.29075528910391,340.6578116383869));
#243=VERTEX_POINT('',#242);
#244=CARTESIAN_POINT('',(28.02400342511355,-71.40119992044652,340.65781175790653));
#245=VERTEX_POINT('',#244);
#246=CARTESIAN_POINT('',(27.978606546598144,-72.29075529124715,340.6737632677644));
#247=VERTEX_POINT('',#246);
#248=CARTESIAN_POINT('',(27.978606546598144,-71.40119992258977,340.673763387284));
#249=VERTEX_POINT('',#248);
#250=CARTESIAN_POINT('',(27.936038160859766,-72.29075529414072,340.69529936284016));
#251=VERTEX_POINT('',#250);
#252=CARTESIAN_POINT('',(27.936038160859766,-71.40119992548333,340.69529948235976));
#253=VERTEX_POINT('',#252);
#254=CARTESIAN_POINT('',(27.89675756208922,-72.29075529772288,340.7219605256519));
#255=VERTEX_POINT('',#254);
#256=CARTESIAN_POINT('',(27.89675756208922,-71.40119992906548,340.7219606451716));
#257=VERTEX_POINT('',#256);
#258=CARTESIAN_POINT('',(27.861224148225716,-72.29075530193194,340.753287461986));
#259=VERTEX_POINT('',#258);
#260=CARTESIAN_POINT('',(27.861224148225716,-71.40119993327454,340.7532875815056));
#261=VERTEX_POINT('',#260);
#262=CARTESIAN_POINT('',(27.829897213460058,-72.29075530670616,340.7888208776285));
#263=VERTEX_POINT('',#262);
#264=CARTESIAN_POINT('',(27.829897213460058,-71.40119993804878,340.7888209971481));
#265=VERTEX_POINT('',#264);
#266=CARTESIAN_POINT('',(27.80323605198305,-72.29075531198386,340.8281014783656));
#267=VERTEX_POINT('',#266);
#268=CARTESIAN_POINT('',(27.80323605198305,-71.40119994332646,340.8281015978853));
#269=VERTEX_POINT('',#268);
#270=CARTESIAN_POINT('',(27.7817000617339,-72.2907553177033,340.8706698662352));
#271=VERTEX_POINT('',#270);
#272=CARTESIAN_POINT('',(27.7817000617339,-71.4011999490459,340.87066998575483));
#273=VERTEX_POINT('',#272);
#274=CARTESIAN_POINT('',(27.765748536903416,-72.29075532380277,340.9160667470234));
#275=VERTEX_POINT('',#274);
#276=CARTESIAN_POINT('',(27.765748536903416,-71.40119995514537,340.916066866543));
#277=VERTEX_POINT('',#276);
#278=CARTESIAN_POINT('',(27.7558407716824,-72.29075533022056,340.96383282651647));
#279=VERTEX_POINT('',#278);
#280=CARTESIAN_POINT('',(27.7558407716824,-71.40119996156318,340.96383294603606));
#281=VERTEX_POINT('',#280);
#282=CARTESIAN_POINT('',(27.752436060261658,-72.29075533689496,341.01350870675213));
#283=VERTEX_POINT('',#282);
#284=CARTESIAN_POINT('',(27.752436060261658,-71.40119996823756,341.01350882627173));
#285=VERTEX_POINT('',#284);
#286=CARTESIAN_POINT('',(27.755840667933995,-72.29075534356937,341.0631846907362));
#287=VERTEX_POINT('',#286);
#288=CARTESIAN_POINT('',(27.755840667933995,-71.40119997491198,341.06318481025585));
#289=VERTEX_POINT('',#288);
#290=CARTESIAN_POINT('',(27.76574843315501,-72.29075534998715,341.11095066648085));
#291=VERTEX_POINT('',#290);
#292=CARTESIAN_POINT('',(27.76574843315501,-71.40119998132975,341.11095078600044));
#293=VERTEX_POINT('',#292);
#294=CARTESIAN_POINT('',(27.781699957985495,-72.2907553560866,341.15634744352064));
#295=VERTEX_POINT('',#294);
#296=CARTESIAN_POINT('',(27.781699957985495,-71.40119998742922,341.15634756304024));
#297=VERTEX_POINT('',#296);
#298=CARTESIAN_POINT('',(27.803235948234644,-72.29075536180605,341.1989158313902));
#299=VERTEX_POINT('',#298);
#300=CARTESIAN_POINT('',(27.803235948234644,-71.40119999314865,341.19891595090985));
#301=VERTEX_POINT('',#300);
#302=CARTESIAN_POINT('',(27.829897109711652,-72.29075536708375,341.2381964321273));
#303=VERTEX_POINT('',#302);
#304=CARTESIAN_POINT('',(27.829897109711652,-71.40119999842635,341.238196551647));
#305=VERTEX_POINT('',#304);
#306=CARTESIAN_POINT('',(27.86122404447731,-72.29075537185797,341.2737298477698));
#307=VERTEX_POINT('',#306);
#308=CARTESIAN_POINT('',(27.86122404447731,-71.40120000320059,341.27372996728946));
#309=VERTEX_POINT('',#308);
#310=CARTESIAN_POINT('',(27.896757458340815,-72.29075537606701,341.30505668035545));
#311=VERTEX_POINT('',#310);
#312=CARTESIAN_POINT('',(27.896757458340815,-71.40120000740961,341.3050567998751));
#313=VERTEX_POINT('',#312);
#314=CARTESIAN_POINT('',(27.93603805711136,-72.29075537964916,341.3317177394188));
#315=VERTEX_POINT('',#314);
#316=CARTESIAN_POINT('',(27.93603805711136,-71.40120001099177,341.3317178589385));
#317=VERTEX_POINT('',#316);
#318=CARTESIAN_POINT('',(27.97860644284974,-72.29075538254273,341.3532538344946));
#319=VERTEX_POINT('',#318);
#320=CARTESIAN_POINT('',(27.97860644284974,-71.40120001388533,341.35325395401424));
#321=VERTEX_POINT('',#320);
#322=CARTESIAN_POINT('',(28.024003321365143,-72.29075538468595,341.3692053601237));
#323=VERTEX_POINT('',#322);
#324=CARTESIAN_POINT('',(28.024003321365143,-71.40120001602857,341.36920547964337));
#325=VERTEX_POINT('',#324);
#326=CARTESIAN_POINT('',(28.07176939846677,-72.29075538601715,341.3791131258408));
#327=VERTEX_POINT('',#326);
#328=CARTESIAN_POINT('',(28.07176939846677,-71.40120001735976,341.3791132453604));
#329=VERTEX_POINT('',#328);
#330=CARTESIAN_POINT('',(28.12144527621541,-72.29075538647459,341.3825177336835));
#331=VERTEX_POINT('',#330);
#332=CARTESIAN_POINT('',(28.12144527621541,-71.4012000178172,341.3825178532032));
#333=VERTEX_POINT('',#332);
#334=CARTESIAN_POINT('',(28.171121257712457,-72.29075538601712,341.37911291834394));
#335=VERTEX_POINT('',#334);
#336=CARTESIAN_POINT('',(28.171121257712457,-71.40120001735973,341.3791130378636));
#337=VERTEX_POINT('',#336);
#338=CARTESIAN_POINT('',(28.21888723106568,-72.29075538468592,341.3692051526269));
#339=VERTEX_POINT('',#338);
#340=CARTESIAN_POINT('',(28.21888723106568,-71.40120001602854,341.36920527214653));
#341=VERTEX_POINT('',#340);
#342=CARTESIAN_POINT('',(28.264284109581084,-72.2907553825427,341.3532536269978));
#343=VERTEX_POINT('',#342);
#344=CARTESIAN_POINT('',(28.264284109581084,-71.4012000138853,341.3532537465174));
#345=VERTEX_POINT('',#344);
#346=CARTESIAN_POINT('',(28.30685249531946,-72.29075537964913,341.33171753192204));
#347=VERTEX_POINT('',#346);
#348=CARTESIAN_POINT('',(28.30685249531946,-71.40120001099174,341.33171765144164));
#349=VERTEX_POINT('',#348);
#350=CARTESIAN_POINT('',(28.3461329903416,-72.29075537606698,341.3050564728586));
#351=VERTEX_POINT('',#350);
#352=CARTESIAN_POINT('',(28.3461329903416,-71.40120000740959,341.30505659237826));
#353=VERTEX_POINT('',#352);
#354=CARTESIAN_POINT('',(28.381666404205106,-72.29075537185794,341.273729640273));
#355=VERTEX_POINT('',#354);
#356=CARTESIAN_POINT('',(28.381666404205106,-71.40120000320056,341.2737297597926));
#357=VERTEX_POINT('',#356);
#358=CARTESIAN_POINT('',(28.41299323522236,-72.29075536708372,341.2381962246305));
#359=VERTEX_POINT('',#358);
#360=CARTESIAN_POINT('',(28.41299323522236,-71.40119999842632,341.23819634415014));
#361=VERTEX_POINT('',#360);
#362=CARTESIAN_POINT('',(28.439654292950962,-72.29075536180602,341.19891562389336));
#363=VERTEX_POINT('',#362);
#364=CARTESIAN_POINT('',(28.439654292950962,-71.40119999314862,341.198915743413));
#365=VERTEX_POINT('',#364);
#366=CARTESIAN_POINT('',(28.461190386948516,-72.29075535608658,341.1563472360238));
#367=VERTEX_POINT('',#366);
#368=CARTESIAN_POINT('',(28.461190386948516,-71.4011999874292,341.15634735554346));
#369=VERTEX_POINT('',#368);
#370=CARTESIAN_POINT('',(28.477141911779,-72.29075534998712,341.110950458984));
#371=VERTEX_POINT('',#370);
#372=CARTESIAN_POINT('',(28.477141911779,-71.40119998132973,341.11095057850366));
#373=VERTEX_POINT('',#372);
#374=CARTESIAN_POINT('',(28.487049677000016,-72.29075534356934,341.06318448323935));
#375=VERTEX_POINT('',#374);
#376=CARTESIAN_POINT('',(28.487049677000016,-71.40119997491195,341.063184602759));
#377=VERTEX_POINT('',#376);
#378=CARTESIAN_POINT('',(28.490454284672353,-72.29075533689496,341.01350870675213));
#379=VERTEX_POINT('',#378);
#380=CARTESIAN_POINT('',(28.490454284672353,-71.40119996823756,341.01350882627173));
#381=VERTEX_POINT('',#380);
#382=CARTESIAN_POINT('',(28.487049677000016,-72.29075533022056,340.96383282651647));
#383=VERTEX_POINT('',#382);
#384=CARTESIAN_POINT('',(28.487049677000016,-71.40119996156318,340.96383294603606));
#385=VERTEX_POINT('',#384);
#386=CARTESIAN_POINT('',(28.477141911779,-72.29075532380278,340.9160668507718));
#387=VERTEX_POINT('',#386);
#388=CARTESIAN_POINT('',(28.477141911779,-71.40119995514539,340.91606697029147));
#389=VERTEX_POINT('',#388);
#390=CARTESIAN_POINT('',(28.461190386948516,-72.29075531770332,340.8706699699836));
#391=VERTEX_POINT('',#390);
#392=CARTESIAN_POINT('',(28.461190386948516,-71.40119994904592,340.8706700895032));
#393=VERTEX_POINT('',#392);
#394=CARTESIAN_POINT('',(28.439654292950962,-72.29075531198387,340.828101582114));
#395=VERTEX_POINT('',#394);
#396=CARTESIAN_POINT('',(28.439654292950962,-71.40119994332647,340.82810170163367));
#397=VERTEX_POINT('',#396);
#398=CARTESIAN_POINT('',(28.41299323522236,-72.29075530670617,340.7888209813769));
#399=VERTEX_POINT('',#398);
#400=CARTESIAN_POINT('',(28.41299323522236,-71.40119993804879,340.78882110089654));
#401=VERTEX_POINT('',#400);
#402=CARTESIAN_POINT('',(28.381666404205106,-72.29075530193195,340.7532875657344));
#403=VERTEX_POINT('',#402);
#404=CARTESIAN_POINT('',(28.381666404205106,-71.40119993327455,340.75328768525407));
#405=VERTEX_POINT('',#404);
#406=CARTESIAN_POINT('',(28.3461329903416,-72.2907552977229,340.72196062940037));
#407=VERTEX_POINT('',#406);
#408=CARTESIAN_POINT('',(28.3461329903416,-71.4011999290655,340.72196074891997));
#409=VERTEX_POINT('',#408);
#410=CARTESIAN_POINT('',(28.306852391571056,-72.29075529414074,340.69529946658855));
#411=VERTEX_POINT('',#410);
#412=CARTESIAN_POINT('',(28.306852391571056,-71.40119992548334,340.6952995861082));
#413=VERTEX_POINT('',#412);
#414=CARTESIAN_POINT('',(28.26428400583268,-72.29075529124717,340.6737633715128));
#415=VERTEX_POINT('',#414);
#416=CARTESIAN_POINT('',(28.26428400583268,-71.40119992258978,340.67376349103245));
#417=VERTEX_POINT('',#416);
#418=CARTESIAN_POINT('',(28.218887127317274,-72.29075528910393,340.65781174213527));
#419=VERTEX_POINT('',#418);
#420=CARTESIAN_POINT('',(28.218887127317274,-71.40119992044653,340.6578118616549));
#421=VERTEX_POINT('',#420);
#422=CARTESIAN_POINT('',(28.17112115396405,-72.29075528777273,340.6479039764182));
#423=VERTEX_POINT('',#422);
#424=CARTESIAN_POINT('',(28.17112115396405,-71.40119991911534,340.64790409593786));
#425=VERTEX_POINT('',#424);
#426=CARTESIAN_POINT('',(28.12144527621541,-72.29075528731528,340.644499264827));
#427=VERTEX_POINT('',#426);
#428=CARTESIAN_POINT('',(28.12144527621541,-71.40119991865788,340.64449938434666));
#429=VERTEX_POINT('',#428);
#430=CARTESIAN_POINT('',(28.071769502215176,-72.29075528777271,340.6479038726698));
#431=VERTEX_POINT('',#430);
#432=CARTESIAN_POINT('',(28.071769502215176,-71.40119991911533,340.64790399218947));
#433=VERTEX_POINT('',#432);
#434=CARTESIAN_POINT('',(28.12144527621541,-71.40119991865788,340.64449938434666));
#435=VERTEX_POINT('',#434);
#436=CARTESIAN_POINT('',(28.071769502215176,-71.40119991911533,340.64790399218947));
#437=VERTEX_POINT('',#436);
#438=CARTESIAN_POINT('',(28.02400342511355,-71.40119992044652,340.65781175790653));
#439=VERTEX_POINT('',#438);
#440=CARTESIAN_POINT('',(27.978606546598144,-71.40119992258977,340.673763387284));
#441=VERTEX_POINT('',#440);
#442=CARTESIAN_POINT('',(27.936038160859766,-71.40119992548333,340.69529948235976));
#443=VERTEX_POINT('',#442);
#444=CARTESIAN_POINT('',(27.89675756208922,-71.40119992906548,340.7219606451716));
#445=VERTEX_POINT('',#444);
#446=CARTESIAN_POINT('',(27.861224148225716,-71.40119993327454,340.7532875815056));
#447=VERTEX_POINT('',#446);
#448=CARTESIAN_POINT('',(27.829897213460058,-71.40119993804878,340.7888209971481));
#449=VERTEX_POINT('',#448);
#450=CARTESIAN_POINT('',(27.80323605198305,-71.40119994332646,340.8281015978853));
#451=VERTEX_POINT('',#450);
#452=CARTESIAN_POINT('',(27.7817000617339,-71.4011999490459,340.87066998575483));
#453=VERTEX_POINT('',#452);
#454=CARTESIAN_POINT('',(27.765748536903416,-71.40119995514537,340.916066866543));
#455=VERTEX_POINT('',#454);
#456=CARTESIAN_POINT('',(27.7558407716824,-71.40119996156318,340.96383294603606));
#457=VERTEX_POINT('',#456);
#458=CARTESIAN_POINT('',(27.752436060261658,-71.40119996823756,341.01350882627173));
#459=VERTEX_POINT('',#458);
#460=CARTESIAN_POINT('',(27.755840667933995,-71.40119997491198,341.06318481025585));
#461=VERTEX_POINT('',#460);
#462=CARTESIAN_POINT('',(27.76574843315501,-71.40119998132975,341.11095078600044));
#463=VERTEX_POINT('',#462);
#464=CARTESIAN_POINT('',(27.781699957985495,-71.40119998742922,341.15634756304024));
#465=VERTEX_POINT('',#464);
#466=CARTESIAN_POINT('',(27.803235948234644,-71.40119999314865,341.19891595090985));
#467=VERTEX_POINT('',#466);
#468=CARTESIAN_POINT('',(27.829897109711652,-71.40119999842635,341.238196551647));
#469=VERTEX_POINT('',#468);
#470=CARTESIAN_POINT('',(27.86122404447731,-71.40120000320059,341.27372996728946));
#471=VERTEX_POINT('',#470);
#472=CARTESIAN_POINT('',(27.896757458340815,-71.40120000740961,341.3050567998751));
#473=VERTEX_POINT('',#472);
#474=CARTESIAN_POINT('',(27.93603805711136,-71.40120001099177,341.3317178589385));
#475=VERTEX_POINT('',#474);
#476=CARTESIAN_POINT('',(27.97860644284974,-71.40120001388533,341.35325395401424));
#477=VERTEX_POINT('',#476);
#478=CARTESIAN_POINT('',(28.024003321365143,-71.40120001602857,341.36920547964337));
#479=VERTEX_POINT('',#478);
#480=CARTESIAN_POINT('',(28.07176939846677,-71.40120001735976,341.3791132453604));
#481=VERTEX_POINT('',#480);
#482=CARTESIAN_POINT('',(28.12144527621541,-71.4012000178172,341.3825178532032));
#483=VERTEX_POINT('',#482);
#484=CARTESIAN_POINT('',(28.171121257712457,-71.40120001735973,341.3791130378636));
#485=VERTEX_POINT('',#484);
#486=CARTESIAN_POINT('',(28.21888723106568,-71.40120001602854,341.36920527214653));
#487=VERTEX_POINT('',#486);
#488=CARTESIAN_POINT('',(28.264284109581084,-71.4012000138853,341.3532537465174));
#489=VERTEX_POINT('',#488);
#490=CARTESIAN_POINT('',(28.30685249531946,-71.40120001099174,341.33171765144164));
#491=VERTEX_POINT('',#490);
#492=CARTESIAN_POINT('',(28.3461329903416,-71.40120000740959,341.30505659237826));
#493=VERTEX_POINT('',#492);
#494=CARTESIAN_POINT('',(28.381666404205106,-71.40120000320056,341.2737297597926));
#495=VERTEX_POINT('',#494);
#496=CARTESIAN_POINT('',(28.41299323522236,-71.40119999842632,341.23819634415014));
#497=VERTEX_POINT('',#496);
#498=CARTESIAN_POINT('',(28.439654292950962,-71.40119999314862,341.198915743413));
#499=VERTEX_POINT('',#498);
#500=CARTESIAN_POINT('',(28.461190386948516,-71.4011999874292,341.15634735554346));
#501=VERTEX_POINT('',#500);
#502=CARTESIAN_POINT('',(28.477141911779,-71.40119998132973,341.11095057850366));
#503=VERTEX_POINT('',#502);
#504=CARTESIAN_POINT('',(28.487049677000016,-71.40119997491195,341.063184602759));
#505=VERTEX_POINT('',#504);
#506=CARTESIAN_POINT('',(28.490454284672353,-71.40119996823756,341.01350882627173));
#507=VERTEX_POINT('',#506);
#508=CARTESIAN_POINT('',(28.487049677000016,-71.40119996156318,340.96383294603606));
#509=VERTEX_POINT('',#508);
#510=CARTESIAN_POINT('',(28.477141911779,-71.40119995514539,340.91606697029147));
#511=VERTEX_POINT('',#510);
#512=CARTESIAN_POINT('',(28.461190386948516,-71.40119994904592,340.8706700895032));
#513=VERTEX_POINT('',#512);
#514=CARTESIAN_POINT('',(28.439654292950962,-71.40119994332647,340.82810170163367));
#515=VERTEX_POINT('',#514);
#516=CARTESIAN_POINT('',(28.41299323522236,-71.40119993804879,340.78882110089654));
#517=VERTEX_POINT('',#516);
#518=CARTESIAN_POINT('',(28.381666404205106,-71.40119993327455,340.75328768525407));
#519=VERTEX_POINT('',#518);
#520=CARTESIAN_POINT('',(28.3461329903416,-71.4011999290655,340.72196074891997));
#521=VERTEX_POINT('',#520);
#522=CARTESIAN_POINT('',(28.306852391571056,-71.40119992548334,340.6952995861082));
#523=VERTEX_POINT('',#522);
#524=CARTESIAN_POINT('',(28.26428400583268,-71.40119992258978,340.67376349103245));
#525=VERTEX_POINT('',#524);
#526=CARTESIAN_POINT('',(28.218887127317274,-71.40119992044653,340.6578118616549));
#527=VERTEX_POINT('',#526);
#528=CARTESIAN_POINT('',(28.17112115396405,-71.40119991911534,340.64790409593786));
#529=VERTEX_POINT('',#528);
#530=CARTESIAN_POINT('',(27.80813546668071,-71.40119942099042,336.9404823433848));
#531=VERTEX_POINT('',#530);
#532=CARTESIAN_POINT('',(27.80813546668071,-71.4011998410143,340.0666172097671));
#533=VERTEX_POINT('',#532);
#534=CARTESIAN_POINT('',(28.427792530262224,-71.4011998410143,340.0666172097671));
#535=VERTEX_POINT('',#534);
#536=CARTESIAN_POINT('',(28.427792530262224,-71.40119942099042,336.9404823433848));
#537=VERTEX_POINT('',#536);
#538=CARTESIAN_POINT('',(26.025751141322075,-71.40119960901892,338.3399324118776));
#539=VERTEX_POINT('',#538);
#540=CARTESIAN_POINT('',(25.10930049560706,-71.40119960901892,338.3399324118776));
#541=VERTEX_POINT('',#540);
#542=CARTESIAN_POINT('',(24.941173818406952,-71.40119969133985,338.9526269506459));
#543=VERTEX_POINT('',#542);
#544=CARTESIAN_POINT('',(25.747253694233194,-71.40119969133985,338.9526269506459));
#545=VERTEX_POINT('',#544);
#546=CARTESIAN_POINT('',(27.355577037349974,-71.40119942099042,336.9404823433848));
#547=VERTEX_POINT('',#546);
#548=CARTESIAN_POINT('',(26.659333108382555,-71.40119942099042,336.9404823433848));
#549=VERTEX_POINT('',#548);
#550=CARTESIAN_POINT('',(24.75162506670685,-71.40120006271957,341.71671513843637));
#551=VERTEX_POINT('',#550);
#552=CARTESIAN_POINT('',(25.232033302995518,-71.40120006271957,341.71671513843637));
#553=VERTEX_POINT('',#552);
#554=CARTESIAN_POINT('',(24.981385455367757,-71.40119992239975,340.6723491926989));
#555=VERTEX_POINT('',#554);
#556=CARTESIAN_POINT('',(24.344728593067373,-71.40119993472054,340.76404981913254));
#557=VERTEX_POINT('',#556);
#558=CARTESIAN_POINT('',(24.271216830418183,-71.40119969133985,338.9526269506459));
#559=VERTEX_POINT('',#558);
#560=CARTESIAN_POINT('',(24.006644079311457,-71.40119960901892,338.3399324118776));
#561=VERTEX_POINT('',#560);
#562=CARTESIAN_POINT('',(23.407874474696797,-71.40119942099042,336.9404823433848));
#563=VERTEX_POINT('',#562);
#564=CARTESIAN_POINT('',(22.71163075322619,-71.40119942099042,336.9404823433848));
#565=VERTEX_POINT('',#564);
#566=FACE_SURFACE('',(#571),#567,.T.);
#567=PLANE('',#568);
#568=AXIS2_PLACEMENT_3D('',#34,#569,#570);
#569=DIRECTION('',(5.465638730375022E-15,-0.999999999999991,-1.3435716977261678E-07));
#570=DIRECTION('',(0.9999999999978191,2.8607123858707226E-13,-2.088504843705755E-06));
#571=FACE_BOUND('',#572,.T.);
#572=EDGE_LOOP('',(#573,#574,#575));
#573=ORIENTED_EDGE('',*,*,#576,.T.);
#574=ORIENTED_EDGE('',*,*,#577,.T.);
#575=ORIENTED_EDGE('',*,*,#578,.T.);
#576=EDGE_CURVE('',#35,#37,#579,.F.);
#577=EDGE_CURVE('',#37,#39,#580,.T.);
#578=EDGE_CURVE('',#39,#35,#581,.T.);
#579=LINE('',#34,#582);
#580=LINE('',#36,#583);
#581=LINE('',#38,#584);
#582=VECTOR('',#585,1.0);
#583=VECTOR('',#586,1.0);
#584=VECTOR('',#587,1.0);
#585=DIRECTION('',(0.9999999999978191,2.8607123858707226E-13,-2.088504843705755E-06));
#586=DIRECTION('',(-0.997659345400941,-9.187354748285704E-09,0.06838004485349414));
#587=DIRECTION('',(-0.997659619939206,9.186805660298963E-09,-0.06837603924445196));
#588=FACE_SURFACE('',(#593),#589,.T.);
#589=PLANE('',#590);
#590=AXIS2_PLACEMENT_3D('',#40,#591,#592);
#591=DIRECTION('',(5.460850363659644E-15,-0.999999999999991,-1.3435946249695934E-07));
#592=DIRECTION('',(0.9977400550753247,-9.027893186637447E-09,0.06719213122299307));
#593=FACE_BOUND('',#594,.T.);
#594=EDGE_LOOP('',(#595,#596,#597));
#595=ORIENTED_EDGE('',*,*,#598,.T.);
#596=ORIENTED_EDGE('',*,*,#599,.T.);
#597=ORIENTED_EDGE('',*,*,#600,.T.);
#598=EDGE_CURVE('',#41,#37,#601,.F.);
#599=EDGE_CURVE('',#37,#35,#602,.T.);
#600=EDGE_CURVE('',#35,#41,#603,.T.);
#601=LINE('',#40,#604);
#602=LINE('',#36,#605);
#603=LINE('',#34,#606);
#604=VECTOR('',#607,1.0);
#605=VECTOR('',#608,1.0);
#606=VECTOR('',#609,1.0);
#607=DIRECTION('',(0.9977400550753247,-9.027893186637447E-09,0.06719213122299307));
#608=DIRECTION('',(-0.9999999999978191,-2.8607123858707226E-13,2.088504843705755E-06));
#609=DIRECTION('',(-0.979158092914189,2.7288341643030507E-08,-0.20309955460475024));
#610=FACE_SURFACE('',(#615),#611,.T.);
#611=PLANE('',#612);
#612=AXIS2_PLACEMENT_3D('',#40,#613,#614);
#613=DIRECTION('',(2.7839850164442006E-15,-0.9999999999999909,-1.3435942274802249E-07));
#614=DIRECTION('',(0.9999999999994331,1.4583917920192314E-13,-1.0647202202838033E-06));
#615=FACE_BOUND('',#616,.T.);
#616=EDGE_LOOP('',(#617,#618,#619));
#617=ORIENTED_EDGE('',*,*,#620,.T.);
#618=ORIENTED_EDGE('',*,*,#621,.T.);
#619=ORIENTED_EDGE('',*,*,#622,.T.);
#620=EDGE_CURVE('',#41,#43,#623,.F.);
#621=EDGE_CURVE('',#43,#37,#624,.T.);
#622=EDGE_CURVE('',#37,#41,#625,.T.);
#623=LINE('',#40,#626);
#624=LINE('',#42,#627);
#625=LINE('',#36,#628);
#626=VECTOR('',#629,1.0);
#627=VECTOR('',#630,1.0);
#628=VECTOR('',#631,1.0);
#629=DIRECTION('',(0.9999999999994331,1.4583917920192314E-13,-1.0647202202838033E-06));
#630=DIRECTION('',(-0.9791580051870489,-2.7288398468825385E-08,0.20309997754337294));
#631=DIRECTION('',(-0.9977400550753247,9.027893186637447E-09,-0.06719213122299307));
#632=FACE_SURFACE('',(#637),#633,.T.);
#633=PLANE('',#634);
#634=AXIS2_PLACEMENT_3D('',#44,#635,#636);
#635=DIRECTION('',(2.7848783833289215E-15,-0.9999999999999909,-1.343585836854522E-07));
#636=DIRECTION('',(0.9978036959532871,-8.899957209203473E-09,0.06624035282182711));
#637=FACE_BOUND('',#638,.T.);
#638=EDGE_LOOP('',(#639,#640,#641));
#639=ORIENTED_EDGE('',*,*,#642,.T.);
#640=ORIENTED_EDGE('',*,*,#643,.T.);
#641=ORIENTED_EDGE('',*,*,#644,.T.);
#642=EDGE_CURVE('',#45,#43,#645,.F.);
#643=EDGE_CURVE('',#43,#41,#646,.T.);
#644=EDGE_CURVE('',#41,#45,#647,.T.);
#645=LINE('',#44,#648);
#646=LINE('',#42,#649);
#647=LINE('',#40,#650);
#648=VECTOR('',#651,1.0);
#649=VECTOR('',#652,1.0);
#650=VECTOR('',#653,1.0);
#651=DIRECTION('',(0.9978036959532871,-8.899957209203473E-09,0.06624035282182711));
#652=DIRECTION('',(-0.9999999999994331,-1.4583917920192314E-13,1.0647202202838033E-06));
#653=DIRECTION('',(-0.9434518783435852,4.454114521514847E-08,-0.3315095070280169));
#654=FACE_SURFACE('',(#659),#655,.T.);
#655=PLANE('',#656);
#656=AXIS2_PLACEMENT_3D('',#44,#657,#658);
#657=DIRECTION('',(1.89982786302999E-15,-0.9999999999999909,-1.3435857035359866E-07));
#658=DIRECTION('',(0.9999999999997363,9.948873412328943E-14,-7.263318298447883E-07));
#659=FACE_BOUND('',#660,.T.);
#660=EDGE_LOOP('',(#661,#662,#663));
#661=ORIENTED_EDGE('',*,*,#664,.T.);
#662=ORIENTED_EDGE('',*,*,#665,.T.);
#663=ORIENTED_EDGE('',*,*,#666,.T.);
#664=EDGE_CURVE('',#45,#47,#667,.F.);
#665=EDGE_CURVE('',#47,#43,#668,.T.);
#666=EDGE_CURVE('',#43,#45,#669,.T.);
#667=LINE('',#44,#670);
#668=LINE('',#46,#671);
#669=LINE('',#42,#672);
#670=VECTOR('',#673,1.0);
#671=VECTOR('',#674,1.0);
#672=VECTOR('',#675,1.0);
#673=DIRECTION('',(0.9999999999997363,9.948873412328943E-14,-7.263318298447883E-07));
#674=DIRECTION('',(-0.9434518783439547,-4.4541145215165915E-08,0.3315095070269654));
#675=DIRECTION('',(-0.9978036959532871,8.899957209203473E-09,-0.06624035282182711));
#676=FACE_SURFACE('',(#681),#677,.T.);
#677=PLANE('',#678);
#678=AXIS2_PLACEMENT_3D('',#48,#679,#680);
#679=DIRECTION('',(1.899398191401275E-15,-0.999999999999991,-1.3435916191958356E-07));
#680=DIRECTION('',(0.9978546546550613,-8.796253638737988E-09,0.0654682226979501));
#681=FACE_BOUND('',#682,.T.);
#682=EDGE_LOOP('',(#683,#684,#685));
#683=ORIENTED_EDGE('',*,*,#686,.T.);
#684=ORIENTED_EDGE('',*,*,#687,.T.);
#685=ORIENTED_EDGE('',*,*,#688,.T.);
#686=EDGE_CURVE('',#49,#47,#689,.F.);
#687=EDGE_CURVE('',#47,#45,#690,.T.);
#688=EDGE_CURVE('',#45,#49,#691,.T.);
#689=LINE('',#48,#692);
#690=LINE('',#46,#693);
#691=LINE('',#44,#694);
#692=VECTOR('',#695,1.0);
#693=VECTOR('',#696,1.0);
#694=VECTOR('',#697,1.0);
#695=DIRECTION('',(0.9978546546550613,-8.796253638737988E-09,0.0654682226979501));
#696=DIRECTION('',(-0.9999999999997363,-9.948873412328943E-14,7.263318298447883E-07));
#697=DIRECTION('',(-0.8923050978571951,6.065413684275171E-08,-0.45143284366343744));
#698=FACE_SURFACE('',(#703),#699,.T.);
#699=PLANE('',#700);
#700=AXIS2_PLACEMENT_3D('',#48,#701,#702);
#701=DIRECTION('',(1.4633114742383986E-15,-0.9999999999999911,-1.343591552728298E-07));
#702=DIRECTION('',(0.9999999999998435,7.664671733857719E-14,-5.595703970575796E-07));
#703=FACE_BOUND('',#704,.T.);
#704=EDGE_LOOP('',(#705,#706,#707));
#705=ORIENTED_EDGE('',*,*,#708,.T.);
#706=ORIENTED_EDGE('',*,*,#709,.T.);
#707=ORIENTED_EDGE('',*,*,#710,.T.);
#708=EDGE_CURVE('',#49,#51,#711,.F.);
#709=EDGE_CURVE('',#51,#47,#712,.T.);
#710=EDGE_CURVE('',#47,#49,#713,.T.);
#711=LINE('',#48,#714);
#712=LINE('',#50,#715);
#713=LINE('',#46,#716);
#714=VECTOR('',#717,1.0);
#715=VECTOR('',#718,1.0);
#716=VECTOR('',#719,1.0);
#717=DIRECTION('',(0.9999999999998435,7.664671733857719E-14,-5.595703970575796E-07));
#718=DIRECTION('',(-0.8923050978571951,-6.065413684275171E-08,0.45143284366343744));
#719=DIRECTION('',(-0.9978546546550613,8.796253638737988E-09,-0.0654682226979501));
#720=FACE_SURFACE('',(#725),#721,.T.);
#721=PLANE('',#722);
#722=AXIS2_PLACEMENT_3D('',#52,#723,#724);
#723=DIRECTION('',(1.4635834410893207E-15,-0.999999999999991,-1.3435866924459136E-07));
#724=DIRECTION('',(0.9978934342554195,-8.716442902638566E-09,0.06487444697201536));
#725=FACE_BOUND('',#726,.T.);
#726=EDGE_LOOP('',(#727,#728,#729));
#727=ORIENTED_EDGE('',*,*,#730,.T.);
#728=ORIENTED_EDGE('',*,*,#731,.T.);
#729=ORIENTED_EDGE('',*,*,#732,.T.);
#730=EDGE_CURVE('',#53,#51,#733,.F.);
#731=EDGE_CURVE('',#51,#49,#734,.T.);
#732=EDGE_CURVE('',#49,#53,#735,.T.);
#733=LINE('',#52,#736);
#734=LINE('',#50,#737);
#735=LINE('',#48,#738);
#736=VECTOR('',#739,1.0);
#737=VECTOR('',#740,1.0);
#738=VECTOR('',#741,1.0);
#739=DIRECTION('',(0.9978934342554195,-8.716442902638566E-09,0.06487444697201536));
#740=DIRECTION('',(-0.9999999999998435,-7.664671733857719E-14,5.595703970575796E-07));
#741=DIRECTION('',(-0.8274134549219392,7.545492005743116E-08,-0.5615932465887873));
#742=FACE_SURFACE('',(#747),#743,.T.);
#743=PLANE('',#744);
#744=AXIS2_PLACEMENT_3D('',#52,#745,#746);
#745=DIRECTION('',(1.2077004914304196E-15,-0.999999999999991,-1.3435866530862076E-07));
#746=DIRECTION('',(0.9999999999998934,6.324712274354813E-14,-4.617448536691937E-07));
#747=FACE_BOUND('',#748,.T.);
#748=EDGE_LOOP('',(#749,#750,#751));
#749=ORIENTED_EDGE('',*,*,#752,.T.);
#750=ORIENTED_EDGE('',*,*,#753,.T.);
#751=ORIENTED_EDGE('',*,*,#754,.T.);
#752=EDGE_CURVE('',#53,#55,#755,.F.);
#753=EDGE_CURVE('',#55,#51,#756,.T.);
#754=EDGE_CURVE('',#51,#53,#757,.T.);
#755=LINE('',#52,#758);
#756=LINE('',#54,#759);
#757=LINE('',#50,#760);
#758=VECTOR('',#761,1.0);
#759=VECTOR('',#762,1.0);
#760=VECTOR('',#763,1.0);
#761=DIRECTION('',(0.9999999999998934,6.324712274354813E-14,-4.617448536691937E-07));
#762=DIRECTION('',(-0.8274127656807998,-7.54550564957926E-08,0.5615942620686613));
#763=DIRECTION('',(-0.9978934342554195,8.716442902638566E-09,-0.06487444697201536));
#764=FACE_SURFACE('',(#769),#765,.T.);
#765=PLANE('',#766);
#766=AXIS2_PLACEMENT_3D('',#56,#767,#768);
#767=DIRECTION('',(1.2075437784295274E-15,-0.999999999999991,-1.3435900470379786E-07));
#768=DIRECTION('',(0.9979197285522682,-8.661951335726021E-09,0.06446871618209345));
#769=FACE_BOUND('',#770,.T.);
#770=EDGE_LOOP('',(#771,#772,#773));
#771=ORIENTED_EDGE('',*,*,#774,.T.);
#772=ORIENTED_EDGE('',*,*,#775,.T.);
#773=ORIENTED_EDGE('',*,*,#776,.T.);
#774=EDGE_CURVE('',#57,#55,#777,.F.);
#775=EDGE_CURVE('',#55,#53,#778,.T.);
#776=EDGE_CURVE('',#53,#57,#779,.T.);
#777=LINE('',#56,#780);
#778=LINE('',#54,#781);
#779=LINE('',#52,#782);
#780=VECTOR('',#783,1.0);
#781=VECTOR('',#784,1.0);
#782=VECTOR('',#785,1.0);
#783=DIRECTION('',(0.9979197285522682,-8.661951335726021E-09,0.06446871618209345));
#784=DIRECTION('',(-0.9999999999998934,-6.324712274354813E-14,4.617448536691937E-07));
#785=DIRECTION('',(-0.7501119673404845,8.885306630637258E-08,-0.6613108470701051));
#786=FACE_SURFACE('',(#791),#787,.T.);
#787=PLANE('',#788);
#788=AXIS2_PLACEMENT_3D('',#56,#789,#790);
#789=DIRECTION('',(1.0426683844008587E-15,-0.9999999999999909,-1.3435900215166996E-07));
#790=DIRECTION('',(0.9999999999999204,5.461067666603279E-14,-3.9869310893781225E-07));
#791=FACE_BOUND('',#792,.T.);
#792=EDGE_LOOP('',(#793,#794,#795));
#793=ORIENTED_EDGE('',*,*,#796,.T.);
#794=ORIENTED_EDGE('',*,*,#797,.T.);
#795=ORIENTED_EDGE('',*,*,#798,.T.);
#796=EDGE_CURVE('',#57,#59,#799,.F.);
#797=EDGE_CURVE('',#59,#55,#800,.T.);
#798=EDGE_CURVE('',#55,#57,#801,.T.);
#799=LINE('',#56,#802);
#800=LINE('',#58,#803);
#801=LINE('',#54,#804);
#802=VECTOR('',#805,1.0);
#803=VECTOR('',#806,1.0);
#804=VECTOR('',#807,1.0);
#805=DIRECTION('',(0.9999999999999204,5.461067666603279E-14,-3.9869310893781225E-07));
#806=DIRECTION('',(-0.7501119673410797,-8.885306630644308E-08,0.66131084706943));
#807=DIRECTION('',(-0.9979197285522682,8.661951335726021E-09,-0.06446871618209345));
#808=FACE_SURFACE('',(#813),#809,.T.);
#809=PLANE('',#810);
#810=AXIS2_PLACEMENT_3D('',#60,#811,#812);
#811=DIRECTION('',(1.0428067227071037E-15,-0.999999999999991,-1.3435865517136714E-07));
#812=DIRECTION('',(0.997932833197629,-8.634631318302235E-09,0.06426554618264244));
#813=FACE_BOUND('',#814,.T.);
#814=EDGE_LOOP('',(#815,#816,#817));
#815=ORIENTED_EDGE('',*,*,#818,.T.);
#816=ORIENTED_EDGE('',*,*,#819,.T.);
#817=ORIENTED_EDGE('',*,*,#820,.T.);
#818=EDGE_CURVE('',#61,#59,#821,.F.);
#819=EDGE_CURVE('',#59,#57,#822,.T.);
#820=EDGE_CURVE('',#57,#61,#823,.T.);
#821=LINE('',#60,#824);
#822=LINE('',#58,#825);
#823=LINE('',#56,#826);
#824=VECTOR('',#827,1.0);
#825=VECTOR('',#828,1.0);
#826=VECTOR('',#829,1.0);
#827=DIRECTION('',(0.997932833197629,-8.634631318302235E-09,0.06426554618264244));
#828=DIRECTION('',(-0.9999999999999204,-5.461067666603279E-14,3.9869310893781225E-07));
#829=DIRECTION('',(-0.66131204212716,1.0078389291215705E-07,-0.7501109137571557));
#830=FACE_SURFACE('',(#835),#831,.T.);
#831=PLANE('',#832);
#832=AXIS2_PLACEMENT_3D('',#60,#833,#834);
#833=DIRECTION('',(9.307445061119265E-16,-0.999999999999991,-1.3435865343123464E-07));
#834=DIRECTION('',(0.9999999999999366,4.8742751301097983E-14,-3.5585357231535575E-07));
#835=FACE_BOUND('',#836,.T.);
#836=EDGE_LOOP('',(#837,#838,#839));
#837=ORIENTED_EDGE('',*,*,#840,.T.);
#838=ORIENTED_EDGE('',*,*,#841,.T.);
#839=ORIENTED_EDGE('',*,*,#842,.T.);
#840=EDGE_CURVE('',#61,#63,#843,.F.);
#841=EDGE_CURVE('',#63,#59,#844,.T.);
#842=EDGE_CURVE('',#59,#61,#845,.T.);
#843=LINE('',#60,#846);
#844=LINE('',#62,#847);
#845=LINE('',#58,#848);
#846=VECTOR('',#849,1.0);
#847=VECTOR('',#850,1.0);
#848=VECTOR('',#851,1.0);
#849=DIRECTION('',(0.9999999999999366,4.8742751301097983E-14,-3.5585357231535575E-07));
#850=DIRECTION('',(-0.6613108098111787,-1.007840388834564E-07,0.7501120001885536));
#851=DIRECTION('',(-0.997932833197629,8.634631318302235E-09,-0.06426554618264244));
#852=FACE_SURFACE('',(#857),#853,.T.);
#853=PLANE('',#854);
#854=AXIS2_PLACEMENT_3D('',#64,#855,#856);
#855=DIRECTION('',(9.30656791642722E-16,-0.9999999999999911,-1.3435889991949667E-07));
#856=DIRECTION('',(0.9979314857596174,-8.63745794242121E-09,0.06428646614647876));
#857=FACE_BOUND('',#858,.T.);
#858=EDGE_LOOP('',(#859,#860,#861));
#859=ORIENTED_EDGE('',*,*,#862,.T.);
#860=ORIENTED_EDGE('',*,*,#863,.T.);
#861=ORIENTED_EDGE('',*,*,#864,.T.);
#862=EDGE_CURVE('',#65,#63,#865,.F.);
#863=EDGE_CURVE('',#63,#61,#866,.T.);
#864=EDGE_CURVE('',#61,#65,#867,.T.);
#865=LINE('',#64,#868);
#866=LINE('',#62,#869);
#867=LINE('',#60,#870);
#868=VECTOR('',#871,1.0);
#869=VECTOR('',#872,1.0);
#870=VECTOR('',#873,1.0);
#871=DIRECTION('',(0.9979314857596174,-8.63745794242121E-09,0.06428646614647876));
#872=DIRECTION('',(-0.9999999999999366,-4.8742751301097983E-14,3.5585357231535575E-07));
#873=DIRECTION('',(-0.5615947042249392,1.111702281314888E-07,-0.8274124655735438));
#874=FACE_SURFACE('',(#879),#875,.T.);
#875=PLANE('',#876);
#876=AXIS2_PLACEMENT_3D('',#64,#877,#878);
#877=DIRECTION('',(8.526822419268727E-16,-0.999999999999991,-1.3435889870908235E-07));
#878=DIRECTION('',(0.9999999999999468,4.4658846914715164E-14,-3.260384320925276E-07));
#879=FACE_BOUND('',#880,.T.);
#880=EDGE_LOOP('',(#881,#882,#883));
#881=ORIENTED_EDGE('',*,*,#884,.T.);
#882=ORIENTED_EDGE('',*,*,#885,.T.);
#883=ORIENTED_EDGE('',*,*,#886,.T.);
#884=EDGE_CURVE('',#65,#67,#887,.F.);
#885=EDGE_CURVE('',#67,#63,#888,.T.);
#886=EDGE_CURVE('',#63,#65,#889,.T.);
#887=LINE('',#64,#890);
#888=LINE('',#66,#891);
#889=LINE('',#62,#892);
#890=VECTOR('',#893,1.0);
#891=VECTOR('',#894,1.0);
#892=VECTOR('',#895,1.0);
#893=DIRECTION('',(0.9999999999999468,4.4658846914715164E-14,-3.260384320925276E-07));
#894=DIRECTION('',(-0.5615932080916449,-1.1117036456995364E-07,0.8274134810512349));
#895=DIRECTION('',(-0.9979314857596174,8.63745794242121E-09,-0.06428646614647876));
#896=FACE_SURFACE('',(#901),#897,.T.);
#897=PLANE('',#898);
#898=AXIS2_PLACEMENT_3D('',#68,#899,#900);
#899=DIRECTION('',(8.526745706754617E-16,-0.999999999999991,-1.3435892223866914E-07));
#900=DIRECTION('',(0.99791364658482,-8.674586141773688E-09,0.06456279083022157));
#901=FACE_BOUND('',#902,.T.);
#902=EDGE_LOOP('',(#903,#904,#905));
#903=ORIENTED_EDGE('',*,*,#906,.T.);
#904=ORIENTED_EDGE('',*,*,#907,.T.);
#905=ORIENTED_EDGE('',*,*,#908,.T.);
#906=EDGE_CURVE('',#69,#67,#909,.F.);
#907=EDGE_CURVE('',#67,#65,#910,.T.);
#908=EDGE_CURVE('',#65,#69,#911,.T.);
#909=LINE('',#68,#912);
#910=LINE('',#66,#913);
#911=LINE('',#64,#914);
#912=VECTOR('',#915,1.0);
#913=VECTOR('',#916,1.0);
#914=VECTOR('',#917,1.0);
#915=DIRECTION('',(0.99791364658482,-8.674586141773688E-09,0.06456279083022157));
#916=DIRECTION('',(-0.9999999999999468,-4.4658846914715164E-14,3.260384320925276E-07));
#917=DIRECTION('',(-0.4514310761234149,1.1988927101866747E-07,-0.8923059920845771));
#918=FACE_SURFACE('',(#923),#919,.T.);
#919=PLANE('',#920);
#920=AXIS2_PLACEMENT_3D('',#68,#921,#922);
#921=DIRECTION('',(7.986248059979586E-16,-0.999999999999991,-1.343589214032499E-07));
#922=DIRECTION('',(0.9999999999999533,4.1827976111124054E-14,-3.053712464837734E-07));
#923=FACE_BOUND('',#924,.T.);
#924=EDGE_LOOP('',(#925,#926,#927));
#925=ORIENTED_EDGE('',*,*,#928,.T.);
#926=ORIENTED_EDGE('',*,*,#929,.T.);
#927=ORIENTED_EDGE('',*,*,#930,.T.);
#928=EDGE_CURVE('',#69,#71,#931,.F.);
#929=EDGE_CURVE('',#71,#67,#932,.T.);
#930=EDGE_CURVE('',#67,#69,#933,.T.);
#931=LINE('',#68,#934);
#932=LINE('',#70,#935);
#933=LINE('',#66,#936);
#934=VECTOR('',#937,1.0);
#935=VECTOR('',#938,1.0);
#936=VECTOR('',#939,1.0);
#937=DIRECTION('',(0.9999999999999533,4.1827976111124054E-14,-3.053712464837734E-07));
#938=DIRECTION('',(-0.4514328076733326,-1.1988915331765056E-07,0.8923051160652155));
#939=DIRECTION('',(-0.99791364658482,8.674586141773688E-09,-0.06456279083022157));
#940=FACE_SURFACE('',(#945),#941,.T.);
#941=PLANE('',#942);
#942=AXIS2_PLACEMENT_3D('',#72,#943,#944);
#943=DIRECTION('',(7.986706973205784E-16,-0.999999999999991,-1.343587711206747E-07));
#944=DIRECTION('',(0.9978762222388441,-8.751949578807065E-09,0.0651386604892426));
#945=FACE_BOUND('',#946,.T.);
#946=EDGE_LOOP('',(#947,#948,#949));
#947=ORIENTED_EDGE('',*,*,#950,.T.);
#948=ORIENTED_EDGE('',*,*,#951,.T.);
#949=ORIENTED_EDGE('',*,*,#952,.T.);
#950=EDGE_CURVE('',#73,#71,#953,.F.);
#951=EDGE_CURVE('',#71,#69,#954,.T.);
#952=EDGE_CURVE('',#69,#73,#955,.T.);
#953=LINE('',#72,#956);
#954=LINE('',#70,#957);
#955=LINE('',#68,#958);
#956=VECTOR('',#959,1.0);
#957=VECTOR('',#960,1.0);
#958=VECTOR('',#961,1.0);
#959=DIRECTION('',(0.9978762222388441,-8.751949578807065E-09,0.0651386604892426));
#960=DIRECTION('',(-0.9999999999999533,-4.1827976111124054E-14,3.053712464837734E-07));
#961=DIRECTION('',(-0.331510151841096,1.2676100427873164E-07,-0.9434516517693302));
#962=FACE_SURFACE('',(#967),#963,.T.);
#963=PLANE('',#964);
#964=AXIS2_PLACEMENT_3D('',#72,#965,#966);
#965=DIRECTION('',(7.62853786723296E-16,-0.999999999999991,-1.3435877057198603E-07));
#966=DIRECTION('',(0.9999999999999574,3.995216470830938E-14,-2.9167661146906E-07));
#967=FACE_BOUND('',#968,.T.);
#968=EDGE_LOOP('',(#969,#970,#971));
#969=ORIENTED_EDGE('',*,*,#972,.T.);
#970=ORIENTED_EDGE('',*,*,#973,.T.);
#971=ORIENTED_EDGE('',*,*,#974,.T.);
#972=EDGE_CURVE('',#73,#75,#975,.F.);
#973=EDGE_CURVE('',#75,#71,#976,.T.);
#974=EDGE_CURVE('',#71,#73,#977,.T.);
#975=LINE('',#72,#978);
#976=LINE('',#74,#979);
#977=LINE('',#70,#980);
#978=VECTOR('',#981,1.0);
#979=VECTOR('',#982,1.0);
#980=VECTOR('',#983,1.0);
#981=DIRECTION('',(0.9999999999999574,3.995216470830938E-14,-2.9167661146906E-07));
#982=DIRECTION('',(-0.331510151841096,-1.2676100427873164E-07,0.9434516517693302));
#983=DIRECTION('',(-0.9978762222388441,8.751949578807065E-09,-0.0651386604892426));
#984=FACE_SURFACE('',(#989),#985,.T.);
#985=PLANE('',#986);
#986=AXIS2_PLACEMENT_3D('',#76,#987,#988);
#987=DIRECTION('',(7.628504875634072E-16,-0.999999999999991,-1.3435878187966414E-07));
#988=DIRECTION('',(0.9978145309882193,-8.878016152361082E-09,0.06607693810067235));
#989=FACE_BOUND('',#990,.T.);
#990=EDGE_LOOP('',(#991,#992,#993));
#991=ORIENTED_EDGE('',*,*,#994,.T.);
#992=ORIENTED_EDGE('',*,*,#995,.T.);
#993=ORIENTED_EDGE('',*,*,#996,.T.);
#994=EDGE_CURVE('',#77,#75,#997,.F.);
#995=EDGE_CURVE('',#75,#73,#998,.T.);
#996=EDGE_CURVE('',#73,#77,#999,.T.);
#997=LINE('',#76,#1000);
#998=LINE('',#74,#1001);
#999=LINE('',#72,#1002);
#1000=VECTOR('',#1003,1.0);
#1001=VECTOR('',#1004,1.0);
#1002=VECTOR('',#1005,1.0);
#1003=DIRECTION('',(0.9978145309882193,-8.878016152361082E-09,0.06607693810067235));
#1004=DIRECTION('',(-0.9999999999999574,-3.995216470830938E-14,2.9167661146906E-07));
#1005=DIRECTION('',(-0.20309995804549524,1.3155847723310741E-07,-0.9791580092313501));
#1006=FACE_SURFACE('',(#1011),#1007,.T.);
#1007=PLANE('',#1008);
#1008=AXIS2_PLACEMENT_3D('',#76,#1009,#1010);
#1009=DIRECTION('',(7.421775727026947E-16,-0.999999999999991,-1.343587815674866E-07));
#1010=DIRECTION('',(0.9999999999999598,3.886947381393201E-14,-2.837722685217875E-07));
#1011=FACE_BOUND('',#1012,.T.);
#1012=EDGE_LOOP('',(#1013,#1014,#1015));
#1013=ORIENTED_EDGE('',*,*,#1016,.T.);
#1014=ORIENTED_EDGE('',*,*,#1017,.T.);
#1015=ORIENTED_EDGE('',*,*,#1018,.T.);
#1016=EDGE_CURVE('',#77,#79,#1019,.F.);
#1017=EDGE_CURVE('',#79,#75,#1020,.T.);
#1018=EDGE_CURVE('',#75,#77,#1021,.T.);
#1019=LINE('',#76,#1022);
#1020=LINE('',#78,#1023);
#1021=LINE('',#74,#1024);
#1022=VECTOR('',#1025,1.0);
#1023=VECTOR('',#1026,1.0);
#1024=VECTOR('',#1027,1.0);
#1025=DIRECTION('',(0.9999999999999598,3.886947381393201E-14,-2.837722685217875E-07));
#1026=DIRECTION('',(-0.20309995804549524,-1.3155847723310741E-07,0.9791580092313501));
#1027=DIRECTION('',(-0.9978145309882193,8.878016152361082E-09,-0.06607693810067235));
#1028=FACE_SURFACE('',(#1033),#1029,.T.);
#1029=PLANE('',#1030);
#1030=AXIS2_PLACEMENT_3D('',#80,#1031,#1032);
#1031=DIRECTION('',(7.421349848993611E-16,-0.999999999999991,-1.3435893164707767E-07));
#1032=DIRECTION('',(0.9977214682845341,-9.064868613484199E-09,0.06746756053210465));
#1033=FACE_BOUND('',#1034,.T.);
#1034=EDGE_LOOP('',(#1035,#1036,#1037));
#1035=ORIENTED_EDGE('',*,*,#1038,.T.);
#1036=ORIENTED_EDGE('',*,*,#1039,.T.);
#1037=ORIENTED_EDGE('',*,*,#1040,.T.);
#1038=EDGE_CURVE('',#81,#79,#1041,.F.);
#1039=EDGE_CURVE('',#79,#77,#1042,.T.);
#1040=EDGE_CURVE('',#77,#81,#1043,.T.);
#1041=LINE('',#80,#1044);
#1042=LINE('',#78,#1045);
#1043=LINE('',#76,#1046);
#1044=VECTOR('',#1047,1.0);
#1045=VECTOR('',#1048,1.0);
#1046=VECTOR('',#1049,1.0);
#1047=DIRECTION('',(0.9977214682845341,-9.064868613484199E-09,0.06746756053210465));
#1048=DIRECTION('',(-0.9999999999999598,-3.886947381393201E-14,2.837722685217875E-07));
#1049=DIRECTION('',(-0.06837589029482874,1.3404448200331572E-07,-0.9976596301476629));
#1050=FACE_SURFACE('',(#1055),#1051,.T.);
#1051=PLANE('',#1052);
#1052=AXIS2_PLACEMENT_3D('',#80,#1053,#1054);
#1053=DIRECTION('',(0,-0.9999999999999909,-1.3435892067226251E-07));
#1054=DIRECTION('',(1,0,0));
#1055=FACE_BOUND('',#1056,.T.);
#1056=EDGE_LOOP('',(#1057,#1058,#1059));
#1057=ORIENTED_EDGE('',*,*,#1060,.T.);
#1058=ORIENTED_EDGE('',*,*,#1061,.T.);
#1059=ORIENTED_EDGE('',*,*,#1062,.T.);
#1060=EDGE_CURVE('',#81,#83,#1063,.F.);
#1061=EDGE_CURVE('',#83,#79,#1064,.T.);
#1062=EDGE_CURVE('',#79,#81,#1065,.T.);
#1063=LINE('',#80,#1066);
#1064=LINE('',#82,#1067);
#1065=LINE('',#78,#1068);
#1066=VECTOR('',#1069,1.0);
#1067=VECTOR('',#1070,1.0);
#1068=VECTOR('',#1071,1.0);
#1069=DIRECTION('',(1,0,0));
#1070=DIRECTION('',(-0.06837617456716638,-1.3404446848721333E-07,0.9976596106646508));
#1071=DIRECTION('',(-0.9977214682845341,9.064868613484199E-09,-0.06746756053210465));
#1072=FACE_SURFACE('',(#1077),#1073,.T.);
#1073=PLANE('',#1074);
#1074=AXIS2_PLACEMENT_3D('',#84,#1075,#1076);
#1075=DIRECTION('',(0,-0.9999999999999909,-1.3435892613417305E-07));
#1076=DIRECTION('',(0.9977214581581554,-9.064889102289194E-09,0.06746771028250675));
#1077=FACE_BOUND('',#1078,.T.);
#1078=EDGE_LOOP('',(#1079,#1080,#1081));
#1079=ORIENTED_EDGE('',*,*,#1082,.T.);
#1080=ORIENTED_EDGE('',*,*,#1083,.T.);
#1081=ORIENTED_EDGE('',*,*,#1084,.T.);
#1082=EDGE_CURVE('',#85,#83,#1085,.F.);
#1083=EDGE_CURVE('',#83,#81,#1086,.T.);
#1084=EDGE_CURVE('',#81,#85,#1087,.T.);
#1085=LINE('',#84,#1088);
#1086=LINE('',#82,#1089);
#1087=LINE('',#80,#1090);
#1088=VECTOR('',#1091,1.0);
#1089=VECTOR('',#1092,1.0);
#1090=VECTOR('',#1093,1.0);
#1091=DIRECTION('',(0.9977214581581554,-9.064889102289194E-09,0.06746771028250675));
#1092=DIRECTION('',(-1,0,0));
#1093=DIRECTION('',(0.06837810630745157,1.340444561476563E-07,-0.9976594782679052));
#1094=FACE_SURFACE('',(#1099),#1095,.T.);
#1095=PLANE('',#1096);
#1096=AXIS2_PLACEMENT_3D('',#84,#1097,#1098);
#1097=DIRECTION('',(0,-0.999999999999991,-1.3435892613417305E-07));
#1098=DIRECTION('',(1,0,0));
#1099=FACE_BOUND('',#1100,.T.);
#1100=EDGE_LOOP('',(#1101,#1102,#1103));
#1101=ORIENTED_EDGE('',*,*,#1104,.T.);
#1102=ORIENTED_EDGE('',*,*,#1105,.T.);
#1103=ORIENTED_EDGE('',*,*,#1106,.T.);
#1104=EDGE_CURVE('',#85,#87,#1107,.F.);
#1105=EDGE_CURVE('',#87,#83,#1108,.T.);
#1106=EDGE_CURVE('',#83,#85,#1109,.T.);
#1107=LINE('',#84,#1110);
#1108=LINE('',#86,#1111);
#1109=LINE('',#82,#1112);
#1110=VECTOR('',#1113,1.0);
#1111=VECTOR('',#1114,1.0);
#1112=VECTOR('',#1115,1.0);
#1113=DIRECTION('',(1,0,0));
#1114=DIRECTION('',(0.06837603243066384,-1.3404447524520358E-07,0.9976596204061898));
#1115=DIRECTION('',(-0.9977214581581554,9.064889102289194E-09,-0.06746771028250675));
#1116=FACE_SURFACE('',(#1121),#1117,.T.);
#1117=PLANE('',#1118);
#1118=AXIS2_PLACEMENT_3D('',#88,#1119,#1120);
#1119=DIRECTION('',(0,-0.9999999999999909,-1.3435878740218364E-07));
#1120=DIRECTION('',(0.9978145019734337,-8.878076147082756E-09,0.06607737624564469));
#1121=FACE_BOUND('',#1122,.T.);
#1122=EDGE_LOOP('',(#1123,#1124,#1125));
#1123=ORIENTED_EDGE('',*,*,#1126,.T.);
#1124=ORIENTED_EDGE('',*,*,#1127,.T.);
#1125=ORIENTED_EDGE('',*,*,#1128,.T.);
#1126=EDGE_CURVE('',#89,#87,#1129,.F.);
#1127=EDGE_CURVE('',#87,#85,#1130,.T.);
#1128=EDGE_CURVE('',#85,#89,#1131,.T.);
#1129=LINE('',#88,#1132);
#1130=LINE('',#86,#1133);
#1131=LINE('',#84,#1134);
#1132=VECTOR('',#1135,1.0);
#1133=VECTOR('',#1136,1.0);
#1134=VECTOR('',#1137,1.0);
#1135=DIRECTION('',(0.9978145019734337,-8.878076147082756E-09,0.06607737624564469));
#1136=DIRECTION('',(-1,0,0));
#1137=DIRECTION('',(0.2030995351069888,1.3155849458236928E-07,-0.9791580969584573));
#1138=FACE_SURFACE('',(#1143),#1139,.T.);
#1139=PLANE('',#1140);
#1140=AXIS2_PLACEMENT_3D('',#88,#1141,#1142);
#1141=DIRECTION('',(-3.814307024351782E-16,-0.999999999999991,-1.3435878164231384E-07));
#1142=DIRECTION('',(0.9999999999999892,-1.997608526743336E-14,1.4583828705117574E-07));
#1143=FACE_BOUND('',#1144,.T.);
#1144=EDGE_LOOP('',(#1145,#1146,#1147));
#1145=ORIENTED_EDGE('',*,*,#1148,.T.);
#1146=ORIENTED_EDGE('',*,*,#1149,.T.);
#1147=ORIENTED_EDGE('',*,*,#1150,.T.);
#1148=EDGE_CURVE('',#89,#91,#1151,.F.);
#1149=EDGE_CURVE('',#91,#87,#1152,.T.);
#1150=EDGE_CURVE('',#87,#89,#1153,.T.);
#1151=LINE('',#88,#1154);
#1152=LINE('',#90,#1155);
#1153=LINE('',#86,#1156);
#1154=VECTOR('',#1157,1.0);
#1155=VECTOR('',#1158,1.0);
#1156=VECTOR('',#1159,1.0);
#1157=DIRECTION('',(0.9999999999999892,-1.997608526743336E-14,1.4583828705117574E-07));
#1158=DIRECTION('',(0.20309995804549524,-1.3155847723310741E-07,0.9791580092313501));
#1159=DIRECTION('',(-0.9978145019734337,8.878076147082756E-09,-0.06607737624564469));
#1160=FACE_SURFACE('',(#1165),#1161,.T.);
#1161=PLANE('',#1162);
#1162=AXIS2_PLACEMENT_3D('',#88,#1163,#1164);
#1163=DIRECTION('',(-3.8143142565535883E-16,-0.999999999999991,-1.3435877668325815E-07));
#1164=DIRECTION('',(0.9978762022543932,8.751991490944773E-09,-0.06513896663556466));
#1165=FACE_BOUND('',#1166,.T.);
#1166=EDGE_LOOP('',(#1167,#1168,#1169));
#1167=ORIENTED_EDGE('',*,*,#1170,.T.);
#1168=ORIENTED_EDGE('',*,*,#1171,.T.);
#1169=ORIENTED_EDGE('',*,*,#1172,.T.);
#1170=EDGE_CURVE('',#89,#93,#1173,.F.);
#1171=EDGE_CURVE('',#93,#91,#1174,.T.);
#1172=EDGE_CURVE('',#91,#89,#1175,.T.);
#1173=LINE('',#88,#1176);
#1174=LINE('',#92,#1177);
#1175=LINE('',#90,#1178);
#1176=VECTOR('',#1179,1.0);
#1177=VECTOR('',#1180,1.0);
#1178=VECTOR('',#1181,1.0);
#1179=DIRECTION('',(0.9978762022543932,8.751991490944773E-09,-0.06513896663556466));
#1180=DIRECTION('',(0.33150947748132936,-1.2676104175514014E-07,0.9434518887256731));
#1181=DIRECTION('',(-0.9999999999999892,1.997608526743336E-14,-1.4583828705117574E-07));
#1182=FACE_SURFACE('',(#1187),#1183,.T.);
#1183=PLANE('',#1184);
#1184=AXIS2_PLACEMENT_3D('',#94,#1185,#1186);
#1185=DIRECTION('',(-3.9932889881462154E-16,-0.999999999999991,-1.3435877695743297E-07));
#1186=DIRECTION('',(0.9999999999999882,-2.0913991248828108E-14,1.5268568838277443E-07));
#1187=FACE_BOUND('',#1188,.T.);
#1188=EDGE_LOOP('',(#1189,#1190,#1191));
#1189=ORIENTED_EDGE('',*,*,#1192,.T.);
#1190=ORIENTED_EDGE('',*,*,#1193,.T.);
#1191=ORIENTED_EDGE('',*,*,#1194,.T.);
#1192=EDGE_CURVE('',#95,#93,#1195,.F.);
#1193=EDGE_CURVE('',#93,#89,#1196,.T.);
#1194=EDGE_CURVE('',#89,#95,#1197,.T.);
#1195=LINE('',#94,#1198);
#1196=LINE('',#92,#1199);
#1197=LINE('',#88,#1200);
#1198=VECTOR('',#1201,1.0);
#1199=VECTOR('',#1202,1.0);
#1200=VECTOR('',#1203,1.0);
#1201=DIRECTION('',(0.9999999999999882,-2.0913991248828108E-14,1.5268568838277443E-07));
#1202=DIRECTION('',(-0.9978762022543932,-8.751991490944773E-09,0.06513896663556466));
#1203=DIRECTION('',(0.3315094774809598,1.2676104175499884E-07,-0.943451888725803));
#1204=FACE_SURFACE('',(#1209),#1205,.T.);
#1205=PLANE('',#1206);
#1206=AXIS2_PLACEMENT_3D('',#94,#1207,#1208);
#1207=DIRECTION('',(-3.9930681318716027E-16,-0.999999999999991,-1.3435892160509246E-07));
#1208=DIRECTION('',(0.9979136357908541,8.674608969265786E-09,-0.06456295766674744));
#1209=FACE_BOUND('',#1210,.T.);
#1210=EDGE_LOOP('',(#1211,#1212,#1213));
#1211=ORIENTED_EDGE('',*,*,#1214,.T.);
#1212=ORIENTED_EDGE('',*,*,#1215,.T.);
#1213=ORIENTED_EDGE('',*,*,#1216,.T.);
#1214=EDGE_CURVE('',#95,#97,#1217,.F.);
#1215=EDGE_CURVE('',#97,#93,#1218,.T.);
#1216=EDGE_CURVE('',#93,#95,#1219,.T.);
#1217=LINE('',#94,#1220);
#1218=LINE('',#96,#1221);
#1219=LINE('',#92,#1222);
#1220=VECTOR('',#1223,1.0);
#1221=VECTOR('',#1224,1.0);
#1222=VECTOR('',#1225,1.0);
#1223=DIRECTION('',(0.9979136357908541,8.674608969265786E-09,-0.06456295766674744));
#1224=DIRECTION('',(0.4514328076728526,-1.198891533175231E-07,0.8923051160654583));
#1225=DIRECTION('',(-0.9999999999999882,2.0913991248828108E-14,-1.5268568838277443E-07));
#1226=FACE_SURFACE('',(#1231),#1227,.T.);
#1227=PLANE('',#1228);
#1228=AXIS2_PLACEMENT_3D('',#98,#1229,#1230);
#1229=DIRECTION('',(-4.2634339016651756E-16,-0.999999999999991,-1.3435892202298175E-07));
#1230=DIRECTION('',(0.9999999999999868,-2.2329427097483676E-14,1.6301919796268162E-07));
#1231=FACE_BOUND('',#1232,.T.);
#1232=EDGE_LOOP('',(#1233,#1234,#1235));
#1233=ORIENTED_EDGE('',*,*,#1236,.T.);
#1234=ORIENTED_EDGE('',*,*,#1237,.T.);
#1235=ORIENTED_EDGE('',*,*,#1238,.T.);
#1236=EDGE_CURVE('',#99,#97,#1239,.F.);
#1237=EDGE_CURVE('',#97,#95,#1240,.T.);
#1238=EDGE_CURVE('',#95,#99,#1241,.T.);
#1239=LINE('',#98,#1242);
#1240=LINE('',#96,#1243);
#1241=LINE('',#94,#1244);
#1242=VECTOR('',#1245,1.0);
#1243=VECTOR('',#1246,1.0);
#1244=VECTOR('',#1247,1.0);
#1245=DIRECTION('',(0.9999999999999868,-2.2329427097483676E-14,1.6301919796268162E-07));
#1246=DIRECTION('',(-0.9979136357908541,-8.674608969265786E-09,0.06456295766674744));
#1247=DIRECTION('',(0.4514310761234149,1.1988927101866747E-07,-0.8923059920845771));
#1248=FACE_SURFACE('',(#1253),#1249,.T.);
#1249=PLANE('',#1250);
#1250=AXIS2_PLACEMENT_3D('',#98,#1251,#1252);
#1251=DIRECTION('',(-4.263471436071789E-16,-0.999999999999991,-1.3435889899845022E-07));
#1252=DIRECTION('',(0.9979314741649261,8.637482569254881E-09,-0.06428664613290458));
#1253=FACE_BOUND('',#1254,.T.);
#1254=EDGE_LOOP('',(#1255,#1256,#1257));
#1255=ORIENTED_EDGE('',*,*,#1258,.T.);
#1256=ORIENTED_EDGE('',*,*,#1259,.T.);
#1257=ORIENTED_EDGE('',*,*,#1260,.T.);
#1258=EDGE_CURVE('',#99,#101,#1261,.F.);
#1259=EDGE_CURVE('',#101,#97,#1262,.T.);
#1260=EDGE_CURVE('',#97,#99,#1263,.T.);
#1261=LINE('',#98,#1264);
#1262=LINE('',#100,#1265);
#1263=LINE('',#96,#1266);
#1264=VECTOR('',#1267,1.0);
#1265=VECTOR('',#1268,1.0);
#1266=VECTOR('',#1269,1.0);
#1267=DIRECTION('',(0.9979314741649261,8.637482569254881E-09,-0.06428664613290458));
#1268=DIRECTION('',(0.5615932080916449,-1.1117036456995364E-07,0.8274134810512349));
#1269=DIRECTION('',(-0.9999999999999868,2.2329427097483676E-14,-1.6301919796268162E-07));
#1270=FACE_SURFACE('',(#1275),#1271,.T.);
#1271=PLANE('',#1272);
#1272=AXIS2_PLACEMENT_3D('',#102,#1273,#1274);
#1273=DIRECTION('',(-4.653350842043995E-16,-0.9999999999999911,-1.34358899603666E-07));
#1274=DIRECTION('',(0.9999999999999842,-2.4371379986870873E-14,1.779267690728689E-07));
#1275=FACE_BOUND('',#1276,.T.);
#1276=EDGE_LOOP('',(#1277,#1278,#1279));
#1277=ORIENTED_EDGE('',*,*,#1280,.T.);
#1278=ORIENTED_EDGE('',*,*,#1281,.T.);
#1279=ORIENTED_EDGE('',*,*,#1282,.T.);
#1280=EDGE_CURVE('',#103,#101,#1283,.F.);
#1281=EDGE_CURVE('',#101,#99,#1284,.T.);
#1282=EDGE_CURVE('',#99,#103,#1285,.T.);
#1283=LINE('',#102,#1286);
#1284=LINE('',#100,#1287);
#1285=LINE('',#98,#1288);
#1286=VECTOR('',#1289,1.0);
#1287=VECTOR('',#1290,1.0);
#1288=VECTOR('',#1291,1.0);
#1289=DIRECTION('',(0.9999999999999842,-2.4371379986870873E-14,1.779267690728689E-07));
#1290=DIRECTION('',(-0.9979314741649261,-8.637482569254881E-09,0.06428664613290458));
#1291=DIRECTION('',(0.5615947042249392,1.111702281314888E-07,-0.8274124655735438));
#1292=FACE_SURFACE('',(#1297),#1293,.T.);
#1293=PLANE('',#1294);
#1294=AXIS2_PLACEMENT_3D('',#102,#1295,#1296);
#1295=DIRECTION('',(-4.65378811832801E-16,-0.999999999999991,-1.3435865384172343E-07));
#1296=DIRECTION('',(0.9979328203887906,8.634658532862118E-09,-0.06426574508144887));
#1297=FACE_BOUND('',#1298,.T.);
#1298=EDGE_LOOP('',(#1299,#1300,#1301));
#1299=ORIENTED_EDGE('',*,*,#1302,.T.);
#1300=ORIENTED_EDGE('',*,*,#1303,.T.);
#1301=ORIENTED_EDGE('',*,*,#1304,.T.);
#1302=EDGE_CURVE('',#103,#105,#1305,.F.);
#1303=EDGE_CURVE('',#105,#101,#1306,.T.);
#1304=EDGE_CURVE('',#101,#103,#1307,.T.);
#1305=LINE('',#102,#1308);
#1306=LINE('',#104,#1309);
#1307=LINE('',#100,#1310);
#1308=VECTOR('',#1311,1.0);
#1309=VECTOR('',#1312,1.0);
#1310=VECTOR('',#1313,1.0);
#1311=DIRECTION('',(0.9979328203887906,8.634658532862118E-09,-0.06426574508144887));
#1312=DIRECTION('',(0.661310809811774,-1.0078403888354712E-07,0.750112000188029));
#1313=DIRECTION('',(-0.9999999999999842,2.4371379986870873E-14,-1.779267690728689E-07));
#1314=FACE_SURFACE('',(#1319),#1315,.T.);
#1315=PLANE('',#1316);
#1316=AXIS2_PLACEMENT_3D('',#106,#1317,#1318);
#1317=DIRECTION('',(-5.214035571037055E-16,-0.999999999999991,-1.3435865471168818E-07));
#1318=DIRECTION('',(0.9999999999999801,-2.730534377624497E-14,1.9934659420798018E-07));
#1319=FACE_BOUND('',#1320,.T.);
#1320=EDGE_LOOP('',(#1321,#1322,#1323));
#1321=ORIENTED_EDGE('',*,*,#1324,.T.);
#1322=ORIENTED_EDGE('',*,*,#1325,.T.);
#1323=ORIENTED_EDGE('',*,*,#1326,.T.);
#1324=EDGE_CURVE('',#107,#105,#1327,.F.);
#1325=EDGE_CURVE('',#105,#103,#1328,.T.);
#1326=EDGE_CURVE('',#103,#107,#1329,.T.);
#1327=LINE('',#106,#1330);
#1328=LINE('',#104,#1331);
#1329=LINE('',#102,#1332);
#1330=VECTOR('',#1333,1.0);
#1331=VECTOR('',#1334,1.0);
#1332=VECTOR('',#1335,1.0);
#1333=DIRECTION('',(0.9999999999999801,-2.730534377624497E-14,1.9934659420798018E-07));
#1334=DIRECTION('',(-0.9979328203887906,-8.634658532862118E-09,0.06426574508144887));
#1335=DIRECTION('',(0.66131204212716,1.0078389291215705E-07,-0.7501109137571557));
#1336=FACE_SURFACE('',(#1341),#1337,.T.);
#1337=PLANE('',#1338);
#1338=AXIS2_PLACEMENT_3D('',#106,#1339,#1340);
#1339=DIRECTION('',(-5.213324517414671E-16,-0.9999999999999909,-1.3435901140382288E-07));
#1340=DIRECTION('',(0.9979197001926965,8.662011433375393E-09,-0.0644691551621284));
#1341=FACE_BOUND('',#1342,.T.);
#1342=EDGE_LOOP('',(#1343,#1344,#1345));
#1343=ORIENTED_EDGE('',*,*,#1346,.T.);
#1344=ORIENTED_EDGE('',*,*,#1347,.T.);
#1345=ORIENTED_EDGE('',*,*,#1348,.T.);
#1346=EDGE_CURVE('',#107,#109,#1349,.F.);
#1347=EDGE_CURVE('',#109,#105,#1350,.T.);
#1348=EDGE_CURVE('',#105,#107,#1351,.T.);
#1349=LINE('',#106,#1352);
#1350=LINE('',#108,#1353);
#1351=LINE('',#104,#1354);
#1352=VECTOR('',#1355,1.0);
#1353=VECTOR('',#1356,1.0);
#1354=VECTOR('',#1357,1.0);
#1355=DIRECTION('',(0.9979197001926965,8.662011433375393E-09,-0.0644691551621284));
#1356=DIRECTION('',(0.7501108809097397,-8.885323760666287E-08,0.6613120793852223));
#1357=DIRECTION('',(-0.9999999999999801,2.730534377624497E-14,-1.9934659420798018E-07));
#1358=FACE_SURFACE('',(#1363),#1359,.T.);
#1359=PLANE('',#1360);
#1360=AXIS2_PLACEMENT_3D('',#110,#1361,#1362);
#1361=DIRECTION('',(-6.03761688871186E-16,-0.999999999999991,-1.3435901267974718E-07));
#1362=DIRECTION('',(0.9999999999999734,-3.1623568672785637E-14,2.308725433838351E-07));
#1363=FACE_BOUND('',#1364,.T.);
#1364=EDGE_LOOP('',(#1365,#1366,#1367));
#1365=ORIENTED_EDGE('',*,*,#1368,.T.);
#1366=ORIENTED_EDGE('',*,*,#1369,.T.);
#1367=ORIENTED_EDGE('',*,*,#1370,.T.);
#1368=EDGE_CURVE('',#111,#109,#1371,.F.);
#1369=EDGE_CURVE('',#109,#107,#1372,.T.);
#1370=EDGE_CURVE('',#107,#111,#1373,.T.);
#1371=LINE('',#110,#1374);
#1372=LINE('',#108,#1375);
#1373=LINE('',#106,#1376);
#1374=VECTOR('',#1377,1.0);
#1375=VECTOR('',#1378,1.0);
#1376=VECTOR('',#1379,1.0);
#1377=DIRECTION('',(0.9999999999999734,-3.1623568672785637E-14,2.308725433838351E-07));
#1378=DIRECTION('',(-0.9979197001926965,-8.662011433375393E-09,0.0644691551621284));
#1379=DIRECTION('',(0.7501108809091444,8.885323760659236E-08,-0.6613120793858974));
#1380=FACE_SURFACE('',(#1385),#1381,.T.);
#1381=PLANE('',#1382);
#1382=AXIS2_PLACEMENT_3D('',#110,#1383,#1384);
#1383=DIRECTION('',(-6.038393320856411E-16,-0.999999999999991,-1.3435867637637685E-07));
#1384=DIRECTION('',(0.9978933994437293,8.716516168060794E-09,-0.064874982440364));
#1385=FACE_BOUND('',#1386,.T.);
#1386=EDGE_LOOP('',(#1387,#1388,#1389));
#1387=ORIENTED_EDGE('',*,*,#1390,.T.);
#1388=ORIENTED_EDGE('',*,*,#1391,.T.);
#1389=ORIENTED_EDGE('',*,*,#1392,.T.);
#1390=EDGE_CURVE('',#111,#113,#1393,.F.);
#1391=EDGE_CURVE('',#113,#109,#1394,.T.);
#1392=EDGE_CURVE('',#109,#111,#1395,.T.);
#1393=LINE('',#110,#1396);
#1394=LINE('',#112,#1397);
#1395=LINE('',#108,#1398);
#1396=VECTOR('',#1399,1.0);
#1397=VECTOR('',#1400,1.0);
#1398=VECTOR('',#1401,1.0);
#1399=DIRECTION('',(0.9978933994437293,8.716516168060794E-09,-0.064874982440364));
#1400=DIRECTION('',(0.8274124394437745,-7.545512679176927E-08,0.5615947427226295));
#1401=DIRECTION('',(-0.9999999999999734,3.1623568672785637E-14,-2.308725433838351E-07));
#1402=FACE_SURFACE('',(#1407),#1403,.T.);
#1403=PLANE('',#1404);
#1404=AXIS2_PLACEMENT_3D('',#114,#1405,#1406);
#1405=DIRECTION('',(-7.317895840998293E-16,-0.999999999999991,-1.3435867834448085E-07));
#1406=DIRECTION('',(0.9999999999999609,-3.832338011392506E-14,2.7978535508844636E-07));
#1407=FACE_BOUND('',#1408,.T.);
#1408=EDGE_LOOP('',(#1409,#1410,#1411));
#1409=ORIENTED_EDGE('',*,*,#1412,.T.);
#1410=ORIENTED_EDGE('',*,*,#1413,.T.);
#1411=ORIENTED_EDGE('',*,*,#1414,.T.);
#1412=EDGE_CURVE('',#115,#113,#1415,.F.);
#1413=EDGE_CURVE('',#113,#111,#1416,.T.);
#1414=EDGE_CURVE('',#111,#115,#1417,.T.);
#1415=LINE('',#114,#1418);
#1416=LINE('',#112,#1419);
#1417=LINE('',#110,#1420);
#1418=VECTOR('',#1421,1.0);
#1419=VECTOR('',#1422,1.0);
#1420=VECTOR('',#1423,1.0);
#1421=DIRECTION('',(0.9999999999999609,-3.832338011392506E-14,2.7978535508844636E-07));
#1422=DIRECTION('',(-0.9978933994437293,-8.716516168060794E-09,0.064874982440364));
#1423=DIRECTION('',(0.8274124394443308,7.545512679182E-08,-0.5615947427218099));
#1424=FACE_SURFACE('',(#1429),#1425,.T.);
#1425=PLANE('',#1426);
#1426=AXIS2_PLACEMENT_3D('',#114,#1427,#1428);
#1427=DIRECTION('',(-7.316557419080587E-16,-0.9999999999999909,-1.3435915671902523E-07));
#1428=DIRECTION('',(0.9978546313476132,8.796302194175648E-09,-0.06546857794483377));
#1429=FACE_BOUND('',#1430,.T.);
#1430=EDGE_LOOP('',(#1431,#1432,#1433));
#1431=ORIENTED_EDGE('',*,*,#1434,.T.);
#1432=ORIENTED_EDGE('',*,*,#1435,.T.);
#1433=ORIENTED_EDGE('',*,*,#1436,.T.);
#1434=EDGE_CURVE('',#115,#117,#1437,.F.);
#1435=EDGE_CURVE('',#117,#113,#1438,.T.);
#1436=EDGE_CURVE('',#113,#115,#1439,.T.);
#1437=LINE('',#114,#1440);
#1438=LINE('',#116,#1441);
#1439=LINE('',#112,#1442);
#1440=VECTOR('',#1443,1.0);
#1441=VECTOR('',#1444,1.0);
#1442=VECTOR('',#1445,1.0);
#1443=DIRECTION('',(0.9978546313476132,8.796302194175648E-09,-0.06546857794483377));
#1444=DIRECTION('',(0.8923050978571951,-6.065413684275171E-08,0.45143284366343744));
#1445=DIRECTION('',(-0.9999999999999609,3.832338011392506E-14,-2.7978535508844636E-07));
#1446=FACE_SURFACE('',(#1451),#1447,.T.);
#1447=PLANE('',#1448);
#1448=AXIS2_PLACEMENT_3D('',#118,#1449,#1450);
#1449=DIRECTION('',(-9.497004664379455E-16,-0.999999999999991,-1.3435916004240487E-07));
#1450=DIRECTION('',(0.9999999999999342,-4.97444031926029E-14,3.631661787016572E-07));
#1451=FACE_BOUND('',#1452,.T.);
#1452=EDGE_LOOP('',(#1453,#1454,#1455));
#1453=ORIENTED_EDGE('',*,*,#1456,.T.);
#1454=ORIENTED_EDGE('',*,*,#1457,.T.);
#1455=ORIENTED_EDGE('',*,*,#1458,.T.);
#1456=EDGE_CURVE('',#119,#117,#1459,.F.);
#1457=EDGE_CURVE('',#117,#115,#1460,.T.);
#1458=EDGE_CURVE('',#115,#119,#1461,.T.);
#1459=LINE('',#118,#1462);
#1460=LINE('',#116,#1463);
#1461=LINE('',#114,#1464);
#1462=VECTOR('',#1465,1.0);
#1463=VECTOR('',#1466,1.0);
#1464=VECTOR('',#1467,1.0);
#1465=DIRECTION('',(0.9999999999999342,-4.97444031926029E-14,3.631661787016572E-07));
#1466=DIRECTION('',(-0.9978546313476132,-8.796302194175648E-09,0.06546857794483377));
#1467=DIRECTION('',(0.8923050978571951,6.065413684275171E-08,-0.45143284366343744));
#1468=FACE_SURFACE('',(#1473),#1469,.T.);
#1469=PLANE('',#1470);
#1470=AXIS2_PLACEMENT_3D('',#118,#1471,#1472);
#1471=DIRECTION('',(-9.499074616788378E-16,-0.999999999999991,-1.3435859006851132E-07));
#1472=DIRECTION('',(0.9978036352205109,8.90008237885057E-09,-0.0662412676564508));
#1473=FACE_BOUND('',#1474,.T.);
#1474=EDGE_LOOP('',(#1475,#1476,#1477));
#1475=ORIENTED_EDGE('',*,*,#1478,.T.);
#1476=ORIENTED_EDGE('',*,*,#1479,.T.);
#1477=ORIENTED_EDGE('',*,*,#1480,.T.);
#1478=EDGE_CURVE('',#119,#121,#1481,.F.);
#1479=EDGE_CURVE('',#121,#117,#1482,.T.);
#1480=EDGE_CURVE('',#117,#119,#1483,.T.);
#1481=LINE('',#118,#1484);
#1482=LINE('',#120,#1485);
#1483=LINE('',#116,#1486);
#1484=VECTOR('',#1487,1.0);
#1485=VECTOR('',#1488,1.0);
#1486=VECTOR('',#1489,1.0);
#1487=DIRECTION('',(0.9978036352205109,8.90008237885057E-09,-0.0662412676564508));
#1488=DIRECTION('',(0.9434512039835566,-4.454140871219068E-08,0.3315114262012326));
#1489=DIRECTION('',(-0.9999999999999342,4.97444031926029E-14,-3.631661787016572E-07));
#1490=FACE_SURFACE('',(#1495),#1491,.T.);
#1491=PLANE('',#1492);
#1492=AXIS2_PLACEMENT_3D('',#122,#1493,#1494);
#1493=DIRECTION('',(-1.3924533221094144E-15,-0.9999999999999909,-1.3435859673465588E-07));
#1494=DIRECTION('',(0.9999999999998583,-7.29196672400261E-14,5.323605311178931E-07));
#1495=FACE_BOUND('',#1496,.T.);
#1496=EDGE_LOOP('',(#1497,#1498,#1499));
#1497=ORIENTED_EDGE('',*,*,#1500,.T.);
#1498=ORIENTED_EDGE('',*,*,#1501,.T.);
#1499=ORIENTED_EDGE('',*,*,#1502,.T.);
#1500=EDGE_CURVE('',#123,#121,#1503,.F.);
#1501=EDGE_CURVE('',#121,#119,#1504,.T.);
#1502=EDGE_CURVE('',#119,#123,#1505,.T.);
#1503=LINE('',#122,#1506);
#1504=LINE('',#120,#1507);
#1505=LINE('',#118,#1508);
#1506=VECTOR('',#1509,1.0);
#1507=VECTOR('',#1510,1.0);
#1508=VECTOR('',#1511,1.0);
#1509=DIRECTION('',(0.9999999999998583,-7.29196672400261E-14,5.323605311178931E-07));
#1510=DIRECTION('',(-0.9978036352205109,-8.90008237885057E-09,0.0662412676564508));
#1511=DIRECTION('',(0.9434512039835566,4.454140871219068E-08,-0.3315114262012326));
#1512=FACE_SURFACE('',(#1517),#1513,.T.);
#1513=PLANE('',#1514);
#1514=AXIS2_PLACEMENT_3D('',#122,#1515,#1516);
#1515=DIRECTION('',(-1.3920100126294244E-15,-0.999999999999991,-1.343594294588232E-07));
#1516=DIRECTION('',(0.9977400015512629,9.028001812209418E-09,-0.06719292600033105));
#1517=FACE_BOUND('',#1518,.T.);
#1518=EDGE_LOOP('',(#1519,#1520,#1521));
#1519=ORIENTED_EDGE('',*,*,#1522,.T.);
#1520=ORIENTED_EDGE('',*,*,#1523,.T.);
#1521=ORIENTED_EDGE('',*,*,#1524,.T.);
#1522=EDGE_CURVE('',#123,#125,#1525,.F.);
#1523=EDGE_CURVE('',#125,#121,#1526,.T.);
#1524=EDGE_CURVE('',#121,#123,#1527,.T.);
#1525=LINE('',#122,#1528);
#1526=LINE('',#124,#1529);
#1527=LINE('',#120,#1530);
#1528=VECTOR('',#1531,1.0);
#1529=VECTOR('',#1532,1.0);
#1530=VECTOR('',#1533,1.0);
#1531=DIRECTION('',(0.9977400015512629,9.028001812209418E-09,-0.06719292600033105));
#1532=DIRECTION('',(0.9791580051870489,-2.7288398468825385E-08,0.20309997754337294));
#1533=DIRECTION('',(-0.9999999999998583,7.29196672400261E-14,-5.323605311178931E-07));
#1534=FACE_SURFACE('',(#1539),#1535,.T.);
#1535=PLANE('',#1536);
#1536=AXIS2_PLACEMENT_3D('',#126,#1537,#1538);
#1537=DIRECTION('',(-2.730483067052923E-15,-0.999999999999991,-1.3435944933365507E-07));
#1538=DIRECTION('',(0.9999999999994548,-1.430359180249368E-13,1.0442543167132466E-06));
#1539=FACE_BOUND('',#1540,.T.);
#1540=EDGE_LOOP('',(#1541,#1542,#1543));
#1541=ORIENTED_EDGE('',*,*,#1544,.T.);
#1542=ORIENTED_EDGE('',*,*,#1545,.T.);
#1543=ORIENTED_EDGE('',*,*,#1546,.T.);
#1544=EDGE_CURVE('',#127,#125,#1547,.F.);
#1545=EDGE_CURVE('',#125,#123,#1548,.T.);
#1546=EDGE_CURVE('',#123,#127,#1549,.T.);
#1547=LINE('',#126,#1550);
#1548=LINE('',#124,#1551);
#1549=LINE('',#122,#1552);
#1550=VECTOR('',#1553,1.0);
#1551=VECTOR('',#1554,1.0);
#1552=VECTOR('',#1555,1.0);
#1553=DIRECTION('',(0.9999999999994548,-1.430359180249368E-13,1.0442543167132466E-06));
#1554=DIRECTION('',(-0.9977400015512629,-9.028001812209418E-09,0.06719292600033105));
#1555=DIRECTION('',(0.979158092914189,2.7288341643030507E-08,-0.20309955460475024));
#1556=FACE_SURFACE('',(#1561),#1557,.T.);
#1557=PLANE('',#1558);
#1558=AXIS2_PLACEMENT_3D('',#126,#1559,#1560);
#1559=DIRECTION('',(-2.732905148185817E-15,-0.999999999999991,-1.343571298975808E-07));
#1560=DIRECTION('',(0.9976596101975908,9.186824757340106E-09,-0.0683761813820535));
#1561=FACE_BOUND('',#1562,.T.);
#1562=EDGE_LOOP('',(#1563,#1564,#1565));
#1563=ORIENTED_EDGE('',*,*,#1566,.T.);
#1564=ORIENTED_EDGE('',*,*,#1567,.T.);
#1565=ORIENTED_EDGE('',*,*,#1568,.T.);
#1566=EDGE_CURVE('',#127,#129,#1569,.F.);
#1567=EDGE_CURVE('',#129,#125,#1570,.T.);
#1568=EDGE_CURVE('',#125,#127,#1571,.T.);
#1569=LINE('',#126,#1572);
#1570=LINE('',#128,#1573);
#1571=LINE('',#124,#1574);
#1572=VECTOR('',#1575,1.0);
#1573=VECTOR('',#1576,1.0);
#1574=VECTOR('',#1577,1.0);
#1575=DIRECTION('',(0.9976596101975908,9.186824757340106E-09,-0.0683761813820535));
#1576=DIRECTION('',(0.997659477800842,-9.187089753418739E-09,0.06837811312219279));
#1577=DIRECTION('',(-0.9999999999994548,1.430359180249368E-13,-1.0442543167132466E-06));
#1578=FACE_SURFACE('',(#1583),#1579,.T.);
#1579=PLANE('',#1580);
#1580=AXIS2_PLACEMENT_3D('',#130,#1581,#1582);
#1581=DIRECTION('',(0,-0.9999999999999909,-1.34358848391987E-07));
#1582=DIRECTION('',(0.19443534670333865,-1.3179465488434166E-07,0.9809153357718163));
#1583=FACE_BOUND('',#1584,.T.);
#1584=EDGE_LOOP('',(#1585,#1586,#1587));
#1585=ORIENTED_EDGE('',*,*,#1588,.T.);
#1586=ORIENTED_EDGE('',*,*,#1589,.T.);
#1587=ORIENTED_EDGE('',*,*,#1590,.T.);
#1588=EDGE_CURVE('',#131,#133,#1591,.F.);
#1589=EDGE_CURVE('',#133,#135,#1592,.T.);
#1590=EDGE_CURVE('',#135,#131,#1593,.T.);
#1591=LINE('',#130,#1594);
#1592=LINE('',#132,#1595);
#1593=LINE('',#134,#1596);
#1594=VECTOR('',#1597,1.0);
#1595=VECTOR('',#1598,1.0);
#1596=VECTOR('',#1599,1.0);
#1597=DIRECTION('',(0.19443534670333865,-1.3179465488434166E-07,0.9809153357718163));
#1598=DIRECTION('',(-1,0,0));
#1599=DIRECTION('',(0,1.34358848391987E-07,-0.999999999999991));
#1600=FACE_SURFACE('',(#1605),#1601,.T.);
#1601=PLANE('',#1602);
#1602=AXIS2_PLACEMENT_3D('',#130,#1603,#1604);
#1603=DIRECTION('',(0,-0.9999999999999909,-1.34358848391987E-07));
#1604=DIRECTION('',(1,0,0));
#1605=FACE_BOUND('',#1606,.T.);
#1606=EDGE_LOOP('',(#1607,#1608,#1609));
#1607=ORIENTED_EDGE('',*,*,#1610,.T.);
#1608=ORIENTED_EDGE('',*,*,#1611,.T.);
#1609=ORIENTED_EDGE('',*,*,#1612,.T.);
#1610=EDGE_CURVE('',#131,#137,#1613,.F.);
#1611=EDGE_CURVE('',#137,#133,#1614,.T.);
#1612=EDGE_CURVE('',#133,#131,#1615,.T.);
#1613=LINE('',#130,#1616);
#1614=LINE('',#136,#1617);
#1615=LINE('',#132,#1618);
#1616=VECTOR('',#1619,1.0);
#1617=VECTOR('',#1620,1.0);
#1618=VECTOR('',#1621,1.0);
#1619=DIRECTION('',(1,0,0));
#1620=DIRECTION('',(0,-1.34358848391987E-07,0.999999999999991));
#1621=DIRECTION('',(-0.19443534670333865,1.3179465488434166E-07,-0.9809153357718163));
#1622=FACE_SURFACE('',(#1627),#1623,.T.);
#1623=PLANE('',#1624);
#1624=AXIS2_PLACEMENT_3D('',#138,#1625,#1626);
#1625=DIRECTION('',(0,-0.9999999999999909,-1.3435884975190413E-07));
#1626=DIRECTION('',(0.4667025729119186,-1.1882889218377835E-07,0.8844143307507976));
#1627=FACE_BOUND('',#1628,.T.);
#1628=EDGE_LOOP('',(#1629,#1630,#1631));
#1629=ORIENTED_EDGE('',*,*,#1632,.T.);
#1630=ORIENTED_EDGE('',*,*,#1633,.T.);
#1631=ORIENTED_EDGE('',*,*,#1634,.T.);
#1632=EDGE_CURVE('',#139,#141,#1635,.F.);
#1633=EDGE_CURVE('',#141,#143,#1636,.T.);
#1634=EDGE_CURVE('',#143,#139,#1637,.T.);
#1635=LINE('',#138,#1638);
#1636=LINE('',#140,#1639);
#1637=LINE('',#142,#1640);
#1638=VECTOR('',#1641,1.0);
#1639=VECTOR('',#1642,1.0);
#1640=VECTOR('',#1643,1.0);
#1641=DIRECTION('',(0.4667025729119186,-1.1882889218377835E-07,0.8844143307507976));
#1642=DIRECTION('',(-1,0,0));
#1643=DIRECTION('',(-0.3927864245511705,1.235603915800213E-07,-0.9196297215120292));
#1644=FACE_SURFACE('',(#1649),#1645,.T.);
#1645=PLANE('',#1646);
#1646=AXIS2_PLACEMENT_3D('',#138,#1647,#1648);
#1647=DIRECTION('',(1.8201436599202377E-14,-0.999999999999991,-1.3435885935674318E-07));
#1648=DIRECTION('',(0.519643482116163,-1.1479394267276186E-07,0.8543831994451763));
#1649=FACE_BOUND('',#1650,.T.);
#1650=EDGE_LOOP('',(#1651,#1652,#1653));
#1651=ORIENTED_EDGE('',*,*,#1654,.T.);
#1652=ORIENTED_EDGE('',*,*,#1655,.T.);
#1653=ORIENTED_EDGE('',*,*,#1656,.T.);
#1654=EDGE_CURVE('',#139,#145,#1657,.F.);
#1655=EDGE_CURVE('',#145,#141,#1658,.T.);
#1656=EDGE_CURVE('',#141,#139,#1659,.T.);
#1657=LINE('',#138,#1660);
#1658=LINE('',#144,#1661);
#1659=LINE('',#140,#1662);
#1660=VECTOR('',#1663,1.0);
#1661=VECTOR('',#1664,1.0);
#1662=VECTOR('',#1665,1.0);
#1663=DIRECTION('',(0.519643482116163,-1.1479394267276186E-07,0.8543831994451763));
#1664=DIRECTION('',(0.2333729706556349,-1.3064884391311534E-07,0.9723872976172341));
#1665=DIRECTION('',(-0.4667025729119186,1.1882889218377835E-07,-0.8844143307507976));
#1666=FACE_SURFACE('',(#1671),#1667,.T.);
#1667=PLANE('',#1668);
#1668=AXIS2_PLACEMENT_3D('',#144,#1669,#1670);
#1669=DIRECTION('',(-7.648911253601677E-15,-0.9999999999999909,-1.3435885315265912E-07));
#1670=DIRECTION('',(0.5367736614240375,1.1336209131661201E-07,-0.8437262804970698));
#1671=FACE_BOUND('',#1672,.T.);
#1672=EDGE_LOOP('',(#1673,#1674,#1675));
#1673=ORIENTED_EDGE('',*,*,#1676,.T.);
#1674=ORIENTED_EDGE('',*,*,#1677,.T.);
#1675=ORIENTED_EDGE('',*,*,#1678,.T.);
#1676=EDGE_CURVE('',#145,#147,#1679,.F.);
#1677=EDGE_CURVE('',#147,#141,#1680,.T.);
#1678=EDGE_CURVE('',#141,#145,#1681,.T.);
#1679=LINE('',#144,#1682);
#1680=LINE('',#146,#1683);
#1681=LINE('',#140,#1684);
#1682=VECTOR('',#1685,1.0);
#1683=VECTOR('',#1686,1.0);
#1684=VECTOR('',#1687,1.0);
#1685=DIRECTION('',(0.5367736614240375,1.1336209131661201E-07,-0.8437262804970698));
#1686=DIRECTION('',(-0.4062620504232619,-1.2277128737181963E-07,0.913756612225527));
#1687=DIRECTION('',(-0.2333729706556349,1.3064884391311534E-07,-0.9723872976172341));
#1688=FACE_SURFACE('',(#1693),#1689,.T.);
#1689=PLANE('',#1690);
#1690=AXIS2_PLACEMENT_3D('',#138,#1691,#1692);
#1691=DIRECTION('',(8.553605995219315E-16,-0.999999999999991,-1.3435884880670507E-07));
#1692=DIRECTION('',(0.6126143670973027,-1.0619480927446709E-07,0.7903819565412409));
#1693=FACE_BOUND('',#1694,.T.);
#1694=EDGE_LOOP('',(#1695,#1696,#1697));
#1695=ORIENTED_EDGE('',*,*,#1698,.T.);
#1696=ORIENTED_EDGE('',*,*,#1699,.T.);
#1697=ORIENTED_EDGE('',*,*,#1700,.T.);
#1698=EDGE_CURVE('',#139,#149,#1701,.F.);
#1699=EDGE_CURVE('',#149,#145,#1702,.T.);
#1700=EDGE_CURVE('',#145,#139,#1703,.T.);
#1701=LINE('',#138,#1704);
#1702=LINE('',#148,#1705);
#1703=LINE('',#144,#1706);
#1704=VECTOR('',#1707,1.0);
#1705=VECTOR('',#1708,1.0);
#1706=VECTOR('',#1709,1.0);
#1707=DIRECTION('',(0.6126143670973027,-1.0619480927446709E-07,0.7903819565412409));
#1708=DIRECTION('',(0.38169062593168107,-1.2418655907804648E-07,0.924290141717343));
#1709=DIRECTION('',(-0.519643482116163,1.1479394267276186E-07,-0.8543831994451763));
#1710=FACE_SURFACE('',(#1715),#1711,.T.);
#1711=PLANE('',#1712);
#1712=AXIS2_PLACEMENT_3D('',#150,#1713,#1714);
#1713=DIRECTION('',(-8.750966489777379E-16,-0.9999999999999909,-1.3435884884319843E-07));
#1714=DIRECTION('',(0.6243654066668607,1.0495205059778274E-07,-0.7811324080831078));
#1715=FACE_BOUND('',#1716,.T.);
#1716=EDGE_LOOP('',(#1717,#1718,#1719));
#1717=ORIENTED_EDGE('',*,*,#1720,.T.);
#1718=ORIENTED_EDGE('',*,*,#1721,.T.);
#1719=ORIENTED_EDGE('',*,*,#1722,.T.);
#1720=EDGE_CURVE('',#151,#147,#1723,.F.);
#1721=EDGE_CURVE('',#147,#145,#1724,.T.);
#1722=EDGE_CURVE('',#145,#151,#1725,.T.);
#1723=LINE('',#150,#1726);
#1724=LINE('',#146,#1727);
#1725=LINE('',#144,#1728);
#1726=VECTOR('',#1729,1.0);
#1727=VECTOR('',#1730,1.0);
#1728=VECTOR('',#1731,1.0);
#1729=DIRECTION('',(0.6243654066668607,1.0495205059778274E-07,-0.7811324080831078));
#1730=DIRECTION('',(-0.5367736614240375,-1.1336209131661201E-07,0.8437262804970698));
#1731=DIRECTION('',(0.40682466867414735,1.2273764928829618E-07,-0.913506261039384));
#1732=FACE_SURFACE('',(#1737),#1733,.T.);
#1733=PLANE('',#1734);
#1734=AXIS2_PLACEMENT_3D('',#138,#1735,#1736);
#1735=DIRECTION('',(-4.317994090678119E-14,-0.9999999999999911,-1.3435881467553837E-07));
#1736=DIRECTION('',(0.679189507165925,-9.861442143171026E-08,0.7339629509421427));
#1737=FACE_BOUND('',#1738,.T.);
#1738=EDGE_LOOP('',(#1739,#1740,#1741));
#1739=ORIENTED_EDGE('',*,*,#1742,.T.);
#1740=ORIENTED_EDGE('',*,*,#1743,.T.);
#1741=ORIENTED_EDGE('',*,*,#1744,.T.);
#1742=EDGE_CURVE('',#139,#153,#1745,.F.);
#1743=EDGE_CURVE('',#153,#149,#1746,.T.);
#1744=EDGE_CURVE('',#149,#139,#1747,.T.);
#1745=LINE('',#138,#1748);
#1746=LINE('',#152,#1749);
#1747=LINE('',#148,#1750);
#1748=VECTOR('',#1751,1.0);
#1749=VECTOR('',#1752,1.0);
#1750=VECTOR('',#1753,1.0);
#1751=DIRECTION('',(0.679189507165925,-9.861442143171026E-08,0.7339629509421427));
#1752=DIRECTION('',(0.39643615441901053,-1.2334977872396056E-07,0.9180622938937485));
#1753=DIRECTION('',(-0.6126143670973027,1.0619480927446709E-07,-0.7903819565412409));
#1754=FACE_SURFACE('',(#1759),#1755,.T.);
#1755=PLANE('',#1756);
#1756=AXIS2_PLACEMENT_3D('',#152,#1757,#1758);
#1757=DIRECTION('',(0,-0.9999999999999909,-1.3435883332142957E-07));
#1758=DIRECTION('',(0.9432686379289917,-4.461123541635768E-08,0.33203053579389785));
#1759=FACE_BOUND('',#1760,.T.);
#1760=EDGE_LOOP('',(#1761,#1762,#1763));
#1761=ORIENTED_EDGE('',*,*,#1764,.T.);
#1762=ORIENTED_EDGE('',*,*,#1765,.T.);
#1763=ORIENTED_EDGE('',*,*,#1766,.T.);
#1764=EDGE_CURVE('',#153,#151,#1767,.F.);
#1765=EDGE_CURVE('',#151,#149,#1768,.T.);
#1766=EDGE_CURVE('',#149,#153,#1769,.T.);
#1767=LINE('',#152,#1770);
#1768=LINE('',#150,#1771);
#1769=LINE('',#148,#1772);
#1770=VECTOR('',#1773,1.0);
#1771=VECTOR('',#1774,1.0);
#1772=VECTOR('',#1775,1.0);
#1773=DIRECTION('',(0.9432686379289917,-4.461123541635768E-08,0.33203053579389785));
#1774=DIRECTION('',(-1,0,0));
#1775=DIRECTION('',(-0.39643615441901053,1.2334977872396056E-07,-0.9180622938937485));
#1776=FACE_SURFACE('',(#1781),#1777,.T.);
#1777=PLANE('',#1778);
#1778=AXIS2_PLACEMENT_3D('',#152,#1779,#1780);
#1779=DIRECTION('',(0,-0.999999999999991,-1.343588333214296E-07));
#1780=DIRECTION('',(1,0,0));
#1781=FACE_BOUND('',#1782,.T.);
#1782=EDGE_LOOP('',(#1783,#1784,#1785));
#1783=ORIENTED_EDGE('',*,*,#1786,.T.);
#1784=ORIENTED_EDGE('',*,*,#1787,.T.);
#1785=ORIENTED_EDGE('',*,*,#1788,.T.);
#1786=EDGE_CURVE('',#153,#155,#1789,.F.);
#1787=EDGE_CURVE('',#155,#151,#1790,.T.);
#1788=EDGE_CURVE('',#151,#153,#1791,.T.);
#1789=LINE('',#152,#1792);
#1790=LINE('',#154,#1793);
#1791=LINE('',#150,#1794);
#1792=VECTOR('',#1795,1.0);
#1793=VECTOR('',#1796,1.0);
#1794=VECTOR('',#1797,1.0);
#1795=DIRECTION('',(1,0,0));
#1796=DIRECTION('',(-0.41380285744564477,-1.2231578311127303E-07,0.910366516942382));
#1797=DIRECTION('',(-0.9432686379289917,4.461123541635768E-08,-0.33203053579389785));
#1798=FACE_SURFACE('',(#1803),#1799,.T.);
#1799=PLANE('',#1800);
#1800=AXIS2_PLACEMENT_3D('',#154,#1801,#1802);
#1801=DIRECTION('',(4.29927525164234E-14,-0.999999999999991,-1.3435881377927428E-07));
#1802=DIRECTION('',(0.6888442964903835,9.739798715000154E-08,-0.7249093289458064));
#1803=FACE_BOUND('',#1804,.T.);
#1804=EDGE_LOOP('',(#1805,#1806,#1807));
#1805=ORIENTED_EDGE('',*,*,#1808,.T.);
#1806=ORIENTED_EDGE('',*,*,#1809,.T.);
#1807=ORIENTED_EDGE('',*,*,#1810,.T.);
#1808=EDGE_CURVE('',#155,#147,#1811,.F.);
#1809=EDGE_CURVE('',#147,#151,#1812,.T.);
#1810=EDGE_CURVE('',#151,#155,#1813,.T.);
#1811=LINE('',#154,#1814);
#1812=LINE('',#146,#1815);
#1813=LINE('',#150,#1816);
#1814=VECTOR('',#1817,1.0);
#1815=VECTOR('',#1818,1.0);
#1816=VECTOR('',#1819,1.0);
#1817=DIRECTION('',(0.6888442964903835,9.739798715000154E-08,-0.7249093289458064));
#1818=DIRECTION('',(-0.6243654066668607,-1.0495205059778274E-07,0.7811324080831078));
#1819=DIRECTION('',(0.41380285744564477,1.2231578311127303E-07,-0.910366516942382));
#1820=FACE_SURFACE('',(#1825),#1821,.T.);
#1821=PLANE('',#1822);
#1822=AXIS2_PLACEMENT_3D('',#138,#1823,#1824);
#1823=DIRECTION('',(0,-0.999999999999991,-1.343588546330903E-07));
#1824=DIRECTION('',(1,0,0));
#1825=FACE_BOUND('',#1826,.T.);
#1826=EDGE_LOOP('',(#1827,#1828,#1829));
#1827=ORIENTED_EDGE('',*,*,#1830,.T.);
#1828=ORIENTED_EDGE('',*,*,#1831,.T.);
#1829=ORIENTED_EDGE('',*,*,#1832,.T.);
#1830=EDGE_CURVE('',#139,#157,#1833,.F.);
#1831=EDGE_CURVE('',#157,#153,#1834,.T.);
#1832=EDGE_CURVE('',#153,#139,#1835,.T.);
#1833=LINE('',#138,#1836);
#1834=LINE('',#156,#1837);
#1835=LINE('',#152,#1838);
#1836=VECTOR('',#1839,1.0);
#1837=VECTOR('',#1840,1.0);
#1838=VECTOR('',#1841,1.0);
#1839=DIRECTION('',(1,0,0));
#1840=DIRECTION('',(0.39336714613127954,-1.2352704135061222E-07,0.9193814705248944));
#1841=DIRECTION('',(-0.679189507165925,9.861442143171026E-08,-0.7339629509421427));
#1842=FACE_SURFACE('',(#1847),#1843,.T.);
#1843=PLANE('',#1844);
#1844=AXIS2_PLACEMENT_3D('',#158,#1845,#1846);
#1845=DIRECTION('',(0,-0.999999999999991,-1.3435885463309034E-07));
#1846=DIRECTION('',(1,0,0));
#1847=FACE_BOUND('',#1848,.T.);
#1848=EDGE_LOOP('',(#1849,#1850,#1851));
#1849=ORIENTED_EDGE('',*,*,#1852,.T.);
#1850=ORIENTED_EDGE('',*,*,#1853,.T.);
#1851=ORIENTED_EDGE('',*,*,#1854,.T.);
#1852=EDGE_CURVE('',#159,#147,#1855,.F.);
#1853=EDGE_CURVE('',#147,#155,#1856,.T.);
#1854=EDGE_CURVE('',#155,#159,#1857,.T.);
#1855=LINE('',#158,#1858);
#1856=LINE('',#146,#1859);
#1857=LINE('',#154,#1860);
#1858=VECTOR('',#1861,1.0);
#1859=VECTOR('',#1862,1.0);
#1860=VECTOR('',#1863,1.0);
#1861=DIRECTION('',(1,0,0));
#1862=DIRECTION('',(-0.6888442964903835,-9.739798715000154E-08,0.7249093289458064));
#1863=DIRECTION('',(0.4124366403488999,1.223990742991855E-07,-0.9109862884246377));
#1864=FACE_SURFACE('',(#1869),#1865,.T.);
#1865=PLANE('',#1866);
#1866=AXIS2_PLACEMENT_3D('',#160,#1867,#1868);
#1867=DIRECTION('',(-0.9109862884246459,5.541452116759223E-08,-0.41243664034889616));
#1868=DIRECTION('',(0,-0.999999999999991,-1.3435887054242912E-07));
#1869=FACE_BOUND('',#1870,.T.);
#1870=EDGE_LOOP('',(#1871,#1872,#1873));
#1871=ORIENTED_EDGE('',*,*,#1874,.T.);
#1872=ORIENTED_EDGE('',*,*,#1875,.T.);
#1873=ORIENTED_EDGE('',*,*,#1876,.T.);
#1874=EDGE_CURVE('',#161,#163,#1877,.F.);
#1875=EDGE_CURVE('',#163,#165,#1878,.T.);
#1876=EDGE_CURVE('',#165,#161,#1879,.T.);
#1877=LINE('',#160,#1880);
#1878=LINE('',#162,#1881);
#1879=LINE('',#164,#1882);
#1880=VECTOR('',#1883,1.0);
#1881=VECTOR('',#1884,1.0);
#1882=VECTOR('',#1885,1.0);
#1883=DIRECTION('',(0,-0.999999999999991,-1.3435887054242912E-07));
#1884=DIRECTION('',(-0.4124366403488999,-1.223990742991855E-07,0.9109862884246377));
#1885=DIRECTION('',(0.35691528238253467,0.5011127039845044,-0.7883511521569143));
#1886=FACE_SURFACE('',(#1891),#1887,.T.);
#1887=PLANE('',#1888);
#1888=AXIS2_PLACEMENT_3D('',#160,#1889,#1890);
#1889=DIRECTION('',(-0.910986288424646,5.541452116551282E-08,-0.41243664034889616));
#1890=DIRECTION('',(-0.35691528238253467,-0.5011127039845044,0.7883511521569143));
#1891=FACE_BOUND('',#1892,.T.);
#1892=EDGE_LOOP('',(#1893,#1894,#1895));
#1893=ORIENTED_EDGE('',*,*,#1896,.T.);
#1894=ORIENTED_EDGE('',*,*,#1897,.T.);
#1895=ORIENTED_EDGE('',*,*,#1898,.T.);
#1896=EDGE_CURVE('',#161,#165,#1899,.F.);
#1897=EDGE_CURVE('',#165,#167,#1900,.T.);
#1898=EDGE_CURVE('',#167,#161,#1901,.T.);
#1899=LINE('',#160,#1902);
#1900=LINE('',#164,#1903);
#1901=LINE('',#166,#1904);
#1902=VECTOR('',#1905,1.0);
#1903=VECTOR('',#1906,1.0);
#1904=VECTOR('',#1907,1.0);
#1905=DIRECTION('',(-0.35691528238253467,-0.5011127039845044,0.7883511521569143));
#1906=DIRECTION('',(0,0.9999999999999909,1.3435887054242695E-07));
#1907=DIRECTION('',(0.4124366403488999,1.2239906504848476E-07,-0.9109862884246377));
#1908=FACE_SURFACE('',(#1913),#1909,.T.);
#1909=PLANE('',#1910);
#1910=AXIS2_PLACEMENT_3D('',#168,#1911,#1912);
#1911=DIRECTION('',(0,1.3435887054242698E-07,-0.999999999999991));
#1912=DIRECTION('',(1,0,0));
#1913=FACE_BOUND('',#1914,.T.);
#1914=EDGE_LOOP('',(#1915,#1916,#1917));
#1915=ORIENTED_EDGE('',*,*,#1918,.T.);
#1916=ORIENTED_EDGE('',*,*,#1919,.T.);
#1917=ORIENTED_EDGE('',*,*,#1920,.T.);
#1918=EDGE_CURVE('',#169,#167,#1921,.F.);
#1919=EDGE_CURVE('',#167,#165,#1922,.T.);
#1920=EDGE_CURVE('',#165,#169,#1923,.T.);
#1921=LINE('',#168,#1924);
#1922=LINE('',#166,#1925);
#1923=LINE('',#164,#1926);
#1924=VECTOR('',#1927,1.0);
#1925=VECTOR('',#1928,1.0);
#1926=VECTOR('',#1929,1.0);
#1927=DIRECTION('',(1,0,0));
#1928=DIRECTION('',(0,-0.9999999999999909,-1.3435887054242695E-07));
#1929=DIRECTION('',(-0.7175575436266398,0.6964992258319417,9.35808493164553E-08));
#1930=FACE_SURFACE('',(#1935),#1931,.T.);
#1931=PLANE('',#1932);
#1932=AXIS2_PLACEMENT_3D('',#164,#1933,#1934);
#1933=DIRECTION('',(0,1.3435887054242698E-07,-0.999999999999991));
#1934=DIRECTION('',(-1,0,0));
#1935=FACE_BOUND('',#1936,.T.);
#1936=EDGE_LOOP('',(#1937,#1938,#1939));
#1937=ORIENTED_EDGE('',*,*,#1940,.T.);
#1938=ORIENTED_EDGE('',*,*,#1941,.T.);
#1939=ORIENTED_EDGE('',*,*,#1942,.T.);
#1940=EDGE_CURVE('',#165,#171,#1943,.F.);
#1941=EDGE_CURVE('',#171,#173,#1944,.T.);
#1942=EDGE_CURVE('',#173,#165,#1945,.T.);
#1943=LINE('',#164,#1946);
#1944=LINE('',#170,#1947);
#1945=LINE('',#172,#1948);
#1946=VECTOR('',#1949,1.0);
#1947=VECTOR('',#1950,1.0);
#1948=VECTOR('',#1951,1.0);
#1949=DIRECTION('',(-1,0,0));
#1950=DIRECTION('',(0,0.9999999999999909,1.3435887054242695E-07));
#1951=DIRECTION('',(0.9151230816745055,-0.40317458425172764,-5.417008177147518E-08));
#1952=FACE_SURFACE('',(#1957),#1953,.T.);
#1953=PLANE('',#1954);
#1954=AXIS2_PLACEMENT_3D('',#164,#1955,#1956);
#1955=DIRECTION('',(0,1.3435887054242698E-07,-0.9999999999999909));
#1956=DIRECTION('',(-0.9151230816745055,0.40317458425172764,5.417008177147518E-08));
#1957=FACE_BOUND('',#1958,.T.);
#1958=EDGE_LOOP('',(#1959,#1960,#1961));
#1959=ORIENTED_EDGE('',*,*,#1962,.T.);
#1960=ORIENTED_EDGE('',*,*,#1963,.T.);
#1961=ORIENTED_EDGE('',*,*,#1964,.T.);
#1962=EDGE_CURVE('',#165,#173,#1965,.F.);
#1963=EDGE_CURVE('',#173,#169,#1966,.T.);
#1964=EDGE_CURVE('',#169,#165,#1967,.T.);
#1965=LINE('',#164,#1968);
#1966=LINE('',#172,#1969);
#1967=LINE('',#168,#1970);
#1968=VECTOR('',#1971,1.0);
#1969=VECTOR('',#1972,1.0);
#1970=VECTOR('',#1973,1.0);
#1971=DIRECTION('',(-0.9151230816745055,0.40317458425172764,5.417008177147518E-08));
#1972=DIRECTION('',(1,0,0));
#1973=DIRECTION('',(0.7175575436266398,-0.6964992258319417,-9.35808493164553E-08));
#1974=FACE_SURFACE('',(#1979),#1975,.T.);
#1975=PLANE('',#1976);
#1976=AXIS2_PLACEMENT_3D('',#172,#1977,#1978);
#1977=DIRECTION('',(0.9193814705249028,5.285236546269655E-08,-0.393367146131276));
#1978=DIRECTION('',(0,-0.9999999999999909,-1.3435887054242695E-07));
#1979=FACE_BOUND('',#1980,.T.);
#1980=EDGE_LOOP('',(#1981,#1982,#1983));
#1981=ORIENTED_EDGE('',*,*,#1984,.T.);
#1982=ORIENTED_EDGE('',*,*,#1985,.T.);
#1983=ORIENTED_EDGE('',*,*,#1986,.T.);
#1984=EDGE_CURVE('',#173,#171,#1987,.F.);
#1985=EDGE_CURVE('',#171,#175,#1988,.T.);
#1986=EDGE_CURVE('',#175,#173,#1989,.T.);
#1987=LINE('',#172,#1990);
#1988=LINE('',#170,#1991);
#1989=LINE('',#174,#1992);
#1990=VECTOR('',#1993,1.0);
#1991=VECTOR('',#1994,1.0);
#1992=VECTOR('',#1995,1.0);
#1993=DIRECTION('',(0,-0.9999999999999909,-1.3435887054242695E-07));
#1994=DIRECTION('',(-0.39336714613127954,1.2352704135061222E-07,-0.9193814705248944));
#1995=DIRECTION('',(0.3396242410918515,0.5045588500185114,0.7937731046909949));
#1996=FACE_SURFACE('',(#2001),#1997,.T.);
#1997=PLANE('',#1998);
#1998=AXIS2_PLACEMENT_3D('',#172,#1999,#2000);
#1999=DIRECTION('',(0.9193814705249027,5.285236547747283E-08,-0.39336714613127605));
#2000=DIRECTION('',(-0.3396242410918515,-0.5045588500185114,-0.7937731046909949));
#2001=FACE_BOUND('',#2002,.T.);
#2002=EDGE_LOOP('',(#2003,#2004,#2005));
#2003=ORIENTED_EDGE('',*,*,#2006,.T.);
#2004=ORIENTED_EDGE('',*,*,#2007,.T.);
#2005=ORIENTED_EDGE('',*,*,#2008,.T.);
#2006=EDGE_CURVE('',#173,#175,#2009,.F.);
#2007=EDGE_CURVE('',#175,#177,#2010,.T.);
#2008=EDGE_CURVE('',#177,#173,#2011,.T.);
#2009=LINE('',#172,#2012);
#2010=LINE('',#174,#2013);
#2011=LINE('',#176,#2014);
#2012=VECTOR('',#2015,1.0);
#2013=VECTOR('',#2016,1.0);
#2014=VECTOR('',#2017,1.0);
#2015=DIRECTION('',(-0.3396242410918515,-0.5045588500185114,-0.7937731046909949));
#2016=DIRECTION('',(0,0.999999999999991,1.3435887054242912E-07));
#2017=DIRECTION('',(0.39336714613127954,-1.2352703201466177E-07,0.9193814705248944));
#2018=FACE_SURFACE('',(#2023),#2019,.T.);
#2019=PLANE('',#2020);
#2020=AXIS2_PLACEMENT_3D('',#176,#2021,#2022);
#2021=DIRECTION('',(0,1.3435887054242912E-07,-0.999999999999991));
#2022=DIRECTION('',(0,-0.999999999999991,-1.3435887054242912E-07));
#2023=FACE_BOUND('',#2024,.T.);
#2024=EDGE_LOOP('',(#2025,#2026,#2027));
#2025=ORIENTED_EDGE('',*,*,#2028,.T.);
#2026=ORIENTED_EDGE('',*,*,#2029,.T.);
#2027=ORIENTED_EDGE('',*,*,#2030,.T.);
#2028=EDGE_CURVE('',#177,#175,#2031,.F.);
#2029=EDGE_CURVE('',#175,#179,#2032,.T.);
#2030=EDGE_CURVE('',#179,#177,#2033,.T.);
#2031=LINE('',#176,#2034);
#2032=LINE('',#174,#2035);
#2033=LINE('',#178,#2036);
#2034=VECTOR('',#2037,1.0);
#2035=VECTOR('',#2038,1.0);
#2036=VECTOR('',#2039,1.0);
#2037=DIRECTION('',(0,-0.999999999999991,-1.3435887054242912E-07));
#2038=DIRECTION('',(-1,0,0));
#2039=DIRECTION('',(0.6163466658809756,0.7874749440187885,1.0580424405882797E-07));
#2040=FACE_SURFACE('',(#2045),#2041,.T.);
#2041=PLANE('',#2042);
#2042=AXIS2_PLACEMENT_3D('',#176,#2043,#2044);
#2043=DIRECTION('',(0,1.3435887054242912E-07,-0.999999999999991));
#2044=DIRECTION('',(-0.6163466658809756,-0.7874749440187885,-1.0580424405882797E-07));
#2045=FACE_BOUND('',#2046,.T.);
#2046=EDGE_LOOP('',(#2047,#2048,#2049));
#2047=ORIENTED_EDGE('',*,*,#2050,.T.);
#2048=ORIENTED_EDGE('',*,*,#2051,.T.);
#2049=ORIENTED_EDGE('',*,*,#2052,.T.);
#2050=EDGE_CURVE('',#177,#179,#2053,.F.);
#2051=EDGE_CURVE('',#179,#181,#2054,.T.);
#2052=EDGE_CURVE('',#181,#177,#2055,.T.);
#2053=LINE('',#176,#2056);
#2054=LINE('',#178,#2057);
#2055=LINE('',#180,#2058);
#2056=VECTOR('',#2059,1.0);
#2057=VECTOR('',#2060,1.0);
#2058=VECTOR('',#2061,1.0);
#2059=DIRECTION('',(-0.6163466658809756,-0.7874749440187885,-1.0580424405882797E-07));
#2060=DIRECTION('',(0,0.999999999999991,1.3435887054242912E-07));
#2061=DIRECTION('',(1,0,0));
#2062=FACE_SURFACE('',(#2067),#2063,.T.);
#2063=PLANE('',#2064);
#2064=AXIS2_PLACEMENT_3D('',#182,#2065,#2066);
#2065=DIRECTION('',(-0.919629729653027,-5.2774337716253494E-08,0.3927864054906912));
#2066=DIRECTION('',(-0.39278640549069477,1.2356038941686238E-07,-0.9196297296530187));
#2067=FACE_BOUND('',#2068,.T.);
#2068=EDGE_LOOP('',(#2069,#2070,#2071));
#2069=ORIENTED_EDGE('',*,*,#2072,.T.);
#2070=ORIENTED_EDGE('',*,*,#2073,.T.);
#2071=ORIENTED_EDGE('',*,*,#2074,.T.);
#2072=EDGE_CURVE('',#183,#181,#2075,.F.);
#2073=EDGE_CURVE('',#181,#179,#2076,.T.);
#2074=EDGE_CURVE('',#179,#183,#2077,.T.);
#2075=LINE('',#182,#2078);
#2076=LINE('',#180,#2079);
#2077=LINE('',#178,#2080);
#2078=VECTOR('',#2081,1.0);
#2079=VECTOR('',#2082,1.0);
#2080=VECTOR('',#2083,1.0);
#2081=DIRECTION('',(-0.39278640549069477,1.2356038941686238E-07,-0.9196297296530187));
#2082=DIRECTION('',(0,-0.999999999999991,-1.3435887054242912E-07));
#2083=DIRECTION('',(0.38409370271827636,0.20921735958775187,0.8992775566972044));
#2084=FACE_SURFACE('',(#2089),#2085,.T.);
#2085=PLANE('',#2086);
#2086=AXIS2_PLACEMENT_3D('',#178,#2087,#2088);
#2087=DIRECTION('',(-0.9196297215120373,-5.277434046298666E-08,0.392786424551167));
#2088=DIRECTION('',(0.3927864245511705,-1.235603915800213E-07,0.9196297215120292));
#2089=FACE_BOUND('',#2090,.T.);
#2090=EDGE_LOOP('',(#2091,#2092,#2093));
#2091=ORIENTED_EDGE('',*,*,#2094,.T.);
#2092=ORIENTED_EDGE('',*,*,#2095,.T.);
#2093=ORIENTED_EDGE('',*,*,#2096,.T.);
#2094=EDGE_CURVE('',#179,#185,#2097,.F.);
#2095=EDGE_CURVE('',#185,#187,#2098,.T.);
#2096=EDGE_CURVE('',#187,#179,#2099,.T.);
#2097=LINE('',#178,#2100);
#2098=LINE('',#184,#2101);
#2099=LINE('',#186,#2102);
#2100=VECTOR('',#2103,1.0);
#2101=VECTOR('',#2104,1.0);
#2102=VECTOR('',#2105,1.0);
#2103=DIRECTION('',(0.3927864245511705,-1.235603915800213E-07,0.9196297215120292));
#2104=DIRECTION('',(0,0.999999999999991,1.3435887054242912E-07));
#2105=DIRECTION('',(-0.3871487727481661,-0.16881910824300067,-0.906430326308441));
#2106=FACE_SURFACE('',(#2111),#2107,.T.);
#2107=PLANE('',#2108);
#2108=AXIS2_PLACEMENT_3D('',#178,#2109,#2110);
#2109=DIRECTION('',(-0.9196296888376786,-5.38452565570654E-07,0.39278650105117463));
#2110=DIRECTION('',(0.3871487727481661,0.16881910824300067,0.906430326308441));
#2111=FACE_BOUND('',#2112,.T.);
#2112=EDGE_LOOP('',(#2113,#2114,#2115));
#2113=ORIENTED_EDGE('',*,*,#2116,.T.);
#2114=ORIENTED_EDGE('',*,*,#2117,.T.);
#2115=ORIENTED_EDGE('',*,*,#2118,.T.);
#2116=EDGE_CURVE('',#179,#187,#2119,.F.);
#2117=EDGE_CURVE('',#187,#183,#2120,.T.);
#2118=EDGE_CURVE('',#183,#179,#2121,.T.);
#2119=LINE('',#178,#2122);
#2120=LINE('',#186,#2123);
#2121=LINE('',#182,#2124);
#2122=VECTOR('',#2125,1.0);
#2123=VECTOR('',#2126,1.0);
#2124=VECTOR('',#2127,1.0);
#2125=DIRECTION('',(0.3871487727481661,0.16881910824300067,0.906430326308441));
#2126=DIRECTION('',(-0.39278650105128976,1.2356040026196137E-07,-0.9196296888377788));
#2127=DIRECTION('',(-0.38409370271827636,-0.20921735958775187,-0.8992775566972044));
#2128=FACE_SURFACE('',(#2133),#2129,.T.);
#2129=PLANE('',#2130);
#2130=AXIS2_PLACEMENT_3D('',#186,#2131,#2132);
#2131=DIRECTION('',(0,-1.343588705424291E-07,0.9999999999999909));
#2132=DIRECTION('',(0,-0.999999999999991,-1.3435887054242912E-07));
#2133=FACE_BOUND('',#2134,.T.);
#2134=EDGE_LOOP('',(#2135,#2136,#2137));
#2135=ORIENTED_EDGE('',*,*,#2138,.T.);
#2136=ORIENTED_EDGE('',*,*,#2139,.T.);
#2137=ORIENTED_EDGE('',*,*,#2140,.T.);
#2138=EDGE_CURVE('',#187,#185,#2141,.F.);
#2139=EDGE_CURVE('',#185,#189,#2142,.T.);
#2140=EDGE_CURVE('',#189,#187,#2143,.T.);
#2141=LINE('',#186,#2144);
#2142=LINE('',#184,#2145);
#2143=LINE('',#188,#2146);
#2144=VECTOR('',#2147,1.0);
#2145=VECTOR('',#2148,1.0);
#2146=VECTOR('',#2149,1.0);
#2147=DIRECTION('',(0,-0.999999999999991,-1.3435887054242912E-07));
#2148=DIRECTION('',(1,0,0));
#2149=DIRECTION('',(-0.47518593178212315,0.8798854074459592,1.1822040955120519E-07));
#2150=FACE_SURFACE('',(#2155),#2151,.T.);
#2151=PLANE('',#2152);
#2152=AXIS2_PLACEMENT_3D('',#186,#2153,#2154);
#2153=DIRECTION('',(0,-1.343588705424291E-07,0.9999999999999909));
#2154=DIRECTION('',(0.47518593178212315,-0.8798854074459592,-1.1822040955120519E-07));
#2155=FACE_BOUND('',#2156,.T.);
#2156=EDGE_LOOP('',(#2157,#2158,#2159));
#2157=ORIENTED_EDGE('',*,*,#2160,.T.);
#2158=ORIENTED_EDGE('',*,*,#2161,.T.);
#2159=ORIENTED_EDGE('',*,*,#2162,.T.);
#2160=EDGE_CURVE('',#187,#189,#2163,.F.);
#2161=EDGE_CURVE('',#189,#191,#2164,.T.);
#2162=EDGE_CURVE('',#191,#187,#2165,.T.);
#2163=LINE('',#186,#2166);
#2164=LINE('',#188,#2167);
#2165=LINE('',#190,#2168);
#2166=VECTOR('',#2169,1.0);
#2167=VECTOR('',#2170,1.0);
#2168=VECTOR('',#2171,1.0);
#2169=DIRECTION('',(0.47518593178212315,-0.8798854074459592,-1.1822040955120519E-07));
#2170=DIRECTION('',(0,0.999999999999991,1.3435887054242912E-07));
#2171=DIRECTION('',(-1,0,0));
#2172=FACE_SURFACE('',(#2177),#2173,.T.);
#2173=PLANE('',#2174);
#2174=AXIS2_PLACEMENT_3D('',#190,#2175,#2176);
#2175=DIRECTION('',(0.9137566122255351,-5.4584910239120855E-08,0.4062620504232582));
#2176=DIRECTION('',(0,-0.999999999999991,-1.3435887054242912E-07));
#2177=FACE_BOUND('',#2178,.T.);
#2178=EDGE_LOOP('',(#2179,#2180,#2181));
#2179=ORIENTED_EDGE('',*,*,#2182,.T.);
#2180=ORIENTED_EDGE('',*,*,#2183,.T.);
#2181=ORIENTED_EDGE('',*,*,#2184,.T.);
#2182=EDGE_CURVE('',#191,#189,#2185,.F.);
#2183=EDGE_CURVE('',#189,#193,#2186,.T.);
#2184=EDGE_CURVE('',#193,#191,#2187,.T.);
#2185=LINE('',#190,#2188);
#2186=LINE('',#188,#2189);
#2187=LINE('',#192,#2190);
#2188=VECTOR('',#2191,1.0);
#2189=VECTOR('',#2192,1.0);
#2190=VECTOR('',#2193,1.0);
#2191=DIRECTION('',(0,-0.999999999999991,-1.3435887054242912E-07));
#2192=DIRECTION('',(0.4062620504232619,1.2277128737181963E-07,-0.913756612225527));
#2193=DIRECTION('',(-0.4005036534711848,0.16777140603870144,0.900804961616015));
#2194=FACE_SURFACE('',(#2199),#2195,.T.);
#2195=PLANE('',#2196);
#2196=AXIS2_PLACEMENT_3D('',#190,#2197,#2198);
#2197=DIRECTION('',(0.9137566122255351,-5.45849105340086E-08,0.40626205042325825));
#2198=DIRECTION('',(0.4005036534711848,-0.16777140603870144,-0.900804961616015));
#2199=FACE_BOUND('',#2200,.T.);
#2200=EDGE_LOOP('',(#2201,#2202,#2203));
#2201=ORIENTED_EDGE('',*,*,#2204,.T.);
#2202=ORIENTED_EDGE('',*,*,#2205,.T.);
#2203=ORIENTED_EDGE('',*,*,#2206,.T.);
#2204=EDGE_CURVE('',#191,#193,#2207,.F.);
#2205=EDGE_CURVE('',#193,#195,#2208,.T.);
#2206=EDGE_CURVE('',#195,#191,#2209,.T.);
#2207=LINE('',#190,#2210);
#2208=LINE('',#192,#2211);
#2209=LINE('',#194,#2212);
#2210=VECTOR('',#2213,1.0);
#2211=VECTOR('',#2214,1.0);
#2212=VECTOR('',#2215,1.0);
#2213=DIRECTION('',(0.4005036534711848,-0.16777140603870144,-0.900804961616015));
#2214=DIRECTION('',(0,0.999999999999991,1.3435887054242912E-07));
#2215=DIRECTION('',(-0.4062620504232619,-1.2277128737181963E-07,0.913756612225527));
#2216=FACE_SURFACE('',(#2221),#2217,.T.);
#2217=PLANE('',#2218);
#2218=AXIS2_PLACEMENT_3D('',#194,#2219,#2220);
#2219=DIRECTION('',(0,1.3435887054242912E-07,-0.9999999999999909));
#2220=DIRECTION('',(0,-0.999999999999991,-1.3435887054242912E-07));
#2221=FACE_BOUND('',#2222,.T.);
#2222=EDGE_LOOP('',(#2223,#2224,#2225));
#2223=ORIENTED_EDGE('',*,*,#2226,.T.);
#2224=ORIENTED_EDGE('',*,*,#2227,.T.);
#2225=ORIENTED_EDGE('',*,*,#2228,.T.);
#2226=EDGE_CURVE('',#195,#193,#2229,.F.);
#2227=EDGE_CURVE('',#193,#197,#2230,.T.);
#2228=EDGE_CURVE('',#197,#195,#2231,.T.);
#2229=LINE('',#194,#2232);
#2230=LINE('',#192,#2233);
#2231=LINE('',#196,#2234);
#2232=VECTOR('',#2235,1.0);
#2233=VECTOR('',#2236,1.0);
#2234=VECTOR('',#2237,1.0);
#2235=DIRECTION('',(0,-0.999999999999991,-1.3435887054242912E-07));
#2236=DIRECTION('',(-1,0,0));
#2237=DIRECTION('',(0.6163467797874999,0.7874748548655811,1.0580423208030372E-07));
#2238=FACE_SURFACE('',(#2243),#2239,.T.);
#2239=PLANE('',#2240);
#2240=AXIS2_PLACEMENT_3D('',#194,#2241,#2242);
#2241=DIRECTION('',(0,1.3435887054242912E-07,-0.9999999999999909));
#2242=DIRECTION('',(-0.6163467797874999,-0.7874748548655811,-1.0580423208030372E-07));
#2243=FACE_BOUND('',#2244,.T.);
#2244=EDGE_LOOP('',(#2245,#2246,#2247));
#2245=ORIENTED_EDGE('',*,*,#2248,.T.);
#2246=ORIENTED_EDGE('',*,*,#2249,.T.);
#2247=ORIENTED_EDGE('',*,*,#2250,.T.);
#2248=EDGE_CURVE('',#195,#197,#2251,.F.);
#2249=EDGE_CURVE('',#197,#199,#2252,.T.);
#2250=EDGE_CURVE('',#199,#195,#2253,.T.);
#2251=LINE('',#194,#2254);
#2252=LINE('',#196,#2255);
#2253=LINE('',#198,#2256);
#2254=VECTOR('',#2257,1.0);
#2255=VECTOR('',#2258,1.0);
#2256=VECTOR('',#2259,1.0);
#2257=DIRECTION('',(-0.6163467797874999,-0.7874748548655811,-1.0580423208030372E-07));
#2258=DIRECTION('',(0,0.999999999999991,1.3435887054242912E-07));
#2259=DIRECTION('',(1,0,0));
#2260=FACE_SURFACE('',(#2265),#2261,.T.);
#2261=PLANE('',#2262);
#2262=AXIS2_PLACEMENT_3D('',#200,#2263,#2264);
#2263=DIRECTION('',(-0.9135062610393923,5.466050301027651E-08,-0.4068246686741436));
#2264=DIRECTION('',(-0.40682466867414735,-1.2273764928829618E-07,0.913506261039384));
#2265=FACE_BOUND('',#2266,.T.);
#2266=EDGE_LOOP('',(#2267,#2268,#2269));
#2267=ORIENTED_EDGE('',*,*,#2270,.T.);
#2268=ORIENTED_EDGE('',*,*,#2271,.T.);
#2269=ORIENTED_EDGE('',*,*,#2272,.T.);
#2270=EDGE_CURVE('',#201,#203,#2273,.F.);
#2271=EDGE_CURVE('',#203,#205,#2274,.T.);
#2272=EDGE_CURVE('',#205,#201,#2275,.T.);
#2273=LINE('',#200,#2276);
#2274=LINE('',#202,#2277);
#2275=LINE('',#204,#2278);
#2276=VECTOR('',#2279,1.0);
#2277=VECTOR('',#2280,1.0);
#2278=VECTOR('',#2281,1.0);
#2279=DIRECTION('',(-0.40682466867414735,-1.2273764928829618E-07,0.913506261039384));
#2280=DIRECTION('',(0,0.999999999999991,1.3435887054242912E-07));
#2281=DIRECTION('',(0.3678274240118345,-0.42723115827821234,-0.8259397820307938));
#2282=FACE_SURFACE('',(#2287),#2283,.T.);
#2283=PLANE('',#2284);
#2284=AXIS2_PLACEMENT_3D('',#200,#2285,#2286);
#2285=DIRECTION('',(-0.9135062610393924,5.4660502991856386E-08,-0.4068246686741437));
#2286=DIRECTION('',(-0.3678274240118345,0.42723115827821234,0.8259397820307938));
#2287=FACE_BOUND('',#2288,.T.);
#2288=EDGE_LOOP('',(#2289,#2290,#2291));
#2289=ORIENTED_EDGE('',*,*,#2292,.T.);
#2290=ORIENTED_EDGE('',*,*,#2293,.T.);
#2291=ORIENTED_EDGE('',*,*,#2294,.T.);
#2292=EDGE_CURVE('',#201,#205,#2295,.F.);
#2293=EDGE_CURVE('',#205,#207,#2296,.T.);
#2294=EDGE_CURVE('',#207,#201,#2297,.T.);
#2295=LINE('',#200,#2298);
#2296=LINE('',#204,#2299);
#2297=LINE('',#206,#2300);
#2298=VECTOR('',#2301,1.0);
#2299=VECTOR('',#2302,1.0);
#2300=VECTOR('',#2303,1.0);
#2301=DIRECTION('',(-0.3678274240118345,0.42723115827821234,0.8259397820307938));
#2302=DIRECTION('',(0.40682466867414735,1.2273764928829618E-07,-0.913506261039384));
#2303=DIRECTION('',(0,-0.999999999999991,-1.3435887054242912E-07));
#2304=FACE_SURFACE('',(#2309),#2305,.T.);
#2305=PLANE('',#2306);
#2306=AXIS2_PLACEMENT_3D('',#204,#2307,#2308);
#2307=DIRECTION('',(0.9242901417173514,5.1283521396813476E-08,-0.38169062593167763));
#2308=DIRECTION('',(0,-0.999999999999991,-1.3435887054242912E-07));
#2309=FACE_BOUND('',#2310,.T.);
#2310=EDGE_LOOP('',(#2311,#2312,#2313));
#2311=ORIENTED_EDGE('',*,*,#2314,.T.);
#2312=ORIENTED_EDGE('',*,*,#2315,.T.);
#2313=ORIENTED_EDGE('',*,*,#2316,.T.);
#2314=EDGE_CURVE('',#205,#203,#2317,.F.);
#2315=EDGE_CURVE('',#203,#209,#2318,.T.);
#2316=EDGE_CURVE('',#209,#205,#2319,.T.);
#2317=LINE('',#204,#2320);
#2318=LINE('',#202,#2321);
#2319=LINE('',#208,#2322);
#2320=VECTOR('',#2323,1.0);
#2321=VECTOR('',#2324,1.0);
#2322=VECTOR('',#2325,1.0);
#2323=DIRECTION('',(0,-0.999999999999991,-1.3435887054242912E-07));
#2324=DIRECTION('',(-0.38169062593168107,1.2418655907804648E-07,-0.924290141717343));
#2325=DIRECTION('',(0.3443571072887034,0.4313407030317969,0.8338845127281066));
#2326=FACE_SURFACE('',(#2331),#2327,.T.);
#2327=PLANE('',#2328);
#2328=AXIS2_PLACEMENT_3D('',#204,#2329,#2330);
#2329=DIRECTION('',(0.9242901417173514,5.128352144408098E-08,-0.3816906259316776));
#2330=DIRECTION('',(-0.3443571072887034,-0.4313407030317969,-0.8338845127281066));
#2331=FACE_BOUND('',#2332,.T.);
#2332=EDGE_LOOP('',(#2333,#2334,#2335));
#2333=ORIENTED_EDGE('',*,*,#2336,.T.);
#2334=ORIENTED_EDGE('',*,*,#2337,.T.);
#2335=ORIENTED_EDGE('',*,*,#2338,.T.);
#2336=EDGE_CURVE('',#205,#209,#2339,.F.);
#2337=EDGE_CURVE('',#209,#211,#2340,.T.);
#2338=EDGE_CURVE('',#211,#205,#2341,.T.);
#2339=LINE('',#204,#2342);
#2340=LINE('',#208,#2343);
#2341=LINE('',#210,#2344);
#2342=VECTOR('',#2345,1.0);
#2343=VECTOR('',#2346,1.0);
#2344=VECTOR('',#2347,1.0);
#2345=DIRECTION('',(-0.3443571072887034,-0.4313407030317969,-0.8338845127281066));
#2346=DIRECTION('',(0,0.999999999999991,1.3435887054242912E-07));
#2347=DIRECTION('',(0.38169062593168107,-1.2418655907804648E-07,0.924290141717343));
#2348=FACE_SURFACE('',(#2353),#2349,.T.);
#2349=PLANE('',#2350);
#2350=AXIS2_PLACEMENT_3D('',#212,#2351,#2352);
#2351=DIRECTION('',(0,-1.3435887054242912E-07,0.999999999999991));
#2352=DIRECTION('',(-1,0,0));
#2353=FACE_BOUND('',#2354,.T.);
#2354=EDGE_LOOP('',(#2355,#2356,#2357));
#2355=ORIENTED_EDGE('',*,*,#2358,.T.);
#2356=ORIENTED_EDGE('',*,*,#2359,.T.);
#2357=ORIENTED_EDGE('',*,*,#2360,.T.);
#2358=EDGE_CURVE('',#213,#211,#2361,.F.);
#2359=EDGE_CURVE('',#211,#209,#2362,.T.);
#2360=EDGE_CURVE('',#209,#213,#2363,.T.);
#2361=LINE('',#212,#2364);
#2362=LINE('',#210,#2365);
#2363=LINE('',#208,#2366);
#2364=VECTOR('',#2367,1.0);
#2365=VECTOR('',#2368,1.0);
#2366=VECTOR('',#2369,1.0);
#2367=DIRECTION('',(-1,0,0));
#2368=DIRECTION('',(0,-0.999999999999991,-1.3435887054242912E-07));
#2369=DIRECTION('',(0.601602478124047,0.7987956298797547,1.0732527862487306E-07));
#2370=FACE_SURFACE('',(#2375),#2371,.T.);
#2371=PLANE('',#2372);
#2372=AXIS2_PLACEMENT_3D('',#208,#2373,#2374);
#2373=DIRECTION('',(0,-1.3435887054242912E-07,0.999999999999991));
#2374=DIRECTION('',(1,0,0));
#2375=FACE_BOUND('',#2376,.T.);
#2376=EDGE_LOOP('',(#2377,#2378,#2379));
#2377=ORIENTED_EDGE('',*,*,#2380,.T.);
#2378=ORIENTED_EDGE('',*,*,#2381,.T.);
#2379=ORIENTED_EDGE('',*,*,#2382,.T.);
#2380=EDGE_CURVE('',#209,#215,#2383,.F.);
#2381=EDGE_CURVE('',#215,#217,#2384,.T.);
#2382=EDGE_CURVE('',#217,#209,#2385,.T.);
#2383=LINE('',#208,#2386);
#2384=LINE('',#214,#2387);
#2385=LINE('',#216,#2388);
#2386=VECTOR('',#2389,1.0);
#2387=VECTOR('',#2390,1.0);
#2388=VECTOR('',#2391,1.0);
#2389=DIRECTION('',(1,0,0));
#2390=DIRECTION('',(0,0.999999999999991,1.3435887054242912E-07));
#2391=DIRECTION('',(-0.8564843839496028,-0.5161729361856012,-6.935241271046734E-08));
#2392=FACE_SURFACE('',(#2397),#2393,.T.);
#2393=PLANE('',#2394);
#2394=AXIS2_PLACEMENT_3D('',#212,#2395,#2396);
#2395=DIRECTION('',(0,-1.343588705424291E-07,0.9999999999999909));
#2396=DIRECTION('',(-0.601602478124047,-0.7987956298797547,-1.0732527862487306E-07));
#2397=FACE_BOUND('',#2398,.T.);
#2398=EDGE_LOOP('',(#2399,#2400,#2401));
#2399=ORIENTED_EDGE('',*,*,#2402,.T.);
#2400=ORIENTED_EDGE('',*,*,#2403,.T.);
#2401=ORIENTED_EDGE('',*,*,#2404,.T.);
#2402=EDGE_CURVE('',#213,#209,#2405,.F.);
#2403=EDGE_CURVE('',#209,#217,#2406,.T.);
#2404=EDGE_CURVE('',#217,#213,#2407,.T.);
#2405=LINE('',#212,#2408);
#2406=LINE('',#208,#2409);
#2407=LINE('',#216,#2410);
#2408=VECTOR('',#2411,1.0);
#2409=VECTOR('',#2412,1.0);
#2410=VECTOR('',#2413,1.0);
#2411=DIRECTION('',(-0.601602478124047,-0.7987956298797547,-1.0732527862487306E-07));
#2412=DIRECTION('',(0.8564843839496028,0.5161729361856012,6.935241271046734E-08));
#2413=DIRECTION('',(-1,0,0));
#2414=FACE_SURFACE('',(#2419),#2415,.T.);
#2415=PLANE('',#2416);
#2416=AXIS2_PLACEMENT_3D('',#218,#2417,#2418);
#2417=DIRECTION('',(-1,0,0));
#2418=DIRECTION('',(0,-1.34358848391987E-07,0.999999999999991));
#2419=FACE_BOUND('',#2420,.T.);
#2420=EDGE_LOOP('',(#2421,#2422,#2423));
#2421=ORIENTED_EDGE('',*,*,#2424,.T.);
#2422=ORIENTED_EDGE('',*,*,#2425,.T.);
#2423=ORIENTED_EDGE('',*,*,#2426,.T.);
#2424=EDGE_CURVE('',#219,#221,#2427,.F.);
#2425=EDGE_CURVE('',#221,#223,#2428,.T.);
#2426=EDGE_CURVE('',#223,#219,#2429,.T.);
#2427=LINE('',#218,#2430);
#2428=LINE('',#220,#2431);
#2429=LINE('',#222,#2432);
#2430=VECTOR('',#2433,1.0);
#2431=VECTOR('',#2434,1.0);
#2432=VECTOR('',#2435,1.0);
#2433=DIRECTION('',(0,-1.34358848391987E-07,0.999999999999991));
#2434=DIRECTION('',(0,0.999999999999991,1.3435887054242912E-07));
#2435=DIRECTION('',(0,-0.2736894199125327,-0.9618181228423288));
#2436=FACE_SURFACE('',(#2441),#2437,.T.);
#2437=PLANE('',#2438);
#2438=AXIS2_PLACEMENT_3D('',#218,#2439,#2440);
#2439=DIRECTION('',(-1,0,0));
#2440=DIRECTION('',(0,0.2736894199125327,0.9618181228423288));
#2441=FACE_BOUND('',#2442,.T.);
#2442=EDGE_LOOP('',(#2443,#2444,#2445));
#2443=ORIENTED_EDGE('',*,*,#2446,.T.);
#2444=ORIENTED_EDGE('',*,*,#2447,.T.);
#2445=ORIENTED_EDGE('',*,*,#2448,.T.);
#2446=EDGE_CURVE('',#219,#223,#2449,.F.);
#2447=EDGE_CURVE('',#223,#225,#2450,.T.);
#2448=EDGE_CURVE('',#225,#219,#2451,.T.);
#2449=LINE('',#218,#2452);
#2450=LINE('',#222,#2453);
#2451=LINE('',#224,#2454);
#2452=VECTOR('',#2455,1.0);
#2453=VECTOR('',#2456,1.0);
#2454=VECTOR('',#2457,1.0);
#2455=DIRECTION('',(0,0.2736894199125327,0.9618181228423288));
#2456=DIRECTION('',(0,1.34358848391987E-07,-0.999999999999991));
#2457=DIRECTION('',(0,-0.999999999999991,-1.3435887054242912E-07));
#2458=FACE_SURFACE('',(#2463),#2459,.T.);
#2459=PLANE('',#2460);
#2460=AXIS2_PLACEMENT_3D('',#222,#2461,#2462);
#2461=DIRECTION('',(0,-1.3435887054242912E-07,0.9999999999999909));
#2462=DIRECTION('',(0,-0.999999999999991,-1.3435887054242912E-07));
#2463=FACE_BOUND('',#2464,.T.);
#2464=EDGE_LOOP('',(#2465,#2466,#2467));
#2465=ORIENTED_EDGE('',*,*,#2468,.T.);
#2466=ORIENTED_EDGE('',*,*,#2469,.T.);
#2467=ORIENTED_EDGE('',*,*,#2470,.T.);
#2468=EDGE_CURVE('',#223,#221,#2471,.F.);
#2469=EDGE_CURVE('',#221,#227,#2472,.T.);
#2470=EDGE_CURVE('',#227,#223,#2473,.T.);
#2471=LINE('',#222,#2474);
#2472=LINE('',#220,#2475);
#2473=LINE('',#226,#2476);
#2474=VECTOR('',#2477,1.0);
#2475=VECTOR('',#2478,1.0);
#2476=VECTOR('',#2479,1.0);
#2477=DIRECTION('',(0,-0.999999999999991,-1.3435887054242912E-07));
#2478=DIRECTION('',(1,0,0));
#2479=DIRECTION('',(-0.5715839969660679,0.8205435603380736,1.1024730599788811E-07));
#2480=FACE_SURFACE('',(#2485),#2481,.T.);
#2481=PLANE('',#2482);
#2482=AXIS2_PLACEMENT_3D('',#222,#2483,#2484);
#2483=DIRECTION('',(0,-1.3435887054242912E-07,0.9999999999999909));
#2484=DIRECTION('',(0.5715839969660679,-0.8205435603380736,-1.1024730599788811E-07));
#2485=FACE_BOUND('',#2486,.T.);
#2486=EDGE_LOOP('',(#2487,#2488,#2489));
#2487=ORIENTED_EDGE('',*,*,#2490,.T.);
#2488=ORIENTED_EDGE('',*,*,#2491,.T.);
#2489=ORIENTED_EDGE('',*,*,#2492,.T.);
#2490=EDGE_CURVE('',#223,#227,#2493,.F.);
#2491=EDGE_CURVE('',#227,#229,#2494,.T.);
#2492=EDGE_CURVE('',#229,#223,#2495,.T.);
#2493=LINE('',#222,#2496);
#2494=LINE('',#226,#2497);
#2495=LINE('',#228,#2498);
#2496=VECTOR('',#2499,1.0);
#2497=VECTOR('',#2500,1.0);
#2498=VECTOR('',#2501,1.0);
#2499=DIRECTION('',(0.5715839969660679,-0.8205435603380736,-1.1024730599788811E-07));
#2500=DIRECTION('',(0,0.999999999999991,1.3435887054242912E-07));
#2501=DIRECTION('',(-1,0,0));
#2502=FACE_SURFACE('',(#2507),#2503,.T.);
#2503=PLANE('',#2504);
#2504=AXIS2_PLACEMENT_3D('',#228,#2505,#2506);
#2505=DIRECTION('',(1,0,0));
#2506=DIRECTION('',(0,-0.999999999999991,-1.3435887054242912E-07));
#2507=FACE_BOUND('',#2508,.T.);
#2508=EDGE_LOOP('',(#2509,#2510,#2511));
#2509=ORIENTED_EDGE('',*,*,#2512,.T.);
#2510=ORIENTED_EDGE('',*,*,#2513,.T.);
#2511=ORIENTED_EDGE('',*,*,#2514,.T.);
#2512=EDGE_CURVE('',#229,#227,#2515,.F.);
#2513=EDGE_CURVE('',#227,#231,#2516,.T.);
#2514=EDGE_CURVE('',#231,#229,#2517,.T.);
#2515=LINE('',#228,#2518);
#2516=LINE('',#226,#2519);
#2517=LINE('',#230,#2520);
#2518=VECTOR('',#2521,1.0);
#2519=VECTOR('',#2522,1.0);
#2520=VECTOR('',#2523,1.0);
#2521=DIRECTION('',(0,-0.999999999999991,-1.3435887054242912E-07));
#2522=DIRECTION('',(0,1.34358848391987E-07,-0.999999999999991));
#2523=DIRECTION('',(0,0.2736894199125327,0.9618181228423288));
#2524=FACE_SURFACE('',(#2529),#2525,.T.);
#2525=PLANE('',#2526);
#2526=AXIS2_PLACEMENT_3D('',#228,#2527,#2528);
#2527=DIRECTION('',(1,0,0));
#2528=DIRECTION('',(0,-0.2736894199125327,-0.9618181228423288));
#2529=FACE_BOUND('',#2530,.T.);
#2530=EDGE_LOOP('',(#2531,#2532,#2533));
#2531=ORIENTED_EDGE('',*,*,#2534,.T.);
#2532=ORIENTED_EDGE('',*,*,#2535,.T.);
#2533=ORIENTED_EDGE('',*,*,#2536,.T.);
#2534=EDGE_CURVE('',#229,#231,#2537,.F.);
#2535=EDGE_CURVE('',#231,#233,#2538,.T.);
#2536=EDGE_CURVE('',#233,#229,#2539,.T.);
#2537=LINE('',#228,#2540);
#2538=LINE('',#230,#2541);
#2539=LINE('',#232,#2542);
#2540=VECTOR('',#2543,1.0);
#2541=VECTOR('',#2544,1.0);
#2542=VECTOR('',#2545,1.0);
#2543=DIRECTION('',(0,-0.2736894199125327,-0.9618181228423288));
#2544=DIRECTION('',(0,0.999999999999991,1.3435887054242912E-07));
#2545=DIRECTION('',(0,-1.34358848391987E-07,0.999999999999991));
#2546=FACE_SURFACE('',(#2551),#2547,.T.);
#2547=PLANE('',#2548);
#2548=AXIS2_PLACEMENT_3D('',#232,#2549,#2550);
#2549=DIRECTION('',(0,1.3435887054242912E-07,-0.9999999999999909));
#2550=DIRECTION('',(0,-0.999999999999991,-1.3435887054242912E-07));
#2551=FACE_BOUND('',#2552,.T.);
#2552=EDGE_LOOP('',(#2553,#2554,#2555));
#2553=ORIENTED_EDGE('',*,*,#2556,.T.);
#2554=ORIENTED_EDGE('',*,*,#2557,.T.);
#2555=ORIENTED_EDGE('',*,*,#2558,.T.);
#2556=EDGE_CURVE('',#233,#231,#2559,.F.);
#2557=EDGE_CURVE('',#231,#235,#2560,.T.);
#2558=EDGE_CURVE('',#235,#233,#2561,.T.);
#2559=LINE('',#232,#2562);
#2560=LINE('',#230,#2563);
#2561=LINE('',#234,#2564);
#2562=VECTOR('',#2565,1.0);
#2563=VECTOR('',#2566,1.0);
#2564=VECTOR('',#2567,1.0);
#2565=DIRECTION('',(0,-0.999999999999991,-1.3435887054242912E-07));
#2566=DIRECTION('',(-1,0,0));
#2567=DIRECTION('',(0.5715839969660679,0.8205435603380736,1.1024730599788811E-07));
#2568=FACE_SURFACE('',(#2573),#2569,.T.);
#2569=PLANE('',#2570);
#2570=AXIS2_PLACEMENT_3D('',#232,#2571,#2572);
#2571=DIRECTION('',(0,1.3435887054242912E-07,-0.9999999999999909));
#2572=DIRECTION('',(-0.5715839969660679,-0.8205435603380736,-1.1024730599788811E-07));
#2573=FACE_BOUND('',#2574,.T.);
#2574=EDGE_LOOP('',(#2575,#2576,#2577));
#2575=ORIENTED_EDGE('',*,*,#2578,.T.);
#2576=ORIENTED_EDGE('',*,*,#2579,.T.);
#2577=ORIENTED_EDGE('',*,*,#2580,.T.);
#2578=EDGE_CURVE('',#233,#235,#2581,.F.);
#2579=EDGE_CURVE('',#235,#237,#2582,.T.);
#2580=EDGE_CURVE('',#237,#233,#2583,.T.);
#2581=LINE('',#232,#2584);
#2582=LINE('',#234,#2585);
#2583=LINE('',#236,#2586);
#2584=VECTOR('',#2587,1.0);
#2585=VECTOR('',#2588,1.0);
#2586=VECTOR('',#2589,1.0);
#2587=DIRECTION('',(-0.5715839969660679,-0.8205435603380736,-1.1024730599788811E-07));
#2588=DIRECTION('',(0,0.999999999999991,1.3435887054242912E-07));
#2589=DIRECTION('',(1,0,0));
#2590=FACE_SURFACE('',(#2595),#2591,.T.);
#2591=PLANE('',#2592);
#2592=AXIS2_PLACEMENT_3D('',#238,#2593,#2594);
#2593=DIRECTION('',(-0.2030995546047521,1.3155857544642928E-07,-0.9791580929141801));
#2594=DIRECTION('',(0,-0.999999999999991,-1.3435887054242912E-07));
#2595=FACE_BOUND('',#2596,.T.);
#2596=EDGE_LOOP('',(#2597,#2598,#2599));
#2597=ORIENTED_EDGE('',*,*,#2600,.T.);
#2598=ORIENTED_EDGE('',*,*,#2601,.T.);
#2599=ORIENTED_EDGE('',*,*,#2602,.T.);
#2600=EDGE_CURVE('',#239,#241,#2603,.F.);
#2601=EDGE_CURVE('',#241,#243,#2604,.T.);
#2602=EDGE_CURVE('',#243,#239,#2605,.T.);
#2603=LINE('',#238,#2606);
#2604=LINE('',#240,#2607);
#2605=LINE('',#242,#2608);
#2606=VECTOR('',#2609,1.0);
#2607=VECTOR('',#2610,1.0);
#2608=VECTOR('',#2611,1.0);
#2609=DIRECTION('',(0,-0.999999999999991,-1.3435887054242912E-07));
#2610=DIRECTION('',(-0.979158092914189,-2.7288341643030507E-08,0.20309955460475024));
#2611=DIRECTION('',(0.05361601439867797,0.9984996972695551,-0.011121040985778912));
#2612=FACE_SURFACE('',(#2617),#2613,.T.);
#2613=PLANE('',#2614);
#2614=AXIS2_PLACEMENT_3D('',#238,#2615,#2616);
#2615=DIRECTION('',(-0.20309955460475204,1.315585754466367E-07,-0.97915809291418));
#2616=DIRECTION('',(-0.05361601439867797,-0.9984996972695551,0.011121040985778912));
#2617=FACE_BOUND('',#2618,.T.);
#2618=EDGE_LOOP('',(#2619,#2620,#2621));
#2619=ORIENTED_EDGE('',*,*,#2622,.T.);
#2620=ORIENTED_EDGE('',*,*,#2623,.T.);
#2621=ORIENTED_EDGE('',*,*,#2624,.T.);
#2622=EDGE_CURVE('',#239,#243,#2625,.F.);
#2623=EDGE_CURVE('',#243,#245,#2626,.T.);
#2624=EDGE_CURVE('',#245,#239,#2627,.T.);
#2625=LINE('',#238,#2628);
#2626=LINE('',#242,#2629);
#2627=LINE('',#244,#2630);
#2628=VECTOR('',#2631,1.0);
#2629=VECTOR('',#2632,1.0);
#2630=VECTOR('',#2633,1.0);
#2631=DIRECTION('',(-0.05361601439867797,-0.9984996972695551,0.011121040985778912));
#2632=DIRECTION('',(0,0.9999999999999909,1.3435887054242695E-07));
#2633=DIRECTION('',(0.979158092914189,2.728805033433936E-08,-0.20309955460475024));
#2634=FACE_SURFACE('',(#2639),#2635,.T.);
#2635=PLANE('',#2636);
#2636=AXIS2_PLACEMENT_3D('',#244,#2637,#2638);
#2637=DIRECTION('',(-0.3315114262012356,1.2676103817912358E-07,-0.9434512039835482));
#2638=DIRECTION('',(0,-0.9999999999999909,-1.3435887054242695E-07));
#2639=FACE_BOUND('',#2640,.T.);
#2640=EDGE_LOOP('',(#2641,#2642,#2643));
#2641=ORIENTED_EDGE('',*,*,#2644,.T.);
#2642=ORIENTED_EDGE('',*,*,#2645,.T.);
#2643=ORIENTED_EDGE('',*,*,#2646,.T.);
#2644=EDGE_CURVE('',#245,#243,#2647,.F.);
#2645=EDGE_CURVE('',#243,#247,#2648,.T.);
#2646=EDGE_CURVE('',#247,#245,#2649,.T.);
#2647=LINE('',#244,#2650);
#2648=LINE('',#242,#2651);
#2649=LINE('',#246,#2652);
#2650=VECTOR('',#2653,1.0);
#2651=VECTOR('',#2654,1.0);
#2652=VECTOR('',#2655,1.0);
#2653=DIRECTION('',(0,-0.9999999999999909,-1.3435887054242695E-07));
#2654=DIRECTION('',(-0.9434512039835566,-4.454140871219068E-08,0.3315114262012326));
#2655=DIRECTION('',(0.050958727212875796,0.9985402292802146,-0.017905826701386695));
#2656=FACE_SURFACE('',(#2661),#2657,.T.);
#2657=PLANE('',#2658);
#2658=AXIS2_PLACEMENT_3D('',#244,#2659,#2660);
#2659=DIRECTION('',(-0.3315114262001841,1.2676097789081362E-07,-0.9434512039839177));
#2660=DIRECTION('',(-0.050958727212875796,-0.9985402292802146,0.017905826701386695));
#2661=FACE_BOUND('',#2662,.T.);
#2662=EDGE_LOOP('',(#2663,#2664,#2665));
#2663=ORIENTED_EDGE('',*,*,#2666,.T.);
#2664=ORIENTED_EDGE('',*,*,#2667,.T.);
#2665=ORIENTED_EDGE('',*,*,#2668,.T.);
#2666=EDGE_CURVE('',#245,#247,#2669,.F.);
#2667=EDGE_CURVE('',#247,#249,#2670,.T.);
#2668=EDGE_CURVE('',#249,#245,#2671,.T.);
#2669=LINE('',#244,#2672);
#2670=LINE('',#246,#2673);
#2671=LINE('',#248,#2674);
#2672=VECTOR('',#2675,1.0);
#2673=VECTOR('',#2676,1.0);
#2674=VECTOR('',#2677,1.0);
#2675=DIRECTION('',(-0.050958727212875796,-0.9985402292802146,0.017905826701386695));
#2676=DIRECTION('',(0,0.999999999999991,1.3435880664149516E-07));
#2677=DIRECTION('',(0.9434512039839262,4.454170404634627E-08,-0.3315114262001811));
#2678=FACE_SURFACE('',(#2683),#2679,.T.);
#2679=PLANE('',#2680);
#2680=AXIS2_PLACEMENT_3D('',#248,#2681,#2682);
#2681=DIRECTION('',(-0.4514328436634415,1.198890481082153E-07,-0.8923050978571873));
#2682=DIRECTION('',(0,-0.999999999999991,-1.3435880664149516E-07));
#2683=FACE_BOUND('',#2684,.T.);
#2684=EDGE_LOOP('',(#2685,#2686,#2687));
#2685=ORIENTED_EDGE('',*,*,#2688,.T.);
#2686=ORIENTED_EDGE('',*,*,#2689,.T.);
#2687=ORIENTED_EDGE('',*,*,#2690,.T.);
#2688=EDGE_CURVE('',#249,#247,#2691,.F.);
#2689=EDGE_CURVE('',#247,#251,#2692,.T.);
#2690=EDGE_CURVE('',#251,#249,#2693,.T.);
#2691=LINE('',#248,#2694);
#2692=LINE('',#246,#2695);
#2693=LINE('',#250,#2696);
#2694=VECTOR('',#2697,1.0);
#2695=VECTOR('',#2698,1.0);
#2696=VECTOR('',#2699,1.0);
#2697=DIRECTION('',(0,-0.999999999999991,-1.3435880664149516E-07));
#2698=DIRECTION('',(-0.8923050978571951,-6.065413684275171E-08,0.45143284366343744));
#2699=DIRECTION('',(0.04778488650370293,0.998565055521928,-0.024175080399394908));
#2700=FACE_SURFACE('',(#2705),#2701,.T.);
#2701=PLANE('',#2702);
#2702=AXIS2_PLACEMENT_3D('',#248,#2703,#2704);
#2703=DIRECTION('',(-0.45143284366344155,1.1988904810776807E-07,-0.8923050978571871));
#2704=DIRECTION('',(-0.04778488650370293,-0.998565055521928,0.024175080399394908));
#2705=FACE_BOUND('',#2706,.T.);
#2706=EDGE_LOOP('',(#2707,#2708,#2709));
#2707=ORIENTED_EDGE('',*,*,#2710,.T.);
#2708=ORIENTED_EDGE('',*,*,#2711,.T.);
#2709=ORIENTED_EDGE('',*,*,#2712,.T.);
#2710=EDGE_CURVE('',#249,#251,#2713,.F.);
#2711=EDGE_CURVE('',#251,#253,#2714,.T.);
#2712=EDGE_CURVE('',#253,#249,#2715,.T.);
#2713=LINE('',#248,#2716);
#2714=LINE('',#250,#2717);
#2715=LINE('',#252,#2718);
#2716=VECTOR('',#2719,1.0);
#2717=VECTOR('',#2720,1.0);
#2718=VECTOR('',#2721,1.0);
#2719=DIRECTION('',(-0.04778488650370293,-0.998565055521928,0.024175080399394908));
#2720=DIRECTION('',(0,0.9999999999999909,1.34358806641493E-07));
#2721=DIRECTION('',(0.8923050978571951,6.06538389592899E-08,-0.45143284366343744));
#2722=FACE_SURFACE('',(#2727),#2723,.T.);
#2723=PLANE('',#2724);
#2724=AXIS2_PLACEMENT_3D('',#252,#2725,#2726);
#2725=DIRECTION('',(-0.5615947427218149,1.1117014796406691E-07,-0.8274124394443234));
#2726=DIRECTION('',(0,-0.9999999999999909,-1.34358806641493E-07));
#2727=FACE_BOUND('',#2728,.T.);
#2728=EDGE_LOOP('',(#2729,#2730,#2731));
#2729=ORIENTED_EDGE('',*,*,#2732,.T.);
#2730=ORIENTED_EDGE('',*,*,#2733,.T.);
#2731=ORIENTED_EDGE('',*,*,#2734,.T.);
#2732=EDGE_CURVE('',#253,#251,#2735,.F.);
#2733=EDGE_CURVE('',#251,#255,#2736,.T.);
#2734=EDGE_CURVE('',#255,#253,#2737,.T.);
#2735=LINE('',#252,#2738);
#2736=LINE('',#250,#2739);
#2737=LINE('',#254,#2740);
#2738=VECTOR('',#2741,1.0);
#2739=VECTOR('',#2742,1.0);
#2740=VECTOR('',#2743,1.0);
#2741=DIRECTION('',(0,-0.9999999999999909,-1.34358806641493E-07));
#2742=DIRECTION('',(-0.8274124394443308,-7.545512679182E-08,0.5615947427218099));
#2743=DIRECTION('',(0.04409481457979431,0.9985789530982274,-0.029928611000538473));
#2744=FACE_SURFACE('',(#2749),#2745,.T.);
#2745=PLANE('',#2746);
#2746=AXIS2_PLACEMENT_3D('',#252,#2747,#2748);
#2747=DIRECTION('',(-0.5615947427226347,1.1117020083518445E-07,-0.8274124394437671));
#2748=DIRECTION('',(-0.04409481457979431,-0.9985789530982274,0.029928611000538473));
#2749=FACE_BOUND('',#2750,.T.);
#2750=EDGE_LOOP('',(#2751,#2752,#2753));
#2751=ORIENTED_EDGE('',*,*,#2754,.T.);
#2752=ORIENTED_EDGE('',*,*,#2755,.T.);
#2753=ORIENTED_EDGE('',*,*,#2756,.T.);
#2754=EDGE_CURVE('',#253,#255,#2757,.F.);
#2755=EDGE_CURVE('',#255,#257,#2758,.T.);
#2756=EDGE_CURVE('',#257,#253,#2759,.T.);
#2757=LINE('',#252,#2760);
#2758=LINE('',#254,#2761);
#2759=LINE('',#256,#2762);
#2760=VECTOR('',#2763,1.0);
#2761=VECTOR('',#2764,1.0);
#2762=VECTOR('',#2765,1.0);
#2763=DIRECTION('',(-0.04409481457979431,-0.9985789530982274,0.029928611000538473));
#2764=DIRECTION('',(0,0.9999999999999909,1.3435887054242695E-07));
#2765=DIRECTION('',(0.8274124394437745,7.545512679176927E-08,-0.5615947427226295));
#2766=FACE_SURFACE('',(#2771),#2767,.T.);
#2767=PLANE('',#2768);
#2768=AXIS2_PLACEMENT_3D('',#256,#2769,#2770);
#2769=DIRECTION('',(-0.6613120793859035,1.007840507405376E-07,-0.7501108809091377));
#2770=DIRECTION('',(0,-0.9999999999999909,-1.3435887054242695E-07));
#2771=FACE_BOUND('',#2772,.T.);
#2772=EDGE_LOOP('',(#2773,#2774,#2775));
#2773=ORIENTED_EDGE('',*,*,#2776,.T.);
#2774=ORIENTED_EDGE('',*,*,#2777,.T.);
#2775=ORIENTED_EDGE('',*,*,#2778,.T.);
#2776=EDGE_CURVE('',#257,#255,#2779,.F.);
#2777=EDGE_CURVE('',#255,#259,#2780,.T.);
#2778=EDGE_CURVE('',#259,#257,#2781,.T.);
#2779=LINE('',#256,#2782);
#2780=LINE('',#254,#2783);
#2781=LINE('',#258,#2784);
#2782=VECTOR('',#2785,1.0);
#2783=VECTOR('',#2786,1.0);
#2784=VECTOR('',#2787,1.0);
#2785=DIRECTION('',(0,-0.9999999999999909,-1.3435887054242695E-07));
#2786=DIRECTION('',(-0.7501108809091444,-8.885323760659236E-08,0.6613120793858974));
#2787=DIRECTION('',(0.039888621925180834,0.9985851088242105,-0.03516643677499528));
#2788=FACE_SURFACE('',(#2793),#2789,.T.);
#2789=PLANE('',#2790);
#2790=AXIS2_PLACEMENT_3D('',#256,#2791,#2792);
#2791=DIRECTION('',(-0.6613120793852283,1.0078400280850018E-07,-0.7501108809097329));
#2792=DIRECTION('',(-0.039888621925180834,-0.9985851088242105,0.03516643677499528));
#2793=FACE_BOUND('',#2794,.T.);
#2794=EDGE_LOOP('',(#2795,#2796,#2797));
#2795=ORIENTED_EDGE('',*,*,#2798,.T.);
#2796=ORIENTED_EDGE('',*,*,#2799,.T.);
#2797=ORIENTED_EDGE('',*,*,#2800,.T.);
#2798=EDGE_CURVE('',#257,#259,#2801,.F.);
#2799=EDGE_CURVE('',#259,#261,#2802,.T.);
#2800=EDGE_CURVE('',#261,#257,#2803,.T.);
#2801=LINE('',#256,#2804);
#2802=LINE('',#258,#2805);
#2803=LINE('',#260,#2806);
#2804=VECTOR('',#2807,1.0);
#2805=VECTOR('',#2808,1.0);
#2806=VECTOR('',#2809,1.0);
#2807=DIRECTION('',(-0.039888621925180834,-0.9985851088242105,0.03516643677499528));
#2808=DIRECTION('',(0,0.9999999999999909,1.34358806641493E-07));
#2809=DIRECTION('',(0.7501108809097397,8.885323760666287E-08,-0.6613120793852223));
#2810=FACE_SURFACE('',(#2815),#2811,.T.);
#2811=PLANE('',#2812);
#2812=AXIS2_PLACEMENT_3D('',#260,#2813,#2814);
#2813=DIRECTION('',(-0.7501109137571625,8.885309679785398E-08,-0.661312042127154));
#2814=DIRECTION('',(0,-0.9999999999999909,-1.34358806641493E-07));
#2815=FACE_BOUND('',#2816,.T.);
#2816=EDGE_LOOP('',(#2817,#2818,#2819));
#2817=ORIENTED_EDGE('',*,*,#2820,.T.);
#2818=ORIENTED_EDGE('',*,*,#2821,.T.);
#2819=ORIENTED_EDGE('',*,*,#2822,.T.);
#2820=EDGE_CURVE('',#261,#259,#2823,.F.);
#2821=EDGE_CURVE('',#259,#263,#2824,.T.);
#2822=EDGE_CURVE('',#263,#261,#2825,.T.);
#2823=LINE('',#260,#2826);
#2824=LINE('',#258,#2827);
#2825=LINE('',#262,#2828);
#2826=VECTOR('',#2829,1.0);
#2827=VECTOR('',#2830,1.0);
#2828=VECTOR('',#2831,1.0);
#2829=DIRECTION('',(0,-0.9999999999999909,-1.34358806641493E-07));
#2830=DIRECTION('',(-0.66131204212716,-1.0078389291215705E-07,0.7501109137571557));
#2831=DIRECTION('',(0.03516656918246265,0.9985851094409415,-0.03988848975278474));
#2832=FACE_SURFACE('',(#2837),#2833,.T.);
#2833=PLANE('',#2834);
#2834=AXIS2_PLACEMENT_3D('',#260,#2835,#2836);
#2835=DIRECTION('',(-0.7501109137571624,8.885309679912585E-08,-0.661312042127154));
#2836=DIRECTION('',(-0.03516656918246265,-0.9985851094409415,0.03988848975278474));
#2837=FACE_BOUND('',#2838,.T.);
#2838=EDGE_LOOP('',(#2839,#2840,#2841));
#2839=ORIENTED_EDGE('',*,*,#2842,.T.);
#2840=ORIENTED_EDGE('',*,*,#2843,.T.);
#2841=ORIENTED_EDGE('',*,*,#2844,.T.);
#2842=EDGE_CURVE('',#261,#263,#2845,.F.);
#2843=EDGE_CURVE('',#263,#265,#2846,.T.);
#2844=EDGE_CURVE('',#265,#261,#2847,.T.);
#2845=LINE('',#260,#2848);
#2846=LINE('',#262,#2849);
#2847=LINE('',#264,#2850);
#2848=VECTOR('',#2851,1.0);
#2849=VECTOR('',#2852,1.0);
#2850=VECTOR('',#2853,1.0);
#2851=DIRECTION('',(-0.03516656918246265,-0.9985851094409415,0.03988848975278474));
#2852=DIRECTION('',(0,0.999999999999991,1.3435880664149516E-07));
#2853=DIRECTION('',(0.66131204212716,1.0078419290350387E-07,-0.7501109137571557));
#2854=FACE_SURFACE('',(#2859),#2855,.T.);
#2855=PLANE('',#2856);
#2856=AXIS2_PLACEMENT_3D('',#264,#2857,#2858);
#2857=DIRECTION('',(-0.8274124655735511,7.545519427584628E-08,-0.5615947042249342));
#2858=DIRECTION('',(0,-0.999999999999991,-1.3435880664149516E-07));
#2859=FACE_BOUND('',#2860,.T.);
#2860=EDGE_LOOP('',(#2861,#2862,#2863));
#2861=ORIENTED_EDGE('',*,*,#2864,.T.);
#2862=ORIENTED_EDGE('',*,*,#2865,.T.);
#2863=ORIENTED_EDGE('',*,*,#2866,.T.);
#2864=EDGE_CURVE('',#265,#263,#2867,.F.);
#2865=EDGE_CURVE('',#263,#267,#2868,.T.);
#2866=EDGE_CURVE('',#267,#265,#2869,.T.);
#2867=LINE('',#264,#2870);
#2868=LINE('',#262,#2871);
#2869=LINE('',#266,#2872);
#2870=VECTOR('',#2873,1.0);
#2871=VECTOR('',#2874,1.0);
#2872=VECTOR('',#2875,1.0);
#2873=DIRECTION('',(0,-0.999999999999991,-1.3435880664149516E-07));
#2874=DIRECTION('',(-0.5615947042249392,-1.111702281314888E-07,0.8274124655735438));
#2875=DIRECTION('',(0.029928743668501817,0.998578954949138,-0.04409468261721081));
#2876=FACE_SURFACE('',(#2881),#2877,.T.);
#2877=PLANE('',#2878);
#2878=AXIS2_PLACEMENT_3D('',#264,#2879,#2880);
#2879=DIRECTION('',(-0.8274124655739288,7.545523016332668E-08,-0.5615947042243777));
#2880=DIRECTION('',(-0.029928743668501817,-0.998578954949138,0.04409468261721081));
#2881=FACE_BOUND('',#2882,.T.);
#2882=EDGE_LOOP('',(#2883,#2884,#2885));
#2883=ORIENTED_EDGE('',*,*,#2886,.T.);
#2884=ORIENTED_EDGE('',*,*,#2887,.T.);
#2885=ORIENTED_EDGE('',*,*,#2888,.T.);
#2886=EDGE_CURVE('',#265,#267,#2889,.F.);
#2887=EDGE_CURVE('',#267,#269,#2890,.T.);
#2888=EDGE_CURVE('',#269,#265,#2891,.T.);
#2889=LINE('',#264,#2892);
#2890=LINE('',#266,#2893);
#2891=LINE('',#268,#2894);
#2892=VECTOR('',#2895,1.0);
#2893=VECTOR('',#2896,1.0);
#2894=VECTOR('',#2897,1.0);
#2895=DIRECTION('',(-0.029928743668501817,-0.998578954949138,0.04409468261721081));
#2896=DIRECTION('',(0,0.9999999999999909,1.3435887054242695E-07));
#2897=DIRECTION('',(0.5615947042243828,1.1116992879180347E-07,-0.8274124655739213));
#2898=FACE_SURFACE('',(#2903),#2899,.T.);
#2899=PLANE('',#2900);
#2900=AXIS2_PLACEMENT_3D('',#268,#2901,#2902);
#2901=DIRECTION('',(-0.8923059920845852,6.06537695156944E-08,-0.4514310761234108));
#2902=DIRECTION('',(0,-0.9999999999999909,-1.3435887054242695E-07));
#2903=FACE_BOUND('',#2904,.T.);
#2904=EDGE_LOOP('',(#2905,#2906,#2907));
#2905=ORIENTED_EDGE('',*,*,#2908,.T.);
#2906=ORIENTED_EDGE('',*,*,#2909,.T.);
#2907=ORIENTED_EDGE('',*,*,#2910,.T.);
#2908=EDGE_CURVE('',#269,#267,#2911,.F.);
#2909=EDGE_CURVE('',#267,#271,#2912,.T.);
#2910=EDGE_CURVE('',#271,#269,#2913,.T.);
#2911=LINE('',#268,#2914);
#2912=LINE('',#266,#2915);
#2913=LINE('',#270,#2916);
#2914=VECTOR('',#2917,1.0);
#2915=VECTOR('',#2918,1.0);
#2916=VECTOR('',#2919,1.0);
#2917=DIRECTION('',(0,-0.9999999999999909,-1.3435887054242695E-07));
#2918=DIRECTION('',(-0.4514310761234149,-1.1988927101866747E-07,0.8923059920845771));
#2919=DIRECTION('',(0.024175096958927035,0.9985650614206139,-0.047784754860438955));
#2920=FACE_SURFACE('',(#2925),#2921,.T.);
#2921=PLANE('',#2922);
#2922=AXIS2_PLACEMENT_3D('',#268,#2923,#2924);
#2923=DIRECTION('',(-0.8923059920845849,6.065376951552642E-08,-0.4514310761234108));
#2924=DIRECTION('',(-0.024175096958927035,-0.9985650614206139,0.047784754860438955));
#2925=FACE_BOUND('',#2926,.T.);
#2926=EDGE_LOOP('',(#2927,#2928,#2929));
#2927=ORIENTED_EDGE('',*,*,#2930,.T.);
#2928=ORIENTED_EDGE('',*,*,#2931,.T.);
#2929=ORIENTED_EDGE('',*,*,#2932,.T.);
#2930=EDGE_CURVE('',#269,#271,#2933,.F.);
#2931=EDGE_CURVE('',#271,#273,#2934,.T.);
#2932=EDGE_CURVE('',#273,#269,#2935,.T.);
#2933=LINE('',#268,#2936);
#2934=LINE('',#270,#2937);
#2935=LINE('',#272,#2938);
#2936=VECTOR('',#2939,1.0);
#2937=VECTOR('',#2940,1.0);
#2938=VECTOR('',#2941,1.0);
#2939=DIRECTION('',(-0.024175096958927035,-0.9985650614206139,0.047784754860438955));
#2940=DIRECTION('',(0,0.9999999999999909,1.3435887054242695E-07));
#2941=DIRECTION('',(0.4514310761234149,1.1988927101866747E-07,-0.8923059920845771));
#2942=FACE_SURFACE('',(#2947),#2943,.T.);
#2943=PLANE('',#2944);
#2944=AXIS2_PLACEMENT_3D('',#272,#2945,#2946);
#2945=DIRECTION('',(-0.9434518887258114,4.4541238968451896E-08,-0.3315094774809568));
#2946=DIRECTION('',(0,-0.9999999999999909,-1.3435887054242695E-07));
#2947=FACE_BOUND('',#2948,.T.);
#2948=EDGE_LOOP('',(#2949,#2950,#2951));
#2949=ORIENTED_EDGE('',*,*,#2952,.T.);
#2950=ORIENTED_EDGE('',*,*,#2953,.T.);
#2951=ORIENTED_EDGE('',*,*,#2954,.T.);
#2952=EDGE_CURVE('',#273,#271,#2955,.F.);
#2953=EDGE_CURVE('',#271,#275,#2956,.T.);
#2954=EDGE_CURVE('',#275,#273,#2957,.T.);
#2955=LINE('',#272,#2958);
#2956=LINE('',#270,#2959);
#2957=LINE('',#274,#2960);
#2958=VECTOR('',#2961,1.0);
#2959=VECTOR('',#2962,1.0);
#2960=VECTOR('',#2963,1.0);
#2961=DIRECTION('',(0,-0.9999999999999909,-1.3435887054242695E-07));
#2962=DIRECTION('',(-0.3315094774809598,-1.2676104175499884E-07,0.943451888725803));
#2963=DIRECTION('',(0.017905843543684997,0.9985402356896189,-0.050958595701897064));
#2964=FACE_SURFACE('',(#2969),#2965,.T.);
#2965=PLANE('',#2966);
#2966=AXIS2_PLACEMENT_3D('',#272,#2967,#2968);
#2967=DIRECTION('',(-0.9434518887256816,4.454121778540318E-08,-0.3315094774813263));
#2968=DIRECTION('',(-0.017905843543684997,-0.9985402356896189,0.050958595701897064));
#2969=FACE_BOUND('',#2970,.T.);
#2970=EDGE_LOOP('',(#2971,#2972,#2973));
#2971=ORIENTED_EDGE('',*,*,#2974,.T.);
#2972=ORIENTED_EDGE('',*,*,#2975,.T.);
#2973=ORIENTED_EDGE('',*,*,#2976,.T.);
#2974=EDGE_CURVE('',#273,#275,#2977,.F.);
#2975=EDGE_CURVE('',#275,#277,#2978,.T.);
#2976=EDGE_CURVE('',#277,#273,#2979,.T.);
#2977=LINE('',#272,#2980);
#2978=LINE('',#274,#2981);
#2979=LINE('',#276,#2982);
#2980=VECTOR('',#2983,1.0);
#2981=VECTOR('',#2984,1.0);
#2982=VECTOR('',#2985,1.0);
#2983=DIRECTION('',(-0.017905843543684997,-0.9985402356896189,0.050958595701897064));
#2984=DIRECTION('',(0,0.9999999999999909,1.34358806641493E-07));
#2985=DIRECTION('',(0.33150947748132936,1.2676104175514014E-07,-0.9434518887256731));
#2986=FACE_SURFACE('',(#2991),#2987,.T.);
#2987=PLANE('',#2988);
#2988=AXIS2_PLACEMENT_3D('',#276,#2989,#2990);
#2989=DIRECTION('',(-0.9791580969584662,2.7288211166417033E-08,-0.20309953510698697));
#2990=DIRECTION('',(0,-0.9999999999999909,-1.34358806641493E-07));
#2991=FACE_BOUND('',#2992,.T.);
#2992=EDGE_LOOP('',(#2993,#2994,#2995));
#2993=ORIENTED_EDGE('',*,*,#2996,.T.);
#2994=ORIENTED_EDGE('',*,*,#2997,.T.);
#2995=ORIENTED_EDGE('',*,*,#2998,.T.);
#2996=EDGE_CURVE('',#277,#275,#2999,.F.);
#2997=EDGE_CURVE('',#275,#279,#3000,.T.);
#2998=EDGE_CURVE('',#279,#277,#3001,.T.);
#2999=LINE('',#276,#3002);
#3000=LINE('',#274,#3003);
#3001=LINE('',#278,#3004);
#3002=VECTOR('',#3005,1.0);
#3003=VECTOR('',#3006,1.0);
#3004=VECTOR('',#3007,1.0);
#3005=DIRECTION('',(0,-0.9999999999999909,-1.34358806641493E-07));
#3006=DIRECTION('',(-0.2030995351069888,-1.3155849458236928E-07,0.9791580969584573));
#3007=DIRECTION('',(0.011121174584743588,0.9984997028415884,-0.05361588291836045));
#3008=FACE_SURFACE('',(#3013),#3009,.T.);
#3009=PLANE('',#3010);
#3010=AXIS2_PLACEMENT_3D('',#276,#3011,#3012);
#3011=DIRECTION('',(-0.9791580969584662,2.7288211166094102E-08,-0.20309953510698697));
#3012=DIRECTION('',(-0.011121174584743588,-0.9984997028415884,0.05361588291836045));
#3013=FACE_BOUND('',#3014,.T.);
#3014=EDGE_LOOP('',(#3015,#3016,#3017));
#3015=ORIENTED_EDGE('',*,*,#3018,.T.);
#3016=ORIENTED_EDGE('',*,*,#3019,.T.);
#3017=ORIENTED_EDGE('',*,*,#3020,.T.);
#3018=EDGE_CURVE('',#277,#279,#3021,.F.);
#3019=EDGE_CURVE('',#279,#281,#3022,.T.);
#3020=EDGE_CURVE('',#281,#277,#3023,.T.);
#3021=LINE('',#276,#3024);
#3022=LINE('',#278,#3025);
#3023=LINE('',#280,#3026);
#3024=VECTOR('',#3027,1.0);
#3025=VECTOR('',#3028,1.0);
#3026=VECTOR('',#3029,1.0);
#3027=DIRECTION('',(-0.011121174584743588,-0.9984997028415884,0.05361588291836045));
#3028=DIRECTION('',(0,0.999999999999991,1.3435880664149516E-07));
#3029=DIRECTION('',(0.2030995351069888,1.3155878589104704E-07,-0.9791580969584573));
#3030=FACE_SURFACE('',(#3035),#3031,.T.);
#3031=PLANE('',#3032);
#3032=AXIS2_PLACEMENT_3D('',#280,#3033,#3034);
#3033=DIRECTION('',(-0.9976594782679142,9.187200763874487E-09,-0.06837810630745096));
#3034=DIRECTION('',(0,-0.999999999999991,-1.3435880664149516E-07));
#3035=FACE_BOUND('',#3036,.T.);
#3036=EDGE_LOOP('',(#3037,#3038,#3039));
#3037=ORIENTED_EDGE('',*,*,#3040,.T.);
#3038=ORIENTED_EDGE('',*,*,#3041,.T.);
#3039=ORIENTED_EDGE('',*,*,#3042,.T.);
#3040=EDGE_CURVE('',#281,#279,#3043,.F.);
#3041=EDGE_CURVE('',#279,#283,#3044,.T.);
#3042=EDGE_CURVE('',#283,#281,#3045,.T.);
#3043=LINE('',#280,#3046);
#3044=LINE('',#278,#3047);
#3045=LINE('',#282,#3048);
#3046=VECTOR('',#3049,1.0);
#3047=VECTOR('',#3050,1.0);
#3048=VECTOR('',#3051,1.0);
#3049=DIRECTION('',(0,-0.999999999999991,-1.3435880664149516E-07));
#3050=DIRECTION('',(-0.06837810630745157,-1.340444561476563E-07,0.9976594782679052));
#3051=DIRECTION('',(0.003821448685436132,0.9984371065853623,-0.05575608238922864));
#3052=FACE_SURFACE('',(#3057),#3053,.T.);
#3053=PLANE('',#3054);
#3054=AXIS2_PLACEMENT_3D('',#280,#3055,#3056);
#3055=DIRECTION('',(-0.9976594782679141,9.187200764039321E-09,-0.06837810630745095));
#3056=DIRECTION('',(-0.003821448685436132,-0.9984371065853623,0.05575608238922864));
#3057=FACE_BOUND('',#3058,.T.);
#3058=EDGE_LOOP('',(#3059,#3060,#3061));
#3059=ORIENTED_EDGE('',*,*,#3062,.T.);
#3060=ORIENTED_EDGE('',*,*,#3063,.T.);
#3061=ORIENTED_EDGE('',*,*,#3064,.T.);
#3062=EDGE_CURVE('',#281,#283,#3065,.F.);
#3063=EDGE_CURVE('',#283,#285,#3066,.T.);
#3064=EDGE_CURVE('',#285,#281,#3067,.T.);
#3065=LINE('',#280,#3068);
#3066=LINE('',#282,#3069);
#3067=LINE('',#284,#3070);
#3068=VECTOR('',#3071,1.0);
#3069=VECTOR('',#3072,1.0);
#3070=VECTOR('',#3073,1.0);
#3071=DIRECTION('',(-0.003821448685436132,-0.9984371065853623,0.05575608238922864));
#3072=DIRECTION('',(0,0.9999999999999909,1.34358806641493E-07));
#3073=DIRECTION('',(0.06837810630745157,1.3404417074568992E-07,-0.9976594782679052));
#3074=FACE_SURFACE('',(#3079),#3075,.T.);
#3075=PLANE('',#3076);
#3076=AXIS2_PLACEMENT_3D('',#284,#3077,#3078);
#3077=DIRECTION('',(-0.9976596301476719,-9.186903023062835E-09,0.06837589029482813));
#3078=DIRECTION('',(0,-0.9999999999999909,-1.34358806641493E-07));
#3079=FACE_BOUND('',#3080,.T.);
#3080=EDGE_LOOP('',(#3081,#3082,#3083));
#3081=ORIENTED_EDGE('',*,*,#3084,.T.);
#3082=ORIENTED_EDGE('',*,*,#3085,.T.);
#3083=ORIENTED_EDGE('',*,*,#3086,.T.);
#3084=EDGE_CURVE('',#285,#283,#3087,.F.);
#3085=EDGE_CURVE('',#283,#287,#3088,.T.);
#3086=EDGE_CURVE('',#287,#285,#3089,.T.);
#3087=LINE('',#284,#3090);
#3088=LINE('',#282,#3091);
#3089=LINE('',#286,#3092);
#3090=VECTOR('',#3093,1.0);
#3091=VECTOR('',#3094,1.0);
#3092=VECTOR('',#3095,1.0);
#3093=DIRECTION('',(0,-0.9999999999999909,-1.34358806641493E-07));
#3094=DIRECTION('',(0.06837589029482874,-1.3404448200331572E-07,0.9976596301476629));
#3095=DIRECTION('',(-0.003821332215097778,0.9984371005471574,-0.05575619849924469));
#3096=FACE_SURFACE('',(#3101),#3097,.T.);
#3097=PLANE('',#3098);
#3098=AXIS2_PLACEMENT_3D('',#284,#3099,#3100);
#3099=DIRECTION('',(-0.9976596301476773,-9.186907392550205E-09,0.06837589029475025));
#3100=DIRECTION('',(0.003821332215097778,-0.9984371005471574,0.05575619849924469));
#3101=FACE_BOUND('',#3102,.T.);
#3102=EDGE_LOOP('',(#3103,#3104,#3105));
#3103=ORIENTED_EDGE('',*,*,#3106,.T.);
#3104=ORIENTED_EDGE('',*,*,#3107,.T.);
#3105=ORIENTED_EDGE('',*,*,#3108,.T.);
#3106=EDGE_CURVE('',#285,#287,#3109,.F.);
#3107=EDGE_CURVE('',#287,#289,#3110,.T.);
#3108=EDGE_CURVE('',#289,#285,#3111,.T.);
#3109=LINE('',#284,#3112);
#3110=LINE('',#286,#3113);
#3111=LINE('',#288,#3114);
#3112=VECTOR('',#3115,1.0);
#3113=VECTOR('',#3116,1.0);
#3114=VECTOR('',#3117,1.0);
#3115=DIRECTION('',(0.003821332215097778,-0.9984371005471574,0.05575619849924469));
#3116=DIRECTION('',(0,0.9999999999999909,1.3435887054242695E-07));
#3117=DIRECTION('',(-0.06837589029475087,1.3404448200316304E-07,-0.9976596301476682));
#3118=FACE_SURFACE('',(#3123),#3119,.T.);
#3119=PLANE('',#3120);
#3120=AXIS2_PLACEMENT_3D('',#288,#3121,#3122);
#3121=DIRECTION('',(-0.979158009231359,-2.7288280970207048E-08,0.20309995804549344));
#3122=DIRECTION('',(0,-0.9999999999999909,-1.3435887054242695E-07));
#3123=FACE_BOUND('',#3124,.T.);
#3124=EDGE_LOOP('',(#3125,#3126,#3127));
#3125=ORIENTED_EDGE('',*,*,#3128,.T.);
#3126=ORIENTED_EDGE('',*,*,#3129,.T.);
#3127=ORIENTED_EDGE('',*,*,#3130,.T.);
#3128=EDGE_CURVE('',#289,#287,#3131,.F.);
#3129=EDGE_CURVE('',#287,#291,#3132,.T.);
#3130=EDGE_CURVE('',#291,#289,#3133,.T.);
#3131=LINE('',#288,#3134);
#3132=LINE('',#286,#3135);
#3133=LINE('',#290,#3136);
#3134=VECTOR('',#3137,1.0);
#3135=VECTOR('',#3138,1.0);
#3136=VECTOR('',#3139,1.0);
#3137=DIRECTION('',(0,-0.9999999999999909,-1.3435887054242695E-07));
#3138=DIRECTION('',(0.20309995804549524,-1.3155847723310741E-07,0.9791580092313501));
#3139=DIRECTION('',(-0.011121174654182246,0.998499709076029,-0.05361576679855128));
#3140=FACE_SURFACE('',(#3145),#3141,.T.);
#3141=PLANE('',#3142);
#3142=AXIS2_PLACEMENT_3D('',#288,#3143,#3144);
#3143=DIRECTION('',(-0.9791580092313109,-2.728826799288704E-08,0.20309995804572517));
#3144=DIRECTION('',(0.011121174654182246,-0.998499709076029,0.05361576679855128));
#3145=FACE_BOUND('',#3146,.T.);
#3146=EDGE_LOOP('',(#3147,#3148,#3149));
#3147=ORIENTED_EDGE('',*,*,#3150,.T.);
#3148=ORIENTED_EDGE('',*,*,#3151,.T.);
#3149=ORIENTED_EDGE('',*,*,#3152,.T.);
#3150=EDGE_CURVE('',#289,#291,#3153,.F.);
#3151=EDGE_CURVE('',#291,#293,#3154,.T.);
#3152=EDGE_CURVE('',#293,#289,#3155,.T.);
#3153=LINE('',#288,#3156);
#3154=LINE('',#290,#3157);
#3155=LINE('',#292,#3158);
#3156=VECTOR('',#3159,1.0);
#3157=VECTOR('',#3160,1.0);
#3158=VECTOR('',#3161,1.0);
#3159=DIRECTION('',(0.011121174654182246,-0.998499709076029,0.05361576679855128));
#3160=DIRECTION('',(0,0.9999999999999909,1.34358806641493E-07));
#3161=DIRECTION('',(-0.203099958045727,1.3155847723325752E-07,-0.9791580092313021));
#3162=FACE_SURFACE('',(#3167),#3163,.T.);
#3163=PLANE('',#3164);
#3164=AXIS2_PLACEMENT_3D('',#292,#3165,#3166);
#3165=DIRECTION('',(-0.9434516517693388,-4.4541308390909815E-08,0.331510151841093));
#3166=DIRECTION('',(0,-0.9999999999999909,-1.34358806641493E-07));
#3167=FACE_BOUND('',#3168,.T.);
#3168=EDGE_LOOP('',(#3169,#3170,#3171));
#3169=ORIENTED_EDGE('',*,*,#3172,.T.);
#3170=ORIENTED_EDGE('',*,*,#3173,.T.);
#3171=ORIENTED_EDGE('',*,*,#3174,.T.);
#3172=EDGE_CURVE('',#293,#291,#3175,.F.);
#3173=EDGE_CURVE('',#291,#295,#3176,.T.);
#3174=EDGE_CURVE('',#295,#293,#3177,.T.);
#3175=LINE('',#292,#3178);
#3176=LINE('',#290,#3179);
#3177=LINE('',#294,#3180);
#3178=VECTOR('',#3181,1.0);
#3179=VECTOR('',#3182,1.0);
#3180=VECTOR('',#3183,1.0);
#3181=DIRECTION('',(0,-0.9999999999999909,-1.34358806641493E-07));
#3182=DIRECTION('',(0.331510151841096,-1.2676100427873164E-07,0.9434516517693302));
#3183=DIRECTION('',(-0.01790584364994917,0.9985402416155484,-0.05095847954507554));
#3184=FACE_SURFACE('',(#3189),#3185,.T.);
#3185=PLANE('',#3186);
#3186=AXIS2_PLACEMENT_3D('',#292,#3187,#3188);
#3187=DIRECTION('',(-0.9434516517693387,-4.454130839157739E-08,0.33151015184109295));
#3188=DIRECTION('',(0.01790584364994917,-0.9985402416155484,0.05095847954507554));
#3189=FACE_BOUND('',#3190,.T.);
#3190=EDGE_LOOP('',(#3191,#3192,#3193));
#3191=ORIENTED_EDGE('',*,*,#3194,.T.);
#3192=ORIENTED_EDGE('',*,*,#3195,.T.);
#3193=ORIENTED_EDGE('',*,*,#3196,.T.);
#3194=EDGE_CURVE('',#293,#295,#3197,.F.);
#3195=EDGE_CURVE('',#295,#297,#3198,.T.);
#3196=EDGE_CURVE('',#297,#293,#3199,.T.);
#3197=LINE('',#292,#3200);
#3198=LINE('',#294,#3201);
#3199=LINE('',#296,#3202);
#3200=VECTOR('',#3203,1.0);
#3201=VECTOR('',#3204,1.0);
#3202=VECTOR('',#3205,1.0);
#3203=DIRECTION('',(0.01790584364994917,-0.9985402416155484,0.05095847954507554));
#3204=DIRECTION('',(0,0.999999999999991,1.3435880664149516E-07));
#3205=DIRECTION('',(-0.331510151841096,1.267612996136701E-07,-0.9434516517693302));
#3206=FACE_SURFACE('',(#3211),#3207,.T.);
#3207=PLANE('',#3208);
#3208=AXIS2_PLACEMENT_3D('',#296,#3209,#3210);
#3209=DIRECTION('',(-0.892305992084585,-6.065374066882798E-08,0.45143107612341077));
#3210=DIRECTION('',(0,-0.999999999999991,-1.3435880664149516E-07));
#3211=FACE_BOUND('',#3212,.T.);
#3212=EDGE_LOOP('',(#3213,#3214,#3215));
#3213=ORIENTED_EDGE('',*,*,#3216,.T.);
#3214=ORIENTED_EDGE('',*,*,#3217,.T.);
#3215=ORIENTED_EDGE('',*,*,#3218,.T.);
#3216=EDGE_CURVE('',#297,#295,#3219,.F.);
#3217=EDGE_CURVE('',#295,#299,#3220,.T.);
#3218=EDGE_CURVE('',#299,#297,#3221,.T.);
#3219=LINE('',#296,#3222);
#3220=LINE('',#294,#3223);
#3221=LINE('',#298,#3224);
#3222=VECTOR('',#3225,1.0);
#3223=VECTOR('',#3226,1.0);
#3224=VECTOR('',#3227,1.0);
#3225=DIRECTION('',(0,-0.999999999999991,-1.3435880664149516E-07));
#3226=DIRECTION('',(0.4514310761234149,-1.1988927101866747E-07,0.8923059920845771));
#3227=DIRECTION('',(-0.024175096958927347,0.9985650614206107,-0.047784754860503376));
#3228=FACE_SURFACE('',(#3233),#3229,.T.);
#3229=PLANE('',#3230);
#3230=AXIS2_PLACEMENT_3D('',#296,#3231,#3232);
#3231=DIRECTION('',(-0.8923059920848279,-6.065376951546193E-08,0.4514310761229308));
#3232=DIRECTION('',(0.024175096958927347,-0.9985650614206107,0.047784754860503376));
#3233=FACE_BOUND('',#3234,.T.);
#3234=EDGE_LOOP('',(#3235,#3236,#3237));
#3235=ORIENTED_EDGE('',*,*,#3238,.T.);
#3236=ORIENTED_EDGE('',*,*,#3239,.T.);
#3237=ORIENTED_EDGE('',*,*,#3240,.T.);
#3238=EDGE_CURVE('',#297,#299,#3241,.F.);
#3239=EDGE_CURVE('',#299,#301,#3242,.T.);
#3240=EDGE_CURVE('',#301,#297,#3243,.T.);
#3241=LINE('',#296,#3244);
#3242=LINE('',#298,#3245);
#3243=LINE('',#300,#3246);
#3244=VECTOR('',#3247,1.0);
#3245=VECTOR('',#3248,1.0);
#3246=VECTOR('',#3249,1.0);
#3247=DIRECTION('',(0.024175096958927347,-0.9985650614206107,0.047784754860503376));
#3248=DIRECTION('',(0,0.9999999999999909,1.3435887054242695E-07));
#3249=DIRECTION('',(-0.4514310761229349,1.1988897313479458E-07,-0.8923059920848199));
#3250=FACE_SURFACE('',(#3255),#3251,.T.);
#3251=PLANE('',#3252);
#3252=AXIS2_PLACEMENT_3D('',#300,#3253,#3254);
#3253=DIRECTION('',(-0.8274124655735512,-7.545523016227118E-08,0.5615947042249342));
#3254=DIRECTION('',(0,-0.9999999999999909,-1.3435887054242695E-07));
#3255=FACE_BOUND('',#3256,.T.);
#3256=EDGE_LOOP('',(#3257,#3258,#3259));
#3257=ORIENTED_EDGE('',*,*,#3260,.T.);
#3258=ORIENTED_EDGE('',*,*,#3261,.T.);
#3259=ORIENTED_EDGE('',*,*,#3262,.T.);
#3260=EDGE_CURVE('',#301,#299,#3263,.F.);
#3261=EDGE_CURVE('',#299,#303,#3264,.T.);
#3262=EDGE_CURVE('',#303,#301,#3265,.T.);
#3263=LINE('',#300,#3266);
#3264=LINE('',#298,#3267);
#3265=LINE('',#302,#3268);
#3266=VECTOR('',#3269,1.0);
#3267=VECTOR('',#3270,1.0);
#3268=VECTOR('',#3271,1.0);
#3269=DIRECTION('',(0,-0.9999999999999909,-1.3435887054242695E-07));
#3270=DIRECTION('',(0.5615947042249392,-1.111702281314888E-07,0.8274124655735438));
#3271=DIRECTION('',(-0.029928743668501425,0.9985789549491408,-0.04409468261714643));
#3272=FACE_SURFACE('',(#3277),#3273,.T.);
#3273=PLANE('',#3274);
#3274=AXIS2_PLACEMENT_3D('',#300,#3275,#3276);
#3275=DIRECTION('',(-0.8274124655735511,-7.545523016340143E-08,0.5615947042249342));
#3276=DIRECTION('',(0.029928743668501425,-0.9985789549491408,0.04409468261714643));
#3277=FACE_BOUND('',#3278,.T.);
#3278=EDGE_LOOP('',(#3279,#3280,#3281));
#3279=ORIENTED_EDGE('',*,*,#3282,.T.);
#3280=ORIENTED_EDGE('',*,*,#3283,.T.);
#3281=ORIENTED_EDGE('',*,*,#3284,.T.);
#3282=EDGE_CURVE('',#301,#303,#3285,.F.);
#3283=EDGE_CURVE('',#303,#305,#3286,.T.);
#3284=EDGE_CURVE('',#305,#301,#3287,.T.);
#3285=LINE('',#300,#3288);
#3286=LINE('',#302,#3289);
#3287=LINE('',#304,#3290);
#3288=VECTOR('',#3291,1.0);
#3289=VECTOR('',#3292,1.0);
#3290=VECTOR('',#3293,1.0);
#3291=DIRECTION('',(0.029928743668501425,-0.9985789549491408,0.04409468261714643));
#3292=DIRECTION('',(0,0.9999999999999909,1.3435887054242695E-07));
#3293=DIRECTION('',(-0.5615947042249392,1.111702281314888E-07,-0.8274124655735438));
#3294=FACE_SURFACE('',(#3299),#3295,.T.);
#3295=PLANE('',#3296);
#3296=AXIS2_PLACEMENT_3D('',#304,#3297,#3298);
#3297=DIRECTION('',(-0.7501109137571625,-8.88531390563111E-08,0.661312042127154));
#3298=DIRECTION('',(0,-0.9999999999999909,-1.3435887054242695E-07));
#3299=FACE_BOUND('',#3300,.T.);
#3300=EDGE_LOOP('',(#3301,#3302,#3303));
#3301=ORIENTED_EDGE('',*,*,#3304,.T.);
#3302=ORIENTED_EDGE('',*,*,#3305,.T.);
#3303=ORIENTED_EDGE('',*,*,#3306,.T.);
#3304=EDGE_CURVE('',#305,#303,#3307,.F.);
#3305=EDGE_CURVE('',#303,#307,#3308,.T.);
#3306=EDGE_CURVE('',#307,#305,#3309,.T.);
#3307=LINE('',#304,#3310);
#3308=LINE('',#302,#3311);
#3309=LINE('',#306,#3312);
#3310=VECTOR('',#3313,1.0);
#3311=VECTOR('',#3314,1.0);
#3312=VECTOR('',#3315,1.0);
#3313=DIRECTION('',(0,-0.9999999999999909,-1.3435887054242695E-07));
#3314=DIRECTION('',(0.66131204212716,-1.0078389291215705E-07,0.7501109137571557));
#3315=DIRECTION('',(-0.03516656918246274,0.9985851094409439,-0.03988848975272104));
#3316=FACE_SURFACE('',(#3321),#3317,.T.);
#3317=PLANE('',#3318);
#3318=AXIS2_PLACEMENT_3D('',#304,#3319,#3320);
#3319=DIRECTION('',(-0.7501109137571624,-8.885313905671854E-08,0.661312042127154));
#3320=DIRECTION('',(0.03516656918246274,-0.9985851094409439,0.03988848975272104));
#3321=FACE_BOUND('',#3322,.T.);
#3322=EDGE_LOOP('',(#3323,#3324,#3325));
#3323=ORIENTED_EDGE('',*,*,#3326,.T.);
#3324=ORIENTED_EDGE('',*,*,#3327,.T.);
#3325=ORIENTED_EDGE('',*,*,#3328,.T.);
#3326=EDGE_CURVE('',#305,#307,#3329,.F.);
#3327=EDGE_CURVE('',#307,#309,#3330,.T.);
#3328=EDGE_CURVE('',#309,#305,#3331,.T.);
#3329=LINE('',#304,#3332);
#3330=LINE('',#306,#3333);
#3331=LINE('',#308,#3334);
#3332=VECTOR('',#3335,1.0);
#3333=VECTOR('',#3336,1.0);
#3334=VECTOR('',#3337,1.0);
#3335=DIRECTION('',(0.03516656918246274,-0.9985851094409439,0.03988848975272104));
#3336=DIRECTION('',(0,0.999999999999991,1.3435887054242912E-07));
#3337=DIRECTION('',(-0.66131204212716,1.0078419290350387E-07,-0.7501109137571557));
#3338=FACE_SURFACE('',(#3343),#3339,.T.);
#3339=PLANE('',#3340);
#3340=AXIS2_PLACEMENT_3D('',#308,#3341,#3342);
#3341=DIRECTION('',(-0.6613108470701111,-1.0078419671222697E-07,0.7501119673404777));
#3342=DIRECTION('',(0,-0.999999999999991,-1.3435887054242912E-07));
#3343=FACE_BOUND('',#3344,.T.);
#3344=EDGE_LOOP('',(#3345,#3346,#3347));
#3345=ORIENTED_EDGE('',*,*,#3348,.T.);
#3346=ORIENTED_EDGE('',*,*,#3349,.T.);
#3347=ORIENTED_EDGE('',*,*,#3350,.T.);
#3348=EDGE_CURVE('',#309,#307,#3351,.F.);
#3349=EDGE_CURVE('',#307,#311,#3352,.T.);
#3350=EDGE_CURVE('',#311,#309,#3353,.T.);
#3351=LINE('',#308,#3354);
#3352=LINE('',#306,#3355);
#3353=LINE('',#310,#3356);
#3354=VECTOR('',#3357,1.0);
#3355=VECTOR('',#3358,1.0);
#3356=VECTOR('',#3359,1.0);
#3357=DIRECTION('',(0,-0.999999999999991,-1.3435887054242912E-07));
#3358=DIRECTION('',(0.7501119673404845,-8.885306630637258E-08,0.6613108470701051));
#3359=DIRECTION('',(-0.03988862208855139,0.9985851129140516,-0.035166320454487116));
#3360=FACE_SURFACE('',(#3365),#3361,.T.);
#3361=PLANE('',#3362);
#3362=AXIS2_PLACEMENT_3D('',#308,#3363,#3364);
#3363=DIRECTION('',(-0.6613108470701111,-1.0078419670841056E-07,0.7501119673404777));
#3364=DIRECTION('',(0.03988862208855139,-0.9985851129140516,0.035166320454487116));
#3365=FACE_BOUND('',#3366,.T.);
#3366=EDGE_LOOP('',(#3367,#3368,#3369));
#3367=ORIENTED_EDGE('',*,*,#3370,.T.);
#3368=ORIENTED_EDGE('',*,*,#3371,.T.);
#3369=ORIENTED_EDGE('',*,*,#3372,.T.);
#3370=EDGE_CURVE('',#309,#311,#3373,.F.);
#3371=EDGE_CURVE('',#311,#313,#3374,.T.);
#3372=EDGE_CURVE('',#313,#309,#3375,.T.);
#3373=LINE('',#308,#3376);
#3374=LINE('',#310,#3377);
#3375=LINE('',#312,#3378);
#3376=VECTOR('',#3379,1.0);
#3377=VECTOR('',#3380,1.0);
#3378=VECTOR('',#3381,1.0);
#3379=DIRECTION('',(0.03988862208855139,-0.9985851129140516,0.035166320454487116));
#3380=DIRECTION('',(0,0.9999999999999909,1.3435887054242695E-07));
#3381=DIRECTION('',(-0.7501119673404845,8.885276631458938E-08,-0.6613108470701051));
#3382=FACE_SURFACE('',(#3387),#3383,.T.);
#3383=PLANE('',#3384);
#3384=AXIS2_PLACEMENT_3D('',#312,#3385,#3386);
#3385=DIRECTION('',(-0.5615932465887924,-1.1117033727491906E-07,0.8274134549219317));
#3386=DIRECTION('',(0,-0.9999999999999909,-1.3435887054242695E-07));
#3387=FACE_BOUND('',#3388,.T.);
#3388=EDGE_LOOP('',(#3389,#3390,#3391));
#3389=ORIENTED_EDGE('',*,*,#3392,.T.);
#3390=ORIENTED_EDGE('',*,*,#3393,.T.);
#3391=ORIENTED_EDGE('',*,*,#3394,.T.);
#3392=EDGE_CURVE('',#313,#311,#3395,.F.);
#3393=EDGE_CURVE('',#311,#315,#3396,.T.);
#3394=EDGE_CURVE('',#315,#313,#3397,.T.);
#3395=LINE('',#312,#3398);
#3396=LINE('',#310,#3399);
#3397=LINE('',#314,#3400);
#3398=VECTOR('',#3401,1.0);
#3399=VECTOR('',#3402,1.0);
#3400=VECTOR('',#3403,1.0);
#3401=DIRECTION('',(0,-0.9999999999999909,-1.3435887054242695E-07));
#3402=DIRECTION('',(0.8274134549219392,-7.545492005743116E-08,0.5615932465887873));
#3403=DIRECTION('',(-0.04409481473349162,0.9985789565788679,-0.02992849464103764));
#3404=FACE_SURFACE('',(#3409),#3405,.T.);
#3405=PLANE('',#3406);
#3406=AXIS2_PLACEMENT_3D('',#312,#3407,#3408);
#3407=DIRECTION('',(-0.5615932465887924,-1.1117033727882014E-07,0.8274134549219317));
#3408=DIRECTION('',(0.04409481473349162,-0.9985789565788679,0.02992849464103764));
#3409=FACE_BOUND('',#3410,.T.);
#3410=EDGE_LOOP('',(#3411,#3412,#3413));
#3411=ORIENTED_EDGE('',*,*,#3414,.T.);
#3412=ORIENTED_EDGE('',*,*,#3415,.T.);
#3413=ORIENTED_EDGE('',*,*,#3416,.T.);
#3414=EDGE_CURVE('',#313,#315,#3417,.F.);
#3415=EDGE_CURVE('',#315,#317,#3418,.T.);
#3416=EDGE_CURVE('',#317,#313,#3419,.T.);
#3417=LINE('',#312,#3420);
#3418=LINE('',#314,#3421);
#3419=LINE('',#316,#3422);
#3420=VECTOR('',#3423,1.0);
#3421=VECTOR('',#3424,1.0);
#3422=VECTOR('',#3425,1.0);
#3423=DIRECTION('',(0.04409481473349162,-0.9985789565788679,0.02992849464103764));
#3424=DIRECTION('',(0,0.999999999999991,1.3435887054242912E-07));
#3425=DIRECTION('',(-0.8274134549219392,7.545521939737926E-08,-0.5615932465887873));
#3426=FACE_SURFACE('',(#3431),#3427,.T.);
#3427=PLANE('',#3428);
#3428=AXIS2_PLACEMENT_3D('',#316,#3429,#3430);
#3429=DIRECTION('',(-0.45143284366344155,-1.1988910512734445E-07,0.8923050978571873));
#3430=DIRECTION('',(0,-0.999999999999991,-1.3435887054242912E-07));
#3431=FACE_BOUND('',#3432,.T.);
#3432=EDGE_LOOP('',(#3433,#3434,#3435));
#3433=ORIENTED_EDGE('',*,*,#3436,.T.);
#3434=ORIENTED_EDGE('',*,*,#3437,.T.);
#3435=ORIENTED_EDGE('',*,*,#3438,.T.);
#3436=EDGE_CURVE('',#317,#315,#3439,.F.);
#3437=EDGE_CURVE('',#315,#319,#3440,.T.);
#3438=EDGE_CURVE('',#319,#317,#3441,.T.);
#3439=LINE('',#316,#3442);
#3440=LINE('',#314,#3443);
#3441=LINE('',#318,#3444);
#3442=VECTOR('',#3445,1.0);
#3443=VECTOR('',#3446,1.0);
#3444=VECTOR('',#3447,1.0);
#3445=DIRECTION('',(0,-0.999999999999991,-1.3435887054242912E-07));
#3446=DIRECTION('',(0.8923050978571951,-6.065413684275171E-08,0.45143284366343744));
#3447=DIRECTION('',(-0.047784886503703,0.9985650555219294,-0.024175080399331136));
#3448=FACE_SURFACE('',(#3453),#3449,.T.);
#3449=PLANE('',#3450);
#3450=AXIS2_PLACEMENT_3D('',#316,#3451,#3452);
#3451=DIRECTION('',(-0.45143284366344155,-1.1988910512665748E-07,0.8923050978571871));
#3452=DIRECTION('',(0.047784886503703,-0.9985650555219294,0.024175080399331136));
#3453=FACE_BOUND('',#3454,.T.);
#3454=EDGE_LOOP('',(#3455,#3456,#3457));
#3455=ORIENTED_EDGE('',*,*,#3458,.T.);
#3456=ORIENTED_EDGE('',*,*,#3459,.T.);
#3457=ORIENTED_EDGE('',*,*,#3460,.T.);
#3458=EDGE_CURVE('',#317,#319,#3461,.F.);
#3459=EDGE_CURVE('',#319,#321,#3462,.T.);
#3460=EDGE_CURVE('',#321,#317,#3463,.T.);
#3461=LINE('',#316,#3464);
#3462=LINE('',#318,#3465);
#3463=LINE('',#320,#3466);
#3464=VECTOR('',#3467,1.0);
#3465=VECTOR('',#3468,1.0);
#3466=VECTOR('',#3469,1.0);
#3467=DIRECTION('',(0.047784886503703,-0.9985650555219294,0.024175080399331136));
#3468=DIRECTION('',(0,0.9999999999999909,1.3435887054242695E-07));
#3469=DIRECTION('',(-0.8923050978571951,6.06538389592899E-08,-0.45143284366343744));
#3470=FACE_SURFACE('',(#3475),#3471,.T.);
#3471=PLANE('',#3472);
#3472=AXIS2_PLACEMENT_3D('',#320,#3473,#3474);
#3473=DIRECTION('',(-0.33150950702801996,-1.2676112878537535E-07,0.9434518783435768));
#3474=DIRECTION('',(0,-0.9999999999999909,-1.3435887054242695E-07));
#3475=FACE_BOUND('',#3476,.T.);
#3476=EDGE_LOOP('',(#3477,#3478,#3479));
#3477=ORIENTED_EDGE('',*,*,#3480,.T.);
#3478=ORIENTED_EDGE('',*,*,#3481,.T.);
#3479=ORIENTED_EDGE('',*,*,#3482,.T.);
#3480=EDGE_CURVE('',#321,#319,#3483,.F.);
#3481=EDGE_CURVE('',#319,#323,#3484,.T.);
#3482=EDGE_CURVE('',#323,#321,#3485,.T.);
#3483=LINE('',#320,#3486);
#3484=LINE('',#318,#3487);
#3485=LINE('',#322,#3488);
#3486=VECTOR('',#3489,1.0);
#3487=VECTOR('',#3490,1.0);
#3488=VECTOR('',#3491,1.0);
#3489=DIRECTION('',(0,-0.9999999999999909,-1.3435887054242695E-07));
#3490=DIRECTION('',(0.9434518783435852,-4.454114521514847E-08,0.3315095070280169));
#3491=DIRECTION('',(-0.05095872731914045,0.9985402313624628,-0.017905710279485704));
#3492=FACE_SURFACE('',(#3497),#3493,.T.);
#3493=PLANE('',#3494);
#3494=AXIS2_PLACEMENT_3D('',#320,#3495,#3496);
#3495=DIRECTION('',(-0.33150950702802,-1.2676112878433096E-07,0.9434518783435768));
#3496=DIRECTION('',(0.05095872731914045,-0.9985402313624628,0.017905710279485704));
#3497=FACE_BOUND('',#3498,.T.);
#3498=EDGE_LOOP('',(#3499,#3500,#3501));
#3499=ORIENTED_EDGE('',*,*,#3502,.T.);
#3500=ORIENTED_EDGE('',*,*,#3503,.T.);
#3501=ORIENTED_EDGE('',*,*,#3504,.T.);
#3502=EDGE_CURVE('',#321,#323,#3505,.F.);
#3503=EDGE_CURVE('',#323,#325,#3506,.T.);
#3504=EDGE_CURVE('',#325,#321,#3507,.T.);
#3505=LINE('',#320,#3508);
#3506=LINE('',#322,#3509);
#3507=LINE('',#324,#3510);
#3508=VECTOR('',#3511,1.0);
#3509=VECTOR('',#3512,1.0);
#3510=VECTOR('',#3513,1.0);
#3511=DIRECTION('',(0.05095872731914045,-0.9985402313624628,0.017905710279485704));
#3512=DIRECTION('',(0,0.999999999999991,1.3435887054242912E-07));
#3513=DIRECTION('',(-0.9434518783435852,4.454144054949771E-08,-0.3315095070280169));
#3514=FACE_SURFACE('',(#3519),#3515,.T.);
#3515=PLANE('',#3516);
#3516=AXIS2_PLACEMENT_3D('',#324,#3517,#3518);
#3517=DIRECTION('',(-0.2030995546047521,-1.3155857544642928E-07,0.9791580929141801));
#3518=DIRECTION('',(0,-0.999999999999991,-1.3435887054242912E-07));
#3519=FACE_BOUND('',#3520,.T.);
#3520=EDGE_LOOP('',(#3521,#3522,#3523));
#3521=ORIENTED_EDGE('',*,*,#3524,.T.);
#3522=ORIENTED_EDGE('',*,*,#3525,.T.);
#3523=ORIENTED_EDGE('',*,*,#3526,.T.);
#3524=EDGE_CURVE('',#325,#323,#3527,.F.);
#3525=EDGE_CURVE('',#323,#327,#3528,.T.);
#3526=EDGE_CURVE('',#327,#325,#3529,.T.);
#3527=LINE('',#324,#3530);
#3528=LINE('',#322,#3531);
#3529=LINE('',#326,#3532);
#3530=VECTOR('',#3533,1.0);
#3531=VECTOR('',#3534,1.0);
#3532=VECTOR('',#3535,1.0);
#3533=DIRECTION('',(0,-0.999999999999991,-1.3435887054242912E-07));
#3534=DIRECTION('',(0.979158092914189,-2.7288341643030507E-08,0.20309955460475024));
#3535=DIRECTION('',(-0.05361601439867797,0.9984996972695551,-0.011121040985778912));
#3536=FACE_SURFACE('',(#3541),#3537,.T.);
#3537=PLANE('',#3538);
#3538=AXIS2_PLACEMENT_3D('',#324,#3539,#3540);
#3539=DIRECTION('',(-0.20309955460363488,-1.315585128780035E-07,0.9791580929144117));
#3540=DIRECTION('',(0.05361601439867797,-0.9984996972695551,0.011121040985778912));
#3541=FACE_BOUND('',#3542,.T.);
#3542=EDGE_LOOP('',(#3543,#3544,#3545));
#3543=ORIENTED_EDGE('',*,*,#3546,.T.);
#3544=ORIENTED_EDGE('',*,*,#3547,.T.);
#3545=ORIENTED_EDGE('',*,*,#3548,.T.);
#3546=EDGE_CURVE('',#325,#327,#3549,.F.);
#3547=EDGE_CURVE('',#327,#329,#3550,.T.);
#3548=EDGE_CURVE('',#329,#325,#3551,.T.);
#3549=LINE('',#324,#3552);
#3550=LINE('',#326,#3553);
#3551=LINE('',#328,#3554);
#3552=VECTOR('',#3555,1.0);
#3553=VECTOR('',#3556,1.0);
#3554=VECTOR('',#3557,1.0);
#3555=DIRECTION('',(0.05361601439867797,-0.9984996972695551,0.011121040985778912));
#3556=DIRECTION('',(0,0.9999999999999909,1.34358806641493E-07));
#3557=DIRECTION('',(-0.9791580929144207,2.7288050334345823E-08,-0.20309955460363308));
#3558=FACE_SURFACE('',(#3563),#3559,.T.);
#3559=PLANE('',#3560);
#3560=AXIS2_PLACEMENT_3D('',#328,#3561,#3562);
#3561=DIRECTION('',(-0.06837603924445258,-1.3404435596943722E-07,0.9976596199391972));
#3562=DIRECTION('',(0,-0.9999999999999909,-1.34358806641493E-07));
#3563=FACE_BOUND('',#3564,.T.);
#3564=EDGE_LOOP('',(#3565,#3566,#3567));
#3565=ORIENTED_EDGE('',*,*,#3568,.T.);
#3566=ORIENTED_EDGE('',*,*,#3569,.T.);
#3567=ORIENTED_EDGE('',*,*,#3570,.T.);
#3568=EDGE_CURVE('',#329,#327,#3571,.F.);
#3569=EDGE_CURVE('',#327,#331,#3572,.T.);
#3570=EDGE_CURVE('',#331,#329,#3573,.T.);
#3571=LINE('',#328,#3574);
#3572=LINE('',#326,#3575);
#3573=LINE('',#330,#3576);
#3574=VECTOR('',#3577,1.0);
#3575=VECTOR('',#3578,1.0);
#3576=VECTOR('',#3579,1.0);
#3577=DIRECTION('',(0,-0.9999999999999909,-1.34358806641493E-07));
#3578=DIRECTION('',(0.997659619939206,-9.186805660298963E-09,0.06837603924445196));
#3579=DIRECTION('',(-0.055756213780053694,0.9984371002064152,-0.0038211982829587767));
#3580=FACE_SURFACE('',(#3585),#3581,.T.);
#3581=PLANE('',#3582);
#3582=AXIS2_PLACEMENT_3D('',#328,#3583,#3584);
#3583=DIRECTION('',(-0.06837603924558883,-1.3404441972030222E-07,0.9976596199391191));
#3584=DIRECTION('',(0.055756213780053694,-0.9984371002064152,0.0038211982829587767));
#3585=FACE_BOUND('',#3586,.T.);
#3586=EDGE_LOOP('',(#3587,#3588,#3589));
#3587=ORIENTED_EDGE('',*,*,#3590,.T.);
#3588=ORIENTED_EDGE('',*,*,#3591,.T.);
#3589=ORIENTED_EDGE('',*,*,#3592,.T.);
#3590=EDGE_CURVE('',#329,#331,#3593,.F.);
#3591=EDGE_CURVE('',#331,#333,#3594,.T.);
#3592=EDGE_CURVE('',#333,#329,#3595,.T.);
#3593=LINE('',#328,#3596);
#3594=LINE('',#330,#3597);
#3595=LINE('',#332,#3598);
#3596=VECTOR('',#3599,1.0);
#3597=VECTOR('',#3600,1.0);
#3598=VECTOR('',#3601,1.0);
#3599=DIRECTION('',(0.055756213780053694,-0.9984371002064152,0.0038211982829587767));
#3600=DIRECTION('',(0,0.999999999999991,1.3435887054242912E-07));
#3601=DIRECTION('',(-0.9976596199391282,9.187091062319442E-09,-0.06837603924558823));
#3602=FACE_SURFACE('',(#3607),#3603,.T.);
#3603=PLANE('',#3604);
#3604=AXIS2_PLACEMENT_3D('',#332,#3605,#3606);
#3605=DIRECTION('',(0.06838004485349476,-1.340443828341696E-07,0.997659345400932));
#3606=DIRECTION('',(0,-0.999999999999991,-1.3435887054242912E-07));
#3607=FACE_BOUND('',#3608,.T.);
#3608=EDGE_LOOP('',(#3609,#3610,#3611));
#3609=ORIENTED_EDGE('',*,*,#3612,.T.);
#3610=ORIENTED_EDGE('',*,*,#3613,.T.);
#3611=ORIENTED_EDGE('',*,*,#3614,.T.);
#3612=EDGE_CURVE('',#333,#331,#3615,.F.);
#3613=EDGE_CURVE('',#331,#335,#3616,.T.);
#3614=EDGE_CURVE('',#335,#333,#3617,.T.);
#3615=LINE('',#332,#3618);
#3616=LINE('',#330,#3619);
#3617=LINE('',#334,#3620);
#3618=VECTOR('',#3621,1.0);
#3619=VECTOR('',#3622,1.0);
#3620=VECTOR('',#3623,1.0);
#3621=DIRECTION('',(0,-0.999999999999991,-1.3435887054242912E-07));
#3622=DIRECTION('',(0.997659345400941,9.187354748285704E-09,-0.06838004485349414));
#3623=DIRECTION('',(-0.05575632981565217,0.998437091808405,0.0038216994469310274));
#3624=FACE_SURFACE('',(#3629),#3625,.T.);
#3625=PLANE('',#3626);
#3626=AXIS2_PLACEMENT_3D('',#332,#3627,#3628);
#3627=DIRECTION('',(0.06838004485349476,-1.340443828341009E-07,0.997659345400932));
#3628=DIRECTION('',(0.05575632981565217,-0.998437091808405,-0.0038216994469310274));
#3629=FACE_BOUND('',#3630,.T.);
#3630=EDGE_LOOP('',(#3631,#3632,#3633));
#3631=ORIENTED_EDGE('',*,*,#3634,.T.);
#3632=ORIENTED_EDGE('',*,*,#3635,.T.);
#3633=ORIENTED_EDGE('',*,*,#3636,.T.);
#3634=EDGE_CURVE('',#333,#335,#3637,.F.);
#3635=EDGE_CURVE('',#335,#337,#3638,.T.);
#3636=EDGE_CURVE('',#337,#333,#3639,.T.);
#3637=LINE('',#332,#3640);
#3638=LINE('',#334,#3641);
#3639=LINE('',#336,#3642);
#3640=VECTOR('',#3643,1.0);
#3641=VECTOR('',#3644,1.0);
#3642=VECTOR('',#3645,1.0);
#3643=DIRECTION('',(0.05575632981565217,-0.998437091808405,-0.0038216994469310274));
#3644=DIRECTION('',(0,0.9999999999999909,1.3435887054242695E-07));
#3645=DIRECTION('',(-0.997659345400941,-9.1876401496323E-09,0.06838004485349414));
#3646=FACE_SURFACE('',(#3651),#3647,.T.);
#3647=PLANE('',#3648);
#3648=AXIS2_PLACEMENT_3D('',#336,#3649,#3650);
#3649=DIRECTION('',(0.20309997754337478,-1.3155856365950774E-07,0.97915800518704));
#3650=DIRECTION('',(0,-0.9999999999999909,-1.3435887054242695E-07));
#3651=FACE_BOUND('',#3652,.T.);
#3652=EDGE_LOOP('',(#3653,#3654,#3655));
#3653=ORIENTED_EDGE('',*,*,#3656,.T.);
#3654=ORIENTED_EDGE('',*,*,#3657,.T.);
#3655=ORIENTED_EDGE('',*,*,#3658,.T.);
#3656=EDGE_CURVE('',#337,#335,#3659,.F.);
#3657=EDGE_CURVE('',#335,#339,#3660,.T.);
#3658=EDGE_CURVE('',#339,#337,#3661,.T.);
#3659=LINE('',#336,#3662);
#3660=LINE('',#334,#3663);
#3661=LINE('',#338,#3664);
#3662=VECTOR('',#3665,1.0);
#3663=VECTOR('',#3666,1.0);
#3664=VECTOR('',#3667,1.0);
#3665=DIRECTION('',(0,-0.9999999999999909,-1.3435887054242695E-07));
#3666=DIRECTION('',(0.9791580051870489,2.7288398468825385E-08,-0.20309997754337294));
#3667=DIRECTION('',(-0.053615898278917114,0.9984997005155516,0.011121309369801062));
#3668=FACE_SURFACE('',(#3673),#3669,.T.);
#3669=PLANE('',#3670);
#3670=AXIS2_PLACEMENT_3D('',#336,#3671,#3672);
#3671=DIRECTION('',(0.20309997754337478,-1.3155856365864405E-07,0.97915800518704));
#3672=DIRECTION('',(0.053615898278917114,-0.9984997005155516,-0.011121309369801062));
#3673=FACE_BOUND('',#3674,.T.);
#3674=EDGE_LOOP('',(#3675,#3676,#3677));
#3675=ORIENTED_EDGE('',*,*,#3678,.T.);
#3676=ORIENTED_EDGE('',*,*,#3679,.T.);
#3677=ORIENTED_EDGE('',*,*,#3680,.T.);
#3678=EDGE_CURVE('',#337,#339,#3681,.F.);
#3679=EDGE_CURVE('',#339,#341,#3682,.T.);
#3680=EDGE_CURVE('',#341,#337,#3683,.T.);
#3681=LINE('',#336,#3684);
#3682=LINE('',#338,#3685);
#3683=LINE('',#340,#3686);
#3684=VECTOR('',#3687,1.0);
#3685=VECTOR('',#3688,1.0);
#3686=VECTOR('',#3689,1.0);
#3687=DIRECTION('',(0.053615898278917114,-0.9984997005155516,-0.011121309369801062));
#3688=DIRECTION('',(0,0.999999999999991,1.3435887054242912E-07));
#3689=DIRECTION('',(-0.9791580051870489,-2.7288107159527615E-08,0.20309997754337294));
#3690=FACE_SURFACE('',(#3695),#3691,.T.);
#3691=PLANE('',#3692);
#3692=AXIS2_PLACEMENT_3D('',#340,#3693,#3694);
#3693=DIRECTION('',(0.3315095070269684,-1.26761128785427E-07,0.9434518783439462));
#3694=DIRECTION('',(0,-0.999999999999991,-1.3435887054242912E-07));
#3695=FACE_BOUND('',#3696,.T.);
#3696=EDGE_LOOP('',(#3697,#3698,#3699));
#3697=ORIENTED_EDGE('',*,*,#3700,.T.);
#3698=ORIENTED_EDGE('',*,*,#3701,.T.);
#3699=ORIENTED_EDGE('',*,*,#3702,.T.);
#3700=EDGE_CURVE('',#341,#339,#3703,.F.);
#3701=EDGE_CURVE('',#339,#343,#3704,.T.);
#3702=EDGE_CURVE('',#343,#341,#3705,.T.);
#3703=LINE('',#340,#3706);
#3704=LINE('',#338,#3707);
#3705=LINE('',#342,#3708);
#3706=VECTOR('',#3709,1.0);
#3707=VECTOR('',#3710,1.0);
#3708=VECTOR('',#3711,1.0);
#3709=DIRECTION('',(0,-0.999999999999991,-1.3435887054242912E-07));
#3710=DIRECTION('',(0.9434518783439547,4.4541145215165915E-08,-0.3315095070269654));
#3711=DIRECTION('',(-0.050958727319140786,0.9985402265508458,0.01790597860489672));
#3712=FACE_SURFACE('',(#3717),#3713,.T.);
#3713=PLANE('',#3714);
#3714=AXIS2_PLACEMENT_3D('',#340,#3715,#3716);
#3715=DIRECTION('',(0.33150950702801996,-1.2676106849950363E-07,0.9434518783435768));
#3716=DIRECTION('',(0.050958727319140786,-0.9985402265508458,-0.01790597860489672));
#3717=FACE_BOUND('',#3718,.T.);
#3718=EDGE_LOOP('',(#3719,#3720,#3721));
#3719=ORIENTED_EDGE('',*,*,#3722,.T.);
#3720=ORIENTED_EDGE('',*,*,#3723,.T.);
#3721=ORIENTED_EDGE('',*,*,#3724,.T.);
#3722=EDGE_CURVE('',#341,#343,#3725,.F.);
#3723=EDGE_CURVE('',#343,#345,#3726,.T.);
#3724=EDGE_CURVE('',#345,#341,#3727,.T.);
#3725=LINE('',#340,#3728);
#3726=LINE('',#342,#3729);
#3727=LINE('',#344,#3730);
#3728=VECTOR('',#3731,1.0);
#3729=VECTOR('',#3732,1.0);
#3730=VECTOR('',#3733,1.0);
#3731=DIRECTION('',(0.050958727319140786,-0.9985402265508458,-0.01790597860489672));
#3732=DIRECTION('',(0,0.9999999999999909,1.34358806641493E-07));
#3733=DIRECTION('',(-0.9434518783435852,-4.454144054949771E-08,0.3315095070280169));
#3734=FACE_SURFACE('',(#3739),#3735,.T.);
#3735=PLANE('',#3736);
#3736=AXIS2_PLACEMENT_3D('',#344,#3737,#3738);
#3737=DIRECTION('',(0.45143284366344155,-1.198890481082134E-07,0.8923050978571871));
#3738=DIRECTION('',(0,-0.9999999999999909,-1.34358806641493E-07));
#3739=FACE_BOUND('',#3740,.T.);
#3740=EDGE_LOOP('',(#3741,#3742,#3743));
#3741=ORIENTED_EDGE('',*,*,#3744,.T.);
#3742=ORIENTED_EDGE('',*,*,#3745,.T.);
#3743=ORIENTED_EDGE('',*,*,#3746,.T.);
#3744=EDGE_CURVE('',#345,#343,#3747,.F.);
#3745=EDGE_CURVE('',#343,#347,#3748,.T.);
#3746=EDGE_CURVE('',#347,#345,#3749,.T.);
#3747=LINE('',#344,#3750);
#3748=LINE('',#342,#3751);
#3749=LINE('',#346,#3752);
#3750=VECTOR('',#3753,1.0);
#3751=VECTOR('',#3754,1.0);
#3752=VECTOR('',#3755,1.0);
#3753=DIRECTION('',(0,-0.9999999999999909,-1.34358806641493E-07));
#3754=DIRECTION('',(0.8923050978571951,6.065413684275171E-08,-0.45143284366343744));
#3755=DIRECTION('',(-0.04778488650370298,0.9985650490256219,0.02417534873141249));
#3756=FACE_SURFACE('',(#3761),#3757,.T.);
#3757=PLANE('',#3758);
#3758=AXIS2_PLACEMENT_3D('',#344,#3759,#3760);
#3759=DIRECTION('',(0.45143284366344155,-1.1988904810776997E-07,0.8923050978571873));
#3760=DIRECTION('',(0.04778488650370298,-0.9985650490256219,-0.02417534873141249));
#3761=FACE_BOUND('',#3762,.T.);
#3762=EDGE_LOOP('',(#3763,#3764,#3765));
#3763=ORIENTED_EDGE('',*,*,#3766,.T.);
#3764=ORIENTED_EDGE('',*,*,#3767,.T.);
#3765=ORIENTED_EDGE('',*,*,#3768,.T.);
#3766=EDGE_CURVE('',#345,#347,#3769,.F.);
#3767=EDGE_CURVE('',#347,#349,#3770,.T.);
#3768=EDGE_CURVE('',#349,#345,#3771,.T.);
#3769=LINE('',#344,#3772);
#3770=LINE('',#346,#3773);
#3771=LINE('',#348,#3774);
#3772=VECTOR('',#3775,1.0);
#3773=VECTOR('',#3776,1.0);
#3774=VECTOR('',#3777,1.0);
#3775=DIRECTION('',(0.04778488650370298,-0.9985650490256219,-0.02417534873141249));
#3776=DIRECTION('',(0,0.999999999999991,1.3435880664149516E-07));
#3777=DIRECTION('',(-0.8923050978571951,-6.06538389592899E-08,0.45143284366343744));
#3778=FACE_SURFACE('',(#3783),#3779,.T.);
#3779=PLANE('',#3780);
#3780=AXIS2_PLACEMENT_3D('',#348,#3781,#3782);
#3781=DIRECTION('',(0.5615942620686664,-1.1117019179681133E-07,0.8274127656807924));
#3782=DIRECTION('',(0,-0.999999999999991,-1.3435880664149516E-07));
#3783=FACE_BOUND('',#3784,.T.);
#3784=EDGE_LOOP('',(#3785,#3786,#3787));
#3785=ORIENTED_EDGE('',*,*,#3788,.T.);
#3786=ORIENTED_EDGE('',*,*,#3789,.T.);
#3787=ORIENTED_EDGE('',*,*,#3790,.T.);
#3788=EDGE_CURVE('',#349,#347,#3791,.F.);
#3789=EDGE_CURVE('',#347,#351,#3792,.T.);
#3790=EDGE_CURVE('',#351,#349,#3793,.T.);
#3791=LINE('',#348,#3794);
#3792=LINE('',#346,#3795);
#3793=LINE('',#350,#3796);
#3794=VECTOR('',#3797,1.0);
#3795=VECTOR('',#3798,1.0);
#3796=VECTOR('',#3799,1.0);
#3797=DIRECTION('',(0,-0.999999999999991,-1.3435880664149516E-07));
#3798=DIRECTION('',(0.8274127656807998,7.54550564957926E-08,-0.5615942620686613));
#3799=DIRECTION('',(-0.04409469849616511,0.9985789536646582,0.0299287631306156));
#3800=FACE_SURFACE('',(#3805),#3801,.T.);
#3801=PLANE('',#3802);
#3802=AXIS2_PLACEMENT_3D('',#348,#3803,#3804);
#3803=DIRECTION('',(0.5615942620678466,-1.1117024466699246E-07,0.8274127656813488));
#3804=DIRECTION('',(0.04409469849616511,-0.9985789536646582,-0.0299287631306156));
#3805=FACE_BOUND('',#3806,.T.);
#3806=EDGE_LOOP('',(#3807,#3808,#3809));
#3807=ORIENTED_EDGE('',*,*,#3810,.T.);
#3808=ORIENTED_EDGE('',*,*,#3811,.T.);
#3809=ORIENTED_EDGE('',*,*,#3812,.T.);
#3810=EDGE_CURVE('',#349,#351,#3813,.F.);
#3811=EDGE_CURVE('',#351,#353,#3814,.T.);
#3812=EDGE_CURVE('',#353,#349,#3815,.T.);
#3813=LINE('',#348,#3816);
#3814=LINE('',#350,#3817);
#3815=LINE('',#352,#3818);
#3816=VECTOR('',#3819,1.0);
#3817=VECTOR('',#3820,1.0);
#3818=VECTOR('',#3821,1.0);
#3819=DIRECTION('',(0.04409469849616511,-0.9985789536646582,-0.0299287631306156));
#3820=DIRECTION('',(0,0.9999999999999909,1.3435887054242695E-07));
#3821=DIRECTION('',(-0.8274127656813562,-7.545535583633271E-08,0.5615942620678416));
#3822=FACE_SURFACE('',(#3827),#3823,.T.);
#3823=PLANE('',#3824);
#3824=AXIS2_PLACEMENT_3D('',#352,#3825,#3826);
#3825=DIRECTION('',(0.661310847069436,-1.0078419671230534E-07,0.750111967341073));
#3826=DIRECTION('',(0,-0.9999999999999909,-1.3435887054242695E-07));
#3827=FACE_BOUND('',#3828,.T.);
#3828=EDGE_LOOP('',(#3829,#3830,#3831));
#3829=ORIENTED_EDGE('',*,*,#3832,.T.);
#3830=ORIENTED_EDGE('',*,*,#3833,.T.);
#3831=ORIENTED_EDGE('',*,*,#3834,.T.);
#3832=EDGE_CURVE('',#353,#351,#3835,.F.);
#3833=EDGE_CURVE('',#351,#355,#3836,.T.);
#3834=EDGE_CURVE('',#355,#353,#3837,.T.);
#3835=LINE('',#352,#3838);
#3836=LINE('',#350,#3839);
#3837=LINE('',#354,#3840);
#3838=VECTOR('',#3841,1.0);
#3839=VECTOR('',#3842,1.0);
#3840=VECTOR('',#3843,1.0);
#3841=DIRECTION('',(0,-0.9999999999999909,-1.3435887054242695E-07));
#3842=DIRECTION('',(0.7501119673410797,8.885306630644308E-08,-0.66131084706943));
#3843=DIRECTION('',(-0.03988862208855121,0.9985851034642035,0.0351665887919577));
#3844=FACE_SURFACE('',(#3849),#3845,.T.);
#3845=PLANE('',#3846);
#3846=AXIS2_PLACEMENT_3D('',#352,#3847,#3848);
#3847=DIRECTION('',(0.6613108470701111,-1.0078414878004018E-07,0.7501119673404777));
#3848=DIRECTION('',(0.03988862208855121,-0.9985851034642035,-0.0351665887919577));
#3849=FACE_BOUND('',#3850,.T.);
#3850=EDGE_LOOP('',(#3851,#3852,#3853));
#3851=ORIENTED_EDGE('',*,*,#3854,.T.);
#3852=ORIENTED_EDGE('',*,*,#3855,.T.);
#3853=ORIENTED_EDGE('',*,*,#3856,.T.);
#3854=EDGE_CURVE('',#353,#355,#3857,.F.);
#3855=EDGE_CURVE('',#355,#357,#3858,.T.);
#3856=EDGE_CURVE('',#357,#353,#3859,.T.);
#3857=LINE('',#352,#3860);
#3858=LINE('',#354,#3861);
#3859=LINE('',#356,#3862);
#3860=VECTOR('',#3863,1.0);
#3861=VECTOR('',#3864,1.0);
#3862=VECTOR('',#3865,1.0);
#3863=DIRECTION('',(0.03988862208855121,-0.9985851034642035,-0.0351665887919577));
#3864=DIRECTION('',(0,0.999999999999991,1.3435880664149516E-07));
#3865=DIRECTION('',(-0.7501119673404845,-8.885276631458938E-08,0.6613108470701051));
#3866=FACE_SURFACE('',(#3871),#3867,.T.);
#3867=PLANE('',#3868);
#3868=AXIS2_PLACEMENT_3D('',#356,#3869,#3870);
#3869=DIRECTION('',(0.7501120001885605,-8.885293122535076E-08,0.6613108098111727));
#3870=DIRECTION('',(0,-0.999999999999991,-1.3435880664149516E-07));
#3871=FACE_BOUND('',#3872,.T.);
#3872=EDGE_LOOP('',(#3873,#3874,#3875));
#3873=ORIENTED_EDGE('',*,*,#3876,.T.);
#3874=ORIENTED_EDGE('',*,*,#3877,.T.);
#3875=ORIENTED_EDGE('',*,*,#3878,.T.);
#3876=EDGE_CURVE('',#357,#355,#3879,.F.);
#3877=EDGE_CURVE('',#355,#359,#3880,.T.);
#3878=EDGE_CURVE('',#359,#357,#3881,.T.);
#3879=LINE('',#356,#3882);
#3880=LINE('',#354,#3883);
#3881=LINE('',#358,#3884);
#3882=VECTOR('',#3885,1.0);
#3883=VECTOR('',#3886,1.0);
#3884=VECTOR('',#3887,1.0);
#3885=DIRECTION('',(0,-0.999999999999991,-1.3435880664149516E-07));
#3886=DIRECTION('',(0.6613108098111787,1.007840388834564E-07,-0.7501120001885536));
#3887=DIRECTION('',(-0.0351664528620023,0.998585102812018,0.03988875825362482));
#3888=FACE_SURFACE('',(#3893),#3889,.T.);
#3889=PLANE('',#3890);
#3890=AXIS2_PLACEMENT_3D('',#356,#3891,#3892);
#3891=DIRECTION('',(0.7501120001880357,-8.885297348310634E-08,0.6613108098117682));
#3892=DIRECTION('',(0.0351664528620023,-0.998585102812018,-0.03988875825362482));
#3893=FACE_BOUND('',#3894,.T.);
#3894=EDGE_LOOP('',(#3895,#3896,#3897));
#3895=ORIENTED_EDGE('',*,*,#3898,.T.);
#3896=ORIENTED_EDGE('',*,*,#3899,.T.);
#3897=ORIENTED_EDGE('',*,*,#3900,.T.);
#3898=EDGE_CURVE('',#357,#359,#3901,.F.);
#3899=EDGE_CURVE('',#359,#361,#3902,.T.);
#3900=EDGE_CURVE('',#361,#357,#3903,.T.);
#3901=LINE('',#356,#3904);
#3902=LINE('',#358,#3905);
#3903=LINE('',#360,#3906);
#3904=VECTOR('',#3907,1.0);
#3905=VECTOR('',#3908,1.0);
#3906=VECTOR('',#3909,1.0);
#3907=DIRECTION('',(0.0351664528620023,-0.998585102812018,-0.03988875825362482));
#3908=DIRECTION('',(0,0.9999999999999909,1.3435887054242695E-07));
#3909=DIRECTION('',(-0.661310809811774,-1.0078433887532845E-07,0.750112000188029));
#3910=FACE_SURFACE('',(#3915),#3911,.T.);
#3911=PLANE('',#3912);
#3912=AXIS2_PLACEMENT_3D('',#360,#3913,#3914);
#3913=DIRECTION('',(0.8274134810512422,-7.545502914349156E-08,0.5615932080916397));
#3914=DIRECTION('',(0,-0.9999999999999909,-1.3435887054242695E-07));
#3915=FACE_BOUND('',#3916,.T.);
#3916=EDGE_LOOP('',(#3917,#3918,#3919));
#3917=ORIENTED_EDGE('',*,*,#3920,.T.);
#3918=ORIENTED_EDGE('',*,*,#3921,.T.);
#3919=ORIENTED_EDGE('',*,*,#3922,.T.);
#3920=EDGE_CURVE('',#361,#359,#3923,.F.);
#3921=EDGE_CURVE('',#359,#363,#3924,.T.);
#3922=EDGE_CURVE('',#363,#361,#3925,.T.);
#3923=LINE('',#360,#3926);
#3924=LINE('',#358,#3927);
#3925=LINE('',#362,#3928);
#3926=VECTOR('',#3929,1.0);
#3927=VECTOR('',#3930,1.0);
#3928=VECTOR('',#3931,1.0);
#3929=DIRECTION('',(0,-0.9999999999999909,-1.3435887054242695E-07));
#3930=DIRECTION('',(0.5615932080916449,1.1117036456995364E-07,-0.8274134810512349));
#3931=DIRECTION('',(-0.02992862730904894,0.9985789465807356,0.044094951106723713));
#3932=FACE_SURFACE('',(#3937),#3933,.T.);
#3933=PLANE('',#3934);
#3934=AXIS2_PLACEMENT_3D('',#360,#3935,#3936);
#3935=DIRECTION('',(0.8274134810512422,-7.545502914351685E-08,0.5615932080916397));
#3936=DIRECTION('',(0.02992862730904894,-0.9985789465807356,-0.044094951106723713));
#3937=FACE_BOUND('',#3938,.T.);
#3938=EDGE_LOOP('',(#3939,#3940,#3941));
#3939=ORIENTED_EDGE('',*,*,#3942,.T.);
#3940=ORIENTED_EDGE('',*,*,#3943,.T.);
#3941=ORIENTED_EDGE('',*,*,#3944,.T.);
#3942=EDGE_CURVE('',#361,#363,#3945,.F.);
#3943=EDGE_CURVE('',#363,#365,#3946,.T.);
#3944=EDGE_CURVE('',#365,#361,#3947,.T.);
#3945=LINE('',#360,#3948);
#3946=LINE('',#362,#3949);
#3947=LINE('',#364,#3950);
#3948=VECTOR('',#3951,1.0);
#3949=VECTOR('',#3952,1.0);
#3950=VECTOR('',#3953,1.0);
#3951=DIRECTION('',(0.02992862730904894,-0.9985789465807356,-0.044094951106723713));
#3952=DIRECTION('',(0,0.9999999999999909,1.3435887054242695E-07));
#3953=DIRECTION('',(-0.5615932080916449,-1.1117036456995364E-07,0.8274134810512349));
#3954=FACE_SURFACE('',(#3959),#3955,.T.);
#3955=PLANE('',#3956);
#3956=AXIS2_PLACEMENT_3D('',#364,#3957,#3958);
#3957=DIRECTION('',(0.8923051160652236,-6.065400216478563E-08,0.4514328076733285));
#3958=DIRECTION('',(0,-0.9999999999999909,-1.3435887054242695E-07));
#3959=FACE_BOUND('',#3960,.T.);
#3960=EDGE_LOOP('',(#3961,#3962,#3963));
#3961=ORIENTED_EDGE('',*,*,#3964,.T.);
#3962=ORIENTED_EDGE('',*,*,#3965,.T.);
#3963=ORIENTED_EDGE('',*,*,#3966,.T.);
#3964=EDGE_CURVE('',#365,#363,#3967,.F.);
#3965=EDGE_CURVE('',#363,#367,#3968,.T.);
#3966=EDGE_CURVE('',#367,#365,#3969,.T.);
#3967=LINE('',#364,#3970);
#3968=LINE('',#362,#3971);
#3969=LINE('',#366,#3972);
#3970=VECTOR('',#3973,1.0);
#3971=VECTOR('',#3974,1.0);
#3972=VECTOR('',#3975,1.0);
#3973=DIRECTION('',(0,-0.9999999999999909,-1.3435887054242695E-07));
#3974=DIRECTION('',(0.4514328076733326,1.1988915331765056E-07,-0.8923051160652155));
#3975=DIRECTION('',(-0.02417521335301363,0.9985650457685159,0.04778502305804681));
#3976=FACE_SURFACE('',(#3981),#3977,.T.);
#3977=PLANE('',#3978);
#3978=AXIS2_PLACEMENT_3D('',#364,#3979,#3980);
#3979=DIRECTION('',(0.8923051160652233,-6.065400216571821E-08,0.4514328076733285));
#3980=DIRECTION('',(0.02417521335301363,-0.9985650457685159,-0.04778502305804681));
#3981=FACE_BOUND('',#3982,.T.);
#3982=EDGE_LOOP('',(#3983,#3984,#3985));
#3983=ORIENTED_EDGE('',*,*,#3986,.T.);
#3984=ORIENTED_EDGE('',*,*,#3987,.T.);
#3985=ORIENTED_EDGE('',*,*,#3988,.T.);
#3986=EDGE_CURVE('',#365,#367,#3989,.F.);
#3987=EDGE_CURVE('',#367,#369,#3990,.T.);
#3988=EDGE_CURVE('',#369,#365,#3991,.T.);
#3989=LINE('',#364,#3992);
#3990=LINE('',#366,#3993);
#3991=LINE('',#368,#3994);
#3992=VECTOR('',#3995,1.0);
#3993=VECTOR('',#3996,1.0);
#3994=VECTOR('',#3997,1.0);
#3995=DIRECTION('',(0.02417521335301363,-0.9985650457685159,-0.04778502305804681));
#3996=DIRECTION('',(0,0.999999999999991,1.3435887054242912E-07));
#3997=DIRECTION('',(-0.4514328076733326,-1.1988885543419758E-07,0.8923051160652155));
#3998=FACE_SURFACE('',(#4003),#3999,.T.);
#3999=PLANE('',#4000);
#4000=AXIS2_PLACEMENT_3D('',#368,#4001,#4002);
#4001=DIRECTION('',(0.9434516517693387,-4.454132957471884E-08,0.331510151841093));
#4002=DIRECTION('',(0,-0.999999999999991,-1.3435887054242912E-07));
#4003=FACE_BOUND('',#4004,.T.);
#4004=EDGE_LOOP('',(#4005,#4006,#4007));
#4005=ORIENTED_EDGE('',*,*,#4008,.T.);
#4006=ORIENTED_EDGE('',*,*,#4009,.T.);
#4007=ORIENTED_EDGE('',*,*,#4010,.T.);
#4008=EDGE_CURVE('',#369,#367,#4011,.F.);
#4009=EDGE_CURVE('',#367,#371,#4012,.T.);
#4010=EDGE_CURVE('',#371,#369,#4013,.T.);
#4011=LINE('',#368,#4014);
#4012=LINE('',#366,#4015);
#4013=LINE('',#370,#4016);
#4014=VECTOR('',#4017,1.0);
#4015=VECTOR('',#4018,1.0);
#4016=VECTOR('',#4019,1.0);
#4017=DIRECTION('',(0,-0.999999999999991,-1.3435887054242912E-07));
#4018=DIRECTION('',(0.331510151841096,1.2676100427873164E-07,-0.9434516517693302));
#4019=DIRECTION('',(-0.017905843649949328,0.998540227922068,0.05095874787048846));
#4020=FACE_SURFACE('',(#4025),#4021,.T.);
#4021=PLANE('',#4022);
#4022=AXIS2_PLACEMENT_3D('',#368,#4023,#4024);
#4023=DIRECTION('',(0.9434516517693388,-4.454132957489601E-08,0.331510151841093));
#4024=DIRECTION('',(0.017905843649949328,-0.998540227922068,-0.05095874787048846));
#4025=FACE_BOUND('',#4026,.T.);
#4026=EDGE_LOOP('',(#4027,#4028,#4029));
#4027=ORIENTED_EDGE('',*,*,#4030,.T.);
#4028=ORIENTED_EDGE('',*,*,#4031,.T.);
#4029=ORIENTED_EDGE('',*,*,#4032,.T.);
#4030=EDGE_CURVE('',#369,#371,#4033,.F.);
#4031=EDGE_CURVE('',#371,#373,#4034,.T.);
#4032=EDGE_CURVE('',#373,#369,#4035,.T.);
#4033=LINE('',#368,#4036);
#4034=LINE('',#370,#4037);
#4035=LINE('',#372,#4038);
#4036=VECTOR('',#4039,1.0);
#4037=VECTOR('',#4040,1.0);
#4038=VECTOR('',#4041,1.0);
#4039=DIRECTION('',(0.017905843649949328,-0.998540227922068,-0.05095874787048846));
#4040=DIRECTION('',(0,0.9999999999999909,1.3435887054242695E-07));
#4041=DIRECTION('',(-0.331510151841096,-1.267612996136701E-07,0.9434516517693302));
#4042=FACE_SURFACE('',(#4047),#4043,.T.);
#4043=PLANE('',#4044);
#4044=AXIS2_PLACEMENT_3D('',#372,#4045,#4046);
#4045=DIRECTION('',(0.979158009231359,-2.7288280970207048E-08,0.20309995804549344));
#4046=DIRECTION('',(0,-0.9999999999999909,-1.3435887054242695E-07));
#4047=FACE_BOUND('',#4048,.T.);
#4048=EDGE_LOOP('',(#4049,#4050,#4051));
#4049=ORIENTED_EDGE('',*,*,#4052,.T.);
#4050=ORIENTED_EDGE('',*,*,#4053,.T.);
#4051=ORIENTED_EDGE('',*,*,#4054,.T.);
#4052=EDGE_CURVE('',#373,#371,#4055,.F.);
#4053=EDGE_CURVE('',#371,#375,#4056,.T.);
#4054=EDGE_CURVE('',#375,#373,#4057,.T.);
#4055=LINE('',#372,#4058);
#4056=LINE('',#370,#4059);
#4057=LINE('',#374,#4060);
#4058=VECTOR('',#4061,1.0);
#4059=VECTOR('',#4062,1.0);
#4060=VECTOR('',#4063,1.0);
#4061=DIRECTION('',(0,-0.9999999999999909,-1.3435887054242695E-07));
#4062=DIRECTION('',(0.20309995804549524,1.3155847723310741E-07,-0.9791580092313501));
#4063=DIRECTION('',(-0.01112117465418214,0.9984996946684852,0.05361603511313513));
#4064=FACE_SURFACE('',(#4069),#4065,.T.);
#4065=PLANE('',#4066);
#4066=AXIS2_PLACEMENT_3D('',#372,#4067,#4068);
#4067=DIRECTION('',(0.979158009231359,-2.7288280969827687E-08,0.2030999580454935));
#4068=DIRECTION('',(0.01112117465418214,-0.9984996946684852,-0.05361603511313513));
#4069=FACE_BOUND('',#4070,.T.);
#4070=EDGE_LOOP('',(#4071,#4072,#4073));
#4071=ORIENTED_EDGE('',*,*,#4074,.T.);
#4072=ORIENTED_EDGE('',*,*,#4075,.T.);
#4073=ORIENTED_EDGE('',*,*,#4076,.T.);
#4074=EDGE_CURVE('',#373,#375,#4077,.F.);
#4075=EDGE_CURVE('',#375,#377,#4078,.T.);
#4076=EDGE_CURVE('',#377,#373,#4079,.T.);
#4077=LINE('',#372,#4080);
#4078=LINE('',#374,#4081);
#4079=LINE('',#376,#4082);
#4080=VECTOR('',#4083,1.0);
#4081=VECTOR('',#4084,1.0);
#4082=VECTOR('',#4085,1.0);
#4083=DIRECTION('',(0.01112117465418214,-0.9984996946684852,-0.05361603511313513));
#4084=DIRECTION('',(0,0.9999999999999909,1.3435887054242695E-07));
#4085=DIRECTION('',(-0.20309995804549524,-1.3155847723310741E-07,0.9791580092313501));
#4086=FACE_SURFACE('',(#4091),#4087,.T.);
#4087=PLANE('',#4088);
#4088=AXIS2_PLACEMENT_3D('',#376,#4089,#4090);
#4089=DIRECTION('',(0.9976596106646597,-9.186945586856294E-09,0.06837617456716576));
#4090=DIRECTION('',(0,-0.9999999999999909,-1.3435887054242695E-07));
#4091=FACE_BOUND('',#4092,.T.);
#4092=EDGE_LOOP('',(#4093,#4094,#4095));
#4093=ORIENTED_EDGE('',*,*,#4096,.T.);
#4094=ORIENTED_EDGE('',*,*,#4097,.T.);
#4095=ORIENTED_EDGE('',*,*,#4098,.T.);
#4096=EDGE_CURVE('',#377,#375,#4099,.F.);
#4097=EDGE_CURVE('',#375,#379,#4100,.T.);
#4098=EDGE_CURVE('',#379,#377,#4101,.T.);
#4099=LINE('',#376,#4102);
#4100=LINE('',#374,#4103);
#4101=LINE('',#378,#4104);
#4102=VECTOR('',#4105,1.0);
#4103=VECTOR('',#4106,1.0);
#4104=VECTOR('',#4107,1.0);
#4105=DIRECTION('',(0,-0.9999999999999909,-1.3435887054242695E-07));
#4106=DIRECTION('',(0.06837617456716638,1.3404446848721333E-07,-0.9976596106646508));
#4107=DIRECTION('',(-0.0038213322647190203,0.9984370985294972,0.05575623462646724));
#4108=FACE_SURFACE('',(#4113),#4109,.T.);
#4109=PLANE('',#4110);
#4110=AXIS2_PLACEMENT_3D('',#376,#4111,#4112);
#4111=DIRECTION('',(0.997659610664665,-9.186941217746632E-09,0.06837617456708787));
#4112=DIRECTION('',(0.0038213322647190203,-0.9984370985294972,-0.05575623462646724));
#4113=FACE_BOUND('',#4114,.T.);
#4114=EDGE_LOOP('',(#4115,#4116,#4117));
#4115=ORIENTED_EDGE('',*,*,#4118,.T.);
#4116=ORIENTED_EDGE('',*,*,#4119,.T.);
#4117=ORIENTED_EDGE('',*,*,#4120,.T.);
#4118=EDGE_CURVE('',#377,#379,#4121,.F.);
#4119=EDGE_CURVE('',#379,#381,#4122,.T.);
#4120=EDGE_CURVE('',#381,#377,#4123,.T.);
#4121=LINE('',#376,#4124);
#4122=LINE('',#378,#4125);
#4123=LINE('',#380,#4126);
#4124=VECTOR('',#4127,1.0);
#4125=VECTOR('',#4128,1.0);
#4126=VECTOR('',#4129,1.0);
#4127=DIRECTION('',(0.0038213322647190203,-0.9984370985294972,-0.05575623462646724));
#4128=DIRECTION('',(0,0.9999999999999909,1.34358806641493E-07));
#4129=DIRECTION('',(-0.06837617456708849,-1.3404446848706066E-07,0.9976596106646559));
#4130=FACE_SURFACE('',(#4135),#4131,.T.);
#4131=PLANE('',#4132);
#4132=AXIS2_PLACEMENT_3D('',#380,#4133,#4134);
#4133=DIRECTION('',(0.9976596204061988,9.186922120264019E-09,-0.06837603243066322));
#4134=DIRECTION('',(0,-0.9999999999999909,-1.34358806641493E-07));
#4135=FACE_BOUND('',#4136,.T.);
#4136=EDGE_LOOP('',(#4137,#4138,#4139));
#4137=ORIENTED_EDGE('',*,*,#4140,.T.);
#4138=ORIENTED_EDGE('',*,*,#4141,.T.);
#4139=ORIENTED_EDGE('',*,*,#4142,.T.);
#4140=EDGE_CURVE('',#381,#379,#4143,.F.);
#4141=EDGE_CURVE('',#379,#383,#4144,.T.);
#4142=EDGE_CURVE('',#383,#381,#4145,.T.);
#4143=LINE('',#380,#4146);
#4144=LINE('',#378,#4147);
#4145=LINE('',#382,#4148);
#4146=VECTOR('',#4149,1.0);
#4147=VECTOR('',#4150,1.0);
#4148=VECTOR('',#4151,1.0);
#4149=DIRECTION('',(0,-0.9999999999999909,-1.34358806641493E-07));
#4150=DIRECTION('',(-0.06837603243066384,1.3404447524520358E-07,-0.9976596204061898));
#4151=DIRECTION('',(0.0038213322399084514,0.9984370920469797,0.05575635071167382));
#4152=FACE_SURFACE('',(#4157),#4153,.T.);
#4153=PLANE('',#4154);
#4154=AXIS2_PLACEMENT_3D('',#380,#4155,#4156);
#4155=DIRECTION('',(0.9976596204061989,9.186922120466382E-09,-0.06837603243066324));
#4156=DIRECTION('',(-0.0038213322399084514,-0.9984370920469797,-0.05575635071167382));
#4157=FACE_BOUND('',#4158,.T.);
#4158=EDGE_LOOP('',(#4159,#4160,#4161));
#4159=ORIENTED_EDGE('',*,*,#4162,.T.);
#4160=ORIENTED_EDGE('',*,*,#4163,.T.);
#4161=ORIENTED_EDGE('',*,*,#4164,.T.);
#4162=EDGE_CURVE('',#381,#383,#4165,.F.);
#4163=EDGE_CURVE('',#383,#385,#4166,.T.);
#4164=EDGE_CURVE('',#385,#381,#4167,.T.);
#4165=LINE('',#380,#4168);
#4166=LINE('',#382,#4169);
#4167=LINE('',#384,#4170);
#4168=VECTOR('',#4171,1.0);
#4169=VECTOR('',#4172,1.0);
#4170=VECTOR('',#4173,1.0);
#4171=DIRECTION('',(-0.0038213322399084514,-0.9984370920469797,-0.05575635071167382));
#4172=DIRECTION('',(0,0.999999999999991,1.3435880664149516E-07));
#4173=DIRECTION('',(0.06837603243066384,-1.3404418984319655E-07,0.9976596204061898));
#4174=FACE_SURFACE('',(#4179),#4175,.T.);
#4175=PLANE('',#4176);
#4176=AXIS2_PLACEMENT_3D('',#384,#4177,#4178);
#4177=DIRECTION('',(0.979158009231359,2.728826799193048E-08,-0.20309995804549347));
#4178=DIRECTION('',(0,-0.999999999999991,-1.3435880664149516E-07));
#4179=FACE_BOUND('',#4180,.T.);
#4180=EDGE_LOOP('',(#4181,#4182,#4183));
#4181=ORIENTED_EDGE('',*,*,#4184,.T.);
#4182=ORIENTED_EDGE('',*,*,#4185,.T.);
#4183=ORIENTED_EDGE('',*,*,#4186,.T.);
#4184=EDGE_CURVE('',#385,#383,#4187,.F.);
#4185=EDGE_CURVE('',#383,#387,#4188,.T.);
#4186=EDGE_CURVE('',#387,#385,#4189,.T.);
#4187=LINE('',#384,#4190);
#4188=LINE('',#382,#4191);
#4189=LINE('',#386,#4192);
#4190=VECTOR('',#4193,1.0);
#4191=VECTOR('',#4194,1.0);
#4192=VECTOR('',#4195,1.0);
#4193=DIRECTION('',(0,-0.999999999999991,-1.3435880664149516E-07));
#4194=DIRECTION('',(-0.20309995804549524,1.3155847723310741E-07,-0.9791580092313501));
#4195=DIRECTION('',(0.011121174654182353,0.9984996946684885,0.05361603511307236));
#4196=FACE_SURFACE('',(#4201),#4197,.T.);
#4197=PLANE('',#4198);
#4198=AXIS2_PLACEMENT_3D('',#384,#4199,#4200);
#4199=DIRECTION('',(0.9791580092313109,2.7288280969858822E-08,-0.2030999580457252));
#4200=DIRECTION('',(-0.011121174654182353,-0.9984996946684885,-0.05361603511307236));
#4201=FACE_BOUND('',#4202,.T.);
#4202=EDGE_LOOP('',(#4203,#4204,#4205));
#4203=ORIENTED_EDGE('',*,*,#4206,.T.);
#4204=ORIENTED_EDGE('',*,*,#4207,.T.);
#4205=ORIENTED_EDGE('',*,*,#4208,.T.);
#4206=EDGE_CURVE('',#385,#387,#4209,.F.);
#4207=EDGE_CURVE('',#387,#389,#4210,.T.);
#4208=EDGE_CURVE('',#389,#385,#4211,.T.);
#4209=LINE('',#384,#4212);
#4210=LINE('',#386,#4213);
#4211=LINE('',#388,#4214);
#4212=VECTOR('',#4215,1.0);
#4213=VECTOR('',#4216,1.0);
#4214=VECTOR('',#4217,1.0);
#4215=DIRECTION('',(-0.011121174654182353,-0.9984996946684885,-0.05361603511307236));
#4216=DIRECTION('',(0,0.9999999999999909,1.3435887054242695E-07));
#4217=DIRECTION('',(0.203099958045727,-1.315587685425419E-07,0.9791580092313021));
#4218=FACE_SURFACE('',(#4223),#4219,.T.);
#4219=PLANE('',#4220);
#4220=AXIS2_PLACEMENT_3D('',#388,#4221,#4222);
#4221=DIRECTION('',(0.9434518887256816,4.4541238968501546E-08,-0.33150947748132636));
#4222=DIRECTION('',(0,-0.9999999999999909,-1.3435887054242695E-07));
#4223=FACE_BOUND('',#4224,.T.);
#4224=EDGE_LOOP('',(#4225,#4226,#4227));
#4225=ORIENTED_EDGE('',*,*,#4228,.T.);
#4226=ORIENTED_EDGE('',*,*,#4229,.T.);
#4227=ORIENTED_EDGE('',*,*,#4230,.T.);
#4228=EDGE_CURVE('',#389,#387,#4231,.F.);
#4229=EDGE_CURVE('',#387,#391,#4232,.T.);
#4230=EDGE_CURVE('',#391,#389,#4233,.T.);
#4231=LINE('',#388,#4234);
#4232=LINE('',#386,#4235);
#4233=LINE('',#390,#4236);
#4234=VECTOR('',#4237,1.0);
#4235=VECTOR('',#4238,1.0);
#4236=VECTOR('',#4239,1.0);
#4237=DIRECTION('',(0,-0.9999999999999909,-1.3435887054242695E-07));
#4238=DIRECTION('',(-0.33150947748132936,1.2676104175514014E-07,-0.9434518887256731));
#4239=DIRECTION('',(0.017905843543684883,0.9985402219961075,0.050958864027307614));
#4240=FACE_SURFACE('',(#4245),#4241,.T.);
#4241=PLANE('',#4242);
#4242=AXIS2_PLACEMENT_3D('',#388,#4243,#4244);
#4243=DIRECTION('',(0.9434518887258114,4.454121778535354E-08,-0.3315094774809568));
#4244=DIRECTION('',(-0.017905843543684883,-0.9985402219961075,-0.050958864027307614));
#4245=FACE_BOUND('',#4246,.T.);
#4246=EDGE_LOOP('',(#4247,#4248,#4249));
#4247=ORIENTED_EDGE('',*,*,#4250,.T.);
#4248=ORIENTED_EDGE('',*,*,#4251,.T.);
#4249=ORIENTED_EDGE('',*,*,#4252,.T.);
#4250=EDGE_CURVE('',#389,#391,#4253,.F.);
#4251=EDGE_CURVE('',#391,#393,#4254,.T.);
#4252=EDGE_CURVE('',#393,#389,#4255,.T.);
#4253=LINE('',#388,#4256);
#4254=LINE('',#390,#4257);
#4255=LINE('',#392,#4258);
#4256=VECTOR('',#4259,1.0);
#4257=VECTOR('',#4260,1.0);
#4258=VECTOR('',#4261,1.0);
#4259=DIRECTION('',(-0.017905843543684883,-0.9985402219961075,-0.050958864027307614));
#4260=DIRECTION('',(0,0.9999999999999909,1.34358806641493E-07));
#4261=DIRECTION('',(0.3315094774809598,-1.2676104175499884E-07,0.943451888725803));
#4262=FACE_SURFACE('',(#4267),#4263,.T.);
#4263=PLANE('',#4264);
#4264=AXIS2_PLACEMENT_3D('',#392,#4265,#4266);
#4265=DIRECTION('',(0.8923051160654663,6.065397331774312E-08,-0.4514328076728485));
#4266=DIRECTION('',(0,-0.9999999999999909,-1.34358806641493E-07));
#4267=FACE_BOUND('',#4268,.T.);
#4268=EDGE_LOOP('',(#4269,#4270,#4271));
#4269=ORIENTED_EDGE('',*,*,#4272,.T.);
#4270=ORIENTED_EDGE('',*,*,#4273,.T.);
#4271=ORIENTED_EDGE('',*,*,#4274,.T.);
#4272=EDGE_CURVE('',#393,#391,#4275,.F.);
#4273=EDGE_CURVE('',#391,#395,#4276,.T.);
#4274=EDGE_CURVE('',#395,#393,#4277,.T.);
#4275=LINE('',#392,#4278);
#4276=LINE('',#390,#4279);
#4277=LINE('',#394,#4280);
#4278=VECTOR('',#4281,1.0);
#4279=VECTOR('',#4282,1.0);
#4280=VECTOR('',#4283,1.0);
#4281=DIRECTION('',(0,-0.9999999999999909,-1.34358806641493E-07));
#4282=DIRECTION('',(-0.4514328076728526,1.198891533175231E-07,-0.8923051160654583));
#4283=DIRECTION('',(0.02417521335301363,0.9985650457685159,0.04778502305804681));
#4284=FACE_SURFACE('',(#4289),#4285,.T.);
#4285=PLANE('',#4286);
#4286=AXIS2_PLACEMENT_3D('',#392,#4287,#4288);
#4287=DIRECTION('',(0.8923051160652234,6.065400216571723E-08,-0.45143280767332855));
#4288=DIRECTION('',(-0.02417521335301363,-0.9985650457685159,-0.04778502305804681));
#4289=FACE_BOUND('',#4290,.T.);
#4290=EDGE_LOOP('',(#4291,#4292,#4293));
#4291=ORIENTED_EDGE('',*,*,#4294,.T.);
#4292=ORIENTED_EDGE('',*,*,#4295,.T.);
#4293=ORIENTED_EDGE('',*,*,#4296,.T.);
#4294=EDGE_CURVE('',#393,#395,#4297,.F.);
#4295=EDGE_CURVE('',#395,#397,#4298,.T.);
#4296=EDGE_CURVE('',#397,#393,#4299,.T.);
#4297=LINE('',#392,#4300);
#4298=LINE('',#394,#4301);
#4299=LINE('',#396,#4302);
#4300=VECTOR('',#4303,1.0);
#4301=VECTOR('',#4304,1.0);
#4302=VECTOR('',#4305,1.0);
#4303=DIRECTION('',(-0.02417521335301363,-0.9985650457685159,-0.04778502305804681));
#4304=DIRECTION('',(0,0.9999999999999909,1.3435887054242695E-07));
#4305=DIRECTION('',(0.4514328076733326,-1.1988915331765056E-07,0.8923051160652155));
#4306=FACE_SURFACE('',(#4311),#4307,.T.);
#4307=PLANE('',#4308);
#4308=AXIS2_PLACEMENT_3D('',#396,#4309,#4310);
#4309=DIRECTION('',(0.8274134810512422,7.545502914349156E-08,-0.5615932080916397));
#4310=DIRECTION('',(0,-0.9999999999999909,-1.3435887054242695E-07));
#4311=FACE_BOUND('',#4312,.T.);
#4312=EDGE_LOOP('',(#4313,#4314,#4315));
#4313=ORIENTED_EDGE('',*,*,#4316,.T.);
#4314=ORIENTED_EDGE('',*,*,#4317,.T.);
#4315=ORIENTED_EDGE('',*,*,#4318,.T.);
#4316=EDGE_CURVE('',#397,#395,#4319,.F.);
#4317=EDGE_CURVE('',#395,#399,#4320,.T.);
#4318=EDGE_CURVE('',#399,#397,#4321,.T.);
#4319=LINE('',#396,#4322);
#4320=LINE('',#394,#4323);
#4321=LINE('',#398,#4324);
#4322=VECTOR('',#4325,1.0);
#4323=VECTOR('',#4326,1.0);
#4324=VECTOR('',#4327,1.0);
#4325=DIRECTION('',(0,-0.9999999999999909,-1.3435887054242695E-07));
#4326=DIRECTION('',(-0.5615932080916449,1.1117036456995364E-07,-0.8274134810512349));
#4327=DIRECTION('',(0.02992862730904894,0.9985789465807356,0.044094951106723713));
#4328=FACE_SURFACE('',(#4333),#4329,.T.);
#4329=PLANE('',#4330);
#4330=AXIS2_PLACEMENT_3D('',#396,#4331,#4332);
#4331=DIRECTION('',(0.8274134810512422,7.545502914351807E-08,-0.5615932080916398));
#4332=DIRECTION('',(-0.02992862730904894,-0.9985789465807356,-0.044094951106723713));
#4333=FACE_BOUND('',#4334,.T.);
#4334=EDGE_LOOP('',(#4335,#4336,#4337));
#4335=ORIENTED_EDGE('',*,*,#4338,.T.);
#4336=ORIENTED_EDGE('',*,*,#4339,.T.);
#4337=ORIENTED_EDGE('',*,*,#4340,.T.);
#4338=EDGE_CURVE('',#397,#399,#4341,.F.);
#4339=EDGE_CURVE('',#399,#401,#4342,.T.);
#4340=EDGE_CURVE('',#401,#397,#4343,.T.);
#4341=LINE('',#396,#4344);
#4342=LINE('',#398,#4345);
#4343=LINE('',#400,#4346);
#4344=VECTOR('',#4347,1.0);
#4345=VECTOR('',#4348,1.0);
#4346=VECTOR('',#4349,1.0);
#4347=DIRECTION('',(-0.02992862730904894,-0.9985789465807356,-0.044094951106723713));
#4348=DIRECTION('',(0,0.999999999999991,1.3435887054242912E-07));
#4349=DIRECTION('',(0.5615932080916449,-1.1117006523001108E-07,0.8274134810512349));
#4350=FACE_SURFACE('',(#4355),#4351,.T.);
#4351=PLANE('',#4352);
#4352=AXIS2_PLACEMENT_3D('',#400,#4353,#4354);
#4353=DIRECTION('',(0.7501120001880357,8.88529734838091E-08,-0.661310809811768));
#4354=DIRECTION('',(0,-0.999999999999991,-1.3435887054242912E-07));
#4355=FACE_BOUND('',#4356,.T.);
#4356=EDGE_LOOP('',(#4357,#4358,#4359));
#4357=ORIENTED_EDGE('',*,*,#4360,.T.);
#4358=ORIENTED_EDGE('',*,*,#4361,.T.);
#4359=ORIENTED_EDGE('',*,*,#4362,.T.);
#4360=EDGE_CURVE('',#401,#399,#4363,.F.);
#4361=EDGE_CURVE('',#399,#403,#4364,.T.);
#4362=EDGE_CURVE('',#403,#401,#4365,.T.);
#4363=LINE('',#400,#4366);
#4364=LINE('',#398,#4367);
#4365=LINE('',#402,#4368);
#4366=VECTOR('',#4369,1.0);
#4367=VECTOR('',#4370,1.0);
#4368=VECTOR('',#4371,1.0);
#4369=DIRECTION('',(0,-0.999999999999991,-1.3435887054242912E-07));
#4370=DIRECTION('',(-0.661310809811774,1.0078403888354712E-07,-0.750112000188029));
#4371=DIRECTION('',(0.0351664528620023,0.998585102812018,0.03988875825362482));
#4372=FACE_SURFACE('',(#4377),#4373,.T.);
#4373=PLANE('',#4374);
#4374=AXIS2_PLACEMENT_3D('',#400,#4375,#4376);
#4375=DIRECTION('',(0.7501120001880357,8.885297348310634E-08,-0.6613108098117682));
#4376=DIRECTION('',(-0.0351664528620023,-0.998585102812018,-0.03988875825362482));
#4377=FACE_BOUND('',#4378,.T.);
#4378=EDGE_LOOP('',(#4379,#4380,#4381));
#4379=ORIENTED_EDGE('',*,*,#4382,.T.);
#4380=ORIENTED_EDGE('',*,*,#4383,.T.);
#4381=ORIENTED_EDGE('',*,*,#4384,.T.);
#4382=EDGE_CURVE('',#401,#403,#4385,.F.);
#4383=EDGE_CURVE('',#403,#405,#4386,.T.);
#4384=EDGE_CURVE('',#405,#401,#4387,.T.);
#4385=LINE('',#400,#4388);
#4386=LINE('',#402,#4389);
#4387=LINE('',#404,#4390);
#4388=VECTOR('',#4391,1.0);
#4389=VECTOR('',#4392,1.0);
#4390=VECTOR('',#4393,1.0);
#4391=DIRECTION('',(-0.0351664528620023,-0.998585102812018,-0.03988875825362482));
#4392=DIRECTION('',(0,0.9999999999999909,1.3435887054242695E-07));
#4393=DIRECTION('',(0.661310809811774,-1.0078433887532845E-07,0.750112000188029));
#4394=FACE_SURFACE('',(#4399),#4395,.T.);
#4395=PLANE('',#4396);
#4396=AXIS2_PLACEMENT_3D('',#404,#4397,#4398);
#4397=DIRECTION('',(0.6613120793852282,1.0078405074061756E-07,-0.7501108809097329));
#4398=DIRECTION('',(0,-0.9999999999999909,-1.3435887054242695E-07));
#4399=FACE_BOUND('',#4400,.T.);
#4400=EDGE_LOOP('',(#4401,#4402,#4403));
#4401=ORIENTED_EDGE('',*,*,#4404,.T.);
#4402=ORIENTED_EDGE('',*,*,#4405,.T.);
#4403=ORIENTED_EDGE('',*,*,#4406,.T.);
#4404=EDGE_CURVE('',#405,#403,#4407,.F.);
#4405=EDGE_CURVE('',#403,#407,#4408,.T.);
#4406=EDGE_CURVE('',#407,#405,#4409,.T.);
#4407=LINE('',#404,#4410);
#4408=LINE('',#402,#4411);
#4409=LINE('',#406,#4412);
#4410=VECTOR('',#4413,1.0);
#4411=VECTOR('',#4414,1.0);
#4412=VECTOR('',#4415,1.0);
#4413=DIRECTION('',(0,-0.9999999999999909,-1.3435887054242695E-07));
#4414=DIRECTION('',(-0.7501108809097397,8.885323760666287E-08,-0.6613120793852223));
#4415=DIRECTION('',(0.03988862192518132,0.9985850993743312,0.03516670511246535));
#4416=FACE_SURFACE('',(#4421),#4417,.T.);
#4417=PLANE('',#4418);
#4418=AXIS2_PLACEMENT_3D('',#404,#4419,#4420);
#4419=DIRECTION('',(0.6613120793859035,1.0078400280327438E-07,-0.7501108809091377));
#4420=DIRECTION('',(-0.03988862192518132,-0.9985850993743312,-0.03516670511246535));
#4421=FACE_BOUND('',#4422,.T.);
#4422=EDGE_LOOP('',(#4423,#4424,#4425));
#4423=ORIENTED_EDGE('',*,*,#4426,.T.);
#4424=ORIENTED_EDGE('',*,*,#4427,.T.);
#4425=ORIENTED_EDGE('',*,*,#4428,.T.);
#4426=EDGE_CURVE('',#405,#407,#4429,.F.);
#4427=EDGE_CURVE('',#407,#409,#4430,.T.);
#4428=EDGE_CURVE('',#409,#405,#4431,.T.);
#4429=LINE('',#404,#4432);
#4430=LINE('',#406,#4433);
#4431=LINE('',#408,#4434);
#4432=VECTOR('',#4435,1.0);
#4433=VECTOR('',#4436,1.0);
#4434=VECTOR('',#4437,1.0);
#4435=DIRECTION('',(-0.03988862192518132,-0.9985850993743312,-0.03516670511246535));
#4436=DIRECTION('',(0,0.9999999999999909,1.34358806641493E-07));
#4437=DIRECTION('',(0.7501108809091444,-8.885323760659236E-08,0.6613120793858974));
#4438=FACE_SURFACE('',(#4443),#4439,.T.);
#4439=PLANE('',#4440);
#4440=AXIS2_PLACEMENT_3D('',#408,#4441,#4442);
#4441=DIRECTION('',(0.5615947427226347,1.1117014796399214E-07,-0.827412439443767));
#4442=DIRECTION('',(0,-0.9999999999999909,-1.34358806641493E-07));
#4443=FACE_BOUND('',#4444,.T.);
#4444=EDGE_LOOP('',(#4445,#4446,#4447));
#4445=ORIENTED_EDGE('',*,*,#4448,.T.);
#4446=ORIENTED_EDGE('',*,*,#4449,.T.);
#4447=ORIENTED_EDGE('',*,*,#4450,.T.);
#4448=EDGE_CURVE('',#409,#407,#4451,.F.);
#4449=EDGE_CURVE('',#407,#411,#4452,.T.);
#4450=EDGE_CURVE('',#411,#409,#4453,.T.);
#4451=LINE('',#408,#4454);
#4452=LINE('',#406,#4455);
#4453=LINE('',#410,#4456);
#4454=VECTOR('',#4457,1.0);
#4455=VECTOR('',#4458,1.0);
#4456=VECTOR('',#4459,1.0);
#4457=DIRECTION('',(0,-0.9999999999999909,-1.34358806641493E-07));
#4458=DIRECTION('',(-0.8274124394437745,7.545512679176927E-08,-0.5615947427226295));
#4459=DIRECTION('',(0.04409481457979389,0.9985789450558447,0.029928879336353867));
#4460=FACE_SURFACE('',(#4465),#4461,.T.);
#4461=PLANE('',#4462);
#4462=AXIS2_PLACEMENT_3D('',#408,#4463,#4464);
#4463=DIRECTION('',(0.561594742721815,1.1117020083525918E-07,-0.8274124394443234));
#4464=DIRECTION('',(-0.04409481457979389,-0.9985789450558447,-0.029928879336353867));
#4465=FACE_BOUND('',#4466,.T.);
#4466=EDGE_LOOP('',(#4467,#4468,#4469));
#4467=ORIENTED_EDGE('',*,*,#4470,.T.);
#4468=ORIENTED_EDGE('',*,*,#4471,.T.);
#4469=ORIENTED_EDGE('',*,*,#4472,.T.);
#4470=EDGE_CURVE('',#409,#411,#4473,.F.);
#4471=EDGE_CURVE('',#411,#413,#4474,.T.);
#4472=EDGE_CURVE('',#413,#409,#4475,.T.);
#4473=LINE('',#408,#4476);
#4474=LINE('',#410,#4477);
#4475=LINE('',#412,#4478);
#4476=VECTOR('',#4479,1.0);
#4477=VECTOR('',#4480,1.0);
#4478=VECTOR('',#4481,1.0);
#4479=DIRECTION('',(-0.04409481457979389,-0.9985789450558447,-0.029928879336353867));
#4480=DIRECTION('',(0,0.9999999999999909,1.3435887054242695E-07));
#4481=DIRECTION('',(0.8274124394443308,-7.545512679182E-08,0.5615947427218099));
#4482=FACE_SURFACE('',(#4487),#4483,.T.);
#4483=PLANE('',#4484);
#4484=AXIS2_PLACEMENT_3D('',#412,#4485,#4486);
#4485=DIRECTION('',(0.45143284366344144,1.1988910512734252E-07,-0.8923050978571871));
#4486=DIRECTION('',(0,-0.9999999999999909,-1.3435887054242695E-07));
#4487=FACE_BOUND('',#4488,.T.);
#4488=EDGE_LOOP('',(#4489,#4490,#4491));
#4489=ORIENTED_EDGE('',*,*,#4492,.T.);
#4490=ORIENTED_EDGE('',*,*,#4493,.T.);
#4491=ORIENTED_EDGE('',*,*,#4494,.T.);
#4492=EDGE_CURVE('',#413,#411,#4495,.F.);
#4493=EDGE_CURVE('',#411,#415,#4496,.T.);
#4494=EDGE_CURVE('',#415,#413,#4497,.T.);
#4495=LINE('',#412,#4498);
#4496=LINE('',#410,#4499);
#4497=LINE('',#414,#4500);
#4498=VECTOR('',#4501,1.0);
#4499=VECTOR('',#4502,1.0);
#4500=VECTOR('',#4503,1.0);
#4501=DIRECTION('',(0,-0.9999999999999909,-1.3435887054242695E-07));
#4502=DIRECTION('',(-0.8923050978571951,6.065413684275171E-08,-0.45143284366343744));
#4503=DIRECTION('',(0.047784886503702904,0.9985650490256204,0.02417534873147626));
#4504=FACE_SURFACE('',(#4509),#4505,.T.);
#4505=PLANE('',#4506);
#4506=AXIS2_PLACEMENT_3D('',#412,#4507,#4508);
#4507=DIRECTION('',(0.45143284366344155,1.198891051266594E-07,-0.8923050978571873));
#4508=DIRECTION('',(-0.047784886503702904,-0.9985650490256204,-0.02417534873147626));
#4509=FACE_BOUND('',#4510,.T.);
#4510=EDGE_LOOP('',(#4511,#4512,#4513));
#4511=ORIENTED_EDGE('',*,*,#4514,.T.);
#4512=ORIENTED_EDGE('',*,*,#4515,.T.);
#4513=ORIENTED_EDGE('',*,*,#4516,.T.);
#4514=EDGE_CURVE('',#413,#415,#4517,.F.);
#4515=EDGE_CURVE('',#415,#417,#4518,.T.);
#4516=EDGE_CURVE('',#417,#413,#4519,.T.);
#4517=LINE('',#412,#4520);
#4518=LINE('',#414,#4521);
#4519=LINE('',#416,#4522);
#4520=VECTOR('',#4523,1.0);
#4521=VECTOR('',#4524,1.0);
#4522=VECTOR('',#4525,1.0);
#4523=DIRECTION('',(-0.047784886503702904,-0.9985650490256204,-0.02417534873147626));
#4524=DIRECTION('',(0,0.999999999999991,1.3435887054242912E-07));
#4525=DIRECTION('',(0.8923050978571951,-6.06538389592899E-08,0.45143284366343744));
#4526=FACE_SURFACE('',(#4531),#4527,.T.);
#4527=PLANE('',#4528);
#4528=AXIS2_PLACEMENT_3D('',#416,#4529,#4530);
#4529=DIRECTION('',(0.3315114262012356,1.267610381791256E-07,-0.9434512039835482));
#4530=DIRECTION('',(0,-0.999999999999991,-1.3435887054242912E-07));
#4531=FACE_BOUND('',#4532,.T.);
#4532=EDGE_LOOP('',(#4533,#4534,#4535));
#4533=ORIENTED_EDGE('',*,*,#4536,.T.);
#4534=ORIENTED_EDGE('',*,*,#4537,.T.);
#4535=ORIENTED_EDGE('',*,*,#4538,.T.);
#4536=EDGE_CURVE('',#417,#415,#4539,.F.);
#4537=EDGE_CURVE('',#415,#419,#4540,.T.);
#4538=EDGE_CURVE('',#419,#417,#4541,.T.);
#4539=LINE('',#416,#4542);
#4540=LINE('',#414,#4543);
#4541=LINE('',#418,#4544);
#4542=VECTOR('',#4545,1.0);
#4543=VECTOR('',#4546,1.0);
#4544=VECTOR('',#4547,1.0);
#4545=DIRECTION('',(0,-0.999999999999991,-1.3435887054242912E-07));
#4546=DIRECTION('',(-0.9434512039835566,4.454140871219068E-08,-0.3315114262012326));
#4547=DIRECTION('',(0.0509587272128761,0.9985402244685652,0.01790609502686095));
#4548=FACE_SURFACE('',(#4553),#4549,.T.);
#4549=PLANE('',#4550);
#4550=AXIS2_PLACEMENT_3D('',#416,#4551,#4552);
#4551=DIRECTION('',(0.33151142620123564,1.2676103818061012E-07,-0.9434512039835482));
#4552=DIRECTION('',(-0.0509587272128761,-0.9985402244685652,-0.01790609502686095));
#4553=FACE_BOUND('',#4554,.T.);
#4554=EDGE_LOOP('',(#4555,#4556,#4557));
#4555=ORIENTED_EDGE('',*,*,#4558,.T.);
#4556=ORIENTED_EDGE('',*,*,#4559,.T.);
#4557=ORIENTED_EDGE('',*,*,#4560,.T.);
#4558=EDGE_CURVE('',#417,#419,#4561,.F.);
#4559=EDGE_CURVE('',#419,#421,#4562,.T.);
#4560=EDGE_CURVE('',#421,#417,#4563,.T.);
#4561=LINE('',#416,#4564);
#4562=LINE('',#418,#4565);
#4563=LINE('',#420,#4566);
#4564=VECTOR('',#4567,1.0);
#4565=VECTOR('',#4568,1.0);
#4566=VECTOR('',#4569,1.0);
#4567=DIRECTION('',(-0.0509587272128761,-0.9985402244685652,-0.01790609502686095));
#4568=DIRECTION('',(0,0.9999999999999909,1.3435887054242695E-07));
#4569=DIRECTION('',(0.9434512039835566,-4.4541704046328825E-08,0.3315114262012326));
#4570=FACE_SURFACE('',(#4575),#4571,.T.);
#4571=PLANE('',#4572);
#4572=AXIS2_PLACEMENT_3D('',#420,#4573,#4574);
#4573=DIRECTION('',(0.20309997754337478,1.3155856365950774E-07,-0.97915800518704));
#4574=DIRECTION('',(0,-0.9999999999999909,-1.3435887054242695E-07));
#4575=FACE_BOUND('',#4576,.T.);
#4576=EDGE_LOOP('',(#4577,#4578,#4579));
#4577=ORIENTED_EDGE('',*,*,#4580,.T.);
#4578=ORIENTED_EDGE('',*,*,#4581,.T.);
#4579=ORIENTED_EDGE('',*,*,#4582,.T.);
#4580=EDGE_CURVE('',#421,#419,#4583,.F.);
#4581=EDGE_CURVE('',#419,#423,#4584,.T.);
#4582=EDGE_CURVE('',#423,#421,#4585,.T.);
#4583=LINE('',#420,#4586);
#4584=LINE('',#418,#4587);
#4585=LINE('',#422,#4588);
#4586=VECTOR('',#4589,1.0);
#4587=VECTOR('',#4590,1.0);
#4588=VECTOR('',#4591,1.0);
#4589=DIRECTION('',(0,-0.9999999999999909,-1.3435887054242695E-07));
#4590=DIRECTION('',(-0.9791580051870489,2.7288398468825385E-08,-0.20309997754337294));
#4591=DIRECTION('',(0.053615898278917114,0.9984997005155516,0.011121309369801062));
#4592=FACE_SURFACE('',(#4597),#4593,.T.);
#4593=PLANE('',#4594);
#4594=AXIS2_PLACEMENT_3D('',#420,#4595,#4596);
#4595=DIRECTION('',(0.20309997754337478,1.3155856365864405E-07,-0.97915800518704));
#4596=DIRECTION('',(-0.053615898278917114,-0.9984997005155516,-0.011121309369801062));
#4597=FACE_BOUND('',#4598,.T.);
#4598=EDGE_LOOP('',(#4599,#4600,#4601));
#4599=ORIENTED_EDGE('',*,*,#4602,.T.);
#4600=ORIENTED_EDGE('',*,*,#4603,.T.);
#4601=ORIENTED_EDGE('',*,*,#4604,.T.);
#4602=EDGE_CURVE('',#421,#423,#4605,.F.);
#4603=EDGE_CURVE('',#423,#425,#4606,.T.);
#4604=EDGE_CURVE('',#425,#421,#4607,.T.);
#4605=LINE('',#420,#4608);
#4606=LINE('',#422,#4609);
#4607=LINE('',#424,#4610);
#4608=VECTOR('',#4611,1.0);
#4609=VECTOR('',#4612,1.0);
#4610=VECTOR('',#4613,1.0);
#4611=DIRECTION('',(-0.053615898278917114,-0.9984997005155516,-0.011121309369801062));
#4612=DIRECTION('',(0,0.999999999999991,1.3435887054242912E-07));
#4613=DIRECTION('',(0.9791580051870489,-2.7288107159527615E-08,0.20309997754337294));
#4614=FACE_SURFACE('',(#4619),#4615,.T.);
#4615=PLANE('',#4616);
#4616=AXIS2_PLACEMENT_3D('',#424,#4617,#4618);
#4617=DIRECTION('',(0.06837811312219341,1.3404440062327077E-07,-0.997659477800833));
#4618=DIRECTION('',(0,-0.999999999999991,-1.3435887054242912E-07));
#4619=FACE_BOUND('',#4620,.T.);
#4620=EDGE_LOOP('',(#4621,#4622,#4623));
#4621=ORIENTED_EDGE('',*,*,#4624,.T.);
#4622=ORIENTED_EDGE('',*,*,#4625,.T.);
#4623=ORIENTED_EDGE('',*,*,#4626,.T.);
#4624=EDGE_CURVE('',#425,#423,#4627,.F.);
#4625=EDGE_CURVE('',#423,#427,#4628,.T.);
#4626=EDGE_CURVE('',#427,#425,#4629,.T.);
#4627=LINE('',#424,#4630);
#4628=LINE('',#422,#4631);
#4629=LINE('',#426,#4632);
#4630=VECTOR('',#4633,1.0);
#4631=VECTOR('',#4634,1.0);
#4632=VECTOR('',#4635,1.0);
#4633=DIRECTION('',(0,-0.999999999999991,-1.3435887054242912E-07));
#4634=DIRECTION('',(-0.997659477800842,9.187089753418739E-09,-0.06837811312219279));
#4635=DIRECTION('',(0.055756213755242874,0.998437098735245,0.0038215830262325104));
#4636=FACE_SURFACE('',(#4641),#4637,.T.);
#4637=PLANE('',#4638);
#4638=AXIS2_PLACEMENT_3D('',#424,#4639,#4640);
#4639=DIRECTION('',(0.06837811312219343,1.3404440062337244E-07,-0.997659477800833));
#4640=DIRECTION('',(-0.055756213755242874,-0.998437098735245,-0.0038215830262325104));
#4641=FACE_BOUND('',#4642,.T.);
#4642=EDGE_LOOP('',(#4643,#4644,#4645));
#4643=ORIENTED_EDGE('',*,*,#4646,.T.);
#4644=ORIENTED_EDGE('',*,*,#4647,.T.);
#4645=ORIENTED_EDGE('',*,*,#4648,.T.);
#4646=EDGE_CURVE('',#425,#427,#4649,.F.);
#4647=EDGE_CURVE('',#427,#429,#4650,.T.);
#4648=EDGE_CURVE('',#429,#425,#4651,.T.);
#4649=LINE('',#424,#4652);
#4650=LINE('',#426,#4653);
#4651=LINE('',#428,#4654);
#4652=VECTOR('',#4655,1.0);
#4653=VECTOR('',#4656,1.0);
#4654=VECTOR('',#4657,1.0);
#4655=DIRECTION('',(-0.055756213755242874,-0.998437098735245,-0.0038215830262325104));
#4656=DIRECTION('',(0,0.9999999999999909,1.3435887054242695E-07));
#4657=DIRECTION('',(0.997659477800842,-9.187375155399274E-09,0.06837811312219279));
#4658=FACE_SURFACE('',(#4663),#4659,.T.);
#4659=PLANE('',#4660);
#4660=AXIS2_PLACEMENT_3D('',#428,#4661,#4662);
#4661=DIRECTION('',(-0.0683761813820541,1.3404441841194623E-07,-0.9976596101975816));
#4662=DIRECTION('',(0,-0.9999999999999909,-1.3435887054242695E-07));
#4663=FACE_BOUND('',#4664,.T.);
#4664=EDGE_LOOP('',(#4665,#4666,#4667));
#4665=ORIENTED_EDGE('',*,*,#4668,.T.);
#4666=ORIENTED_EDGE('',*,*,#4669,.T.);
#4667=ORIENTED_EDGE('',*,*,#4670,.T.);
#4668=EDGE_CURVE('',#429,#427,#4671,.F.);
#4669=EDGE_CURVE('',#427,#431,#4672,.T.);
#4670=EDGE_CURVE('',#431,#429,#4673,.T.);
#4671=LINE('',#428,#4674);
#4672=LINE('',#426,#4675);
#4673=LINE('',#430,#4676);
#4674=VECTOR('',#4677,1.0);
#4675=VECTOR('',#4678,1.0);
#4676=VECTOR('',#4679,1.0);
#4677=DIRECTION('',(0,-0.9999999999999909,-1.3435887054242695E-07));
#4678=DIRECTION('',(-0.9976596101975908,-9.186824757340106E-09,0.0683761813820535));
#4679=DIRECTION('',(0.055756097694830316,0.9984371066889177,-0.003821198307768479));
#4680=FACE_SURFACE('',(#4685),#4681,.T.);
#4681=PLANE('',#4682);
#4682=AXIS2_PLACEMENT_3D('',#428,#4683,#4684);
#4683=DIRECTION('',(-0.0683761813820541,1.3404441841222257E-07,-0.9976596101975816));
#4684=DIRECTION('',(-0.055756097694830316,-0.9984371066889177,0.003821198307768479));
#4685=FACE_BOUND('',#4686,.T.);
#4686=EDGE_LOOP('',(#4687,#4688,#4689));
#4687=ORIENTED_EDGE('',*,*,#4690,.T.);
#4688=ORIENTED_EDGE('',*,*,#4691,.T.);
#4689=ORIENTED_EDGE('',*,*,#4692,.T.);
#4690=EDGE_CURVE('',#429,#431,#4693,.F.);
#4691=EDGE_CURVE('',#431,#433,#4694,.T.);
#4692=EDGE_CURVE('',#433,#429,#4695,.T.);
#4693=LINE('',#428,#4696);
#4694=LINE('',#430,#4697);
#4695=LINE('',#432,#4698);
#4696=VECTOR('',#4699,1.0);
#4697=VECTOR('',#4700,1.0);
#4698=VECTOR('',#4701,1.0);
#4699=DIRECTION('',(-0.055756097694830316,-0.9984371066889177,0.003821198307768479));
#4700=DIRECTION('',(0,0.999999999999991,1.3435887054242912E-07));
#4701=DIRECTION('',(0.9976596101975908,9.18711015995458E-09,-0.0683761813820535));
#4702=FACE_SURFACE('',(#4707),#4703,.T.);
#4703=PLANE('',#4704);
#4704=AXIS2_PLACEMENT_3D('',#434,#4705,#4706);
#4705=DIRECTION('',(-3.3390817905552684E-13,0.999999999999991,1.343563920587991E-07));
#4706=DIRECTION('',(-0.9976596101975908,-9.18711015995458E-09,0.0683761813820535));
#4707=FACE_BOUND('',#4708,.T.);
#4708=EDGE_LOOP('',(#4709,#4710,#4711));
#4709=ORIENTED_EDGE('',*,*,#4712,.T.);
#4710=ORIENTED_EDGE('',*,*,#4713,.T.);
#4711=ORIENTED_EDGE('',*,*,#4714,.T.);
#4712=EDGE_CURVE('',#435,#437,#4715,.F.);
#4713=EDGE_CURVE('',#437,#439,#4716,.T.);
#4714=EDGE_CURVE('',#439,#435,#4717,.T.);
#4715=LINE('',#434,#4718);
#4716=LINE('',#436,#4719);
#4717=LINE('',#438,#4720);
#4718=VECTOR('',#4721,1.0);
#4719=VECTOR('',#4722,1.0);
#4720=VECTOR('',#4723,1.0);
#4721=DIRECTION('',(-0.9976596101975908,-9.18711015995458E-09,0.0683761813820535));
#4722=DIRECTION('',(-0.979158092914189,-2.728805033433936E-08,0.20309955460475024));
#4723=DIRECTION('',(0.9907963122554486,1.818697982069457E-08,-0.1353612485942823));
#4724=FACE_SURFACE('',(#4729),#4725,.T.);
#4725=PLANE('',#4726);
#4726=AXIS2_PLACEMENT_3D('',#438,#4727,#4728);
#4727=DIRECTION('',(-1.1334851667664937E-12,0.9999999999999909,1.3435625784887725E-07));
#4728=DIRECTION('',(-0.9434512039839262,-4.454170404634627E-08,0.3315114262001811));
#4729=FACE_BOUND('',#4730,.T.);
#4730=EDGE_LOOP('',(#4731,#4732,#4733));
#4731=ORIENTED_EDGE('',*,*,#4734,.T.);
#4732=ORIENTED_EDGE('',*,*,#4735,.T.);
#4733=ORIENTED_EDGE('',*,*,#4736,.T.);
#4734=EDGE_CURVE('',#439,#441,#4737,.F.);
#4735=EDGE_CURVE('',#441,#443,#4738,.T.);
#4736=EDGE_CURVE('',#443,#439,#4739,.T.);
#4737=LINE('',#438,#4740);
#4738=LINE('',#440,#4741);
#4739=LINE('',#442,#4742);
#4740=VECTOR('',#4743,1.0);
#4741=VECTOR('',#4744,1.0);
#4742=VECTOR('',#4745,1.0);
#4743=DIRECTION('',(-0.9434512039839262,-4.454170404634627E-08,0.3315114262001811));
#4744=DIRECTION('',(-0.8923050978571951,-6.06538389592899E-08,0.45143284366343744));
#4745=DIRECTION('',(0.9199446399555682,5.267518349424642E-08,-0.39204828709869033));
#4746=FACE_SURFACE('',(#4751),#4747,.T.);
#4747=PLANE('',#4748);
#4748=AXIS2_PLACEMENT_3D('',#442,#4749,#4750);
#4749=DIRECTION('',(9.872564019021286E-13,0.999999999999991,1.3436013181708866E-07));
#4750=DIRECTION('',(-0.8274124394437745,-7.545512679176927E-08,0.5615947427226295));
#4751=FACE_BOUND('',#4752,.T.);
#4752=EDGE_LOOP('',(#4753,#4754,#4755));
#4753=ORIENTED_EDGE('',*,*,#4756,.T.);
#4754=ORIENTED_EDGE('',*,*,#4757,.T.);
#4755=ORIENTED_EDGE('',*,*,#4758,.T.);
#4756=EDGE_CURVE('',#443,#445,#4759,.F.);
#4757=EDGE_CURVE('',#445,#447,#4760,.T.);
#4758=EDGE_CURVE('',#447,#443,#4761,.T.);
#4759=LINE('',#442,#4762);
#4760=LINE('',#444,#4763);
#4761=LINE('',#446,#4764);
#4762=VECTOR('',#4765,1.0);
#4763=VECTOR('',#4766,1.0);
#4764=VECTOR('',#4767,1.0);
#4765=DIRECTION('',(-0.8274124394437745,-7.545512679176927E-08,0.5615947427226295));
#4766=DIRECTION('',(-0.7501108809097397,-8.885323760666287E-08,0.6613120793852223));
#4767=DIRECTION('',(0.7903780198662144,8.231084922293111E-08,-0.6126194460775427));
#4768=FACE_SURFACE('',(#4773),#4769,.T.);
#4769=PLANE('',#4770);
#4770=AXIS2_PLACEMENT_3D('',#446,#4771,#4772);
#4771=DIRECTION('',(-2.546649258934744E-12,0.999999999999991,1.3435680900692623E-07));
#4772=DIRECTION('',(-0.66131204212716,-1.0078419290350387E-07,0.7501109137571557));
#4773=FACE_BOUND('',#4774,.T.);
#4774=EDGE_LOOP('',(#4775,#4776,#4777));
#4775=ORIENTED_EDGE('',*,*,#4778,.T.);
#4776=ORIENTED_EDGE('',*,*,#4779,.T.);
#4777=ORIENTED_EDGE('',*,*,#4780,.T.);
#4778=EDGE_CURVE('',#447,#449,#4781,.F.);
#4779=EDGE_CURVE('',#449,#451,#4782,.T.);
#4780=EDGE_CURVE('',#451,#447,#4783,.T.);
#4781=LINE('',#446,#4784);
#4782=LINE('',#448,#4785);
#4783=LINE('',#450,#4786);
#4784=VECTOR('',#4787,1.0);
#4785=VECTOR('',#4788,1.0);
#4786=VECTOR('',#4789,1.0);
#4787=DIRECTION('',(-0.66131204212716,-1.0078419290350387E-07,0.7501109137571557));
#4788=DIRECTION('',(-0.5615947042243828,-1.1116992879180347E-07,0.8274124655739213));
#4789=DIRECTION('',(0.6126194077572447,1.0619423277585629E-07,-0.7903780495681492));
#4790=FACE_SURFACE('',(#4795),#4791,.T.);
#4791=PLANE('',#4792);
#4792=AXIS2_PLACEMENT_3D('',#450,#4793,#4794);
#4793=DIRECTION('',(-9.382292976701856E-13,0.9999999999999909,1.3435844714291833E-07));
#4794=DIRECTION('',(-0.4514310761234149,-1.1988927101866747E-07,0.8923059920845771));
#4795=FACE_BOUND('',#4796,.T.);
#4796=EDGE_LOOP('',(#4797,#4798,#4799));
#4797=ORIENTED_EDGE('',*,*,#4800,.T.);
#4798=ORIENTED_EDGE('',*,*,#4801,.T.);
#4799=ORIENTED_EDGE('',*,*,#4802,.T.);
#4800=EDGE_CURVE('',#451,#453,#4803,.F.);
#4801=EDGE_CURVE('',#453,#455,#4804,.T.);
#4802=EDGE_CURVE('',#455,#451,#4805,.T.);
#4803=LINE('',#450,#4806);
#4804=LINE('',#452,#4807);
#4805=LINE('',#454,#4808);
#4806=VECTOR('',#4809,1.0);
#4807=VECTOR('',#4810,1.0);
#4808=VECTOR('',#4811,1.0);
#4809=DIRECTION('',(-0.4514310761234149,-1.1988927101866747E-07,0.8923059920845771));
#4810=DIRECTION('',(-0.33150947748132936,-1.2676104175514014E-07,0.9434518887256731));
#4811=DIRECTION('',(0.39204641739851054,1.2360280816795143E-07,-0.9199454367542552));
#4812=FACE_SURFACE('',(#4817),#4813,.T.);
#4813=PLANE('',#4814);
#4814=AXIS2_PLACEMENT_3D('',#454,#4815,#4816);
#4815=DIRECTION('',(-3.203022435670434E-12,0.999999999999991,1.3435842053222572E-07));
#4816=DIRECTION('',(-0.2030995351069888,-1.3155878589104704E-07,0.9791580969584573));
#4817=FACE_BOUND('',#4818,.T.);
#4818=EDGE_LOOP('',(#4819,#4820,#4821));
#4819=ORIENTED_EDGE('',*,*,#4822,.T.);
#4820=ORIENTED_EDGE('',*,*,#4823,.T.);
#4821=ORIENTED_EDGE('',*,*,#4824,.T.);
#4822=EDGE_CURVE('',#455,#457,#4825,.F.);
#4823=EDGE_CURVE('',#457,#459,#4826,.T.);
#4824=EDGE_CURVE('',#459,#455,#4827,.T.);
#4825=LINE('',#454,#4828);
#4826=LINE('',#456,#4829);
#4827=LINE('',#458,#4830);
#4828=VECTOR('',#4831,1.0);
#4829=VECTOR('',#4832,1.0);
#4830=VECTOR('',#4833,1.0);
#4831=DIRECTION('',(-0.2030995351069888,-1.3155878589104704E-07,0.9791580969584573));
#4832=DIRECTION('',(-0.06837810630745157,-1.3404417074568992E-07,0.9976594782679052));
#4833=DIRECTION('',(0.13536212939896944,1.3312224498374772E-07,-0.9907961919206991));
#4834=FACE_SURFACE('',(#4839),#4835,.T.);
#4835=PLANE('',#4836);
#4836=AXIS2_PLACEMENT_3D('',#458,#4837,#4838);
#4837=DIRECTION('',(-1.0791125880493436E-12,0.999999999999991,1.3435900555443458E-07));
#4838=DIRECTION('',(0.06837589029475087,-1.3404448200316304E-07,0.9976596301476682));
#4839=FACE_BOUND('',#4840,.T.);
#4840=EDGE_LOOP('',(#4841,#4842,#4843));
#4841=ORIENTED_EDGE('',*,*,#4844,.T.);
#4842=ORIENTED_EDGE('',*,*,#4845,.T.);
#4843=ORIENTED_EDGE('',*,*,#4846,.T.);
#4844=EDGE_CURVE('',#459,#461,#4847,.F.);
#4845=EDGE_CURVE('',#461,#463,#4848,.T.);
#4846=EDGE_CURVE('',#463,#459,#4849,.T.);
#4847=LINE('',#458,#4850);
#4848=LINE('',#460,#4851);
#4849=LINE('',#462,#4852);
#4850=VECTOR('',#4853,1.0);
#4851=VECTOR('',#4854,1.0);
#4852=VECTOR('',#4855,1.0);
#4853=DIRECTION('',(0.06837589029475087,-1.3404448200316304E-07,0.9976596301476682));
#4854=DIRECTION('',(0.203099958045727,-1.3155847723325752E-07,0.9791580092313021));
#4855=DIRECTION('',(-0.13536109380741523,1.3312226399304054E-07,-0.9907963334021994));
#4856=FACE_SURFACE('',(#4861),#4857,.T.);
#4857=PLANE('',#4858);
#4858=AXIS2_PLACEMENT_3D('',#462,#4859,#4860);
#4859=DIRECTION('',(-3.209017323427226E-12,0.9999999999999909,1.343602114615641E-07));
#4860=DIRECTION('',(0.331510151841096,-1.267612996136701E-07,0.9434516517693302));
#4861=FACE_BOUND('',#4862,.T.);
#4862=EDGE_LOOP('',(#4863,#4864,#4865));
#4863=ORIENTED_EDGE('',*,*,#4866,.T.);
#4864=ORIENTED_EDGE('',*,*,#4867,.T.);
#4865=ORIENTED_EDGE('',*,*,#4868,.T.);
#4866=EDGE_CURVE('',#463,#465,#4869,.F.);
#4867=EDGE_CURVE('',#465,#467,#4870,.T.);
#4868=EDGE_CURVE('',#467,#463,#4871,.T.);
#4869=LINE('',#462,#4872);
#4870=LINE('',#464,#4873);
#4871=LINE('',#466,#4874);
#4872=VECTOR('',#4875,1.0);
#4873=VECTOR('',#4876,1.0);
#4874=VECTOR('',#4877,1.0);
#4875=DIRECTION('',(0.331510151841096,-1.267612996136701E-07,0.9434516517693302));
#4876=DIRECTION('',(0.4514310761229349,-1.1988897313479458E-07,0.8923059920848199));
#4877=DIRECTION('',(-0.3920468087184001,1.2360278292368353E-07,-0.9199452699882221));
#4878=FACE_SURFACE('',(#4883),#4879,.T.);
#4879=PLANE('',#4880);
#4880=AXIS2_PLACEMENT_3D('',#466,#4881,#4882);
#4881=DIRECTION('',(7.634625076706704E-13,0.999999999999991,1.343583810982668E-07));
#4882=DIRECTION('',(0.5615947042249392,-1.111702281314888E-07,0.8274124655735438));
#4883=FACE_BOUND('',#4884,.T.);
#4884=EDGE_LOOP('',(#4885,#4886,#4887));
#4885=ORIENTED_EDGE('',*,*,#4888,.T.);
#4886=ORIENTED_EDGE('',*,*,#4889,.T.);
#4887=ORIENTED_EDGE('',*,*,#4890,.T.);
#4888=EDGE_CURVE('',#467,#469,#4891,.F.);
#4889=EDGE_CURVE('',#469,#471,#4892,.T.);
#4890=EDGE_CURVE('',#471,#467,#4893,.T.);
#4891=LINE('',#466,#4894);
#4892=LINE('',#468,#4895);
#4893=LINE('',#470,#4896);
#4894=VECTOR('',#4897,1.0);
#4895=VECTOR('',#4898,1.0);
#4896=VECTOR('',#4899,1.0);
#4897=DIRECTION('',(0.5615947042249392,-1.111702281314888E-07,0.8274124655735438));
#4898=DIRECTION('',(0.66131204212716,-1.0078419290350387E-07,0.7501109137571557));
#4899=DIRECTION('',(-0.6126194077575354,1.0619438290750202E-07,-0.7903780495679237));
#4900=FACE_SURFACE('',(#4905),#4901,.T.);
#4901=PLANE('',#4902);
#4902=AXIS2_PLACEMENT_3D('',#470,#4903,#4904);
#4903=DIRECTION('',(1.9183065015529966E-12,0.999999999999991,1.3435637380450482E-07));
#4904=DIRECTION('',(0.7501119673404845,-8.885276631458938E-08,0.6613108470701051));
#4905=FACE_BOUND('',#4906,.T.);
#4906=EDGE_LOOP('',(#4907,#4908,#4909));
#4907=ORIENTED_EDGE('',*,*,#4910,.T.);
#4908=ORIENTED_EDGE('',*,*,#4911,.T.);
#4909=ORIENTED_EDGE('',*,*,#4912,.T.);
#4910=EDGE_CURVE('',#471,#473,#4913,.F.);
#4911=EDGE_CURVE('',#473,#475,#4914,.T.);
#4912=EDGE_CURVE('',#475,#471,#4915,.T.);
#4913=LINE('',#470,#4916);
#4914=LINE('',#472,#4917);
#4915=LINE('',#474,#4918);
#4916=VECTOR('',#4919,1.0);
#4917=VECTOR('',#4920,1.0);
#4918=VECTOR('',#4921,1.0);
#4919=DIRECTION('',(0.7501119673404845,-8.885276631458938E-08,0.6613108470701051));
#4920=DIRECTION('',(0.8274134549219392,-7.545521939737926E-08,0.5615932465887873));
#4921=DIRECTION('',(-0.7903790812907475,8.231065949726912E-08,-0.6126180766660312));
#4922=FACE_SURFACE('',(#4927),#4923,.T.);
#4923=PLANE('',#4924);
#4924=AXIS2_PLACEMENT_3D('',#474,#4925,#4926);
#4925=DIRECTION('',(1.1138978757533777E-12,0.9999999999999909,1.343562965652442E-07));
#4926=DIRECTION('',(0.8923050978571951,-6.06538389592899E-08,0.45143284366343744));
#4927=FACE_BOUND('',#4928,.T.);
#4928=EDGE_LOOP('',(#4929,#4930,#4931));
#4929=ORIENTED_EDGE('',*,*,#4932,.T.);
#4930=ORIENTED_EDGE('',*,*,#4933,.T.);
#4931=ORIENTED_EDGE('',*,*,#4934,.T.);
#4932=EDGE_CURVE('',#475,#477,#4935,.F.);
#4933=EDGE_CURVE('',#477,#479,#4936,.T.);
#4934=EDGE_CURVE('',#479,#475,#4937,.T.);
#4935=LINE('',#474,#4938);
#4936=LINE('',#476,#4939);
#4937=LINE('',#478,#4940);
#4938=VECTOR('',#4941,1.0);
#4939=VECTOR('',#4942,1.0);
#4940=VECTOR('',#4943,1.0);
#4941=DIRECTION('',(0.8923050978571951,-6.06538389592899E-08,0.45143284366343744));
#4942=DIRECTION('',(0.9434518783435852,-4.454144054949771E-08,0.3315095070280169));
#4943=DIRECTION('',(-0.9199450312760189,5.2675057283082396E-08,-0.39204736886065444));
#4944=FACE_SURFACE('',(#4949),#4945,.T.);
#4945=PLANE('',#4946);
#4946=AXIS2_PLACEMENT_3D('',#478,#4947,#4948);
#4947=DIRECTION('',(3.339070586578794E-13,0.999999999999991,1.3435639206497148E-07));
#4948=DIRECTION('',(0.9791580929144207,-2.7288050334345823E-08,0.20309955460363308));
#4949=FACE_BOUND('',#4950,.T.);
#4950=EDGE_LOOP('',(#4951,#4952,#4953));
#4951=ORIENTED_EDGE('',*,*,#4954,.T.);
#4952=ORIENTED_EDGE('',*,*,#4955,.T.);
#4953=ORIENTED_EDGE('',*,*,#4956,.T.);
#4954=EDGE_CURVE('',#479,#481,#4957,.F.);
#4955=EDGE_CURVE('',#481,#483,#4958,.T.);
#4956=EDGE_CURVE('',#483,#479,#4959,.T.);
#4957=LINE('',#478,#4960);
#4958=LINE('',#480,#4961);
#4959=LINE('',#482,#4962);
#4960=VECTOR('',#4963,1.0);
#4961=VECTOR('',#4964,1.0);
#4962=VECTOR('',#4965,1.0);
#4963=DIRECTION('',(0.9791580929144207,-2.7288050334345823E-08,0.20309955460363308));
#4964=DIRECTION('',(0.9976596199391282,-9.187091062319442E-09,0.06837603924558823));
#4965=DIRECTION('',(-0.9907963315844783,1.8186960811453844E-08,-0.13536110711256866));
#4966=FACE_SURFACE('',(#4971),#4967,.T.);
#4967=PLANE('',#4968);
#4968=AXIS2_PLACEMENT_3D('',#482,#4969,#4970);
#4969=DIRECTION('',(-3.502368151243746E-13,0.999999999999991,1.3435631334089488E-07));
#4970=DIRECTION('',(0.997659345400941,9.1876401496323E-09,-0.06838004485349414));
#4971=FACE_BOUND('',#4972,.T.);
#4972=EDGE_LOOP('',(#4973,#4974,#4975));
#4973=ORIENTED_EDGE('',*,*,#4976,.T.);
#4974=ORIENTED_EDGE('',*,*,#4977,.T.);
#4975=ORIENTED_EDGE('',*,*,#4978,.T.);
#4976=EDGE_CURVE('',#483,#485,#4979,.F.);
#4977=EDGE_CURVE('',#485,#487,#4980,.T.);
#4978=EDGE_CURVE('',#487,#483,#4981,.T.);
#4979=LINE('',#482,#4982);
#4980=LINE('',#484,#4983);
#4981=LINE('',#486,#4984);
#4982=VECTOR('',#4985,1.0);
#4983=VECTOR('',#4986,1.0);
#4984=VECTOR('',#4987,1.0);
#4985=DIRECTION('',(0.997659345400941,9.1876401496323E-09,-0.06838004485349414));
#4986=DIRECTION('',(0.9791580051870489,2.7288107159527615E-08,-0.20309997754337294));
#4987=DIRECTION('',(-0.9907960486203559,-1.818724461115699E-08,0.13536317829560943));
#4988=FACE_SURFACE('',(#4993),#4989,.T.);
#4989=PLANE('',#4990);
#4990=AXIS2_PLACEMENT_3D('',#486,#4991,#4992);
#4991=DIRECTION('',(-1.1138978757533777E-12,0.9999999999999909,1.3435629656524428E-07));
#4992=DIRECTION('',(0.9434518783435852,4.454144054949771E-08,-0.3315095070280169));
#4993=FACE_BOUND('',#4994,.T.);
#4994=EDGE_LOOP('',(#4995,#4996,#4997));
#4995=ORIENTED_EDGE('',*,*,#4998,.T.);
#4996=ORIENTED_EDGE('',*,*,#4999,.T.);
#4997=ORIENTED_EDGE('',*,*,#5000,.T.);
#4998=EDGE_CURVE('',#487,#489,#5001,.F.);
#4999=EDGE_CURVE('',#489,#491,#5002,.T.);
#5000=EDGE_CURVE('',#491,#487,#5003,.T.);
#5001=LINE('',#486,#5004);
#5002=LINE('',#488,#5005);
#5003=LINE('',#490,#5006);
#5004=VECTOR('',#5007,1.0);
#5005=VECTOR('',#5008,1.0);
#5006=VECTOR('',#5009,1.0);
#5007=DIRECTION('',(0.9434518783435852,4.454144054949771E-08,-0.3315095070280169));
#5008=DIRECTION('',(0.8923050978571951,6.06538389592899E-08,-0.45143284366343744));
#5009=DIRECTION('',(-0.9199450312760189,-5.2675057283082396E-08,0.39204736886065444));
#5010=FACE_SURFACE('',(#5015),#5011,.T.);
#5011=PLANE('',#5012);
#5012=AXIS2_PLACEMENT_3D('',#490,#5013,#5014);
#5013=DIRECTION('',(-1.9183285186946275E-12,0.999999999999991,1.3435637377953135E-07));
#5014=DIRECTION('',(0.8274127656813562,7.545535583633271E-08,-0.5615942620678416));
#5015=FACE_BOUND('',#5016,.T.);
#5016=EDGE_LOOP('',(#5017,#5018,#5019));
#5017=ORIENTED_EDGE('',*,*,#5020,.T.);
#5018=ORIENTED_EDGE('',*,*,#5021,.T.);
#5019=ORIENTED_EDGE('',*,*,#5022,.T.);
#5020=EDGE_CURVE('',#491,#493,#5023,.F.);
#5021=EDGE_CURVE('',#493,#495,#5024,.T.);
#5022=EDGE_CURVE('',#495,#491,#5025,.T.);
#5023=LINE('',#490,#5026);
#5024=LINE('',#492,#5027);
#5025=LINE('',#494,#5028);
#5026=VECTOR('',#5029,1.0);
#5027=VECTOR('',#5030,1.0);
#5028=VECTOR('',#5031,1.0);
#5029=DIRECTION('',(0.8274127656813562,7.545535583633271E-08,-0.5615942620678416));
#5030=DIRECTION('',(0.7501119673404845,8.885276631458938E-08,-0.6613108470701051));
#5031=DIRECTION('',(-0.7903786699382878,-8.231073080320777E-08,0.6126186073786662));
#5032=FACE_SURFACE('',(#5037),#5033,.T.);
#5033=PLANE('',#5034);
#5034=AXIS2_PLACEMENT_3D('',#494,#5035,#5036);
#5035=DIRECTION('',(-7.634635556161141E-13,0.999999999999991,1.3435838109957184E-07));
#5036=DIRECTION('',(0.661310809811774,1.0078433887532845E-07,-0.750112000188029));
#5037=FACE_BOUND('',#5038,.T.);
#5038=EDGE_LOOP('',(#5039,#5040,#5041));
#5039=ORIENTED_EDGE('',*,*,#5042,.T.);
#5040=ORIENTED_EDGE('',*,*,#5043,.T.);
#5041=ORIENTED_EDGE('',*,*,#5044,.T.);
#5042=EDGE_CURVE('',#495,#497,#5045,.F.);
#5043=EDGE_CURVE('',#497,#499,#5046,.T.);
#5044=EDGE_CURVE('',#499,#495,#5047,.T.);
#5045=LINE('',#494,#5048);
#5046=LINE('',#496,#5049);
#5047=LINE('',#498,#5050);
#5048=VECTOR('',#5051,1.0);
#5049=VECTOR('',#5052,1.0);
#5050=VECTOR('',#5053,1.0);
#5051=DIRECTION('',(0.661310809811774,1.0078433887532845E-07,-0.750112000188029));
#5052=DIRECTION('',(0.5615932080916449,1.1117036456995364E-07,-0.8274134810512349));
#5053=DIRECTION('',(-0.6126180383461256,-1.0619452551938717E-07,0.7903791109922716));
#5054=FACE_SURFACE('',(#5059),#5055,.T.);
#5055=PLANE('',#5056);
#5056=AXIS2_PLACEMENT_3D('',#498,#5057,#5058);
#5057=DIRECTION('',(3.2089655529411114E-12,0.9999999999999909,1.3436021144337293E-07));
#5058=DIRECTION('',(0.4514328076733326,1.1988885543419758E-07,-0.8923051160652155));
#5059=FACE_BOUND('',#5060,.T.);
#5060=EDGE_LOOP('',(#5061,#5062,#5063));
#5061=ORIENTED_EDGE('',*,*,#5064,.T.);
#5062=ORIENTED_EDGE('',*,*,#5065,.T.);
#5063=ORIENTED_EDGE('',*,*,#5066,.T.);
#5064=EDGE_CURVE('',#499,#501,#5067,.F.);
#5065=EDGE_CURVE('',#501,#503,#5068,.T.);
#5066=EDGE_CURVE('',#503,#499,#5069,.T.);
#5067=LINE('',#498,#5070);
#5068=LINE('',#500,#5071);
#5069=LINE('',#502,#5072);
#5070=VECTOR('',#5073,1.0);
#5071=VECTOR('',#5074,1.0);
#5072=VECTOR('',#5075,1.0);
#5073=DIRECTION('',(0.4514328076733326,1.1988885543419758E-07,-0.8923051160652155));
#5074=DIRECTION('',(0.331510151841096,1.267612996136701E-07,-0.9434516517693302));
#5075=DIRECTION('',(-0.3920477269590311,-1.2360273034634023E-07,0.9199448786673262));
#5076=FACE_SURFACE('',(#5081),#5077,.T.);
#5077=PLANE('',#5078);
#5078=AXIS2_PLACEMENT_3D('',#502,#5079,#5080);
#5079=DIRECTION('',(1.0004621514738925E-12,0.999999999999991,1.343589892403599E-07));
#5080=DIRECTION('',(0.20309995804549524,1.3155847723310741E-07,-0.9791580092313501));
#5081=FACE_BOUND('',#5082,.T.);
#5082=EDGE_LOOP('',(#5083,#5084,#5085));
#5083=ORIENTED_EDGE('',*,*,#5086,.T.);
#5084=ORIENTED_EDGE('',*,*,#5087,.T.);
#5085=ORIENTED_EDGE('',*,*,#5088,.T.);
#5086=EDGE_CURVE('',#503,#505,#5089,.F.);
#5087=EDGE_CURVE('',#505,#507,#5090,.T.);
#5088=EDGE_CURVE('',#507,#503,#5091,.T.);
#5089=LINE('',#502,#5092);
#5090=LINE('',#504,#5093);
#5091=LINE('',#506,#5094);
#5092=VECTOR('',#5095,1.0);
#5093=VECTOR('',#5096,1.0);
#5094=VECTOR('',#5097,1.0);
#5095=DIRECTION('',(0.20309995804549524,1.3155847723310741E-07,-0.9791580092313501));
#5096=DIRECTION('',(0.06837617456708849,1.3404446848706066E-07,-0.9976596106646559));
#5097=DIRECTION('',(-0.13536137676992108,-1.3312225328099806E-07,0.9907962947442494));
#5098=FACE_SURFACE('',(#5103),#5099,.T.);
#5099=PLANE('',#5100);
#5100=AXIS2_PLACEMENT_3D('',#506,#5101,#5102);
#5101=DIRECTION('',(3.162067603271468E-12,0.999999999999991,1.3435842334581337E-07));
#5102=DIRECTION('',(-0.06837603243066384,1.3404418984319655E-07,-0.9976596204061898));
#5103=FACE_BOUND('',#5104,.T.);
#5104=EDGE_LOOP('',(#5105,#5106,#5107));
#5105=ORIENTED_EDGE('',*,*,#5108,.T.);
#5106=ORIENTED_EDGE('',*,*,#5109,.T.);
#5107=ORIENTED_EDGE('',*,*,#5110,.T.);
#5108=EDGE_CURVE('',#507,#509,#5111,.F.);
#5109=EDGE_CURVE('',#509,#511,#5112,.T.);
#5110=EDGE_CURVE('',#511,#507,#5113,.T.);
#5111=LINE('',#506,#5114);
#5112=LINE('',#508,#5115);
#5113=LINE('',#510,#5116);
#5114=VECTOR('',#5117,1.0);
#5115=VECTOR('',#5118,1.0);
#5116=VECTOR('',#5119,1.0);
#5117=DIRECTION('',(-0.06837603243066384,1.3404418984319655E-07,-0.9976596204061898));
#5118=DIRECTION('',(-0.203099958045727,1.315587685425419E-07,-0.9791580092313021));
#5119=DIRECTION('',(0.13536123528859917,-1.3312225863710248E-07,0.9907963140732441));
#5120=FACE_SURFACE('',(#5125),#5121,.T.);
#5121=PLANE('',#5122);
#5122=AXIS2_PLACEMENT_3D('',#510,#5123,#5124);
#5123=DIRECTION('',(9.382155894219153E-13,0.9999999999999909,1.3435844714756672E-07));
#5124=DIRECTION('',(-0.3315094774809598,1.2676104175499884E-07,-0.943451888725803));
#5125=FACE_BOUND('',#5126,.T.);
#5126=EDGE_LOOP('',(#5127,#5128,#5129));
#5127=ORIENTED_EDGE('',*,*,#5130,.T.);
#5128=ORIENTED_EDGE('',*,*,#5131,.T.);
#5129=ORIENTED_EDGE('',*,*,#5132,.T.);
#5130=EDGE_CURVE('',#511,#513,#5133,.F.);
#5131=EDGE_CURVE('',#513,#515,#5134,.T.);
#5132=EDGE_CURVE('',#515,#511,#5135,.T.);
#5133=LINE('',#510,#5136);
#5134=LINE('',#512,#5137);
#5135=LINE('',#514,#5138);
#5136=VECTOR('',#5139,1.0);
#5137=VECTOR('',#5140,1.0);
#5138=VECTOR('',#5141,1.0);
#5139=DIRECTION('',(-0.3315094774809598,1.2676104175499884E-07,-0.943451888725803));
#5140=DIRECTION('',(-0.4514328076733326,1.1988915331765056E-07,-0.8923051160652155));
#5141=DIRECTION('',(0.3920473356381292,-1.2360275559056718E-07,0.9199450454342525));
#5142=FACE_SURFACE('',(#5147),#5143,.T.);
#5143=PLANE('',#5144);
#5144=AXIS2_PLACEMENT_3D('',#514,#5145,#5146);
#5145=DIRECTION('',(2.546651796856526E-12,0.999999999999991,1.3435680901212407E-07));
#5146=DIRECTION('',(-0.5615932080916449,1.1117006523001108E-07,-0.8274134810512349));
#5147=FACE_BOUND('',#5148,.T.);
#5148=EDGE_LOOP('',(#5149,#5150,#5151));
#5149=ORIENTED_EDGE('',*,*,#5152,.T.);
#5150=ORIENTED_EDGE('',*,*,#5153,.T.);
#5151=ORIENTED_EDGE('',*,*,#5154,.T.);
#5152=EDGE_CURVE('',#515,#517,#5155,.F.);
#5153=EDGE_CURVE('',#517,#519,#5156,.T.);
#5154=EDGE_CURVE('',#519,#515,#5157,.T.);
#5155=LINE('',#514,#5158);
#5156=LINE('',#516,#5159);
#5157=LINE('',#518,#5160);
#5158=VECTOR('',#5161,1.0);
#5159=VECTOR('',#5162,1.0);
#5160=VECTOR('',#5163,1.0);
#5161=DIRECTION('',(-0.5615932080916449,1.1117006523001108E-07,-0.8274134810512349));
#5162=DIRECTION('',(-0.661310809811774,1.0078433887532845E-07,-0.750112000188029));
#5163=DIRECTION('',(0.6126180383461256,-1.0619437538759022E-07,0.7903791109922716));
#5164=FACE_SURFACE('',(#5169),#5165,.T.);
#5165=PLANE('',#5166);
#5166=AXIS2_PLACEMENT_3D('',#518,#5167,#5168);
#5167=DIRECTION('',(-9.87254838027291E-13,0.999999999999991,1.343601318150705E-07));
#5168=DIRECTION('',(-0.7501108809091444,8.885323760659236E-08,-0.6613120793858974));
#5169=FACE_BOUND('',#5170,.T.);
#5170=EDGE_LOOP('',(#5171,#5172,#5173));
#5171=ORIENTED_EDGE('',*,*,#5174,.T.);
#5172=ORIENTED_EDGE('',*,*,#5175,.T.);
#5173=ORIENTED_EDGE('',*,*,#5176,.T.);
#5174=EDGE_CURVE('',#519,#521,#5177,.F.);
#5175=EDGE_CURVE('',#521,#523,#5178,.T.);
#5176=EDGE_CURVE('',#523,#519,#5179,.T.);
#5177=LINE('',#518,#5180);
#5178=LINE('',#520,#5181);
#5179=LINE('',#522,#5182);
#5180=VECTOR('',#5183,1.0);
#5181=VECTOR('',#5184,1.0);
#5182=VECTOR('',#5185,1.0);
#5183=DIRECTION('',(-0.7501108809091444,8.885323760659236E-08,-0.6613120793858974));
#5184=DIRECTION('',(-0.8274124394443308,7.545512679182E-08,-0.5615947427218099));
#5185=DIRECTION('',(0.7903780198662144,-8.231084922293111E-08,0.6126194460775427));
#5186=FACE_SURFACE('',(#5191),#5187,.T.);
#5187=PLANE('',#5188);
#5188=AXIS2_PLACEMENT_3D('',#522,#5189,#5190);
#5189=DIRECTION('',(1.133484616006561E-12,0.9999999999999909,1.3435625784996587E-07));
#5190=DIRECTION('',(-0.8923050978571951,6.06538389592899E-08,-0.45143284366343744));
#5191=FACE_BOUND('',#5192,.T.);
#5192=EDGE_LOOP('',(#5193,#5194,#5195));
#5193=ORIENTED_EDGE('',*,*,#5196,.T.);
#5194=ORIENTED_EDGE('',*,*,#5197,.T.);
#5195=ORIENTED_EDGE('',*,*,#5198,.T.);
#5196=EDGE_CURVE('',#523,#525,#5199,.F.);
#5197=EDGE_CURVE('',#525,#527,#5200,.T.);
#5198=EDGE_CURVE('',#527,#523,#5201,.T.);
#5199=LINE('',#522,#5202);
#5200=LINE('',#524,#5203);
#5201=LINE('',#526,#5204);
#5202=VECTOR('',#5205,1.0);
#5203=VECTOR('',#5206,1.0);
#5204=VECTOR('',#5207,1.0);
#5205=DIRECTION('',(-0.8923050978571951,6.06538389592899E-08,-0.45143284366343744));
#5206=DIRECTION('',(-0.9434512039835566,4.4541704046328825E-08,-0.3315114262012326));
#5207=DIRECTION('',(0.9199446399553538,-5.267518349423414E-08,0.3920482870991934));
#5208=FACE_SURFACE('',(#5213),#5209,.T.);
#5209=PLANE('',#5210);
#5210=AXIS2_PLACEMENT_3D('',#526,#5211,#5212);
#5211=DIRECTION('',(3.4207222083246015E-13,0.999999999999991,1.3435635270292704E-07));
#5212=DIRECTION('',(-0.9791580051870489,2.7288107159527615E-08,-0.20309997754337294));
#5213=FACE_BOUND('',#5214,.T.);
#5214=EDGE_LOOP('',(#5215,#5216,#5217));
#5215=ORIENTED_EDGE('',*,*,#5218,.T.);
#5216=ORIENTED_EDGE('',*,*,#5219,.T.);
#5217=ORIENTED_EDGE('',*,*,#5220,.T.);
#5218=EDGE_CURVE('',#527,#529,#5221,.F.);
#5219=EDGE_CURVE('',#529,#435,#5222,.T.);
#5220=EDGE_CURVE('',#435,#527,#5223,.T.);
#5221=LINE('',#526,#5224);
#5222=LINE('',#528,#5225);
#5223=LINE('',#434,#5226);
#5224=VECTOR('',#5227,1.0);
#5225=VECTOR('',#5228,1.0);
#5226=VECTOR('',#5229,1.0);
#5227=DIRECTION('',(-0.9791580051870489,2.7288107159527615E-08,-0.20309997754337294));
#5228=DIRECTION('',(-0.997659477800842,9.187375155399274E-09,-0.06837811312219279));
#5229=DIRECTION('',(0.9907961707736543,-1.818712172071994E-08,0.13536228418678284));
#5230=FACE_SURFACE('',(#5235),#5231,.T.);
#5231=PLANE('',#5232);
#5232=AXIS2_PLACEMENT_3D('',#434,#5233,#5234);
#5233=DIRECTION('',(1.637462838268394E-14,0.9999999999999909,1.3435895600466587E-07));
#5234=DIRECTION('',(-0.9907963122554486,-1.818697982069457E-08,0.1353612485942823));
#5235=FACE_BOUND('',#5236,.T.);
#5236=EDGE_LOOP('',(#5237,#5238,#5239));
#5237=ORIENTED_EDGE('',*,*,#5240,.T.);
#5238=ORIENTED_EDGE('',*,*,#5241,.T.);
#5239=ORIENTED_EDGE('',*,*,#5242,.T.);
#5240=EDGE_CURVE('',#435,#439,#5243,.F.);
#5241=EDGE_CURVE('',#439,#443,#5244,.T.);
#5242=EDGE_CURVE('',#443,#435,#5245,.T.);
#5243=LINE('',#434,#5246);
#5244=LINE('',#438,#5247);
#5245=LINE('',#442,#5248);
#5246=VECTOR('',#5249,1.0);
#5247=VECTOR('',#5250,1.0);
#5248=VECTOR('',#5251,1.0);
#5249=DIRECTION('',(-0.9907963122554486,-1.818697982069457E-08,0.1353612485942823));
#5250=DIRECTION('',(-0.9199446399555682,-5.267518349424642E-08,0.39204828709869033));
#5251=DIRECTION('',(0.9644534771486516,3.5504701344542675E-08,-0.2642527018137642));
#5252=FACE_SURFACE('',(#5257),#5253,.T.);
#5253=PLANE('',#5254);
#5254=AXIS2_PLACEMENT_3D('',#442,#5255,#5256);
#5255=DIRECTION('',(-1.4598272520685623E-13,0.9999999999999911,1.343586697556031E-07));
#5256=DIRECTION('',(-0.7903780198662144,-8.231084922293111E-08,0.6126194460775427));
#5257=FACE_BOUND('',#5258,.T.);
#5258=EDGE_LOOP('',(#5259,#5260,#5261));
#5259=ORIENTED_EDGE('',*,*,#5262,.T.);
#5260=ORIENTED_EDGE('',*,*,#5263,.T.);
#5261=ORIENTED_EDGE('',*,*,#5264,.T.);
#5262=EDGE_CURVE('',#443,#447,#5265,.F.);
#5263=EDGE_CURVE('',#447,#451,#5266,.T.);
#5264=EDGE_CURVE('',#451,#443,#5267,.T.);
#5265=LINE('',#442,#5268);
#5266=LINE('',#446,#5269);
#5267=LINE('',#450,#5270);
#5268=VECTOR('',#5271,1.0);
#5269=VECTOR('',#5272,1.0);
#5270=VECTOR('',#5273,1.0);
#5271=DIRECTION('',(-0.7903780198662144,-8.231084922293111E-08,0.6126194460775427));
#5272=DIRECTION('',(-0.6126194077572447,-1.0619423277585629E-07,0.7903780495681492));
#5273=DIRECTION('',(0.7071067634857168,9.500603209902321E-08,-0.7071067988873714));
#5274=FACE_SURFACE('',(#5279),#5275,.T.);
#5275=PLANE('',#5276);
#5276=AXIS2_PLACEMENT_3D('',#450,#5277,#5278);
#5277=DIRECTION('',(3.849676135053191E-14,0.9999999999999909,1.3435886338711814E-07));
#5278=DIRECTION('',(-0.39204641739851054,-1.2360280816795143E-07,0.9199454367542552));
#5279=FACE_BOUND('',#5280,.T.);
#5280=EDGE_LOOP('',(#5281,#5282,#5283));
#5281=ORIENTED_EDGE('',*,*,#5284,.T.);
#5282=ORIENTED_EDGE('',*,*,#5285,.T.);
#5283=ORIENTED_EDGE('',*,*,#5286,.T.);
#5284=EDGE_CURVE('',#451,#455,#5287,.F.);
#5285=EDGE_CURVE('',#455,#459,#5288,.T.);
#5286=EDGE_CURVE('',#459,#451,#5289,.T.);
#5287=LINE('',#450,#5290);
#5288=LINE('',#454,#5291);
#5289=LINE('',#458,#5292);
#5290=VECTOR('',#5293,1.0);
#5291=VECTOR('',#5294,1.0);
#5292=VECTOR('',#5295,1.0);
#5293=DIRECTION('',(-0.39204641739851054,-1.2360280816795143E-07,0.9199454367542552));
#5294=DIRECTION('',(-0.13536212939896944,-1.3312224498374772E-07,0.9907961919206991));
#5295=DIRECTION('',(0.26425203766509486,1.2958288725605485E-07,-0.9644536591199332));
#5296=FACE_SURFACE('',(#5301),#5297,.T.);
#5297=PLANE('',#5298);
#5298=AXIS2_PLACEMENT_3D('',#458,#5299,#5300);
#5299=DIRECTION('',(-4.915025376297737E-14,0.9999999999999909,1.3435886484254116E-07));
#5300=DIRECTION('',(0.13536109380741523,-1.3312226399304054E-07,0.9907963334021994));
#5301=FACE_BOUND('',#5302,.T.);
#5302=EDGE_LOOP('',(#5303,#5304,#5305));
#5303=ORIENTED_EDGE('',*,*,#5306,.T.);
#5304=ORIENTED_EDGE('',*,*,#5307,.T.);
#5305=ORIENTED_EDGE('',*,*,#5308,.T.);
#5306=EDGE_CURVE('',#459,#463,#5309,.F.);
#5307=EDGE_CURVE('',#463,#467,#5310,.T.);
#5308=EDGE_CURVE('',#467,#459,#5311,.T.);
#5309=LINE('',#458,#5312);
#5310=LINE('',#462,#5313);
#5311=LINE('',#466,#5314);
#5312=VECTOR('',#5315,1.0);
#5313=VECTOR('',#5316,1.0);
#5314=VECTOR('',#5317,1.0);
#5315=DIRECTION('',(0.13536109380741523,-1.3312226399304054E-07,0.9907963334021994));
#5316=DIRECTION('',(0.3920468087184001,-1.2360278292368353E-07,0.9199452699882221));
#5317=DIRECTION('',(-0.26425167321251086,1.295828992612015E-07,-0.9644537589767441));
#5318=FACE_SURFACE('',(#5323),#5319,.T.);
#5319=PLANE('',#5320);
#5320=AXIS2_PLACEMENT_3D('',#466,#5321,#5322);
#5321=DIRECTION('',(-2.4097136895312324E-13,0.9999999999999911,1.3435915963163677E-07));
#5322=DIRECTION('',(0.6126194077575354,-1.0619438290750202E-07,0.7903780495679237));
#5323=FACE_BOUND('',#5324,.T.);
#5324=EDGE_LOOP('',(#5325,#5326,#5327));
#5325=ORIENTED_EDGE('',*,*,#5328,.T.);
#5326=ORIENTED_EDGE('',*,*,#5329,.T.);
#5327=ORIENTED_EDGE('',*,*,#5330,.T.);
#5328=EDGE_CURVE('',#467,#471,#5331,.F.);
#5329=EDGE_CURVE('',#471,#475,#5332,.T.);
#5330=EDGE_CURVE('',#475,#467,#5333,.T.);
#5331=LINE('',#466,#5334);
#5332=LINE('',#470,#5335);
#5333=LINE('',#474,#5336);
#5334=VECTOR('',#5337,1.0);
#5335=VECTOR('',#5338,1.0);
#5336=VECTOR('',#5339,1.0);
#5337=DIRECTION('',(0.6126194077575354,-1.0619438290750202E-07,0.7903780495679237));
#5338=DIRECTION('',(0.7903790812907475,-8.231065949726912E-08,0.6126180766660312));
#5339=DIRECTION('',(-0.7071073158960557,9.50060306542638E-08,-0.7071062464766286));
#5340=FACE_SURFACE('',(#5345),#5341,.T.);
#5341=PLANE('',#5342);
#5342=AXIS2_PLACEMENT_3D('',#474,#5343,#5344);
#5343=DIRECTION('',(-1.4919060607913556E-14,0.9999999999999909,1.343589453511163E-07));
#5344=DIRECTION('',(0.9199450312760189,-5.2675057283082396E-08,0.39204736886065444));
#5345=FACE_BOUND('',#5346,.T.);
#5346=EDGE_LOOP('',(#5347,#5348,#5349));
#5347=ORIENTED_EDGE('',*,*,#5350,.T.);
#5348=ORIENTED_EDGE('',*,*,#5351,.T.);
#5349=ORIENTED_EDGE('',*,*,#5352,.T.);
#5350=EDGE_CURVE('',#475,#479,#5353,.F.);
#5351=EDGE_CURVE('',#479,#483,#5354,.T.);
#5352=EDGE_CURVE('',#483,#475,#5355,.T.);
#5353=LINE('',#474,#5356);
#5354=LINE('',#478,#5357);
#5355=LINE('',#482,#5358);
#5356=VECTOR('',#5359,1.0);
#5357=VECTOR('',#5360,1.0);
#5358=VECTOR('',#5361,1.0);
#5359=DIRECTION('',(0.9199450312760189,-5.2675057283082396E-08,0.39204736886065444));
#5360=DIRECTION('',(0.9907963315844783,-1.8186960811453844E-08,0.13536110711256866));
#5361=DIRECTION('',(-0.964453652376472,3.5504614005661835E-08,-0.26425206227706544));
#5362=FACE_SURFACE('',(#5367),#5363,.T.);
#5363=PLANE('',#5364);
#5364=AXIS2_PLACEMENT_3D('',#482,#5365,#5366);
#5365=DIRECTION('',(6.722354746247635E-15,0.9999999999999911,1.3435892611742308E-07));
#5366=DIRECTION('',(0.9907960486203559,1.818724461115699E-08,-0.13536317829560943));
#5367=FACE_BOUND('',#5368,.T.);
#5368=EDGE_LOOP('',(#5369,#5370,#5371));
#5369=ORIENTED_EDGE('',*,*,#5372,.T.);
#5370=ORIENTED_EDGE('',*,*,#5373,.T.);
#5371=ORIENTED_EDGE('',*,*,#5374,.T.);
#5372=EDGE_CURVE('',#483,#487,#5375,.F.);
#5373=EDGE_CURVE('',#487,#491,#5376,.T.);
#5374=EDGE_CURVE('',#491,#483,#5377,.T.);
#5375=LINE('',#482,#5378);
#5376=LINE('',#486,#5379);
#5377=LINE('',#490,#5380);
#5378=VECTOR('',#5381,1.0);
#5379=VECTOR('',#5382,1.0);
#5380=VECTOR('',#5383,1.0);
#5381=DIRECTION('',(0.9907960486203559,1.818724461115699E-08,-0.13536317829560943));
#5382=DIRECTION('',(0.9199450312760189,5.2675057283082396E-08,-0.39204736886065444));
#5383=DIRECTION('',(-0.9644533772916325,-3.550475172328261E-08,0.2642530662655835));
#5384=FACE_SURFACE('',(#5389),#5385,.T.);
#5385=PLANE('',#5386);
#5386=AXIS2_PLACEMENT_3D('',#490,#5387,#5388);
#5387=DIRECTION('',(2.40970908427291E-13,0.9999999999999911,1.343591596306115E-07));
#5388=DIRECTION('',(0.7903786699382878,8.231073080320777E-08,-0.6126186073786662));
#5389=FACE_BOUND('',#5390,.T.);
#5390=EDGE_LOOP('',(#5391,#5392,#5393));
#5391=ORIENTED_EDGE('',*,*,#5394,.T.);
#5392=ORIENTED_EDGE('',*,*,#5395,.T.);
#5393=ORIENTED_EDGE('',*,*,#5396,.T.);
#5394=EDGE_CURVE('',#491,#495,#5397,.F.);
#5395=EDGE_CURVE('',#495,#499,#5398,.T.);
#5396=EDGE_CURVE('',#499,#491,#5399,.T.);
#5397=LINE('',#490,#5400);
#5398=LINE('',#494,#5401);
#5399=LINE('',#498,#5402);
#5400=VECTOR('',#5403,1.0);
#5401=VECTOR('',#5404,1.0);
#5402=VECTOR('',#5405,1.0);
#5403=DIRECTION('',(0.7903786699382878,8.231073080320777E-08,-0.6126186073786662));
#5404=DIRECTION('',(0.6126180383461256,1.0619452551938717E-07,-0.7903791109922716));
#5405=DIRECTION('',(-0.7071064872803607,-9.500614198621046E-08,0.7071070750926056));
#5406=FACE_SURFACE('',(#5411),#5407,.T.);
#5407=PLANE('',#5408);
#5408=AXIS2_PLACEMENT_3D('',#498,#5409,#5410);
#5409=DIRECTION('',(2.991531133654157E-14,0.9999999999999911,1.343588566454389E-07));
#5410=DIRECTION('',(0.3920477269590311,1.2360273034634023E-07,-0.9199448786673262));
#5411=FACE_BOUND('',#5412,.T.);
#5412=EDGE_LOOP('',(#5413,#5414,#5415));
#5413=ORIENTED_EDGE('',*,*,#5416,.T.);
#5414=ORIENTED_EDGE('',*,*,#5417,.T.);
#5415=ORIENTED_EDGE('',*,*,#5418,.T.);
#5416=EDGE_CURVE('',#499,#503,#5419,.F.);
#5417=EDGE_CURVE('',#503,#507,#5420,.T.);
#5418=EDGE_CURVE('',#507,#499,#5421,.T.);
#5419=LINE('',#498,#5422);
#5420=LINE('',#502,#5423);
#5421=LINE('',#506,#5424);
#5422=VECTOR('',#5425,1.0);
#5423=VECTOR('',#5426,1.0);
#5424=VECTOR('',#5427,1.0);
#5425=DIRECTION('',(0.3920477269590311,1.2360273034634023E-07,-0.9199448786673262));
#5426=DIRECTION('',(0.13536137676992108,1.3312225328099806E-07,-0.9907962947442494));
#5427=DIRECTION('',(-0.2642524502921418,-1.2958286783154632E-07,0.9644535460635635));
#5428=FACE_SURFACE('',(#5433),#5429,.T.);
#5429=PLANE('',#5430);
#5430=AXIS2_PLACEMENT_3D('',#506,#5431,#5432);
#5431=DIRECTION('',(-2.8879805307075634E-14,0.9999999999999909,1.3435885928867757E-07));
#5432=DIRECTION('',(-0.13536123528859917,1.3312225863710248E-07,-0.9907963140732441));
#5433=FACE_BOUND('',#5434,.T.);
#5434=EDGE_LOOP('',(#5435,#5436,#5437));
#5435=ORIENTED_EDGE('',*,*,#5438,.T.);
#5436=ORIENTED_EDGE('',*,*,#5439,.T.);
#5437=ORIENTED_EDGE('',*,*,#5440,.T.);
#5438=EDGE_CURVE('',#507,#511,#5441,.F.);
#5439=EDGE_CURVE('',#511,#515,#5442,.T.);
#5440=EDGE_CURVE('',#515,#507,#5443,.T.);
#5441=LINE('',#506,#5444);
#5442=LINE('',#510,#5445);
#5443=LINE('',#514,#5446);
#5444=VECTOR('',#5447,1.0);
#5445=VECTOR('',#5448,1.0);
#5446=VECTOR('',#5449,1.0);
#5447=DIRECTION('',(-0.13536123528859917,1.3312225863710248E-07,-0.9907963140732441));
#5448=DIRECTION('',(-0.3920473356381292,1.2360275559056718E-07,-0.9199450454342525));
#5449=DIRECTION('',(0.2642521752073061,-1.2958288078122806E-07,0.9644536214345356));
#5450=FACE_SURFACE('',(#5455),#5451,.T.);
#5451=PLANE('',#5452);
#5452=AXIS2_PLACEMENT_3D('',#514,#5453,#5454);
#5453=DIRECTION('',(1.4598174098956054E-13,0.9999999999999911,1.3435866975687294E-07));
#5454=DIRECTION('',(-0.6126180383461256,1.0619437538759022E-07,-0.7903791109922716));
#5455=FACE_BOUND('',#5456,.T.);
#5456=EDGE_LOOP('',(#5457,#5458,#5459));
#5457=ORIENTED_EDGE('',*,*,#5460,.T.);
#5458=ORIENTED_EDGE('',*,*,#5461,.T.);
#5459=ORIENTED_EDGE('',*,*,#5462,.T.);
#5460=EDGE_CURVE('',#515,#519,#5463,.F.);
#5461=EDGE_CURVE('',#519,#523,#5464,.T.);
#5462=EDGE_CURVE('',#523,#515,#5465,.T.);
#5463=LINE('',#514,#5466);
#5464=LINE('',#518,#5467);
#5465=LINE('',#522,#5468);
#5466=VECTOR('',#5469,1.0);
#5467=VECTOR('',#5470,1.0);
#5468=VECTOR('',#5471,1.0);
#5469=DIRECTION('',(-0.6126180383461256,1.0619437538759022E-07,-0.7903791109922716));
#5470=DIRECTION('',(-0.7903780198662144,8.231084922293111E-08,-0.6126194460775427));
#5471=DIRECTION('',(0.7071062110752968,-9.500610632021199E-08,0.7071073512973319));
#5472=FACE_SURFACE('',(#5477),#5473,.T.);
#5473=PLANE('',#5474);
#5474=AXIS2_PLACEMENT_3D('',#522,#5475,#5476);
#5475=DIRECTION('',(-1.2276207486233149E-14,0.9999999999999911,1.3435894638748264E-07));
#5476=DIRECTION('',(-0.9199446399553538,5.267518349423414E-08,-0.3920482870991934));
#5477=FACE_BOUND('',#5478,.T.);
#5478=EDGE_LOOP('',(#5479,#5480,#5481));
#5479=ORIENTED_EDGE('',*,*,#5482,.T.);
#5480=ORIENTED_EDGE('',*,*,#5483,.T.);
#5481=ORIENTED_EDGE('',*,*,#5484,.T.);
#5482=EDGE_CURVE('',#523,#527,#5485,.F.);
#5483=EDGE_CURVE('',#527,#435,#5486,.T.);
#5484=EDGE_CURVE('',#435,#523,#5487,.T.);
#5485=LINE('',#522,#5488);
#5486=LINE('',#526,#5489);
#5487=LINE('',#434,#5490);
#5488=VECTOR('',#5491,1.0);
#5489=VECTOR('',#5492,1.0);
#5490=VECTOR('',#5493,1.0);
#5491=DIRECTION('',(-0.9199446399553538,5.267518349423414E-08,-0.3920482870991934));
#5492=DIRECTION('',(-0.9907961707736543,1.818712172071994E-08,-0.13536228418678284));
#5493=DIRECTION('',(0.9644533396059454,-3.550477020336761E-08,0.2642532038082754));
#5494=FACE_SURFACE('',(#5499),#5495,.T.);
#5495=PLANE('',#5496);
#5496=AXIS2_PLACEMENT_3D('',#434,#5497,#5498);
#5497=DIRECTION('',(-3.0381561503205096E-14,0.9999999999999911,1.3435878535676107E-07));
#5498=DIRECTION('',(-0.9644534771486516,-3.5504701344542675E-08,0.2642527018137642));
#5499=FACE_BOUND('',#5500,.T.);
#5500=EDGE_LOOP('',(#5501,#5502,#5503));
#5501=ORIENTED_EDGE('',*,*,#5504,.T.);
#5502=ORIENTED_EDGE('',*,*,#5505,.T.);
#5503=ORIENTED_EDGE('',*,*,#5506,.T.);
#5504=EDGE_CURVE('',#435,#443,#5507,.F.);
#5505=EDGE_CURVE('',#443,#451,#5508,.T.);
#5506=EDGE_CURVE('',#451,#435,#5509,.T.);
#5507=LINE('',#434,#5510);
#5508=LINE('',#442,#5511);
#5509=LINE('',#450,#5512);
#5510=VECTOR('',#5513,1.0);
#5511=VECTOR('',#5514,1.0);
#5512=VECTOR('',#5515,1.0);
#5513=DIRECTION('',(-0.9644534771486516,-3.5504701344542675E-08,0.2642527018137642));
#5514=DIRECTION('',(-0.7071067634857168,-9.500603209902321E-08,0.7071067988873714));
#5515=DIRECTION('',(0.8661620574717537,6.714760742013434E-08,-0.4997632341382207));
#5516=FACE_SURFACE('',(#5521),#5517,.T.);
#5517=PLANE('',#5518);
#5518=AXIS2_PLACEMENT_3D('',#450,#5519,#5520);
#5519=DIRECTION('',(-2.6707473019670057E-15,0.999999999999991,1.3435885210757354E-07));
#5520=DIRECTION('',(-0.26425203766509486,-1.2958288725605485E-07,0.9644536591199332));
#5521=FACE_BOUND('',#5522,.T.);
#5522=EDGE_LOOP('',(#5523,#5524,#5525));
#5523=ORIENTED_EDGE('',*,*,#5526,.T.);
#5524=ORIENTED_EDGE('',*,*,#5527,.T.);
#5525=ORIENTED_EDGE('',*,*,#5528,.T.);
#5526=EDGE_CURVE('',#451,#459,#5529,.F.);
#5527=EDGE_CURVE('',#459,#467,#5530,.T.);
#5528=EDGE_CURVE('',#467,#451,#5531,.T.);
#5529=LINE('',#450,#5532);
#5530=LINE('',#458,#5533);
#5531=LINE('',#466,#5534);
#5532=VECTOR('',#5535,1.0);
#5533=VECTOR('',#5536,1.0);
#5534=VECTOR('',#5537,1.0);
#5535=DIRECTION('',(-0.26425203766509486,-1.2958288725605485E-07,0.9644536591199332));
#5536=DIRECTION('',(0.26425167321251086,-1.295828992612015E-07,0.9644537589767441));
#5537=DIRECTION('',(2.7978530112448594E-07,1.3435885210756904E-07,-0.9999999999999518));
#5538=FACE_SURFACE('',(#5543),#5539,.T.);
#5539=PLANE('',#5540);
#5540=AXIS2_PLACEMENT_3D('',#466,#5541,#5542);
#5541=DIRECTION('',(-1.0476323883235911E-14,0.9999999999999909,1.343589291362431E-07));
#5542=DIRECTION('',(0.7071073158960557,-9.50060306542638E-08,0.7071062464766286));
#5543=FACE_BOUND('',#5544,.T.);
#5544=EDGE_LOOP('',(#5545,#5546,#5547));
#5545=ORIENTED_EDGE('',*,*,#5548,.T.);
#5546=ORIENTED_EDGE('',*,*,#5549,.T.);
#5547=ORIENTED_EDGE('',*,*,#5550,.T.);
#5548=EDGE_CURVE('',#467,#475,#5551,.F.);
#5549=EDGE_CURVE('',#475,#483,#5552,.T.);
#5550=EDGE_CURVE('',#483,#467,#5553,.T.);
#5551=LINE('',#466,#5554);
#5552=LINE('',#474,#5555);
#5553=LINE('',#482,#5556);
#5554=VECTOR('',#5557,1.0);
#5555=VECTOR('',#5558,1.0);
#5556=VECTOR('',#5559,1.0);
#5557=DIRECTION('',(0.7071073158960557,-9.50060306542638E-08,0.7071062464766286));
#5558=DIRECTION('',(0.964453652376472,-3.5504614005661835E-08,0.26425206227706544));
#5559=DIRECTION('',(-0.8661624947403931,6.714754206227814E-08,-0.49976247628758014));
#5560=FACE_SURFACE('',(#5565),#5561,.T.);
#5561=PLANE('',#5562);
#5562=AXIS2_PLACEMENT_3D('',#482,#5563,#5564);
#5563=DIRECTION('',(6.444904156441481E-15,0.9999999999999911,1.3435892510480218E-07));
#5564=DIRECTION('',(0.9644533772916325,3.550475172328261E-08,-0.2642530662655835));
#5565=FACE_BOUND('',#5566,.T.);
#5566=EDGE_LOOP('',(#5567,#5568,#5569));
#5567=ORIENTED_EDGE('',*,*,#5570,.T.);
#5568=ORIENTED_EDGE('',*,*,#5571,.T.);
#5569=ORIENTED_EDGE('',*,*,#5572,.T.);
#5570=EDGE_CURVE('',#483,#491,#5573,.F.);
#5571=EDGE_CURVE('',#491,#499,#5574,.T.);
#5572=EDGE_CURVE('',#499,#483,#5575,.T.);
#5573=LINE('',#482,#5576);
#5574=LINE('',#490,#5577);
#5575=LINE('',#498,#5578);
#5576=VECTOR('',#5579,1.0);
#5577=VECTOR('',#5580,1.0);
#5578=VECTOR('',#5581,1.0);
#5579=DIRECTION('',(0.9644533772916325,3.550475172328261E-08,-0.2642530662655835));
#5580=DIRECTION('',(0.7071064872803607,9.500614198621046E-08,-0.7071070750926056));
#5581=DIRECTION('',(-0.8661620386495181,-6.714764974639119E-08,0.49976326675987925));
#5582=FACE_SURFACE('',(#5587),#5583,.T.);
#5583=PLANE('',#5584);
#5584=AXIS2_PLACEMENT_3D('',#498,#5585,#5586);
#5585=DIRECTION('',(5.341343191319332E-15,0.999999999999991,1.3435884991237087E-07));
#5586=DIRECTION('',(0.2642524502921418,1.2958286783154632E-07,-0.9644535460635635));
#5587=FACE_BOUND('',#5588,.T.);
#5588=EDGE_LOOP('',(#5589,#5590,#5591));
#5589=ORIENTED_EDGE('',*,*,#5592,.T.);
#5590=ORIENTED_EDGE('',*,*,#5593,.T.);
#5591=ORIENTED_EDGE('',*,*,#5594,.T.);
#5592=EDGE_CURVE('',#499,#507,#5595,.F.);
#5593=EDGE_CURVE('',#507,#515,#5596,.T.);
#5594=EDGE_CURVE('',#515,#499,#5597,.T.);
#5595=LINE('',#498,#5598);
#5596=LINE('',#506,#5599);
#5597=LINE('',#514,#5600);
#5598=VECTOR('',#5601,1.0);
#5599=VECTOR('',#5602,1.0);
#5600=VECTOR('',#5603,1.0);
#5601=DIRECTION('',(0.2642524502921418,1.2958286783154632E-07,-0.9644535460635635));
#5602=DIRECTION('',(-0.2642521752073061,1.2958288078122806E-07,-0.9644536214345356));
#5603=DIRECTION('',(0,-1.3435884991237087E-07,0.999999999999991));
#5604=FACE_SURFACE('',(#5609),#5605,.T.);
#5605=PLANE('',#5606);
#5606=AXIS2_PLACEMENT_3D('',#514,#5607,#5608);
#5607=DIRECTION('',(3.239731049923849E-14,0.9999999999999911,1.3435878334112023E-07));
#5608=DIRECTION('',(-0.7071062110752968,9.500610632021199E-08,-0.7071073512973319));
#5609=FACE_BOUND('',#5610,.T.);
#5610=EDGE_LOOP('',(#5611,#5612,#5613));
#5611=ORIENTED_EDGE('',*,*,#5614,.T.);
#5612=ORIENTED_EDGE('',*,*,#5615,.T.);
#5613=ORIENTED_EDGE('',*,*,#5616,.T.);
#5614=EDGE_CURVE('',#515,#523,#5617,.F.);
#5615=EDGE_CURVE('',#523,#435,#5618,.T.);
#5616=EDGE_CURVE('',#435,#515,#5619,.T.);
#5617=LINE('',#514,#5620);
#5618=LINE('',#522,#5621);
#5619=LINE('',#434,#5622);
#5620=VECTOR('',#5623,1.0);
#5621=VECTOR('',#5624,1.0);
#5622=VECTOR('',#5625,1.0);
#5623=DIRECTION('',(-0.7071062110752968,9.500610632021199E-08,-0.7071073512973319));
#5624=DIRECTION('',(-0.9644533396059454,3.550477020336761E-08,-0.2642532038082754));
#5625=DIRECTION('',(0.8661617941591867,-6.71476694745251E-08,0.4997636904967529));
#5626=FACE_SURFACE('',(#5631),#5627,.T.);
#5627=PLANE('',#5628);
#5628=AXIS2_PLACEMENT_3D('',#434,#5629,#5630);
#5629=DIRECTION('',(8.132713242563738E-15,0.9999999999999909,1.3435885210757658E-07));
#5630=DIRECTION('',(-0.8661620574717537,-6.714760742013434E-08,0.4997632341382207));
#5631=FACE_BOUND('',#5632,.T.);
#5632=EDGE_LOOP('',(#5633,#5634,#5635));
#5633=ORIENTED_EDGE('',*,*,#5636,.T.);
#5634=ORIENTED_EDGE('',*,*,#5637,.T.);
#5635=ORIENTED_EDGE('',*,*,#5638,.T.);
#5636=EDGE_CURVE('',#435,#451,#5639,.F.);
#5637=EDGE_CURVE('',#451,#467,#5640,.T.);
#5638=EDGE_CURVE('',#467,#435,#5641,.T.);
#5639=LINE('',#434,#5642);
#5640=LINE('',#450,#5643);
#5641=LINE('',#466,#5644);
#5642=VECTOR('',#5645,1.0);
#5643=VECTOR('',#5646,1.0);
#5644=VECTOR('',#5647,1.0);
#5645=DIRECTION('',(-0.8661620574717537,-6.714760742013434E-08,0.4997632341382207));
#5646=DIRECTION('',(-2.7978530112448594E-07,-1.3435885210756904E-07,0.9999999999999518));
#5647=DIRECTION('',(0.49778886271028694,1.1652919276921E-07,-0.8672982463729451));
#5648=FACE_SURFACE('',(#5653),#5649,.T.);
#5649=PLANE('',#5650);
#5650=AXIS2_PLACEMENT_3D('',#466,#5651,#5652);
#5651=DIRECTION('',(-8.526777595652725E-16,0.999999999999991,1.3435891245703705E-07));
#5652=DIRECTION('',(0.8661624947403931,-6.714754206227814E-08,0.49976247628758014));
#5653=FACE_BOUND('',#5654,.T.);
#5654=EDGE_LOOP('',(#5655,#5656,#5657));
#5655=ORIENTED_EDGE('',*,*,#5658,.T.);
#5656=ORIENTED_EDGE('',*,*,#5659,.T.);
#5657=ORIENTED_EDGE('',*,*,#5660,.T.);
#5658=EDGE_CURVE('',#467,#483,#5661,.F.);
#5659=EDGE_CURVE('',#483,#499,#5662,.T.);
#5660=EDGE_CURVE('',#499,#467,#5663,.T.);
#5661=LINE('',#466,#5664);
#5662=LINE('',#482,#5665);
#5663=LINE('',#498,#5666);
#5664=VECTOR('',#5667,1.0);
#5665=VECTOR('',#5668,1.0);
#5666=VECTOR('',#5669,1.0);
#5667=DIRECTION('',(0.8661624947403931,-6.714754206227814E-08,0.49976247628758014));
#5668=DIRECTION('',(0.8661620386495181,6.714764974639119E-08,-0.49976326675987925));
#5669=DIRECTION('',(-0.9999999999999468,-4.4658846914715164E-14,3.260384320925276E-07));
#5670=FACE_SURFACE('',(#5675),#5671,.T.);
#5671=PLANE('',#5672);
#5672=AXIS2_PLACEMENT_3D('',#498,#5673,#5674);
#5673=DIRECTION('',(-6.013404539767731E-15,0.9999999999999909,1.3435884991237087E-07));
#5674=DIRECTION('',(0,1.3435884991237087E-07,-0.999999999999991));
#5675=FACE_BOUND('',#5676,.T.);
#5676=EDGE_LOOP('',(#5677,#5678,#5679));
#5677=ORIENTED_EDGE('',*,*,#5680,.T.);
#5678=ORIENTED_EDGE('',*,*,#5681,.T.);
#5679=ORIENTED_EDGE('',*,*,#5682,.T.);
#5680=EDGE_CURVE('',#499,#515,#5683,.F.);
#5681=EDGE_CURVE('',#515,#435,#5684,.T.);
#5682=EDGE_CURVE('',#435,#499,#5685,.T.);
#5683=LINE('',#498,#5686);
#5684=LINE('',#514,#5687);
#5685=LINE('',#434,#5688);
#5686=VECTOR('',#5689,1.0);
#5687=VECTOR('',#5690,1.0);
#5688=VECTOR('',#5691,1.0);
#5689=DIRECTION('',(0,1.3435884991237087E-07,-0.999999999999991));
#5690=DIRECTION('',(-0.8661617941591867,6.71476694745251E-08,-0.4997636904967529));
#5691=DIRECTION('',(0.497788636603473,-1.1652920935666877E-07,0.8672983761477028));
#5692=FACE_SURFACE('',(#5697),#5693,.T.);
#5693=PLANE('',#5694);
#5694=AXIS2_PLACEMENT_3D('',#466,#5695,#5696);
#5695=DIRECTION('',(-8.52699117257032E-16,0.9999999999999909,1.3435884695036773E-07));
#5696=DIRECTION('',(0.9999999999999468,4.4658846914715164E-14,-3.260384320925276E-07));
#5697=FACE_BOUND('',#5698,.T.);
#5698=EDGE_LOOP('',(#5699,#5700,#5701));
#5699=ORIENTED_EDGE('',*,*,#5702,.T.);
#5700=ORIENTED_EDGE('',*,*,#5703,.T.);
#5701=ORIENTED_EDGE('',*,*,#5704,.T.);
#5702=EDGE_CURVE('',#467,#499,#5705,.F.);
#5703=EDGE_CURVE('',#499,#435,#5706,.T.);
#5704=EDGE_CURVE('',#435,#467,#5707,.T.);
#5705=LINE('',#466,#5708);
#5706=LINE('',#498,#5709);
#5707=LINE('',#434,#5710);
#5708=VECTOR('',#5711,1.0);
#5709=VECTOR('',#5712,1.0);
#5710=VECTOR('',#5713,1.0);
#5711=DIRECTION('',(0.9999999999999468,4.4658846914715164E-14,-3.260384320925276E-07));
#5712=DIRECTION('',(-0.497788636603473,1.1652920935666877E-07,-0.8672983761477028));
#5713=DIRECTION('',(-0.49778886271028694,-1.1652919276921E-07,0.8672982463729451));
#5714=FACE_SURFACE('',(#5719),#5715,.T.);
#5715=PLANE('',#5716);
#5716=AXIS2_PLACEMENT_3D('',#530,#5717,#5718);
#5717=DIRECTION('',(0,0.9999999999999909,1.34358848391987E-07));
#5718=DIRECTION('',(0,-1.34358848391987E-07,0.999999999999991));
#5719=FACE_BOUND('',#5720,.T.);
#5720=EDGE_LOOP('',(#5721,#5722,#5723));
#5721=ORIENTED_EDGE('',*,*,#5724,.T.);
#5722=ORIENTED_EDGE('',*,*,#5725,.T.);
#5723=ORIENTED_EDGE('',*,*,#5726,.T.);
#5724=EDGE_CURVE('',#531,#533,#5727,.F.);
#5725=EDGE_CURVE('',#533,#535,#5728,.T.);
#5726=EDGE_CURVE('',#535,#531,#5729,.T.);
#5727=LINE('',#530,#5730);
#5728=LINE('',#532,#5731);
#5729=LINE('',#534,#5732);
#5730=VECTOR('',#5733,1.0);
#5731=VECTOR('',#5734,1.0);
#5732=VECTOR('',#5735,1.0);
#5733=DIRECTION('',(0,-1.34358848391987E-07,0.999999999999991));
#5734=DIRECTION('',(1,0,0));
#5735=DIRECTION('',(-0.19443534670333865,1.3179465488434166E-07,-0.9809153357718163));
#5736=FACE_SURFACE('',(#5741),#5737,.T.);
#5737=PLANE('',#5738);
#5738=AXIS2_PLACEMENT_3D('',#530,#5739,#5740);
#5739=DIRECTION('',(-0,0.9999999999999909,1.34358848391987E-07));
#5740=DIRECTION('',(0.19443534670333865,-1.3179465488434166E-07,0.9809153357718163));
#5741=FACE_BOUND('',#5742,.T.);
#5742=EDGE_LOOP('',(#5743,#5744,#5745));
#5743=ORIENTED_EDGE('',*,*,#5746,.T.);
#5744=ORIENTED_EDGE('',*,*,#5747,.T.);
#5745=ORIENTED_EDGE('',*,*,#5748,.T.);
#5746=EDGE_CURVE('',#531,#535,#5749,.F.);
#5747=EDGE_CURVE('',#535,#537,#5750,.T.);
#5748=EDGE_CURVE('',#537,#531,#5751,.T.);
#5749=LINE('',#530,#5752);
#5750=LINE('',#534,#5753);
#5751=LINE('',#536,#5754);
#5752=VECTOR('',#5755,1.0);
#5753=VECTOR('',#5756,1.0);
#5754=VECTOR('',#5757,1.0);
#5755=DIRECTION('',(0.19443534670333865,-1.3179465488434166E-07,0.9809153357718163));
#5756=DIRECTION('',(0,1.34358848391987E-07,-0.999999999999991));
#5757=DIRECTION('',(-1,0,0));
#5758=FACE_SURFACE('',(#5763),#5759,.T.);
#5759=PLANE('',#5760);
#5760=AXIS2_PLACEMENT_3D('',#538,#5761,#5762);
#5761=DIRECTION('',(0,0.9999999999999909,1.3435885651545827E-07));
#5762=DIRECTION('',(-1,0,0));
#5763=FACE_BOUND('',#5764,.T.);
#5764=EDGE_LOOP('',(#5765,#5766,#5767));
#5765=ORIENTED_EDGE('',*,*,#5768,.T.);
#5766=ORIENTED_EDGE('',*,*,#5769,.T.);
#5767=ORIENTED_EDGE('',*,*,#5770,.T.);
#5768=EDGE_CURVE('',#539,#541,#5771,.F.);
#5769=EDGE_CURVE('',#541,#543,#5772,.T.);
#5770=EDGE_CURVE('',#543,#539,#5773,.T.);
#5771=LINE('',#538,#5774);
#5772=LINE('',#540,#5775);
#5773=LINE('',#542,#5776);
#5774=VECTOR('',#5777,1.0);
#5775=VECTOR('',#5778,1.0);
#5776=VECTOR('',#5779,1.0);
#5777=DIRECTION('',(-1,0,0));
#5778=DIRECTION('',(-0.2646233350075197,-1.2956921184255178E-07,0.9643518499849943));
#5779=DIRECTION('',(0.8706754124984134,6.608548307906043E-08,-0.49185803446798876));
#5780=FACE_SURFACE('',(#5785),#5781,.T.);
#5781=PLANE('',#5782);
#5782=AXIS2_PLACEMENT_3D('',#538,#5783,#5784);
#5783=DIRECTION('',(0,0.9999999999999909,1.3435885651545827E-07));
#5784=DIRECTION('',(-0.8706754124984134,-6.608548307906043E-08,0.49185803446798876));
#5785=FACE_BOUND('',#5786,.T.);
#5786=EDGE_LOOP('',(#5787,#5788,#5789));
#5787=ORIENTED_EDGE('',*,*,#5790,.T.);
#5788=ORIENTED_EDGE('',*,*,#5791,.T.);
#5789=ORIENTED_EDGE('',*,*,#5792,.T.);
#5790=EDGE_CURVE('',#539,#543,#5793,.F.);
#5791=EDGE_CURVE('',#543,#545,#5794,.T.);
#5792=EDGE_CURVE('',#545,#539,#5795,.T.);
#5793=LINE('',#538,#5796);
#5794=LINE('',#542,#5797);
#5795=LINE('',#544,#5798);
#5796=VECTOR('',#5799,1.0);
#5797=VECTOR('',#5800,1.0);
#5798=VECTOR('',#5801,1.0);
#5799=DIRECTION('',(-0.8706754124984134,-6.608548307906043E-08,0.49185803446798876));
#5800=DIRECTION('',(1,0,0));
#5801=DIRECTION('',(0.41380285744564477,1.2231580422634015E-07,-0.910366516942382));
#5802=FACE_SURFACE('',(#5807),#5803,.T.);
#5803=PLANE('',#5804);
#5804=AXIS2_PLACEMENT_3D('',#546,#5805,#5806);
#5805=DIRECTION('',(0,0.999999999999991,1.34358844478491E-07));
#5806=DIRECTION('',(-1,0,0));
#5807=FACE_BOUND('',#5808,.T.);
#5808=EDGE_LOOP('',(#5809,#5810,#5811));
#5809=ORIENTED_EDGE('',*,*,#5812,.T.);
#5810=ORIENTED_EDGE('',*,*,#5813,.T.);
#5811=ORIENTED_EDGE('',*,*,#5814,.T.);
#5812=EDGE_CURVE('',#547,#549,#5815,.F.);
#5813=EDGE_CURVE('',#549,#539,#5816,.T.);
#5814=EDGE_CURVE('',#539,#547,#5817,.T.);
#5815=LINE('',#546,#5818);
#5816=LINE('',#548,#5819);
#5817=LINE('',#538,#5820);
#5818=VECTOR('',#5821,1.0);
#5819=VECTOR('',#5822,1.0);
#5820=VECTOR('',#5823,1.0);
#5821=DIRECTION('',(-1,0,0));
#5822=DIRECTION('',(-0.4124366403488999,-1.2239906504848476E-07,0.9109862884246377));
#5823=DIRECTION('',(0.6888442964903835,9.739797978883776E-08,-0.7249093289458064));
#5824=FACE_SURFACE('',(#5829),#5825,.T.);
#5825=PLANE('',#5826);
#5826=AXIS2_PLACEMENT_3D('',#550,#5827,#5828);
#5827=DIRECTION('',(-0,0.9999999999999911,1.3435884975190416E-07));
#5828=DIRECTION('',(1,0,0));
#5829=FACE_BOUND('',#5830,.T.);
#5830=EDGE_LOOP('',(#5831,#5832,#5833));
#5831=ORIENTED_EDGE('',*,*,#5834,.T.);
#5832=ORIENTED_EDGE('',*,*,#5835,.T.);
#5833=ORIENTED_EDGE('',*,*,#5836,.T.);
#5834=EDGE_CURVE('',#551,#553,#5837,.F.);
#5835=EDGE_CURVE('',#553,#547,#5838,.T.);
#5836=EDGE_CURVE('',#547,#551,#5839,.T.);
#5837=LINE('',#550,#5840);
#5838=LINE('',#552,#5841);
#5839=LINE('',#546,#5842);
#5840=VECTOR('',#5843,1.0);
#5841=VECTOR('',#5844,1.0);
#5842=VECTOR('',#5845,1.0);
#5843=DIRECTION('',(1,0,0));
#5844=DIRECTION('',(0.4062620504232619,1.2277128737181963E-07,-0.913756612225527));
#5845=DIRECTION('',(-0.4786727725384869,-1.1796618074185543E-07,0.8779933808579106));
#5846=FACE_SURFACE('',(#5851),#5847,.T.);
#5847=PLANE('',#5848);
#5848=AXIS2_PLACEMENT_3D('',#554,#5849,#5850);
#5849=DIRECTION('',(1.3873821522945185E-14,0.9999999999999909,1.3435885804063713E-07));
#5850=DIRECTION('',(-0.9897856724091524,-1.9154641736662413E-08,0.14256339885665473));
#5851=FACE_BOUND('',#5852,.T.);
#5852=EDGE_LOOP('',(#5853,#5854,#5855));
#5853=ORIENTED_EDGE('',*,*,#5856,.T.);
#5854=ORIENTED_EDGE('',*,*,#5857,.T.);
#5855=ORIENTED_EDGE('',*,*,#5858,.T.);
#5856=EDGE_CURVE('',#555,#557,#5859,.F.);
#5857=EDGE_CURVE('',#557,#551,#5860,.T.);
#5858=EDGE_CURVE('',#551,#555,#5861,.T.);
#5859=LINE('',#554,#5862);
#5860=LINE('',#556,#5863);
#5861=LINE('',#550,#5864);
#5862=VECTOR('',#5865,1.0);
#5863=VECTOR('',#5866,1.0);
#5864=VECTOR('',#5867,1.0);
#5865=DIRECTION('',(-0.9897856724091524,-1.9154641736662413E-08,0.14256339885665473));
#5866=DIRECTION('',(0.39278650105128976,-1.2356040026196137E-07,0.9196296888377788));
#5867=DIRECTION('',(0.21486167617110247,1.3122083542539638E-07,-0.9766444901359588));
#5868=FACE_SURFACE('',(#5873),#5869,.T.);
#5869=PLANE('',#5870);
#5870=AXIS2_PLACEMENT_3D('',#538,#5871,#5872);
#5871=DIRECTION('',(-8.761887195397237E-13,0.999999999999991,1.3435845824795917E-07));
#5872=DIRECTION('',(-0.41380285744564477,-1.2231580422634015E-07,0.910366516942382));
#5873=FACE_BOUND('',#5874,.T.);
#5874=EDGE_LOOP('',(#5875,#5876,#5877));
#5875=ORIENTED_EDGE('',*,*,#5878,.T.);
#5876=ORIENTED_EDGE('',*,*,#5879,.T.);
#5877=ORIENTED_EDGE('',*,*,#5880,.T.);
#5878=EDGE_CURVE('',#539,#545,#5881,.F.);
#5879=EDGE_CURVE('',#545,#555,#5882,.T.);
#5880=EDGE_CURVE('',#555,#539,#5883,.T.);
#5881=LINE('',#538,#5884);
#5882=LINE('',#544,#5885);
#5883=LINE('',#554,#5886);
#5884=VECTOR('',#5887,1.0);
#5885=VECTOR('',#5888,1.0);
#5886=VECTOR('',#5889,1.0);
#5887=DIRECTION('',(-0.41380285744564477,-1.2231580422634015E-07,0.910366516942382));
#5888=DIRECTION('',(-0.40682466867414735,-1.2273764928829618E-07,0.913506261039384));
#5889=DIRECTION('',(0.408664723255474,1.226272512057164E-07,-0.9126845807651797));
#5890=FACE_SURFACE('',(#5895),#5891,.T.);
#5891=PLANE('',#5892);
#5892=AXIS2_PLACEMENT_3D('',#550,#5893,#5894);
#5893=DIRECTION('',(1.3018863522322448E-14,0.999999999999991,1.3435885684965192E-07));
#5894=DIRECTION('',(0.4786727725384869,1.1796618074185543E-07,-0.8779933808579106));
#5895=FACE_BOUND('',#5896,.T.);
#5896=EDGE_LOOP('',(#5897,#5898,#5899));
#5897=ORIENTED_EDGE('',*,*,#5900,.T.);
#5898=ORIENTED_EDGE('',*,*,#5901,.T.);
#5899=ORIENTED_EDGE('',*,*,#5902,.T.);
#5900=EDGE_CURVE('',#551,#547,#5903,.F.);
#5901=EDGE_CURVE('',#547,#539,#5904,.T.);
#5902=EDGE_CURVE('',#539,#551,#5905,.T.);
#5903=LINE('',#550,#5906);
#5904=LINE('',#546,#5907);
#5905=LINE('',#538,#5908);
#5906=VECTOR('',#5909,1.0);
#5907=VECTOR('',#5910,1.0);
#5908=VECTOR('',#5911,1.0);
#5909=DIRECTION('',(0.4786727725384869,1.1796618074185543E-07,-0.8779933808579106));
#5910=DIRECTION('',(-0.6888442964903835,-9.739797978883776E-08,0.7249093289458064));
#5911=DIRECTION('',(-0.35302534471798136,-1.2570799051294356E-07,0.9356137589768199));
#5912=FACE_SURFACE('',(#5917),#5913,.T.);
#5913=PLANE('',#5914);
#5914=AXIS2_PLACEMENT_3D('',#538,#5915,#5916);
#5915=DIRECTION('',(1.9393748682691212E-14,0.999999999999991,1.343588592550204E-07));
#5916=DIRECTION('',(-0.408664723255474,-1.226272512057164E-07,0.9126845807651797));
#5917=FACE_BOUND('',#5918,.T.);
#5918=EDGE_LOOP('',(#5919,#5920,#5921));
#5919=ORIENTED_EDGE('',*,*,#5922,.T.);
#5920=ORIENTED_EDGE('',*,*,#5923,.T.);
#5921=ORIENTED_EDGE('',*,*,#5924,.T.);
#5922=EDGE_CURVE('',#539,#555,#5925,.F.);
#5923=EDGE_CURVE('',#555,#551,#5926,.T.);
#5924=EDGE_CURVE('',#551,#539,#5927,.T.);
#5925=LINE('',#538,#5928);
#5926=LINE('',#554,#5929);
#5927=LINE('',#550,#5930);
#5928=VECTOR('',#5931,1.0);
#5929=VECTOR('',#5932,1.0);
#5930=VECTOR('',#5933,1.0);
#5931=DIRECTION('',(-0.408664723255474,-1.226272512057164E-07,0.9126845807651797));
#5932=DIRECTION('',(-0.21486167617110247,-1.3122083542539638E-07,0.9766444901359588));
#5933=DIRECTION('',(0.35302534471798136,1.2570799051294356E-07,-0.9356137589768199));
#5934=FACE_SURFACE('',(#5939),#5935,.T.);
#5935=PLANE('',#5936);
#5936=AXIS2_PLACEMENT_3D('',#558,#5937,#5938);
#5937=DIRECTION('',(-0,0.9999999999999909,1.3435885651545827E-07));
#5938=DIRECTION('',(1,0,0));
#5939=FACE_BOUND('',#5940,.T.);
#5940=EDGE_LOOP('',(#5941,#5942,#5943));
#5941=ORIENTED_EDGE('',*,*,#5944,.T.);
#5942=ORIENTED_EDGE('',*,*,#5945,.T.);
#5943=ORIENTED_EDGE('',*,*,#5946,.T.);
#5944=EDGE_CURVE('',#559,#543,#5947,.F.);
#5945=EDGE_CURVE('',#543,#541,#5948,.T.);
#5946=EDGE_CURVE('',#541,#559,#5949,.T.);
#5947=LINE('',#558,#5950);
#5948=LINE('',#542,#5951);
#5949=LINE('',#540,#5952);
#5950=VECTOR('',#5953,1.0);
#5951=VECTOR('',#5954,1.0);
#5952=VECTOR('',#5955,1.0);
#5953=DIRECTION('',(1,0,0));
#5954=DIRECTION('',(0.2646233350075197,1.2956921184255178E-07,-0.9643518499849943));
#5955=DIRECTION('',(-0.8072769495444253,-7.929494174341936E-08,0.590172793963125));
#5956=FACE_SURFACE('',(#5961),#5957,.T.);
#5957=PLANE('',#5958);
#5958=AXIS2_PLACEMENT_3D('',#560,#5959,#5960);
#5959=DIRECTION('',(0,0.999999999999991,1.34358844478491E-07));
#5960=DIRECTION('',(-0.39336714613127954,1.2352703201466177E-07,-0.9193814705248944));
#5961=FACE_BOUND('',#5962,.T.);
#5962=EDGE_LOOP('',(#5963,#5964,#5965));
#5963=ORIENTED_EDGE('',*,*,#5966,.T.);
#5964=ORIENTED_EDGE('',*,*,#5967,.T.);
#5965=ORIENTED_EDGE('',*,*,#5968,.T.);
#5966=EDGE_CURVE('',#561,#563,#5969,.F.);
#5967=EDGE_CURVE('',#563,#565,#5970,.T.);
#5968=EDGE_CURVE('',#565,#561,#5971,.T.);
#5969=LINE('',#560,#5972);
#5970=LINE('',#562,#5973);
#5971=LINE('',#564,#5974);
#5972=VECTOR('',#5975,1.0);
#5973=VECTOR('',#5976,1.0);
#5974=VECTOR('',#5977,1.0);
#5975=DIRECTION('',(-0.39336714613127954,1.2352703201466177E-07,-0.9193814705248944));
#5976=DIRECTION('',(-1,0,0));
#5977=DIRECTION('',(0.679189507165925,-9.861441397861057E-08,0.7339629509421427));
#5978=FACE_SURFACE('',(#5983),#5979,.T.);
#5979=PLANE('',#5980);
#5980=AXIS2_PLACEMENT_3D('',#558,#5981,#5982);
#5981=DIRECTION('',(0,0.999999999999991,1.343588565154583E-07));
#5982=DIRECTION('',(0.8072769495444253,7.929494174341936E-08,-0.590172793963125));
#5983=FACE_BOUND('',#5984,.T.);
#5984=EDGE_LOOP('',(#5985,#5986,#5987));
#5985=ORIENTED_EDGE('',*,*,#5988,.T.);
#5986=ORIENTED_EDGE('',*,*,#5989,.T.);
#5987=ORIENTED_EDGE('',*,*,#5990,.T.);
#5988=EDGE_CURVE('',#559,#541,#5991,.F.);
#5989=EDGE_CURVE('',#541,#561,#5992,.T.);
#5990=EDGE_CURVE('',#561,#559,#5993,.T.);
#5991=LINE('',#558,#5994);
#5992=LINE('',#540,#5995);
#5993=LINE('',#560,#5996);
#5994=VECTOR('',#5997,1.0);
#5995=VECTOR('',#5998,1.0);
#5996=VECTOR('',#5999,1.0);
#5997=DIRECTION('',(0.8072769495444253,7.929494174341936E-08,-0.590172793963125));
#5998=DIRECTION('',(-1,0,0));
#5999=DIRECTION('',(0.39643615441901053,-1.2334980001752375E-07,0.9180622938937485));
#6000=FACE_SURFACE('',(#6005),#6001,.T.);
#6001=PLANE('',#6002);
#6002=AXIS2_PLACEMENT_3D('',#556,#6003,#6004);
#6003=DIRECTION('',(1.1791577367209417E-14,0.999999999999991,1.3435884358408346E-07));
#6004=DIRECTION('',(0.9897856724091524,1.9154641736662413E-08,-0.14256339885665473));
#6005=FACE_BOUND('',#6006,.T.);
#6006=EDGE_LOOP('',(#6007,#6008,#6009));
#6007=ORIENTED_EDGE('',*,*,#6010,.T.);
#6008=ORIENTED_EDGE('',*,*,#6011,.T.);
#6009=ORIENTED_EDGE('',*,*,#6012,.T.);
#6010=EDGE_CURVE('',#557,#555,#6013,.F.);
#6011=EDGE_CURVE('',#555,#559,#6014,.T.);
#6012=EDGE_CURVE('',#559,#557,#6015,.T.);
#6013=LINE('',#556,#6016);
#6014=LINE('',#554,#6017);
#6015=LINE('',#558,#6018);
#6016=VECTOR('',#6019,1.0);
#6017=VECTOR('',#6020,1.0);
#6018=VECTOR('',#6021,1.0);
#6019=DIRECTION('',(0.9897856724091524,1.9154641736662413E-08,-0.14256339885665473));
#6020=DIRECTION('',(-0.38169062593168107,1.2418655907804648E-07,-0.924290141717343));
#6021=DIRECTION('',(0.0405489543022617,-1.342483410267206E-07,0.9991775529429067));
#6022=FACE_SURFACE('',(#6027),#6023,.T.);
#6023=PLANE('',#6024);
#6024=AXIS2_PLACEMENT_3D('',#560,#6025,#6026);
#6025=DIRECTION('',(-3.4756994377800986E-15,0.999999999999991,1.343588476948095E-07));
#6026=DIRECTION('',(-0.679189507165925,9.861441397861057E-08,-0.7339629509421427));
#6027=FACE_BOUND('',#6028,.T.);
#6028=EDGE_LOOP('',(#6029,#6030,#6031));
#6029=ORIENTED_EDGE('',*,*,#6032,.T.);
#6030=ORIENTED_EDGE('',*,*,#6033,.T.);
#6031=ORIENTED_EDGE('',*,*,#6034,.T.);
#6032=EDGE_CURVE('',#561,#565,#6035,.F.);
#6033=EDGE_CURVE('',#565,#557,#6036,.T.);
#6034=EDGE_CURVE('',#557,#561,#6037,.T.);
#6035=LINE('',#560,#6038);
#6036=LINE('',#564,#6039);
#6037=LINE('',#556,#6040);
#6038=VECTOR('',#6041,1.0);
#6039=VECTOR('',#6042,1.0);
#6040=VECTOR('',#6043,1.0);
#6041=DIRECTION('',(-0.679189507165925,9.861441397861057E-08,-0.7339629509421427));
#6042=DIRECTION('',(0.39278640549069477,-1.2356038941686238E-07,0.9196297296530187));
#6043=DIRECTION('',(-0.13813013526500564,1.3307089512583326E-07,-0.9904140880115011));
#6044=FACE_SURFACE('',(#6049),#6045,.T.);
#6045=PLANE('',#6046);
#6046=AXIS2_PLACEMENT_3D('',#560,#6047,#6048);
#6047=DIRECTION('',(3.182949479078468E-14,0.9999999999999909,1.3435884277089805E-07));
#6048=DIRECTION('',(0.13813013526500564,-1.3307089512583326E-07,0.9904140880115011));
#6049=FACE_BOUND('',#6050,.T.);
#6050=EDGE_LOOP('',(#6051,#6052,#6053));
#6051=ORIENTED_EDGE('',*,*,#6054,.T.);
#6052=ORIENTED_EDGE('',*,*,#6055,.T.);
#6053=ORIENTED_EDGE('',*,*,#6056,.T.);
#6054=EDGE_CURVE('',#561,#557,#6057,.F.);
#6055=EDGE_CURVE('',#557,#559,#6058,.T.);
#6056=EDGE_CURVE('',#559,#561,#6059,.T.);
#6057=LINE('',#560,#6060);
#6058=LINE('',#556,#6061);
#6059=LINE('',#558,#6062);
#6060=VECTOR('',#6063,1.0);
#6061=VECTOR('',#6064,1.0);
#6062=VECTOR('',#6065,1.0);
#6063=DIRECTION('',(0.13813013526500564,-1.3307089512583326E-07,0.9904140880115011));
#6064=DIRECTION('',(-0.0405489543022617,1.342483410267206E-07,-0.9991775529429067));
#6065=DIRECTION('',(-0.39643615441901053,1.2334980001752375E-07,-0.9180622938937485));
ENDSEC;
END-ISO-10303-21;
