ISO-10303-21;
HEADER;
FILE_DESCRIPTION((''),'2;1');
FILE_NAME('ps', '2026-10-07T13:42:43', (''), (''), 'ImageToStl.com STEP Converter','', '');
FILE_SCHEMA(('AUTOMOTIVE_DESIGN_CC2'));
ENDSEC;
DATA;
#1=PRODUCT_DEFINITION_CONTEXT('',#4,'design');
#2=APPLICATION_PROTOCOL_DEFINITION('INTERNATIONAL STANDARD','automotive_design',1994,#4);
#3=(GEOMETRIC_REPRESENTATION_CONTEXT(3)GLOBAL_UNCERTAINTY_ASSIGNED_CONTEXT((#5))GLOBAL_UNIT_ASSIGNED_CONTEXT((#6,#7,#8))REPRESENTATION_CONTEXT('NONE','WORKSPACE'));
#4=APPLICATION_CONTEXT(' ');
#5=UNCERTAINTY_MEASURE_WITH_UNIT(LENGTH_MEASURE(1.0E-006),#6,'','');
#6=(CONVERSION_BASED_UNIT('METRE',#10)LENGTH_UNIT()NAMED_UNIT(#11));
#7=(NAMED_UNIT(#12)PLANE_ANGLE_UNIT()SI_UNIT($,.RADIAN.));
#8=(NAMED_UNIT(#12)SOLID_ANGLE_UNIT()SI_UNIT($,.STERADIAN.));
#9=AXIS2_PLACEMENT_3D('',#14,#15,#16);
#10=LENGTH_MEASURE_WITH_UNIT(LENGTH_MEASURE(1.0),#17);
#11=DIMENSIONAL_EXPONENTS(1.0,0.0,0.0,0.0,0.0,0.0,0.0);
#12=DIMENSIONAL_EXPONENTS(0.0,0.0,0.0,0.0,0.0,0.0,0.0);
#13=PRODUCT_CONTEXT('',#4,'mechanical');
#14=CARTESIAN_POINT('',(0.0,0.0,0.0));
#15=DIRECTION('',(0.0,0.0,1.0));
#16=DIRECTION('',(1.0,0.0,0.0));
#17=(NAMED_UNIT(#11)LENGTH_UNIT()SI_UNIT(.MILLI.,.METRE.));
#18=PRESENTATION_STYLE_ASSIGNMENT((#19));
#19=SURFACE_STYLE_USAGE(.BOTH.,#20);
#20=SURFACE_SIDE_STYLE('',(#21));
#21=SURFACE_STYLE_FILL_AREA(#22);
#22=FILL_AREA_STYLE('',(#23));
#23=FILL_AREA_STYLE_COLOUR('',#24);
#24=COLOUR_RGB('',0.06322,0.5562,0.58942);
#25=SHAPE_DEFINITION_REPRESENTATION(#26,#27);
#26=PRODUCT_DEFINITION_SHAPE('productshape0','',#30);
#27=MANIFOLD_SURFACE_SHAPE_REPRESENTATION('',(#28,#9),#3);
#28=SHELL_BASED_SURFACE_MODEL('shell0',(#33));
#29=PRODUCT('product0','','',(#13));
#30=PRODUCT_DEFINITION('mesh0','',#31,#2);
#31=PRODUCT_DEFINITION_FORMATION_WITH_SPECIFIED_SOURCE('prodsource0','',#29,.NOT_KNOWN.);
#32=STYLED_ITEM('',(#18),#33);
#33=CLOSED_SHELL('',(#1578,#1600,#1622,#1644,#1666,#1688,#1710,#1732,#1754,#1776,#1798,#1820,#1842,#1864,#1886,#1908,#1930,#1952,#1974,#1996,#2018,#2040,#2062,#2084,#2106,#2128,#2150,#2172,#2194,#2216,#2238,#2260,#2282,#2304,#2326,#2348,#2370,#2392,#2414,#2436,#2458,#2480,#2502,#2524,#2546,#2568,#2590,#2612,#2634,#2656,#2678,#2700,#2722,#2744,#2766,#2788,#2810,#2832,#2854,#2876,#2898,#2920,#2942,#2964,#2986,#3008,#3030,#3052,#3074,#3096,#3118,#3140,#3162,#3184,#3206,#3228,#3250,#3272,#3294,#3316,#3338,#3360,#3382,#3404,#3426,#3448,#3470,#3492,#3514,#3536,#3558,#3580,#3602,#3624,#3646,#3668,#3690,#3712,#3734,#3756,#3778,#3800,#3822,#3844,#3866,#3888,#3910,#3932,#3954,#3976,#3998,#4020,#4042,#4064,#4086,#4108,#4130,#4152,#4174,#4196,#4218,#4240,#4262,#4284,#4306,#4328,#4350,#4372,#4394,#4416,#4438,#4460,#4482,#4504,#4526,#4548,#4570,#4592,#4614,#4636,#4658,#4680,#4702,#4724,#4746,#4768,#4790,#4812,#4834,#4856,#4878,#4900,#4922,#4944,#4966,#4988,#5010,#5032,#5054,#5076,#5098,#5120,#5142,#5164,#5186,#5208,#5230,#5252,#5274,#5296,#5318,#5340,#5362,#5384,#5406,#5428,#5450,#5472,#5494,#5516,#5538,#5560,#5582,#5604,#5626,#5648,#5670,#5692,#5714,#5736,#5758,#5780,#5802,#5824,#5846,#5868,#5890,#5912,#5934,#5956,#5978,#6000,#6022,#6044,#6066,#6088,#6110,#6132,#6154,#6176,#6198,#6220,#6242,#6264,#6286,#6308,#6330,#6352,#6374,#6396,#6418,#6440,#6462,#6484,#6506,#6528,#6550,#6572,#6594,#6616,#6638,#6660,#6682,#6704,#6726,#6748,#6770,#6792,#6814,#6836,#6858,#6880,#6902,#6924,#6946,#6968,#6990,#7012,#7034,#7056,#7078,#7100,#7122,#7144,#7166,#7188,#7210,#7232,#7254,#7276,#7298,#7320,#7342,#7364,#7386,#7408,#7430,#7452,#7474,#7496,#7518,#7540,#7562,#7584,#7606,#7628,#7650,#7672,#7694,#7716,#7738,#7760,#7782,#7804,#7826,#7848,#7870,#7892,#7914,#7936,#7958,#7980,#8002,#8024,#8046,#8068,#8090,#8112,#8134,#8156,#8178,#8200,#8222,#8244,#8266,#8288,#8310,#8332,#8354,#8376,#8398,#8420,#8442,#8464,#8486,#8508,#8530,#8552,#8574,#8596,#8618,#8640,#8662,#8684,#8706,#8728,#8750,#8772,#8794,#8816,#8838,#8860,#8882,#8904,#8926,#8948,#8970,#8992,#9014,#9036,#9058,#9080,#9102,#9124,#9146,#9168,#9190,#9212,#9234,#9256,#9278,#9300,#9322,#9344,#9366,#9388,#9410,#9432,#9454,#9476,#9498,#9520,#9542,#9564,#9586,#9608,#9630,#9652,#9674,#9696,#9718,#9740,#9762,#9784,#9806,#9828,#9850,#9872,#9894,#9916,#9938,#9960,#9982,#10004,#10026,#10048,#10070,#10092,#10114,#10136,#10158,#10180,#10202,#10224,#10246,#10268,#10290,#10312,#10334,#10356,#10378,#10400,#10422,#10444,#10466,#10488,#10510,#10532,#10554,#10576,#10598,#10620,#10642,#10664,#10686,#10708,#10730,#10752,#10774,#10796,#10818,#10840,#10862,#10884,#10906,#10928,#10950,#10972,#10994,#11016,#11038,#11060,#11082,#11104,#11126,#11148,#11170,#11192,#11214,#11236,#11258,#11280,#11302,#11324,#11346,#11368,#11390,#11412,#11434,#11456,#11478,#11500,#11522,#11544,#11566,#11588,#11610,#11632,#11654,#11676,#11698,#11720,#11742,#11764,#11786,#11808,#11830,#11852,#11874,#11896,#11918,#11940,#11962,#11984,#12006,#12028,#12050,#12072,#12094,#12116,#12138,#12160,#12182,#12204,#12226,#12248,#12270,#12292,#12314,#12336,#12358,#12380,#12402,#12424,#12446,#12468,#12490,#12512,#12534,#12556,#12578,#12600,#12622,#12644,#12666,#12688,#12710,#12732,#12754,#12776,#12798,#12820,#12842,#12864,#12886,#12908,#12930,#12952,#12974,#12996,#13018,#13040,#13062,#13084,#13106,#13128,#13150,#13172,#13194,#13216,#13238,#13260,#13282,#13304,#13326,#13348,#13370,#13392,#13414,#13436,#13458,#13480,#13502,#13524,#13546,#13568,#13590,#13612,#13634,#13656,#13678,#13700,#13722,#13744,#13766,#13788,#13810,#13832,#13854,#13876,#13898,#13920,#13942,#13964,#13986,#14008,#14030,#14052,#14074,#14096,#14118,#14140,#14162,#14184,#14206,#14228,#14250,#14272,#14294,#14316,#14338,#14360,#14382,#14404,#14426,#14448,#14470,#14492,#14514,#14536,#14558,#14580,#14602,#14624,#14646,#14668,#14690,#14712,#14734,#14756,#14778,#14800,#14822,#14844,#14866,#14888,#14910,#14932,#14954,#14976,#14998,#15020,#15042,#15064,#15086,#15108,#15130,#15152,#15174,#15196,#15218,#15240,#15262,#15284,#15306,#15328,#15350,#15372,#15394,#15416,#15438,#15460,#15482,#15504,#15526,#15548,#15570,#15592,#15614,#15636,#15658,#15680,#15702,#15724,#15746,#15768,#15790,#15812,#15834,#15856,#15878,#15900,#15922,#15944,#15966,#15988,#16010,#16032,#16054,#16076,#16098,#16120,#16142,#16164,#16186,#16208,#16230,#16252,#16274,#16296,#16318,#16340,#16362,#16384,#16406,#16428,#16450,#16472,#16494,#16516,#16538,#16560,#16582,#16604,#16626,#16648,#16670,#16692,#16714,#16736,#16758,#16780,#16802,#16824,#16846,#16868,#16890,#16912,#16934,#16956,#16978,#17000,#17022,#17044,#17066,#17088,#17110,#17132,#17154,#17176,#17198,#17220,#17242,#17264,#17286,#17308,#17330,#17352,#17374,#17396,#17418,#17440,#17462,#17484,#17506,#17528,#17550,#17572,#17594,#17616,#17638,#17660,#17682,#17704,#17726,#17748,#17770,#17792,#17814,#17836,#17858,#17880,#17902,#17924,#17946,#17968,#17990,#18012,#18034,#18056,#18078,#18100,#18122,#18144,#18166,#18188,#18210,#18232,#18254,#18276,#18298,#18320));
#34=CARTESIAN_POINT('',(15.965875171295288,-72.29075521720306,340.12267116339683));
#35=VERTEX_POINT('',#34);
#36=CARTESIAN_POINT('',(16.191046301116543,-72.29075521785646,340.12753431827025));
#37=VERTEX_POINT('',#36);
#38=CARTESIAN_POINT('',(16.117783638388772,-72.29075521809088,340.1292790552916));
#39=VERTEX_POINT('',#38);
#40=CARTESIAN_POINT('',(16.26467166826967,-72.29075521715107,340.12228428557364));
#41=VERTEX_POINT('',#40);
#42=CARTESIAN_POINT('',(15.82387851561063,-72.29075521457422,340.10310540626125));
#43=VERTEX_POINT('',#42);
#44=CARTESIAN_POINT('',(16.33873215623514,-72.29075521597146,340.1135046800736));
#45=VERTEX_POINT('',#44);
#46=CARTESIAN_POINT('',(16.413300388896744,-72.29075521431436,340.10117132839054));
#47=VERTEX_POINT('',#46);
#48=CARTESIAN_POINT('',(15.69242223104905,-72.29075521025635,340.0709686098339));
#49=VERTEX_POINT('',#48);
#50=CARTESIAN_POINT('',(16.48844878264147,-72.29075521217653,340.08526005714475));
#51=VERTEX_POINT('',#50);
#52=CARTESIAN_POINT('',(16.564249857604707,-72.29075520955475,340.0657466929566));
#53=VERTEX_POINT('',#52);
#54=CARTESIAN_POINT('',(15.572134825450597,-72.29075520430143,340.02664754818966));
#55=VERTEX_POINT('',#54);
#56=CARTESIAN_POINT('',(16.640776237670252,-72.29075520644574,340.04260706244634));
#57=VERTEX_POINT('',#56);
#58=CARTESIAN_POINT('',(16.71810033922509,-72.29075520284624,340.01581699223436));
#59=VERTEX_POINT('',#58);
#60=CARTESIAN_POINT('',(15.463644910403723,-72.29075519676141,339.9705289954031));
#61=VERTEX_POINT('',#60);
#62=CARTESIAN_POINT('',(16.796294786153013,-72.29075519875305,339.98535230894095));
#63=VERTEX_POINT('',#62);
#64=CARTESIAN_POINT('',(16.875432098589414,-72.29075519416288,339.95118883918644));
#65=VERTEX_POINT('',#64);
#66=CARTESIAN_POINT('',(15.367580993748476,-72.29075518768826,339.9029997774233));
#67=VERTEX_POINT('',#66);
#68=CARTESIAN_POINT('',(16.955584796669683,-72.29075518907251,339.91330240959115));
#69=VERTEX_POINT('',#68);
#70=CARTESIAN_POINT('',(17.03682540052921,-72.29075518347867,339.87166884677544));
#71=VERTEX_POINT('',#70);
#72=CARTESIAN_POINT('',(15.284571648167658,-72.29075517713396,339.82444672019926));
#73=VERTEX_POINT('',#72);
#74=CARTESIAN_POINT('',(16.391123855992518,-72.29075514058586,339.55242813991356));
#75=VERTEX_POINT('',#74);
#76=CARTESIAN_POINT('',(16.464136796308438,-72.29075513796515,339.5329228421643));
#77=VERTEX_POINT('',#76);
#78=CARTESIAN_POINT('',(16.53988153588753,-72.29075513471754,339.50875173198716));
#79=VERTEX_POINT('',#78);
#80=CARTESIAN_POINT('',(16.618092063818295,-72.29075513082681,339.47979394248375));
#81=VERTEX_POINT('',#80);
#82=CARTESIAN_POINT('',(16.69850257668604,-72.29075512627671,339.4459286067557));
#83=VERTEX_POINT('',#82);
#84=CARTESIAN_POINT('',(16.78084706357926,-72.29075512105098,339.4070348319675));
#85=VERTEX_POINT('',#84);
#86=CARTESIAN_POINT('',(16.864859721083263,-72.2907551151334,339.36299175122093));
#87=VERTEX_POINT('',#86);
#88=CARTESIAN_POINT('',(16.95027453828655,-72.29075510850772,339.313678487891));
#89=VERTEX_POINT('',#88);
#90=CARTESIAN_POINT('',(17.03682540052921,-72.29075510115771,339.2589741005104));
#91=VERTEX_POINT('',#90);
#92=CARTESIAN_POINT('',(15.21524542040697,-72.29075516515047,339.73525659780574));
#93=VERTEX_POINT('',#92);
#94=CARTESIAN_POINT('',(16.25435700180259,-72.29075514401156,339.5779248305646));
#95=VERTEX_POINT('',#94);
#96=CARTESIAN_POINT('',(16.32110862210287,-72.29075514259591,339.5673885051018));
#97=VERTEX_POINT('',#96);
#98=CARTESIAN_POINT('',(15.16023087018066,-72.29075515178978,339.6358162361918));
#99=VERTEX_POINT('',#98);
#100=CARTESIAN_POINT('',(16.19113500600318,-72.29075514484904,339.5841579832002));
#101=VERTEX_POINT('',#100);
#102=CARTESIAN_POINT('',(15.120156547476569,-72.29075513710384,339.52651240943203));
#103=VERTEX_POINT('',#102);
#104=CARTESIAN_POINT('',(16.070972565359057,-72.29075514479868,339.583783218004));
#105=VERTEX_POINT('',#104);
#106=CARTESIAN_POINT('',(16.131708541867738,-72.29075514512459,339.5862088299071));
#107=VERTEX_POINT('',#106);
#108=CARTESIAN_POINT('',(16.014249680920514,-72.29075514384265,339.57666765919896));
#109=VERTEX_POINT('',#108);
#110=CARTESIAN_POINT('',(15.961781570462541,-72.29075514228896,339.5651038872887));
#111=VERTEX_POINT('',#110);
#112=CARTESIAN_POINT('',(15.913810071518178,-72.29075514017008,339.5493336360701));
#113=VERTEX_POINT('',#112);
#114=CARTESIAN_POINT('',(15.870576865997855,-72.29075513751852,339.52959866527686));
#115=VERTEX_POINT('',#114);
#116=CARTESIAN_POINT('',(15.832323739560408,-72.29075513436673,339.5061407216743));
#117=VERTEX_POINT('',#116);
#118=CARTESIAN_POINT('',(15.09565100552467,-72.29075512114464,339.407731930507));
#119=VERTEX_POINT('',#118);
#120=CARTESIAN_POINT('',(15.799292477864675,-72.29075513074721,339.4792015520277));
#121=VERTEX_POINT('',#120);
#122=CARTESIAN_POINT('',(15.771724762821087,-72.29075512669245,339.4490229290394));
#123=VERTEX_POINT('',#122);
#124=CARTESIAN_POINT('',(15.74986238008848,-72.29075512223491,339.4158465865063));
#125=VERTEX_POINT('',#124);
#126=CARTESIAN_POINT('',(15.733947063451488,-72.29075511740709,339.37991428416206));
#127=VERTEX_POINT('',#126);
#128=CARTESIAN_POINT('',(15.087342881850521,-72.29075510396412,339.27986156052293));
#129=VERTEX_POINT('',#128);
#130=CARTESIAN_POINT('',(15.724220598568948,-72.29075511224147,339.3414677784985));
#131=VERTEX_POINT('',#130);
#132=CARTESIAN_POINT('',(15.720924719225494,-72.2907551067705,339.3007488130387));
#133=VERTEX_POINT('',#132);
#134=CARTESIAN_POINT('',(15.725352856791524,-72.29075510200549,339.2652839167372));
#135=VERTEX_POINT('',#134);
#136=CARTESIAN_POINT('',(15.116111286916475,-72.29075507731798,339.08154083230977));
#137=VERTEX_POINT('',#136);
#138=CARTESIAN_POINT('',(15.738943327285611,-72.29075509702608,339.22822342823883));
#139=VERTEX_POINT('',#138);
#140=CARTESIAN_POINT('',(15.762155476772762,-72.29075509177383,339.1891322331938));
#141=VERTEX_POINT('',#140);
#142=CARTESIAN_POINT('',(15.795448651317983,-72.29075508619027,339.14757517834664));
#143=VERTEX_POINT('',#142);
#144=CARTESIAN_POINT('',(15.839282196986282,-72.29075508021694,339.1031171039576));
#145=VERTEX_POINT('',#144);
#146=CARTESIAN_POINT('',(15.894115407968464,-72.29075507379537,339.0553228697396));
#147=VERTEX_POINT('',#146);
#148=CARTESIAN_POINT('',(15.19564746333966,-72.29075505372184,338.9059205416476));
#149=VERTEX_POINT('',#148);
#150=CARTESIAN_POINT('',(15.960407630329534,-72.29075506686708,339.00375731595295));
#151=VERTEX_POINT('',#150);
#152=CARTESIAN_POINT('',(16.0386182101345,-72.29075505937361,338.94798528285787));
#153=VERTEX_POINT('',#152);
#154=CARTESIAN_POINT('',(16.12920644157417,-72.2907550512565,338.88757162368313));
#155=VERTEX_POINT('',#154);
#156=CARTESIAN_POINT('',(15.315797869168753,-72.29075503279567,338.7501722345235));
#157=VERTEX_POINT('',#156);
#158=CARTESIAN_POINT('',(16.232631670713545,-72.29075504245728,338.82208119165745));
#159=VERTEX_POINT('',#158);
#160=CARTESIAN_POINT('',(16.349353295491838,-72.29075503291749,338.75107884000965));
#161=VERTEX_POINT('',#160);
#162=CARTESIAN_POINT('',(16.479830506351448,-72.29075502257864,338.6741293700943));
#163=VERTEX_POINT('',#162);
#164=CARTESIAN_POINT('',(15.46640892354678,-72.29075501415946,338.61146740505023));
#165=VERTEX_POINT('',#164);
#166=CARTESIAN_POINT('',(16.60189849395796,-72.29075501145213,338.5913174406145));
#167=VERTEX_POINT('',#166);
#168=CARTESIAN_POINT('',(15.63732710721738,-72.29075499743314,338.4869775603091));
#169=VERTEX_POINT('',#168);
#170=CARTESIAN_POINT('',(16.71081554118996,-72.29075500092002,338.5129295508602));
#171=VERTEX_POINT('',#170);
#172=CARTESIAN_POINT('',(16.807064804371493,-72.29075499087513,338.4381679274279));
#173=VERTEX_POINT('',#172);
#174=CARTESIAN_POINT('',(15.818398836081442,-72.2907549822367,338.3738742073816));
#175=VERTEX_POINT('',#174);
#176=CARTESIAN_POINT('',(16.891129854820235,-72.29075498121028,338.3662347969143));
#177=VERTEX_POINT('',#176);
#178=CARTESIAN_POINT('',(15.999470616819707,-72.2907549681901,338.2693288014748));
#179=VERTEX_POINT('',#178);
#180=CARTESIAN_POINT('',(16.963494160105455,-72.29075497181829,338.29633243779006));
#181=VERTEX_POINT('',#180);
#182=CARTESIAN_POINT('',(17.02464118779642,-72.29075496259192,338.22766292102915));
#183=VERTEX_POINT('',#182);
#184=CARTESIAN_POINT('',(16.17038885236451,-72.29075495491333,338.1705130052927));
#185=VERTEX_POINT('',#184);
#186=CARTESIAN_POINT('',(17.075054405462396,-72.29075495342404,338.15942862885083));
#187=VERTEX_POINT('',#186);
#188=CARTESIAN_POINT('',(16.320999893773987,-72.29075494202633,338.0745982221683));
#189=VERTEX_POINT('',#188);
#190=CARTESIAN_POINT('',(17.115217280672653,-72.29075494420745,338.0908317359774));
#191=VERTEX_POINT('',#190);
#192=CARTESIAN_POINT('',(17.145613488493268,-72.29075493483494,338.0210744171312));
#193=VERTEX_POINT('',#192);
#194=CARTESIAN_POINT('',(16.44115029960308,-72.29075492914907,337.9787559591828));
#195=VERTEX_POINT('',#194);
#196=CARTESIAN_POINT('',(17.16672649649351,-72.29075492519931,337.94935884703466));
#197=VERTEX_POINT('',#196);
#198=CARTESIAN_POINT('',(16.52068652465833,-72.29075491590153,337.8801577234178));
#199=VERTEX_POINT('',#198);
#200=CARTESIAN_POINT('',(17.179039772242646,-72.2907549151934,337.8748873041585));
#201=VERTEX_POINT('',#200);
#202=CARTESIAN_POINT('',(16.549454816249465,-72.29075490190363,337.7759748144577));
#203=VERTEX_POINT('',#202);
#204=CARTESIAN_POINT('',(17.183036783309944,-72.29075490471001,337.79686206697346));
#205=VERTEX_POINT('',#204);
#206=CARTESIAN_POINT('',(15.066455552569174,-72.2907548195827,337.16328027568943));
#207=VERTEX_POINT('',#206);
#208=CARTESIAN_POINT('',(15.166637386089688,-72.29075490044093,337.7650882862349));
#209=VERTEX_POINT('',#208);
#210=CARTESIAN_POINT('',(15.066455552569174,-72.29075490938735,337.83167432741374));
#211=VERTEX_POINT('',#210);
#212=CARTESIAN_POINT('',(17.174064413712216,-72.29075488675589,337.66323390660267));
#213=VERTEX_POINT('',#212);
#214=CARTESIAN_POINT('',(16.545199990394693,-72.29075489471225,337.7224511131691));
#215=VERTEX_POINT('',#214);
#216=CARTESIAN_POINT('',(15.265078528864027,-72.2907548923065,337.7045456937228));
#217=VERTEX_POINT('',#216);
#218=CARTESIAN_POINT('',(16.53282228688579,-72.29075488810552,337.67327893146694));
#219=VERTEX_POINT('',#218);
#220=CARTESIAN_POINT('',(15.361488965193384,-72.2907548849776,337.6499985143635));
#221=VERTEX_POINT('',#220);
#222=CARTESIAN_POINT('',(16.51290197055428,-72.29075488208348,337.6284582693513));
#223=VERTEX_POINT('',#222);
#224=CARTESIAN_POINT('',(17.147806107293462,-72.2907548699029,337.5378012481801));
#225=VERTEX_POINT('',#224);
#226=CARTESIAN_POINT('',(15.455578575630547,-72.29075487844774,337.6013984013975));
#227=VERTEX_POINT('',#226);
#228=CARTESIAN_POINT('',(16.48601920248329,-72.29075487664609,337.58798912682215));
#229=VERTEX_POINT('',#228);
#230=CARTESIAN_POINT('',(15.547057279633954,-72.29075487271045,337.55869711181396));
#231=VERTEX_POINT('',#230);
#232=CARTESIAN_POINT('',(16.452754247504345,-72.29075487179335,337.55187140013106));
#233=VERTEX_POINT('',#232);
#234=CARTESIAN_POINT('',(15.635634970724944,-72.2907548677592,337.521846195105));
#235=VERTEX_POINT('',#234);
#236=CARTESIAN_POINT('',(16.413687266700563,-72.2907548675253,337.5201052967749));
#237=VERTEX_POINT('',#236);
#238=CARTESIAN_POINT('',(17.10525369880952,-72.29075485423873,337.42121666920855));
#239=VERTEX_POINT('',#238);
#240=CARTESIAN_POINT('',(15.721021516487752,-72.2907548635875,337.49079720076304));
#241=VERTEX_POINT('',#240);
#242=CARTESIAN_POINT('',(16.36939842115507,-72.29075486384188,337.4926906092568));
#243=VERTEX_POINT('',#242);
#244=CARTESIAN_POINT('',(16.320467975699387,-72.29075486074316,337.46962754507354));
#245=VERTEX_POINT('',#244);
#246=CARTESIAN_POINT('',(15.802926888255023,-72.29075486018884,337.465501885777));
#247=VERTEX_POINT('',#246);
#248=CARTESIAN_POINT('',(16.26747609141664,-72.29075485822909,337.4509158967284));
#249=VERTEX_POINT('',#248);
#250=CARTESIAN_POINT('',(15.881060901736788,-72.29075485755676,337.4459119033876));
#251=VERTEX_POINT('',#250);
#252=CARTESIAN_POINT('',(16.211003033138354,-72.29075485629969,337.43655587171816));
#253=VERTEX_POINT('',#252);
#254=CARTESIAN_POINT('',(15.955133476391488,-72.29075485568474,337.4319789068354));
#255=VERTEX_POINT('',#254);
#256=CARTESIAN_POINT('',(16.151628858199246,-72.29075485495494,337.426547262546));
#257=VERTEX_POINT('',#256);
#258=CARTESIAN_POINT('',(16.024854531677562,-72.29075485456629,337.4236545493612));
#259=VERTEX_POINT('',#258);
#260=CARTESIAN_POINT('',(16.089933935179246,-72.2907548541949,337.42089048420553));
#261=VERTEX_POINT('',#260);
#262=CARTESIAN_POINT('',(17.047398400525793,-72.29075483985109,337.3141329546876));
#263=VERTEX_POINT('',#262);
#264=CARTESIAN_POINT('',(16.975231632204498,-72.29075482682765,337.21720268212005));
#265=VERTEX_POINT('',#264);
#266=CARTESIAN_POINT('',(16.889744191117416,-72.29075481525615,337.1310788440023));
#267=VERTEX_POINT('',#266);
#268=CARTESIAN_POINT('',(15.165343935266463,-72.29075481293266,337.1137856439271));
#269=VERTEX_POINT('',#268);
#270=CARTESIAN_POINT('',(16.791927600775168,-72.29075480522427,337.05641401783714));
#271=VERTEX_POINT('',#270);
#272=CARTESIAN_POINT('',(15.260533518719289,-72.29075480699721,337.0696095706866));
#273=VERTEX_POINT('',#272);
#274=CARTESIAN_POINT('',(15.352677042504641,-72.29075480175037,337.0305586689306));
#275=VERTEX_POINT('',#274);
#276=CARTESIAN_POINT('',(16.682772762197942,-72.29075479681968,336.99386078112735));
#277=VERTEX_POINT('',#276);
#278=CARTESIAN_POINT('',(15.44242722026241,-72.29075479716617,336.9964395516216));
#279=VERTEX_POINT('',#278);
#280=CARTESIAN_POINT('',(15.530436785085307,-72.29075479321858,336.9670586242255));
#281=VERTEX_POINT('',#280);
#282=CARTESIAN_POINT('',(16.56327099139955,-72.29075479013014,336.94407212636935));
#283=VERTEX_POINT('',#282);
#284=CARTESIAN_POINT('',(15.617358496003149,-72.29075478988166,336.94222270720167));
#285=VERTEX_POINT('',#284);
#286=CARTESIAN_POINT('',(16.43441350064539,-72.29075478524331,336.9077006310659));
#287=VERTEX_POINT('',#286);
#288=CARTESIAN_POINT('',(15.703845034234448,-72.29075478712939,336.9217382060159));
#289=VERTEX_POINT('',#288);
#290=CARTESIAN_POINT('',(15.790549132871917,-72.2907547849358,336.9054119411277));
#291=VERTEX_POINT('',#290);
#292=CARTESIAN_POINT('',(16.29719139845247,-72.29075478224689,336.8853990802166));
#293=VERTEX_POINT('',#292);
#294=CARTESIAN_POINT('',(15.878123576882473,-72.2907547832749,336.89305031800274));
#295=VERTEX_POINT('',#294);
#296=CARTESIAN_POINT('',(15.967221047484628,-72.29075478212074,336.88446015710053));
#297=VERTEX_POINT('',#296);
#298=CARTESIAN_POINT('',(16.152595897086186,-72.29075478122861,336.87782025882103));
#299=VERTEX_POINT('',#298);
#300=CARTESIAN_POINT('',(16.058494225896894,-72.2907547814473,336.8794478638868));
#301=VERTEX_POINT('',#300);
#302=CARTESIAN_POINT('',(11.71752264640486,-72.2907547896478,336.94048222386516));
#303=VERTEX_POINT('',#302);
#304=CARTESIAN_POINT('',(12.399841671893313,-72.29075534531415,341.0761706717962));
#305=VERTEX_POINT('',#304);
#306=CARTESIAN_POINT('',(11.71752264640486,-72.29075542763508,341.6888652105645));
#307=VERTEX_POINT('',#306);
#308=CARTESIAN_POINT('',(13.200522065707759,-72.29075542763508,341.6888652105645));
#309=VERTEX_POINT('',#308);
#310=CARTESIAN_POINT('',(13.448176149348654,-72.29075542595685,341.67637452441676));
#311=VERTEX_POINT('',#310);
#312=CARTESIAN_POINT('',(13.672646199320269,-72.29075542106949,341.6399990866737));
#313=VERTEX_POINT('',#312);
#314=CARTESIAN_POINT('',(13.874246573291032,-72.29075541319382,341.5813824796563));
#315=VERTEX_POINT('',#314);
#316=CARTESIAN_POINT('',(14.053291628929372,-72.29075540255076,341.5021687006793));
#317=VERTEX_POINT('',#316);
#318=CARTESIAN_POINT('',(14.21009551640691,-72.29075538936112,341.40400153956034));
#319=VERTEX_POINT('',#318);
#320=CARTESIAN_POINT('',(14.344972593392072,-72.29075537384583,341.2885249936142));
#321=VERTEX_POINT('',#320);
#322=CARTESIAN_POINT('',(14.458237113804884,-72.29075535622573,341.15738285265854));
#323=VERTEX_POINT('',#322);
#324=CARTESIAN_POINT('',(13.200522065707759,-72.29075534531415,341.0761706717962));
#325=VERTEX_POINT('',#324);
#326=CARTESIAN_POINT('',(14.55020333156537,-72.29075533672172,341.012219321505));
#327=VERTEX_POINT('',#326);
#328=CARTESIAN_POINT('',(12.399841671893313,-72.29075514793098,339.60709608242286));
#329=VERTEX_POINT('',#328);
#330=CARTESIAN_POINT('',(13.346584258281496,-72.29075534429316,341.06857172320906));
#331=VERTEX_POINT('',#330);
#332=CARTESIAN_POINT('',(13.47550617679542,-72.29075534135575,341.0467092356335));
#333=VERTEX_POINT('',#332);
#334=CARTESIAN_POINT('',(13.588134096992562,-72.29075533669032,341.01198568008425));
#335=VERTEX_POINT('',#334);
#336=CARTESIAN_POINT('',(14.621185552467757,-72.29075531555466,340.85467808622275));
#337=VERTEX_POINT('',#336);
#338=CARTESIAN_POINT('',(13.685314087119139,-72.2907553304853,340.9658031125825));
#339=VERTEX_POINT('',#338);
#340=CARTESIAN_POINT('',(13.767892319169775,-72.29075532292903,340.90956369289756));
#341=VERTEX_POINT('',#340);
#342=CARTESIAN_POINT('',(13.83671486139069,-72.29075531420993,340.844669580799));
#343=VERTEX_POINT('',#342);
#344=CARTESIAN_POINT('',(14.671498030432069,-72.29075529294542,340.6864030403782));
#345=VERTEX_POINT('',#344);
#346=CARTESIAN_POINT('',(13.892627885776506,-72.2907553045164,340.77252293605636));
#347=VERTEX_POINT('',#346);
#348=CARTESIAN_POINT('',(13.936477564321848,-72.2907552940368,340.694525918439));
#349=VERTEX_POINT('',#348);
#350=CARTESIAN_POINT('',(13.969109965272935,-72.29075528295954,340.61208058396807));
#351=VERTEX_POINT('',#350);
#352=CARTESIAN_POINT('',(14.70145504531543,-72.29075526911488,340.50903818128586));
#353=VERTEX_POINT('',#352);
#354=CARTESIAN_POINT('',(13.99137126062439,-72.29075527147302,340.52658919616147));
#355=VERTEX_POINT('',#354);
#356=CARTESIAN_POINT('',(14.004107518622433,-72.29075525976562,340.4394539147886));
#357=VERTEX_POINT('',#356);
#358=CARTESIAN_POINT('',(14.711370876974968,-72.2907552442839,340.3242272987636));
#359=VERTEX_POINT('',#358);
#360=CARTESIAN_POINT('',(14.008164807513282,-72.29075524802575,340.352076899619));
#361=VERTEX_POINT('',#360);
#362=CARTESIAN_POINT('',(14.001432054743404,-72.29075523269343,340.23796225905903));
#363=VERTEX_POINT('',#362);
#364=CARTESIAN_POINT('',(14.700870708358991,-72.29075521974148,340.1415640602153));
#365=VERTEX_POINT('',#364);
#366=CARTESIAN_POINT('',(13.981572223732257,-72.29075521852396,340.1325023109126));
#367=VERTEX_POINT('',#366);
#368=CARTESIAN_POINT('',(14.669144912848687,-72.29075519629367,339.96704776935906));
#369=VERTEX_POINT('',#368);
#370=CARTESIAN_POINT('',(13.949092955427574,-72.29075520554979,340.0359387889766));
#371=VERTEX_POINT('',#370);
#372=CARTESIAN_POINT('',(13.904501890777084,-72.29075519380342,339.9485134789219));
#373=VERTEX_POINT('',#372);
#374=CARTESIAN_POINT('',(14.615854907522959,-72.29075517413862,339.8021532098518));
#375=VERTEX_POINT('',#374);
#376=CARTESIAN_POINT('',(13.848306774476924,-72.29075518331734,339.8704681145452));
#377=VERTEX_POINT('',#376);
#378=CARTESIAN_POINT('',(13.781015351223232,-72.29075517412402,339.8020444296433));
#379=VERTEX_POINT('',#378);
#380=CARTESIAN_POINT('',(14.54066226508332,-72.29075515347448,339.6483550356649));
#381=VERTEX_POINT('',#380);
#382=CARTESIAN_POINT('',(13.703135158215332,-72.29075516625593,339.7434842098871));
#383=VERTEX_POINT('',#382);
#384=CARTESIAN_POINT('',(13.615173940149361,-72.29075515974557,339.69502918907335));
#385=VERTEX_POINT('',#384);
#386=CARTESIAN_POINT('',(13.517639337973051,-72.29075515462542,339.6569211009988));
#387=VERTEX_POINT('',#386);
#388=CARTESIAN_POINT('',(13.411039096382538,-72.29075515092794,339.6294017313344));
#389=VERTEX_POINT('',#388);
#390=CARTESIAN_POINT('',(14.443228454482878,-72.29075513449938,339.5071279267069));
#391=VERTEX_POINT('',#390);
#392=CARTESIAN_POINT('',(13.295880752577148,-72.29075514868563,339.6127128138768));
#393=VERTEX_POINT('',#392);
#394=CARTESIAN_POINT('',(13.172672258749827,-72.29075514793098,339.60709608242286));
#395=VERTEX_POINT('',#394);
#396=CARTESIAN_POINT('',(12.399841671893313,-72.29075506561004,338.9944015436546));
#397=VERTEX_POINT('',#396);
#398=CARTESIAN_POINT('',(14.323215100297347,-72.29075511741144,339.3799465758549));
#399=VERTEX_POINT('',#398);
#400=CARTESIAN_POINT('',(14.180283723354037,-72.2907551024088,339.26828566301725));
#401=VERTEX_POINT('',#400);
#402=CARTESIAN_POINT('',(14.014095792606057,-72.29075508968961,339.17361986810255));
#403=VERTEX_POINT('',#402);
#404=CARTESIAN_POINT('',(13.824312984503322,-72.29075507945201,339.0974238710193));
#405=VERTEX_POINT('',#404);
#406=CARTESIAN_POINT('',(13.610596767998942,-72.29075507189411,339.0411723646446));
#407=VERTEX_POINT('',#406);
#408=CARTESIAN_POINT('',(13.372608715794428,-72.29075506721408,339.0063400288868));
#409=VERTEX_POINT('',#408);
#410=CARTESIAN_POINT('',(13.110010296842887,-72.29075506561004,338.9944015436546));
#411=VERTEX_POINT('',#410);
#412=CARTESIAN_POINT('',(12.399841671893313,-72.2907547896478,336.94048222386516));
#413=VERTEX_POINT('',#412);
#414=CARTESIAN_POINT('',(13.448176149348654,-71.40120005729946,341.67637464393636));
#415=VERTEX_POINT('',#414);
#416=CARTESIAN_POINT('',(13.448176149348654,-72.29075542595685,341.67637452441676));
#417=VERTEX_POINT('',#416);
#418=CARTESIAN_POINT('',(13.672646199320269,-72.29075542106949,341.6399990866737));
#419=VERTEX_POINT('',#418);
#420=CARTESIAN_POINT('',(13.672646199320269,-71.4012000524121,341.63999920619335));
#421=VERTEX_POINT('',#420);
#422=CARTESIAN_POINT('',(13.874246573291032,-72.29075541319382,341.5813824796563));
#423=VERTEX_POINT('',#422);
#424=CARTESIAN_POINT('',(13.874246573291032,-71.40120004453644,341.581382599176));
#425=VERTEX_POINT('',#424);
#426=CARTESIAN_POINT('',(14.053291628929372,-72.29075540255076,341.5021687006793));
#427=VERTEX_POINT('',#426);
#428=CARTESIAN_POINT('',(14.053291628929372,-71.40120003389336,341.5021688201989));
#429=VERTEX_POINT('',#428);
#430=CARTESIAN_POINT('',(14.21009551640691,-72.29075538936112,341.40400153956034));
#431=VERTEX_POINT('',#430);
#432=CARTESIAN_POINT('',(14.21009551640691,-71.40120002070374,341.40400165908));
#433=VERTEX_POINT('',#432);
#434=CARTESIAN_POINT('',(14.344972593392072,-72.29075537384583,341.2885249936142));
#435=VERTEX_POINT('',#434);
#436=CARTESIAN_POINT('',(14.344972593392072,-71.40120000518844,341.2885251131338));
#437=VERTEX_POINT('',#436);
#438=CARTESIAN_POINT('',(14.458237113804884,-72.29075535622573,341.15738285265854));
#439=VERTEX_POINT('',#438);
#440=CARTESIAN_POINT('',(14.458237113804884,-71.40119998756833,341.1573829721782));
#441=VERTEX_POINT('',#440);
#442=CARTESIAN_POINT('',(14.55020333156537,-72.29075533672172,341.012219321505));
#443=VERTEX_POINT('',#442);
#444=CARTESIAN_POINT('',(14.55020333156537,-71.40119996806433,341.0122194410246));
#445=VERTEX_POINT('',#444);
#446=CARTESIAN_POINT('',(14.621185552467757,-72.29075531555466,340.85467808622275));
#447=VERTEX_POINT('',#446);
#448=CARTESIAN_POINT('',(14.621185552467757,-71.40119994689726,340.8546782057424));
#449=VERTEX_POINT('',#448);
#450=CARTESIAN_POINT('',(14.671498030432069,-72.29075529294542,340.6864030403782));
#451=VERTEX_POINT('',#450);
#452=CARTESIAN_POINT('',(14.671498030432069,-71.40119992428802,340.68640315989785));
#453=VERTEX_POINT('',#452);
#454=CARTESIAN_POINT('',(14.70145504531543,-72.29075526911488,340.50903818128586));
#455=VERTEX_POINT('',#454);
#456=CARTESIAN_POINT('',(14.70145504531543,-71.40119990045748,340.5090383008055));
#457=VERTEX_POINT('',#456);
#458=CARTESIAN_POINT('',(14.711370876974968,-72.2907552442839,340.3242272987636));
#459=VERTEX_POINT('',#458);
#460=CARTESIAN_POINT('',(14.711370876974968,-71.40119987562652,340.3242274182832));
#461=VERTEX_POINT('',#460);
#462=CARTESIAN_POINT('',(14.700870708358991,-72.29075521974148,340.1415640602153));
#463=VERTEX_POINT('',#462);
#464=CARTESIAN_POINT('',(14.700870708358991,-71.40119985108409,340.1415641797349));
#465=VERTEX_POINT('',#464);
#466=CARTESIAN_POINT('',(14.669144912848687,-72.29075519629367,339.96704776935906));
#467=VERTEX_POINT('',#466);
#468=CARTESIAN_POINT('',(14.669144912848687,-71.40119982763628,339.9670478888787));
#469=VERTEX_POINT('',#468);
#470=CARTESIAN_POINT('',(14.615854907522959,-72.29075517413862,339.8021532098518));
#471=VERTEX_POINT('',#470);
#472=CARTESIAN_POINT('',(14.615854907522959,-71.40119980548124,339.80215332937144));
#473=VERTEX_POINT('',#472);
#474=CARTESIAN_POINT('',(14.54066226508332,-72.29075515347448,339.6483550356649));
#475=VERTEX_POINT('',#474);
#476=CARTESIAN_POINT('',(14.54066226508332,-71.4011997848171,339.64835515518456));
#477=VERTEX_POINT('',#476);
#478=CARTESIAN_POINT('',(14.443228454482878,-72.29075513449938,339.5071279267069));
#479=VERTEX_POINT('',#478);
#480=CARTESIAN_POINT('',(14.443228454482878,-71.40119976584198,339.50712804622657));
#481=VERTEX_POINT('',#480);
#482=CARTESIAN_POINT('',(14.323215100297347,-72.29075511741144,339.3799465758549));
#483=VERTEX_POINT('',#482);
#484=CARTESIAN_POINT('',(14.323215100297347,-71.40119974875404,339.37994669537454));
#485=VERTEX_POINT('',#484);
#486=CARTESIAN_POINT('',(14.180283723354037,-72.2907551024088,339.26828566301725));
#487=VERTEX_POINT('',#486);
#488=CARTESIAN_POINT('',(14.180283723354037,-71.40119973375141,339.2682857825369));
#489=VERTEX_POINT('',#488);
#490=CARTESIAN_POINT('',(14.014095792606057,-72.29075508968961,339.17361986810255));
#491=VERTEX_POINT('',#490);
#492=CARTESIAN_POINT('',(14.014095792606057,-71.40119972103223,339.1736199876222));
#493=VERTEX_POINT('',#492);
#494=CARTESIAN_POINT('',(13.824312984503322,-72.29075507945201,339.0974238710193));
#495=VERTEX_POINT('',#494);
#496=CARTESIAN_POINT('',(13.824312984503322,-71.40119971079461,339.09742399053897));
#497=VERTEX_POINT('',#496);
#498=CARTESIAN_POINT('',(13.610596767998942,-72.29075507189411,339.0411723646446));
#499=VERTEX_POINT('',#498);
#500=CARTESIAN_POINT('',(13.610596767998942,-71.40119970323673,339.04117248416424));
#501=VERTEX_POINT('',#500);
#502=CARTESIAN_POINT('',(13.50257662573182,-71.40119970111252,339.0253624713672));
#503=VERTEX_POINT('',#502);
#504=CARTESIAN_POINT('',(13.372608715794428,-72.29075506721408,339.0063400288868));
#505=VERTEX_POINT('',#504);
#506=CARTESIAN_POINT('',(13.372608715794428,-71.4011996985567,339.0063401484065));
#507=VERTEX_POINT('',#506);
#508=CARTESIAN_POINT('',(13.253418190212301,-71.40119969782863,339.0009213948571));
#509=VERTEX_POINT('',#508);
#510=CARTESIAN_POINT('',(13.110010296842887,-72.29075506561004,338.9944015436546));
#511=VERTEX_POINT('',#510);
#512=CARTESIAN_POINT('',(13.110010296842887,-71.40119969695266,338.99440166317424));
#513=VERTEX_POINT('',#512);
#514=CARTESIAN_POINT('',(12.399841671893313,-72.29075506561004,338.9944015436546));
#515=VERTEX_POINT('',#514);
#516=CARTESIAN_POINT('',(12.399841671893313,-71.40119969695266,338.99440166317424));
#517=VERTEX_POINT('',#516);
#518=CARTESIAN_POINT('',(12.399841671893313,-72.2907547896478,336.94048222386516));
#519=VERTEX_POINT('',#518);
#520=CARTESIAN_POINT('',(12.399841671893313,-71.40119942099042,336.9404823433848));
#521=VERTEX_POINT('',#520);
#522=CARTESIAN_POINT('',(11.71752264640486,-72.2907547896478,336.94048222386516));
#523=VERTEX_POINT('',#522);
#524=CARTESIAN_POINT('',(11.71752264640486,-71.40119942099042,336.9404823433848));
#525=VERTEX_POINT('',#524);
#526=CARTESIAN_POINT('',(11.71752264640486,-72.29075542763508,341.6888652105645));
#527=VERTEX_POINT('',#526);
#528=CARTESIAN_POINT('',(11.71752264640486,-71.4012000589777,341.6888653300841));
#529=VERTEX_POINT('',#528);
#530=CARTESIAN_POINT('',(13.200522065707759,-72.29075542763508,341.6888652105645));
#531=VERTEX_POINT('',#530);
#532=CARTESIAN_POINT('',(13.200522065707759,-71.4012000589777,341.6888653300841));
#533=VERTEX_POINT('',#532);
#534=CARTESIAN_POINT('',(13.448176149348654,-72.29075542595685,341.67637452441676));
#535=VERTEX_POINT('',#534);
#536=CARTESIAN_POINT('',(13.448176149348654,-71.40120005729946,341.67637464393636));
#537=VERTEX_POINT('',#536);
#538=CARTESIAN_POINT('',(13.22859534673097,-71.40119977961612,339.60964558569947));
#539=VERTEX_POINT('',#538);
#540=CARTESIAN_POINT('',(13.172672258749827,-71.40119977927358,339.6070962019425));
#541=VERTEX_POINT('',#540);
#542=CARTESIAN_POINT('',(13.172672258749827,-72.29075514793098,339.60709608242286));
#543=VERTEX_POINT('',#542);
#544=CARTESIAN_POINT('',(13.295880752577148,-72.29075514868563,339.6127128138768));
#545=VERTEX_POINT('',#544);
#546=CARTESIAN_POINT('',(13.295880752577148,-71.40119978002825,339.61271293339644));
#547=VERTEX_POINT('',#546);
#548=CARTESIAN_POINT('',(13.411039096382538,-72.29075515092794,339.6294017313344));
#549=VERTEX_POINT('',#548);
#550=CARTESIAN_POINT('',(13.411039096382538,-71.40119978227055,339.629401850854));
#551=VERTEX_POINT('',#550);
#552=CARTESIAN_POINT('',(13.517639337973051,-72.29075515462542,339.6569211009988));
#553=VERTEX_POINT('',#552);
#554=CARTESIAN_POINT('',(13.517639337973051,-71.40119978596802,339.6569212205184));
#555=VERTEX_POINT('',#554);
#556=CARTESIAN_POINT('',(13.615173940149361,-72.29075515974557,339.69502918907335));
#557=VERTEX_POINT('',#556);
#558=CARTESIAN_POINT('',(13.615173940149361,-71.40119979108817,339.69502930859295));
#559=VERTEX_POINT('',#558);
#560=CARTESIAN_POINT('',(13.703135158215332,-72.29075516625593,339.7434842098871));
#561=VERTEX_POINT('',#560);
#562=CARTESIAN_POINT('',(13.703135158215332,-71.40119979759854,339.7434843294067));
#563=VERTEX_POINT('',#562);
#564=CARTESIAN_POINT('',(13.781015351223232,-72.29075517412402,339.8020444296433));
#565=VERTEX_POINT('',#564);
#566=CARTESIAN_POINT('',(13.781015351223232,-71.40119980546662,339.80204454916293));
#567=VERTEX_POINT('',#566);
#568=CARTESIAN_POINT('',(13.848306774476924,-72.29075518331734,339.8704681145452));
#569=VERTEX_POINT('',#568);
#570=CARTESIAN_POINT('',(13.848306774476924,-71.40119981465995,339.87046823406484));
#571=VERTEX_POINT('',#570);
#572=CARTESIAN_POINT('',(13.904501890777084,-72.29075519380342,339.9485134789219));
#573=VERTEX_POINT('',#572);
#574=CARTESIAN_POINT('',(13.904501890777084,-71.40119982514604,339.9485135984415));
#575=VERTEX_POINT('',#574);
#576=CARTESIAN_POINT('',(13.949092955427574,-72.29075520554979,340.0359387889766));
#577=VERTEX_POINT('',#576);
#578=CARTESIAN_POINT('',(13.949092955427574,-71.4011998368924,340.03593890849623));
#579=VERTEX_POINT('',#578);
#580=CARTESIAN_POINT('',(13.981572223732257,-72.29075521852396,340.1325023109126));
#581=VERTEX_POINT('',#580);
#582=CARTESIAN_POINT('',(13.981572223732257,-71.40119984986656,340.1325024304323));
#583=VERTEX_POINT('',#582);
#584=CARTESIAN_POINT('',(14.001432054743404,-72.29075523269343,340.23796225905903));
#585=VERTEX_POINT('',#584);
#586=CARTESIAN_POINT('',(14.001432054743404,-71.40119986403604,340.23796237857863));
#587=VERTEX_POINT('',#586);
#588=CARTESIAN_POINT('',(14.008164807513282,-72.29075524802575,340.352076899619));
#589=VERTEX_POINT('',#588);
#590=CARTESIAN_POINT('',(14.008164807513282,-71.40119987936835,340.3520770191387));
#591=VERTEX_POINT('',#590);
#592=CARTESIAN_POINT('',(14.004107518622433,-72.29075525976562,340.4394539147886));
#593=VERTEX_POINT('',#592);
#594=CARTESIAN_POINT('',(14.004107518622433,-71.40119989110823,340.43945403430826));
#595=VERTEX_POINT('',#594);
#596=CARTESIAN_POINT('',(13.99137126062439,-72.29075527147302,340.52658919616147));
#597=VERTEX_POINT('',#596);
#598=CARTESIAN_POINT('',(13.99137126062439,-71.40119990281562,340.52658931568106));
#599=VERTEX_POINT('',#598);
#600=CARTESIAN_POINT('',(13.969109965272935,-72.29075528295954,340.61208058396807));
#601=VERTEX_POINT('',#600);
#602=CARTESIAN_POINT('',(13.969109965272935,-71.40119991430215,340.6120807034877));
#603=VERTEX_POINT('',#602);
#604=CARTESIAN_POINT('',(13.936477564321848,-72.2907552940368,340.694525918439));
#605=VERTEX_POINT('',#604);
#606=CARTESIAN_POINT('',(13.936477564321848,-71.40119992537942,340.6945260379586));
#607=VERTEX_POINT('',#606);
#608=CARTESIAN_POINT('',(13.892627885776506,-72.2907553045164,340.77252293605636));
#609=VERTEX_POINT('',#608);
#610=CARTESIAN_POINT('',(13.892627885776506,-71.401199935859,340.77252305557596));
#611=VERTEX_POINT('',#610);
#612=CARTESIAN_POINT('',(13.83671486139069,-72.29075531420993,340.844669580799));
#613=VERTEX_POINT('',#612);
#614=CARTESIAN_POINT('',(13.83671486139069,-71.40119994555253,340.84466970031866));
#615=VERTEX_POINT('',#614);
#616=CARTESIAN_POINT('',(13.767892319169775,-72.29075532292903,340.90956369289756));
#617=VERTEX_POINT('',#616);
#618=CARTESIAN_POINT('',(13.767892319169775,-71.40119995427163,340.90956381241716));
#619=VERTEX_POINT('',#618);
#620=CARTESIAN_POINT('',(13.685314087119139,-72.2907553304853,340.9658031125825));
#621=VERTEX_POINT('',#620);
#622=CARTESIAN_POINT('',(13.685314087119139,-71.4011999618279,340.9658032321021));
#623=VERTEX_POINT('',#622);
#624=CARTESIAN_POINT('',(13.588134096992562,-72.29075533669032,341.01198568008425));
#625=VERTEX_POINT('',#624);
#626=CARTESIAN_POINT('',(13.588134096992562,-71.40119996803294,341.0119857996039));
#627=VERTEX_POINT('',#626);
#628=CARTESIAN_POINT('',(13.47550617679542,-72.29075534135575,341.0467092356335));
#629=VERTEX_POINT('',#628);
#630=CARTESIAN_POINT('',(13.47550617679542,-71.40119997269835,341.0467093551531));
#631=VERTEX_POINT('',#630);
#632=CARTESIAN_POINT('',(13.346584258281496,-72.29075534429316,341.06857172320906));
#633=VERTEX_POINT('',#632);
#634=CARTESIAN_POINT('',(13.346584258281496,-71.40119997563578,341.06857184272866));
#635=VERTEX_POINT('',#634);
#636=CARTESIAN_POINT('',(13.200522065707759,-72.29075534531415,341.0761706717962));
#637=VERTEX_POINT('',#636);
#638=CARTESIAN_POINT('',(13.200522065707759,-71.40119997665676,341.07617079131586));
#639=VERTEX_POINT('',#638);
#640=CARTESIAN_POINT('',(12.399841671893313,-72.29075534531415,341.0761706717962));
#641=VERTEX_POINT('',#640);
#642=CARTESIAN_POINT('',(12.399841671893313,-71.40119997665676,341.07617079131586));
#643=VERTEX_POINT('',#642);
#644=CARTESIAN_POINT('',(12.399841671893313,-72.29075514793098,339.60709608242286));
#645=VERTEX_POINT('',#644);
#646=CARTESIAN_POINT('',(12.399841671893313,-71.40119977927358,339.6070962019425));
#647=VERTEX_POINT('',#646);
#648=CARTESIAN_POINT('',(13.172672258749827,-72.29075514793098,339.60709608242286));
#649=VERTEX_POINT('',#648);
#650=CARTESIAN_POINT('',(13.172672258749827,-71.40119977927358,339.6070962019425));
#651=VERTEX_POINT('',#650);
#652=CARTESIAN_POINT('',(16.95027453828655,-71.40119973985034,339.3136786074107));
#653=VERTEX_POINT('',#652);
#654=CARTESIAN_POINT('',(16.95027453828655,-72.29075510850772,339.313678487891));
#655=VERTEX_POINT('',#654);
#656=CARTESIAN_POINT('',(16.864859721083263,-72.2907551151334,339.36299175122093));
#657=VERTEX_POINT('',#656);
#658=CARTESIAN_POINT('',(16.864859721083263,-71.40119974647601,339.36299187074053));
#659=VERTEX_POINT('',#658);
#660=CARTESIAN_POINT('',(16.78084706357926,-72.29075512105098,339.4070348319675));
#661=VERTEX_POINT('',#660);
#662=CARTESIAN_POINT('',(16.78084706357926,-71.40119975239358,339.40703495148716));
#663=VERTEX_POINT('',#662);
#664=CARTESIAN_POINT('',(16.69850257668604,-72.29075512627671,339.4459286067557));
#665=VERTEX_POINT('',#664);
#666=CARTESIAN_POINT('',(16.69850257668604,-71.40119975761931,339.4459287262753));
#667=VERTEX_POINT('',#666);
#668=CARTESIAN_POINT('',(16.618092063818295,-72.29075513082681,339.47979394248375));
#669=VERTEX_POINT('',#668);
#670=CARTESIAN_POINT('',(16.618092063818295,-71.40119976216941,339.47979406200335));
#671=VERTEX_POINT('',#670);
#672=CARTESIAN_POINT('',(16.53988153588753,-72.29075513471754,339.50875173198716));
#673=VERTEX_POINT('',#672);
#674=CARTESIAN_POINT('',(16.53988153588753,-71.40119976606016,339.50875185150676));
#675=VERTEX_POINT('',#674);
#676=CARTESIAN_POINT('',(16.464136796308438,-72.29075513796515,339.5329228421643));
#677=VERTEX_POINT('',#676);
#678=CARTESIAN_POINT('',(16.464136796308438,-71.40119976930775,339.53292296168394));
#679=VERTEX_POINT('',#678);
#680=CARTESIAN_POINT('',(16.391123855992518,-72.29075514058586,339.55242813991356));
#681=VERTEX_POINT('',#680);
#682=CARTESIAN_POINT('',(16.391123855992518,-71.40119977192846,339.5524282594332));
#683=VERTEX_POINT('',#682);
#684=CARTESIAN_POINT('',(16.32110862210287,-72.29075514259591,339.5673885051018));
#685=VERTEX_POINT('',#684);
#686=CARTESIAN_POINT('',(16.32110862210287,-71.40119977393853,339.56738862462146));
#687=VERTEX_POINT('',#686);
#688=CARTESIAN_POINT('',(16.25435700180259,-72.29075514401156,339.5779248305646));
#689=VERTEX_POINT('',#688);
#690=CARTESIAN_POINT('',(16.25435700180259,-71.40119977535417,339.57792495008425));
#691=VERTEX_POINT('',#690);
#692=CARTESIAN_POINT('',(16.19113500600318,-72.29075514484904,339.5841579832002));
#693=VERTEX_POINT('',#692);
#694=CARTESIAN_POINT('',(16.19113500600318,-71.40119977619165,339.58415810271987));
#695=VERTEX_POINT('',#694);
#696=CARTESIAN_POINT('',(16.131708541867738,-72.29075514512459,339.5862088299071));
#697=VERTEX_POINT('',#696);
#698=CARTESIAN_POINT('',(16.131708541867738,-71.4011997764672,339.58620894942675));
#699=VERTEX_POINT('',#698);
#700=CARTESIAN_POINT('',(16.070972565359057,-72.29075514479868,339.583783218004));
#701=VERTEX_POINT('',#700);
#702=CARTESIAN_POINT('',(16.070972565359057,-71.4011997761413,339.58378333752364));
#703=VERTEX_POINT('',#702);
#704=CARTESIAN_POINT('',(16.014249680920514,-72.29075514384265,339.57666765919896));
#705=VERTEX_POINT('',#704);
#706=CARTESIAN_POINT('',(16.014249680920514,-71.40119977518526,339.5766677787186));
#707=VERTEX_POINT('',#706);
#708=CARTESIAN_POINT('',(15.961781570462541,-72.29075514228896,339.5651038872887));
#709=VERTEX_POINT('',#708);
#710=CARTESIAN_POINT('',(15.961781570462541,-71.40119977363156,339.5651040068084));
#711=VERTEX_POINT('',#710);
#712=CARTESIAN_POINT('',(15.913810071518178,-72.29075514017008,339.5493336360701));
#713=VERTEX_POINT('',#712);
#714=CARTESIAN_POINT('',(15.913810071518178,-71.4011997715127,339.5493337555897));
#715=VERTEX_POINT('',#714);
#716=CARTESIAN_POINT('',(15.870576865997855,-72.29075513751852,339.52959866527686));
#717=VERTEX_POINT('',#716);
#718=CARTESIAN_POINT('',(15.870576865997855,-71.40119976886112,339.52959878479646));
#719=VERTEX_POINT('',#718);
#720=CARTESIAN_POINT('',(15.832323739560408,-72.29075513436673,339.5061407216743));
#721=VERTEX_POINT('',#720);
#722=CARTESIAN_POINT('',(15.832323739560408,-71.40119976570934,339.5061408411939));
#723=VERTEX_POINT('',#722);
#724=CARTESIAN_POINT('',(15.799292477864675,-72.29075513074721,339.4792015520277));
#725=VERTEX_POINT('',#724);
#726=CARTESIAN_POINT('',(15.799292477864675,-71.40119976208983,339.4792016715473));
#727=VERTEX_POINT('',#726);
#728=CARTESIAN_POINT('',(15.771724762821087,-72.29075512669245,339.4490229290394));
#729=VERTEX_POINT('',#728);
#730=CARTESIAN_POINT('',(15.771724762821087,-71.40119975803506,339.44902304855907));
#731=VERTEX_POINT('',#730);
#732=CARTESIAN_POINT('',(15.74986238008848,-72.29075512223491,339.4158465865063));
#733=VERTEX_POINT('',#732);
#734=CARTESIAN_POINT('',(15.74986238008848,-71.40119975357753,339.41584670602595));
#735=VERTEX_POINT('',#734);
#736=CARTESIAN_POINT('',(15.733947063451488,-72.29075511740709,339.37991428416206));
#737=VERTEX_POINT('',#736);
#738=CARTESIAN_POINT('',(15.733947063451488,-71.4011997487497,339.3799144036817));
#739=VERTEX_POINT('',#738);
#740=CARTESIAN_POINT('',(15.724220598568948,-72.29075511224147,339.3414677784985));
#741=VERTEX_POINT('',#740);
#742=CARTESIAN_POINT('',(15.724220598568948,-71.40119974358407,339.34146789801815));
#743=VERTEX_POINT('',#742);
#744=CARTESIAN_POINT('',(15.720924719225494,-72.2907551067705,339.3007488130387));
#745=VERTEX_POINT('',#744);
#746=CARTESIAN_POINT('',(15.720924719225494,-71.40119973811312,339.30074893255835));
#747=VERTEX_POINT('',#746);
#748=CARTESIAN_POINT('',(15.725352856791524,-72.29075510200549,339.2652839167372));
#749=VERTEX_POINT('',#748);
#750=CARTESIAN_POINT('',(15.725352856791524,-71.4011997333481,339.2652840362568));
#751=VERTEX_POINT('',#750);
#752=CARTESIAN_POINT('',(15.738943327285611,-72.29075509702608,339.22822342823883));
#753=VERTEX_POINT('',#752);
#754=CARTESIAN_POINT('',(15.738943327285611,-71.4011997283687,339.22822354775843));
#755=VERTEX_POINT('',#754);
#756=CARTESIAN_POINT('',(15.762155476772762,-72.29075509177383,339.1891322331938));
#757=VERTEX_POINT('',#756);
#758=CARTESIAN_POINT('',(15.762155476772762,-71.40119972311645,339.18913235271344));
#759=VERTEX_POINT('',#758);
#760=CARTESIAN_POINT('',(15.795448651317983,-72.29075508619027,339.14757517834664));
#761=VERTEX_POINT('',#760);
#762=CARTESIAN_POINT('',(15.795448651317983,-71.40119971753289,339.1475752978663));
#763=VERTEX_POINT('',#762);
#764=CARTESIAN_POINT('',(15.839282196986282,-72.29075508021694,339.1031171039576));
#765=VERTEX_POINT('',#764);
#766=CARTESIAN_POINT('',(15.839282196986282,-71.40119971155956,339.10311722347717));
#767=VERTEX_POINT('',#766);
#768=CARTESIAN_POINT('',(15.894115407968464,-72.29075507379537,339.0553228697396));
#769=VERTEX_POINT('',#768);
#770=CARTESIAN_POINT('',(15.894115407968464,-71.40119970513797,339.0553229892592));
#771=VERTEX_POINT('',#770);
#772=CARTESIAN_POINT('',(15.960407630329534,-72.29075506686708,339.00375731595295));
#773=VERTEX_POINT('',#772);
#774=CARTESIAN_POINT('',(15.960407630329534,-71.40119969820968,339.0037574354726));
#775=VERTEX_POINT('',#774);
#776=CARTESIAN_POINT('',(16.0386182101345,-72.29075505937361,338.94798528285787));
#777=VERTEX_POINT('',#776);
#778=CARTESIAN_POINT('',(16.0386182101345,-71.40119969071621,338.9479854023775));
#779=VERTEX_POINT('',#778);
#780=CARTESIAN_POINT('',(16.12920644157417,-72.2907550512565,338.88757162368313));
#781=VERTEX_POINT('',#780);
#782=CARTESIAN_POINT('',(16.12920644157417,-71.40119968259911,338.8875717432027));
#783=VERTEX_POINT('',#782);
#784=CARTESIAN_POINT('',(16.232631670713545,-72.29075504245728,338.82208119165745));
#785=VERTEX_POINT('',#784);
#786=CARTESIAN_POINT('',(16.232631670713545,-71.4011996737999,338.8220813111771));
#787=VERTEX_POINT('',#786);
#788=CARTESIAN_POINT('',(16.349353295491838,-72.29075503291749,338.75107884000965));
#789=VERTEX_POINT('',#788);
#790=CARTESIAN_POINT('',(16.349353295491838,-71.40119966426009,338.7510789595293));
#791=VERTEX_POINT('',#790);
#792=CARTESIAN_POINT('',(16.479830506351448,-72.29075502257864,338.6741293700943));
#793=VERTEX_POINT('',#792);
#794=CARTESIAN_POINT('',(16.479830506351448,-71.40119965392125,338.67412948961396));
#795=VERTEX_POINT('',#794);
#796=CARTESIAN_POINT('',(16.60189849395796,-72.29075501145213,338.5913174406145));
#797=VERTEX_POINT('',#796);
#798=CARTESIAN_POINT('',(16.60189849395796,-71.40119964279474,338.59131756013414));
#799=VERTEX_POINT('',#798);
#800=CARTESIAN_POINT('',(16.71081554118996,-72.29075500092002,338.5129295508602));
#801=VERTEX_POINT('',#800);
#802=CARTESIAN_POINT('',(16.71081554118996,-71.40119963226263,338.5129296703798));
#803=VERTEX_POINT('',#802);
#804=CARTESIAN_POINT('',(16.807064804371493,-72.29075499087513,338.4381679274279));
#805=VERTEX_POINT('',#804);
#806=CARTESIAN_POINT('',(16.807064804371493,-71.40119962221775,338.4381680469475));
#807=VERTEX_POINT('',#806);
#808=CARTESIAN_POINT('',(16.891129854820235,-72.29075498121028,338.3662347969143));
#809=VERTEX_POINT('',#808);
#810=CARTESIAN_POINT('',(16.891129854820235,-71.40119961255289,338.3662349164339));
#811=VERTEX_POINT('',#810);
#812=CARTESIAN_POINT('',(16.963494160105455,-72.29075497181829,338.29633243779006));
#813=VERTEX_POINT('',#812);
#814=CARTESIAN_POINT('',(16.963494160105455,-71.40119960316089,338.29633255730965));
#815=VERTEX_POINT('',#814);
#816=CARTESIAN_POINT('',(17.02464118779642,-72.29075496259192,338.22766292102915));
#817=VERTEX_POINT('',#816);
#818=CARTESIAN_POINT('',(17.02464118779642,-71.40119959393454,338.2276630405488));
#819=VERTEX_POINT('',#818);
#820=CARTESIAN_POINT('',(17.075054405462396,-72.29075495342404,338.15942862885083));
#821=VERTEX_POINT('',#820);
#822=CARTESIAN_POINT('',(17.075054405462396,-71.40119958476666,338.1594287483705));
#823=VERTEX_POINT('',#822);
#824=CARTESIAN_POINT('',(17.115217280672653,-72.29075494420745,338.0908317359774));
#825=VERTEX_POINT('',#824);
#826=CARTESIAN_POINT('',(17.115217280672653,-71.40119957555005,338.0908318554971));
#827=VERTEX_POINT('',#826);
#828=CARTESIAN_POINT('',(17.145613488493268,-72.29075493483494,338.0210744171312));
#829=VERTEX_POINT('',#828);
#830=CARTESIAN_POINT('',(17.145613488493268,-71.40119956617754,338.0210745366509));
#831=VERTEX_POINT('',#830);
#832=CARTESIAN_POINT('',(17.16672649649351,-72.29075492519931,337.94935884703466));
#833=VERTEX_POINT('',#832);
#834=CARTESIAN_POINT('',(17.16672649649351,-71.40119955654193,337.9493589665543));
#835=VERTEX_POINT('',#834);
#836=CARTESIAN_POINT('',(17.179039772242646,-72.2907549151934,337.8748873041585));
#837=VERTEX_POINT('',#836);
#838=CARTESIAN_POINT('',(17.179039772242646,-71.401199546536,337.8748874236781));
#839=VERTEX_POINT('',#838);
#840=CARTESIAN_POINT('',(17.183036783309944,-72.29075490471001,337.79686206697346));
#841=VERTEX_POINT('',#840);
#842=CARTESIAN_POINT('',(17.183036783309944,-71.40119953605263,337.7968621864931));
#843=VERTEX_POINT('',#842);
#844=CARTESIAN_POINT('',(17.174064413712216,-72.29075488675589,337.66323390660267));
#845=VERTEX_POINT('',#844);
#846=CARTESIAN_POINT('',(17.174064413712216,-71.4011995180985,337.66323402612227));
#847=VERTEX_POINT('',#846);
#848=CARTESIAN_POINT('',(17.147806107293462,-72.2907548699029,337.5378012481801));
#849=VERTEX_POINT('',#848);
#850=CARTESIAN_POINT('',(17.147806107293462,-71.40119950124551,337.5378013676997));
#851=VERTEX_POINT('',#850);
#852=CARTESIAN_POINT('',(17.10525369880952,-72.29075485423873,337.42121666920855));
#853=VERTEX_POINT('',#852);
#854=CARTESIAN_POINT('',(17.10525369880952,-71.40119948558134,337.42121678872815));
#855=VERTEX_POINT('',#854);
#856=CARTESIAN_POINT('',(17.047398400525793,-72.29075483985109,337.3141329546876));
#857=VERTEX_POINT('',#856);
#858=CARTESIAN_POINT('',(17.047398400525793,-71.40119947119369,337.31413307420723));
#859=VERTEX_POINT('',#858);
#860=CARTESIAN_POINT('',(16.975231632204498,-72.29075482682765,337.21720268212005));
#861=VERTEX_POINT('',#860);
#862=CARTESIAN_POINT('',(16.975231632204498,-71.40119945817025,337.21720280163964));
#863=VERTEX_POINT('',#862);
#864=CARTESIAN_POINT('',(16.889744191117416,-72.29075481525615,337.1310788440023));
#865=VERTEX_POINT('',#864);
#866=CARTESIAN_POINT('',(16.889744191117416,-71.40119944659875,337.13107896352193));
#867=VERTEX_POINT('',#866);
#868=CARTESIAN_POINT('',(16.791927600775168,-72.29075480522427,337.05641401783714));
#869=VERTEX_POINT('',#868);
#870=CARTESIAN_POINT('',(16.791927600775168,-71.40119943656688,337.0564141373568));
#871=VERTEX_POINT('',#870);
#872=CARTESIAN_POINT('',(16.682772762197942,-72.29075479681968,336.99386078112735));
#873=VERTEX_POINT('',#872);
#874=CARTESIAN_POINT('',(16.682772762197942,-71.4011994281623,336.99386090064695));
#875=VERTEX_POINT('',#874);
#876=CARTESIAN_POINT('',(16.56327099139955,-72.29075479013014,336.94407212636935));
#877=VERTEX_POINT('',#876);
#878=CARTESIAN_POINT('',(16.56327099139955,-71.40119942147275,336.94407224588895));
#879=VERTEX_POINT('',#878);
#880=CARTESIAN_POINT('',(16.43441350064539,-72.29075478524331,336.9077006310659));
#881=VERTEX_POINT('',#880);
#882=CARTESIAN_POINT('',(16.43441350064539,-71.40119941658592,336.9077007505855));
#883=VERTEX_POINT('',#882);
#884=CARTESIAN_POINT('',(16.29719139845247,-72.29075478224689,336.8853990802166));
#885=VERTEX_POINT('',#884);
#886=CARTESIAN_POINT('',(16.29719139845247,-71.40119941358951,336.88539919973624));
#887=VERTEX_POINT('',#886);
#888=CARTESIAN_POINT('',(16.152595897086186,-72.29075478122861,336.87782025882103));
#889=VERTEX_POINT('',#888);
#890=CARTESIAN_POINT('',(16.152595897086186,-71.40119941257123,336.8778203783407));
#891=VERTEX_POINT('',#890);
#892=CARTESIAN_POINT('',(16.058494225896894,-72.2907547814473,336.8794478638868));
#893=VERTEX_POINT('',#892);
#894=CARTESIAN_POINT('',(16.058494225896894,-71.40119941278991,336.87944798340646));
#895=VERTEX_POINT('',#894);
#896=CARTESIAN_POINT('',(15.967221047484628,-72.29075478212074,336.88446015710053));
#897=VERTEX_POINT('',#896);
#898=CARTESIAN_POINT('',(15.967221047484628,-71.40119941346336,336.88446027662013));
#899=VERTEX_POINT('',#898);
#900=CARTESIAN_POINT('',(15.878123576882473,-72.2907547832749,336.89305031800274));
#901=VERTEX_POINT('',#900);
#902=CARTESIAN_POINT('',(15.878123576882473,-71.40119941461752,336.8930504375224));
#903=VERTEX_POINT('',#902);
#904=CARTESIAN_POINT('',(15.790549132871917,-72.2907547849358,336.9054119411277));
#905=VERTEX_POINT('',#904);
#906=CARTESIAN_POINT('',(15.790549132871917,-71.40119941627842,336.90541206064734));
#907=VERTEX_POINT('',#906);
#908=CARTESIAN_POINT('',(15.703845034234448,-72.29075478712939,336.9217382060159));
#909=VERTEX_POINT('',#908);
#910=CARTESIAN_POINT('',(15.703845034234448,-71.40119941847199,336.92173832553556));
#911=VERTEX_POINT('',#910);
#912=CARTESIAN_POINT('',(15.617358496003149,-72.29075478988166,336.94222270720167));
#913=VERTEX_POINT('',#912);
#914=CARTESIAN_POINT('',(15.617358496003149,-71.40119942122426,336.9422228267213));
#915=VERTEX_POINT('',#914);
#916=CARTESIAN_POINT('',(15.530436785085307,-72.29075479321858,336.9670586242255));
#917=VERTEX_POINT('',#916);
#918=CARTESIAN_POINT('',(15.530436785085307,-71.40119942456118,336.96705874374516));
#919=VERTEX_POINT('',#918);
#920=CARTESIAN_POINT('',(15.44242722026241,-72.29075479716617,336.9964395516216));
#921=VERTEX_POINT('',#920);
#922=CARTESIAN_POINT('',(15.44242722026241,-71.40119942850878,336.9964396711413));
#923=VERTEX_POINT('',#922);
#924=CARTESIAN_POINT('',(15.352677042504641,-72.29075480175037,337.0305586689306));
#925=VERTEX_POINT('',#924);
#926=CARTESIAN_POINT('',(15.352677042504641,-71.40119943309298,337.0305587884502));
#927=VERTEX_POINT('',#926);
#928=CARTESIAN_POINT('',(15.260533518719289,-72.29075480699721,337.0696095706866));
#929=VERTEX_POINT('',#928);
#930=CARTESIAN_POINT('',(15.260533518719289,-71.40119943833982,337.0696096902063));
#931=VERTEX_POINT('',#930);
#932=CARTESIAN_POINT('',(15.165343935266463,-72.29075481293266,337.1137856439271));
#933=VERTEX_POINT('',#932);
#934=CARTESIAN_POINT('',(15.165343935266463,-71.40119944427526,337.11378576344674));
#935=VERTEX_POINT('',#934);
#936=CARTESIAN_POINT('',(15.066455552569174,-72.2907548195827,337.16328027568943));
#937=VERTEX_POINT('',#936);
#938=CARTESIAN_POINT('',(15.066455552569174,-71.4011994509253,337.1632803952091));
#939=VERTEX_POINT('',#938);
#940=CARTESIAN_POINT('',(15.066455552569174,-72.29075490938735,337.83167432741374));
#941=VERTEX_POINT('',#940);
#942=CARTESIAN_POINT('',(15.066455552569174,-71.40119954072996,337.8316744469334));
#943=VERTEX_POINT('',#942);
#944=CARTESIAN_POINT('',(15.166637386089688,-72.29075490044093,337.7650882862349));
#945=VERTEX_POINT('',#944);
#946=CARTESIAN_POINT('',(15.166637386089688,-71.40119953178353,337.7650884057545));
#947=VERTEX_POINT('',#946);
#948=CARTESIAN_POINT('',(15.265078528864027,-72.2907548923065,337.7045456937228));
#949=VERTEX_POINT('',#948);
#950=CARTESIAN_POINT('',(15.265078528864027,-71.40119952364911,337.7045458132425));
#951=VERTEX_POINT('',#950);
#952=CARTESIAN_POINT('',(15.361488965193384,-72.2907548849776,337.6499985143635));
#953=VERTEX_POINT('',#952);
#954=CARTESIAN_POINT('',(15.361488965193384,-71.4011995163202,337.6499986338831));
#955=VERTEX_POINT('',#954);
#956=CARTESIAN_POINT('',(15.455578575630547,-72.29075487844774,337.6013984013975));
#957=VERTEX_POINT('',#956);
#958=CARTESIAN_POINT('',(15.455578575630547,-71.40119950979036,337.60139852091714));
#959=VERTEX_POINT('',#958);
#960=CARTESIAN_POINT('',(15.547057279633954,-72.29075487271045,337.55869711181396));
#961=VERTEX_POINT('',#960);
#962=CARTESIAN_POINT('',(15.547057279633954,-71.40119950405305,337.55869723133355));
#963=VERTEX_POINT('',#962);
#964=CARTESIAN_POINT('',(15.635634970724944,-72.2907548677592,337.521846195105));
#965=VERTEX_POINT('',#964);
#966=CARTESIAN_POINT('',(15.635634970724944,-71.4011994991018,337.52184631462467));
#967=VERTEX_POINT('',#966);
#968=CARTESIAN_POINT('',(15.721021516487752,-72.2907548635875,337.49079720076304));
#969=VERTEX_POINT('',#968);
#970=CARTESIAN_POINT('',(15.721021516487752,-71.4011994949301,337.49079732028264));
#971=VERTEX_POINT('',#970);
#972=CARTESIAN_POINT('',(15.802926888255023,-72.29075486018884,337.465501885777));
#973=VERTEX_POINT('',#972);
#974=CARTESIAN_POINT('',(15.802926888255023,-71.40119949153146,337.4655020052966));
#975=VERTEX_POINT('',#974);
#976=CARTESIAN_POINT('',(15.881060901736788,-72.29075485755676,337.4459119033876));
#977=VERTEX_POINT('',#976);
#978=CARTESIAN_POINT('',(15.881060901736788,-71.40119948889937,337.4459120229072));
#979=VERTEX_POINT('',#978);
#980=CARTESIAN_POINT('',(15.955133476391488,-72.29075485568474,337.4319789068354));
#981=VERTEX_POINT('',#980);
#982=CARTESIAN_POINT('',(15.955133476391488,-71.40119948702734,337.43197902635507));
#983=VERTEX_POINT('',#982);
#984=CARTESIAN_POINT('',(16.024854531677562,-72.29075485456629,337.4236545493612));
#985=VERTEX_POINT('',#984);
#986=CARTESIAN_POINT('',(16.024854531677562,-71.40119948590889,337.42365466888083));
#987=VERTEX_POINT('',#986);
#988=CARTESIAN_POINT('',(16.089933935179246,-72.2907548541949,337.42089048420553));
#989=VERTEX_POINT('',#988);
#990=CARTESIAN_POINT('',(16.089933935179246,-71.40119948553752,337.4208906037252));
#991=VERTEX_POINT('',#990);
#992=CARTESIAN_POINT('',(16.151628858199246,-72.29075485495494,337.426547262546));
#993=VERTEX_POINT('',#992);
#994=CARTESIAN_POINT('',(16.151628858199246,-71.40119948629756,337.4265473820656));
#995=VERTEX_POINT('',#994);
#996=CARTESIAN_POINT('',(16.211003033138354,-72.29075485629969,337.43655587171816));
#997=VERTEX_POINT('',#996);
#998=CARTESIAN_POINT('',(16.211003033138354,-71.4011994876423,337.4365559912378));
#999=VERTEX_POINT('',#998);
#1000=CARTESIAN_POINT('',(16.26747609141664,-72.29075485822909,337.4509158967284));
#1001=VERTEX_POINT('',#1000);
#1002=CARTESIAN_POINT('',(16.26747609141664,-71.4011994895717,337.4509160162481));
#1003=VERTEX_POINT('',#1002);
#1004=CARTESIAN_POINT('',(16.320467975699387,-72.29075486074316,337.46962754507354));
#1005=VERTEX_POINT('',#1004);
#1006=CARTESIAN_POINT('',(16.320467975699387,-71.40119949208577,337.4696276645932));
#1007=VERTEX_POINT('',#1006);
#1008=CARTESIAN_POINT('',(16.36939842115507,-72.29075486384188,337.4926906092568));
#1009=VERTEX_POINT('',#1008);
#1010=CARTESIAN_POINT('',(16.36939842115507,-71.4011994951845,337.4926907287764));
#1011=VERTEX_POINT('',#1010);
#1012=CARTESIAN_POINT('',(16.413687266700563,-72.2907548675253,337.5201052967749));
#1013=VERTEX_POINT('',#1012);
#1014=CARTESIAN_POINT('',(16.413687266700563,-71.40119949886791,337.52010541629454));
#1015=VERTEX_POINT('',#1014);
#1016=CARTESIAN_POINT('',(16.452754247504345,-72.29075487179335,337.55187140013106));
#1017=VERTEX_POINT('',#1016);
#1018=CARTESIAN_POINT('',(16.452754247504345,-71.40119950313596,337.5518715196507));
#1019=VERTEX_POINT('',#1018);
#1020=CARTESIAN_POINT('',(16.48601920248329,-72.29075487664609,337.58798912682215));
#1021=VERTEX_POINT('',#1020);
#1022=CARTESIAN_POINT('',(16.48601920248329,-71.4011995079887,337.5879892463418));
#1023=VERTEX_POINT('',#1022);
#1024=CARTESIAN_POINT('',(16.51290197055428,-72.29075488208348,337.6284582693513));
#1025=VERTEX_POINT('',#1024);
#1026=CARTESIAN_POINT('',(16.51290197055428,-71.40119951342609,337.62845838887097));
#1027=VERTEX_POINT('',#1026);
#1028=CARTESIAN_POINT('',(16.53282228688579,-72.29075488810552,337.67327893146694));
#1029=VERTEX_POINT('',#1028);
#1030=CARTESIAN_POINT('',(16.53282228688579,-71.40119951944814,337.6732790509866));
#1031=VERTEX_POINT('',#1030);
#1032=CARTESIAN_POINT('',(16.545199990394693,-72.29075489471225,337.7224511131691));
#1033=VERTEX_POINT('',#1032);
#1034=CARTESIAN_POINT('',(16.545199990394693,-71.40119952605485,337.72245123268874));
#1035=VERTEX_POINT('',#1034);
#1036=CARTESIAN_POINT('',(16.549454816249465,-72.29075490190363,337.7759748144577));
#1037=VERTEX_POINT('',#1036);
#1038=CARTESIAN_POINT('',(16.549454816249465,-71.40119953324624,337.77597493397735));
#1039=VERTEX_POINT('',#1038);
#1040=CARTESIAN_POINT('',(16.52068652465833,-72.29075491590153,337.8801577234178));
#1041=VERTEX_POINT('',#1040);
#1042=CARTESIAN_POINT('',(16.52068652465833,-71.40119954724413,337.8801578429374));
#1043=VERTEX_POINT('',#1042);
#1044=CARTESIAN_POINT('',(16.44115029960308,-72.29075492914907,337.9787559591828));
#1045=VERTEX_POINT('',#1044);
#1046=CARTESIAN_POINT('',(16.44115029960308,-71.40119956049168,337.9787560787025));
#1047=VERTEX_POINT('',#1046);
#1048=CARTESIAN_POINT('',(16.320999893773987,-72.29075494202633,338.0745982221683));
#1049=VERTEX_POINT('',#1048);
#1050=CARTESIAN_POINT('',(16.320999893773987,-71.40119957336894,338.0745983416879));
#1051=VERTEX_POINT('',#1050);
#1052=CARTESIAN_POINT('',(16.17038885236451,-72.29075495491333,338.1705130052927));
#1053=VERTEX_POINT('',#1052);
#1054=CARTESIAN_POINT('',(16.17038885236451,-71.40119958625594,338.1705131248123));
#1055=VERTEX_POINT('',#1054);
#1056=CARTESIAN_POINT('',(15.999470616819707,-72.2907549681901,338.2693288014748));
#1057=VERTEX_POINT('',#1056);
#1058=CARTESIAN_POINT('',(15.999470616819707,-71.40119959953272,338.26932892099444));
#1059=VERTEX_POINT('',#1058);
#1060=CARTESIAN_POINT('',(15.818398836081442,-72.2907549822367,338.3738742073816));
#1061=VERTEX_POINT('',#1060);
#1062=CARTESIAN_POINT('',(15.818398836081442,-71.40119961357931,338.3738743269012));
#1063=VERTEX_POINT('',#1062);
#1064=CARTESIAN_POINT('',(15.63732710721738,-72.29075499743314,338.4869775603091));
#1065=VERTEX_POINT('',#1064);
#1066=CARTESIAN_POINT('',(15.63732710721738,-71.40119962877576,338.4869776798288));
#1067=VERTEX_POINT('',#1066);
#1068=CARTESIAN_POINT('',(15.46640892354678,-72.29075501415946,338.61146740505023));
#1069=VERTEX_POINT('',#1068);
#1070=CARTESIAN_POINT('',(15.46640892354678,-71.40119964550206,338.61146752456983));
#1071=VERTEX_POINT('',#1070);
#1072=CARTESIAN_POINT('',(15.315797869168753,-72.29075503279567,338.7501722345235));
#1073=VERTEX_POINT('',#1072);
#1074=CARTESIAN_POINT('',(15.315797869168753,-71.40119966413829,338.7501723540431));
#1075=VERTEX_POINT('',#1074);
#1076=CARTESIAN_POINT('',(15.19564746333966,-72.29075505372184,338.9059205416476));
#1077=VERTEX_POINT('',#1076);
#1078=CARTESIAN_POINT('',(15.19564746333966,-71.40119968506444,338.9059206611673));
#1079=VERTEX_POINT('',#1078);
#1080=CARTESIAN_POINT('',(15.116111286916475,-72.29075507731798,339.08154083230977));
#1081=VERTEX_POINT('',#1080);
#1082=CARTESIAN_POINT('',(15.116111286916475,-71.40119970866058,339.0815409518294));
#1083=VERTEX_POINT('',#1082);
#1084=CARTESIAN_POINT('',(15.087342881850521,-72.29075510396412,339.27986156052293));
#1085=VERTEX_POINT('',#1084);
#1086=CARTESIAN_POINT('',(15.087342881850521,-71.40119973530673,339.2798616800426));
#1087=VERTEX_POINT('',#1086);
#1088=CARTESIAN_POINT('',(15.09565100552467,-72.29075512114464,339.407731930507));
#1089=VERTEX_POINT('',#1088);
#1090=CARTESIAN_POINT('',(15.09565100552467,-71.40119975248724,339.40773205002665));
#1091=VERTEX_POINT('',#1090);
#1092=CARTESIAN_POINT('',(15.120156547476569,-72.29075513710384,339.52651240943203));
#1093=VERTEX_POINT('',#1092);
#1094=CARTESIAN_POINT('',(15.120156547476569,-71.40119976844646,339.5265125289517));
#1095=VERTEX_POINT('',#1094);
#1096=CARTESIAN_POINT('',(15.16023087018066,-72.29075515178978,339.6358162361918));
#1097=VERTEX_POINT('',#1096);
#1098=CARTESIAN_POINT('',(15.16023087018066,-71.4011997831324,339.63581635571137));
#1099=VERTEX_POINT('',#1098);
#1100=CARTESIAN_POINT('',(15.21524542040697,-72.29075516515047,339.73525659780574));
#1101=VERTEX_POINT('',#1100);
#1102=CARTESIAN_POINT('',(15.21524542040697,-71.40119979649309,339.7352567173254));
#1103=VERTEX_POINT('',#1102);
#1104=CARTESIAN_POINT('',(15.284571648167658,-72.29075517713396,339.82444672019926));
#1105=VERTEX_POINT('',#1104);
#1106=CARTESIAN_POINT('',(15.284571648167658,-71.40119980847656,339.8244468397189));
#1107=VERTEX_POINT('',#1106);
#1108=CARTESIAN_POINT('',(15.367580993748476,-72.29075518768826,339.9029997774233));
#1109=VERTEX_POINT('',#1108);
#1110=CARTESIAN_POINT('',(15.367580993748476,-71.40119981903086,339.90299989694296));
#1111=VERTEX_POINT('',#1110);
#1112=CARTESIAN_POINT('',(15.463644910403723,-72.29075519676141,339.9705289954031));
#1113=VERTEX_POINT('',#1112);
#1114=CARTESIAN_POINT('',(15.463644910403723,-71.40119982810401,339.9705291149227));
#1115=VERTEX_POINT('',#1114);
#1116=CARTESIAN_POINT('',(15.572134825450597,-72.29075520430143,340.02664754818966));
#1117=VERTEX_POINT('',#1116);
#1118=CARTESIAN_POINT('',(15.572134825450597,-71.40119983564404,340.02664766770926));
#1119=VERTEX_POINT('',#1118);
#1120=CARTESIAN_POINT('',(15.69242223104905,-72.29075521025635,340.0709686098339));
#1121=VERTEX_POINT('',#1120);
#1122=CARTESIAN_POINT('',(15.69242223104905,-71.40119984159897,340.0709687293536));
#1123=VERTEX_POINT('',#1122);
#1124=CARTESIAN_POINT('',(15.82387851561063,-72.29075521457422,340.10310540626125));
#1125=VERTEX_POINT('',#1124);
#1126=CARTESIAN_POINT('',(15.82387851561063,-71.40119984591684,340.1031055257809));
#1127=VERTEX_POINT('',#1126);
#1128=CARTESIAN_POINT('',(15.965875171295288,-72.29075521720306,340.12267116339683));
#1129=VERTEX_POINT('',#1128);
#1130=CARTESIAN_POINT('',(15.965875171295288,-71.40119984854566,340.12267128291643));
#1131=VERTEX_POINT('',#1130);
#1132=CARTESIAN_POINT('',(16.117783638388772,-72.29075521809088,340.1292790552916));
#1133=VERTEX_POINT('',#1132);
#1134=CARTESIAN_POINT('',(16.117783638388772,-71.4011998494335,340.12927917481124));
#1135=VERTEX_POINT('',#1134);
#1136=CARTESIAN_POINT('',(16.191046301116543,-72.29075521785646,340.12753431827025));
#1137=VERTEX_POINT('',#1136);
#1138=CARTESIAN_POINT('',(16.191046301116543,-71.40119984919907,340.1275344377899));
#1139=VERTEX_POINT('',#1138);
#1140=CARTESIAN_POINT('',(16.26467166826967,-72.29075521715107,340.12228428557364));
#1141=VERTEX_POINT('',#1140);
#1142=CARTESIAN_POINT('',(16.26467166826967,-71.40119984849368,340.12228440509324));
#1143=VERTEX_POINT('',#1142);
#1144=CARTESIAN_POINT('',(16.33873215623514,-72.29075521597146,340.1135046800736));
#1145=VERTEX_POINT('',#1144);
#1146=CARTESIAN_POINT('',(16.33873215623514,-71.40119984731406,340.1135047995933));
#1147=VERTEX_POINT('',#1146);
#1148=CARTESIAN_POINT('',(16.413300388896744,-72.29075521431436,340.10117132839054));
#1149=VERTEX_POINT('',#1148);
#1150=CARTESIAN_POINT('',(16.413300388896744,-71.40119984565698,340.1011714479102));
#1151=VERTEX_POINT('',#1150);
#1152=CARTESIAN_POINT('',(16.48844878264147,-72.29075521217653,340.08526005714475));
#1153=VERTEX_POINT('',#1152);
#1154=CARTESIAN_POINT('',(16.48844878264147,-71.40119984351915,340.0852601766644));
#1155=VERTEX_POINT('',#1154);
#1156=CARTESIAN_POINT('',(16.564249857604707,-72.29075520955475,340.0657466929566));
#1157=VERTEX_POINT('',#1156);
#1158=CARTESIAN_POINT('',(16.564249857604707,-71.40119984089736,340.0657468124762));
#1159=VERTEX_POINT('',#1158);
#1160=CARTESIAN_POINT('',(16.640776237670252,-72.29075520644574,340.04260706244634));
#1161=VERTEX_POINT('',#1160);
#1162=CARTESIAN_POINT('',(16.640776237670252,-71.40119983778834,340.042607181966));
#1163=VERTEX_POINT('',#1162);
#1164=CARTESIAN_POINT('',(16.71810033922509,-72.29075520284624,340.01581699223436));
#1165=VERTEX_POINT('',#1164);
#1166=CARTESIAN_POINT('',(16.71810033922509,-71.40119983418886,340.015817111754));
#1167=VERTEX_POINT('',#1166);
#1168=CARTESIAN_POINT('',(16.796294786153013,-72.29075519875305,339.98535230894095));
#1169=VERTEX_POINT('',#1168);
#1170=CARTESIAN_POINT('',(16.796294786153013,-71.40119983009566,339.9853524284606));
#1171=VERTEX_POINT('',#1170);
#1172=CARTESIAN_POINT('',(16.875432098589414,-72.29075519416288,339.95118883918644));
#1173=VERTEX_POINT('',#1172);
#1174=CARTESIAN_POINT('',(16.875432098589414,-71.4011998255055,339.9511889587061));
#1175=VERTEX_POINT('',#1174);
#1176=CARTESIAN_POINT('',(16.955584796669683,-72.29075518907251,339.91330240959115));
#1177=VERTEX_POINT('',#1176);
#1178=CARTESIAN_POINT('',(16.955584796669683,-71.40119982041512,339.9133025291108));
#1179=VERTEX_POINT('',#1178);
#1180=CARTESIAN_POINT('',(17.03682540052921,-72.29075518347867,339.87166884677544));
#1181=VERTEX_POINT('',#1180);
#1182=CARTESIAN_POINT('',(17.03682540052921,-71.40119981482128,339.8716689662951));
#1183=VERTEX_POINT('',#1182);
#1184=CARTESIAN_POINT('',(17.03682540052921,-72.29075510115771,339.2589741005104));
#1185=VERTEX_POINT('',#1184);
#1186=CARTESIAN_POINT('',(17.03682540052921,-71.40119973250032,339.25897422003));
#1187=VERTEX_POINT('',#1186);
#1188=CARTESIAN_POINT('',(16.95027453828655,-72.29075510850772,339.313678487891));
#1189=VERTEX_POINT('',#1188);
#1190=CARTESIAN_POINT('',(16.95027453828655,-71.40119973985034,339.3136786074107));
#1191=VERTEX_POINT('',#1190);
#1192=CARTESIAN_POINT('',(16.349353295491838,-71.40119966426009,338.7510789595293));
#1193=VERTEX_POINT('',#1192);
#1194=CARTESIAN_POINT('',(16.479830506351448,-71.40119965392125,338.67412948961396));
#1195=VERTEX_POINT('',#1194);
#1196=CARTESIAN_POINT('',(16.60189849395796,-71.40119964279474,338.59131756013414));
#1197=VERTEX_POINT('',#1196);
#1198=CARTESIAN_POINT('',(16.71081554118996,-71.40119963226263,338.5129296703798));
#1199=VERTEX_POINT('',#1198);
#1200=CARTESIAN_POINT('',(16.807064804371493,-71.40119962221775,338.4381680469475));
#1201=VERTEX_POINT('',#1200);
#1202=CARTESIAN_POINT('',(16.891129854820235,-71.40119961255289,338.3662349164339));
#1203=VERTEX_POINT('',#1202);
#1204=CARTESIAN_POINT('',(16.963494160105455,-71.40119960316089,338.29633255730965));
#1205=VERTEX_POINT('',#1204);
#1206=CARTESIAN_POINT('',(17.02464118779642,-71.40119959393454,338.2276630405488));
#1207=VERTEX_POINT('',#1206);
#1208=CARTESIAN_POINT('',(17.075054405462396,-71.40119958476666,338.1594287483705));
#1209=VERTEX_POINT('',#1208);
#1210=CARTESIAN_POINT('',(17.115217280672653,-71.40119957555005,338.0908318554971));
#1211=VERTEX_POINT('',#1210);
#1212=CARTESIAN_POINT('',(17.145613488493268,-71.40119956617754,338.0210745366509));
#1213=VERTEX_POINT('',#1212);
#1214=CARTESIAN_POINT('',(17.16672649649351,-71.40119955654193,337.9493589665543));
#1215=VERTEX_POINT('',#1214);
#1216=CARTESIAN_POINT('',(17.179039772242646,-71.401199546536,337.8748874236781));
#1217=VERTEX_POINT('',#1216);
#1218=CARTESIAN_POINT('',(17.183036783309944,-71.40119953605263,337.7968621864931));
#1219=VERTEX_POINT('',#1218);
#1220=CARTESIAN_POINT('',(17.174064413712216,-71.4011995180985,337.66323402612227));
#1221=VERTEX_POINT('',#1220);
#1222=CARTESIAN_POINT('',(17.147806107293462,-71.40119950124551,337.5378013676997));
#1223=VERTEX_POINT('',#1222);
#1224=CARTESIAN_POINT('',(17.10525369880952,-71.40119948558134,337.42121678872815));
#1225=VERTEX_POINT('',#1224);
#1226=CARTESIAN_POINT('',(17.047398400525793,-71.40119947119369,337.31413307420723));
#1227=VERTEX_POINT('',#1226);
#1228=CARTESIAN_POINT('',(16.975231632204498,-71.40119945817025,337.21720280163964));
#1229=VERTEX_POINT('',#1228);
#1230=CARTESIAN_POINT('',(16.889744191117416,-71.40119944659875,337.13107896352193));
#1231=VERTEX_POINT('',#1230);
#1232=CARTESIAN_POINT('',(16.791927600775168,-71.40119943656688,337.0564141373568));
#1233=VERTEX_POINT('',#1232);
#1234=CARTESIAN_POINT('',(16.682772762197942,-71.4011994281623,336.99386090064695));
#1235=VERTEX_POINT('',#1234);
#1236=CARTESIAN_POINT('',(16.56327099139955,-71.40119942147275,336.94407224588895));
#1237=VERTEX_POINT('',#1236);
#1238=CARTESIAN_POINT('',(16.43441350064539,-71.40119941658592,336.9077007505855));
#1239=VERTEX_POINT('',#1238);
#1240=CARTESIAN_POINT('',(16.29719139845247,-71.40119941358951,336.88539919973624));
#1241=VERTEX_POINT('',#1240);
#1242=CARTESIAN_POINT('',(16.152595897086186,-71.40119941257123,336.8778203783407));
#1243=VERTEX_POINT('',#1242);
#1244=CARTESIAN_POINT('',(16.058494225896894,-71.40119941278991,336.87944798340646));
#1245=VERTEX_POINT('',#1244);
#1246=CARTESIAN_POINT('',(15.967221047484628,-71.40119941346336,336.88446027662013));
#1247=VERTEX_POINT('',#1246);
#1248=CARTESIAN_POINT('',(15.878123576882473,-71.40119941461752,336.8930504375224));
#1249=VERTEX_POINT('',#1248);
#1250=CARTESIAN_POINT('',(15.790549132871917,-71.40119941627842,336.90541206064734));
#1251=VERTEX_POINT('',#1250);
#1252=CARTESIAN_POINT('',(15.703845034234448,-71.40119941847199,336.92173832553556));
#1253=VERTEX_POINT('',#1252);
#1254=CARTESIAN_POINT('',(15.617358496003149,-71.40119942122426,336.9422228267213));
#1255=VERTEX_POINT('',#1254);
#1256=CARTESIAN_POINT('',(15.530436785085307,-71.40119942456118,336.96705874374516));
#1257=VERTEX_POINT('',#1256);
#1258=CARTESIAN_POINT('',(15.44242722026241,-71.40119942850878,336.9964396711413));
#1259=VERTEX_POINT('',#1258);
#1260=CARTESIAN_POINT('',(15.352677042504641,-71.40119943309298,337.0305587884502));
#1261=VERTEX_POINT('',#1260);
#1262=CARTESIAN_POINT('',(15.260533518719289,-71.40119943833982,337.0696096902063));
#1263=VERTEX_POINT('',#1262);
#1264=CARTESIAN_POINT('',(15.165343935266463,-71.40119944427526,337.11378576344674));
#1265=VERTEX_POINT('',#1264);
#1266=CARTESIAN_POINT('',(15.066455552569174,-71.4011994509253,337.1632803952091));
#1267=VERTEX_POINT('',#1266);
#1268=CARTESIAN_POINT('',(15.066455552569174,-71.40119954072996,337.8316744469334));
#1269=VERTEX_POINT('',#1268);
#1270=CARTESIAN_POINT('',(15.166637386089688,-71.40119953178353,337.7650884057545));
#1271=VERTEX_POINT('',#1270);
#1272=CARTESIAN_POINT('',(16.232631670713545,-71.4011996737999,338.8220813111771));
#1273=VERTEX_POINT('',#1272);
#1274=CARTESIAN_POINT('',(15.265078528864027,-71.40119952364911,337.7045458132425));
#1275=VERTEX_POINT('',#1274);
#1276=CARTESIAN_POINT('',(15.361488965193384,-71.4011995163202,337.6499986338831));
#1277=VERTEX_POINT('',#1276);
#1278=CARTESIAN_POINT('',(16.12920644157417,-71.40119968259911,338.8875717432027));
#1279=VERTEX_POINT('',#1278);
#1280=CARTESIAN_POINT('',(15.455578575630547,-71.40119950979036,337.60139852091714));
#1281=VERTEX_POINT('',#1280);
#1282=CARTESIAN_POINT('',(15.547057279633954,-71.40119950405305,337.55869723133355));
#1283=VERTEX_POINT('',#1282);
#1284=CARTESIAN_POINT('',(17.03682540052921,-71.40119981482128,339.8716689662951));
#1285=VERTEX_POINT('',#1284);
#1286=CARTESIAN_POINT('',(17.03682540052921,-71.40119973250032,339.25897422003));
#1287=VERTEX_POINT('',#1286);
#1288=CARTESIAN_POINT('',(16.95027453828655,-71.40119973985034,339.3136786074107));
#1289=VERTEX_POINT('',#1288);
#1290=CARTESIAN_POINT('',(16.875432098589414,-71.4011998255055,339.9511889587061));
#1291=VERTEX_POINT('',#1290);
#1292=CARTESIAN_POINT('',(16.955584796669683,-71.40119982041512,339.9133025291108));
#1293=VERTEX_POINT('',#1292);
#1294=CARTESIAN_POINT('',(16.71810033922509,-71.40119983418886,340.015817111754));
#1295=VERTEX_POINT('',#1294);
#1296=CARTESIAN_POINT('',(16.796294786153013,-71.40119983009566,339.9853524284606));
#1297=VERTEX_POINT('',#1296);
#1298=CARTESIAN_POINT('',(16.564249857604707,-71.40119984089736,340.0657468124762));
#1299=VERTEX_POINT('',#1298);
#1300=CARTESIAN_POINT('',(16.640776237670252,-71.40119983778834,340.042607181966));
#1301=VERTEX_POINT('',#1300);
#1302=CARTESIAN_POINT('',(16.413300388896744,-71.40119984565698,340.1011714479102));
#1303=VERTEX_POINT('',#1302);
#1304=CARTESIAN_POINT('',(16.48844878264147,-71.40119984351915,340.0852601766644));
#1305=VERTEX_POINT('',#1304);
#1306=CARTESIAN_POINT('',(16.26467166826967,-71.40119984849368,340.12228440509324));
#1307=VERTEX_POINT('',#1306);
#1308=CARTESIAN_POINT('',(16.33873215623514,-71.40119984731406,340.1135047995933));
#1309=VERTEX_POINT('',#1308);
#1310=CARTESIAN_POINT('',(16.117783638388772,-71.4011998494335,340.12927917481124));
#1311=VERTEX_POINT('',#1310);
#1312=CARTESIAN_POINT('',(16.191046301116543,-71.40119984919907,340.1275344377899));
#1313=VERTEX_POINT('',#1312);
#1314=CARTESIAN_POINT('',(15.82387851561063,-71.40119984591684,340.1031055257809));
#1315=VERTEX_POINT('',#1314);
#1316=CARTESIAN_POINT('',(15.965875171295288,-71.40119984854566,340.12267128291643));
#1317=VERTEX_POINT('',#1316);
#1318=CARTESIAN_POINT('',(15.572134825450597,-71.40119983564404,340.02664766770926));
#1319=VERTEX_POINT('',#1318);
#1320=CARTESIAN_POINT('',(15.69242223104905,-71.40119984159897,340.0709687293536));
#1321=VERTEX_POINT('',#1320);
#1322=CARTESIAN_POINT('',(15.367580993748476,-71.40119981903086,339.90299989694296));
#1323=VERTEX_POINT('',#1322);
#1324=CARTESIAN_POINT('',(15.463644910403723,-71.40119982810401,339.9705291149227));
#1325=VERTEX_POINT('',#1324);
#1326=CARTESIAN_POINT('',(15.21524542040697,-71.40119979649309,339.7352567173254));
#1327=VERTEX_POINT('',#1326);
#1328=CARTESIAN_POINT('',(15.284571648167658,-71.40119980847656,339.8244468397189));
#1329=VERTEX_POINT('',#1328);
#1330=CARTESIAN_POINT('',(15.120156547476569,-71.40119976844646,339.5265125289517));
#1331=VERTEX_POINT('',#1330);
#1332=CARTESIAN_POINT('',(15.16023087018066,-71.4011997831324,339.63581635571137));
#1333=VERTEX_POINT('',#1332);
#1334=CARTESIAN_POINT('',(15.087342881850521,-71.40119973530673,339.2798616800426));
#1335=VERTEX_POINT('',#1334);
#1336=CARTESIAN_POINT('',(15.09565100552467,-71.40119975248724,339.40773205002665));
#1337=VERTEX_POINT('',#1336);
#1338=CARTESIAN_POINT('',(15.19564746333966,-71.40119968506444,338.9059206611673));
#1339=VERTEX_POINT('',#1338);
#1340=CARTESIAN_POINT('',(15.116111286916475,-71.40119970866058,339.0815409518294));
#1341=VERTEX_POINT('',#1340);
#1342=CARTESIAN_POINT('',(15.46640892354678,-71.40119964550206,338.61146752456983));
#1343=VERTEX_POINT('',#1342);
#1344=CARTESIAN_POINT('',(15.315797869168753,-71.40119966413829,338.7501723540431));
#1345=VERTEX_POINT('',#1344);
#1346=CARTESIAN_POINT('',(15.818398836081442,-71.40119961357931,338.3738743269012));
#1347=VERTEX_POINT('',#1346);
#1348=CARTESIAN_POINT('',(15.63732710721738,-71.40119962877576,338.4869776798288));
#1349=VERTEX_POINT('',#1348);
#1350=CARTESIAN_POINT('',(15.999470616819707,-71.40119959953272,338.26932892099444));
#1351=VERTEX_POINT('',#1350);
#1352=CARTESIAN_POINT('',(16.864859721083263,-71.40119974647601,339.36299187074053));
#1353=VERTEX_POINT('',#1352);
#1354=CARTESIAN_POINT('',(16.78084706357926,-71.40119975239358,339.40703495148716));
#1355=VERTEX_POINT('',#1354);
#1356=CARTESIAN_POINT('',(16.17038885236451,-71.40119958625594,338.1705131248123));
#1357=VERTEX_POINT('',#1356);
#1358=CARTESIAN_POINT('',(16.69850257668604,-71.40119975761931,339.4459287262753));
#1359=VERTEX_POINT('',#1358);
#1360=CARTESIAN_POINT('',(16.320999893773987,-71.40119957336894,338.0745983416879));
#1361=VERTEX_POINT('',#1360);
#1362=CARTESIAN_POINT('',(16.44115029960308,-71.40119956049168,337.9787560787025));
#1363=VERTEX_POINT('',#1362);
#1364=CARTESIAN_POINT('',(16.618092063818295,-71.40119976216941,339.47979406200335));
#1365=VERTEX_POINT('',#1364);
#1366=CARTESIAN_POINT('',(16.53988153588753,-71.40119976606016,339.50875185150676));
#1367=VERTEX_POINT('',#1366);
#1368=CARTESIAN_POINT('',(15.635634970724944,-71.4011994991018,337.52184631462467));
#1369=VERTEX_POINT('',#1368);
#1370=CARTESIAN_POINT('',(16.464136796308438,-71.40119976930775,339.53292296168394));
#1371=VERTEX_POINT('',#1370);
#1372=CARTESIAN_POINT('',(15.721021516487752,-71.4011994949301,337.49079732028264));
#1373=VERTEX_POINT('',#1372);
#1374=CARTESIAN_POINT('',(16.391123855992518,-71.40119977192846,339.5524282594332));
#1375=VERTEX_POINT('',#1374);
#1376=CARTESIAN_POINT('',(15.802926888255023,-71.40119949153146,337.4655020052966));
#1377=VERTEX_POINT('',#1376);
#1378=CARTESIAN_POINT('',(16.32110862210287,-71.40119977393853,339.56738862462146));
#1379=VERTEX_POINT('',#1378);
#1380=CARTESIAN_POINT('',(15.881060901736788,-71.40119948889937,337.4459120229072));
#1381=VERTEX_POINT('',#1380);
#1382=CARTESIAN_POINT('',(16.25435700180259,-71.40119977535417,339.57792495008425));
#1383=VERTEX_POINT('',#1382);
#1384=CARTESIAN_POINT('',(15.955133476391488,-71.40119948702734,337.43197902635507));
#1385=VERTEX_POINT('',#1384);
#1386=CARTESIAN_POINT('',(16.19113500600318,-71.40119977619165,339.58415810271987));
#1387=VERTEX_POINT('',#1386);
#1388=CARTESIAN_POINT('',(16.024854531677562,-71.40119948590889,337.42365466888083));
#1389=VERTEX_POINT('',#1388);
#1390=CARTESIAN_POINT('',(16.131708541867738,-71.4011997764672,339.58620894942675));
#1391=VERTEX_POINT('',#1390);
#1392=CARTESIAN_POINT('',(16.089933935179246,-71.40119948553752,337.4208906037252));
#1393=VERTEX_POINT('',#1392);
#1394=CARTESIAN_POINT('',(16.070972565359057,-71.4011997761413,339.58378333752364));
#1395=VERTEX_POINT('',#1394);
#1396=CARTESIAN_POINT('',(16.151628858199246,-71.40119948629756,337.4265473820656));
#1397=VERTEX_POINT('',#1396);
#1398=CARTESIAN_POINT('',(16.014249680920514,-71.40119977518526,339.5766677787186));
#1399=VERTEX_POINT('',#1398);
#1400=CARTESIAN_POINT('',(16.211003033138354,-71.4011994876423,337.4365559912378));
#1401=VERTEX_POINT('',#1400);
#1402=CARTESIAN_POINT('',(15.961781570462541,-71.40119977363156,339.5651040068084));
#1403=VERTEX_POINT('',#1402);
#1404=CARTESIAN_POINT('',(16.26747609141664,-71.4011994895717,337.4509160162481));
#1405=VERTEX_POINT('',#1404);
#1406=CARTESIAN_POINT('',(15.913810071518178,-71.4011997715127,339.5493337555897));
#1407=VERTEX_POINT('',#1406);
#1408=CARTESIAN_POINT('',(15.870576865997855,-71.40119976886112,339.52959878479646));
#1409=VERTEX_POINT('',#1408);
#1410=CARTESIAN_POINT('',(16.320467975699387,-71.40119949208577,337.4696276645932));
#1411=VERTEX_POINT('',#1410);
#1412=CARTESIAN_POINT('',(15.832323739560408,-71.40119976570934,339.5061408411939));
#1413=VERTEX_POINT('',#1412);
#1414=CARTESIAN_POINT('',(16.36939842115507,-71.4011994951845,337.4926907287764));
#1415=VERTEX_POINT('',#1414);
#1416=CARTESIAN_POINT('',(15.799292477864675,-71.40119976208983,339.4792016715473));
#1417=VERTEX_POINT('',#1416);
#1418=CARTESIAN_POINT('',(16.413687266700563,-71.40119949886791,337.52010541629454));
#1419=VERTEX_POINT('',#1418);
#1420=CARTESIAN_POINT('',(15.771724762821087,-71.40119975803506,339.44902304855907));
#1421=VERTEX_POINT('',#1420);
#1422=CARTESIAN_POINT('',(15.74986238008848,-71.40119975357753,339.41584670602595));
#1423=VERTEX_POINT('',#1422);
#1424=CARTESIAN_POINT('',(15.733947063451488,-71.4011997487497,339.3799144036817));
#1425=VERTEX_POINT('',#1424);
#1426=CARTESIAN_POINT('',(15.724220598568948,-71.40119974358407,339.34146789801815));
#1427=VERTEX_POINT('',#1426);
#1428=CARTESIAN_POINT('',(15.720924719225494,-71.40119973811312,339.30074893255835));
#1429=VERTEX_POINT('',#1428);
#1430=CARTESIAN_POINT('',(15.725352856791524,-71.4011997333481,339.2652840362568));
#1431=VERTEX_POINT('',#1430);
#1432=CARTESIAN_POINT('',(15.738943327285611,-71.4011997283687,339.22822354775843));
#1433=VERTEX_POINT('',#1432);
#1434=CARTESIAN_POINT('',(15.762155476772762,-71.40119972311645,339.18913235271344));
#1435=VERTEX_POINT('',#1434);
#1436=CARTESIAN_POINT('',(15.795448651317983,-71.40119971753289,339.1475752978663));
#1437=VERTEX_POINT('',#1436);
#1438=CARTESIAN_POINT('',(16.52068652465833,-71.40119954724413,337.8801578429374));
#1439=VERTEX_POINT('',#1438);
#1440=CARTESIAN_POINT('',(15.839282196986282,-71.40119971155956,339.10311722347717));
#1441=VERTEX_POINT('',#1440);
#1442=CARTESIAN_POINT('',(15.894115407968464,-71.40119970513797,339.0553229892592));
#1443=VERTEX_POINT('',#1442);
#1444=CARTESIAN_POINT('',(15.960407630329534,-71.40119969820968,339.0037574354726));
#1445=VERTEX_POINT('',#1444);
#1446=CARTESIAN_POINT('',(16.0386182101345,-71.40119969071621,338.9479854023775));
#1447=VERTEX_POINT('',#1446);
#1448=CARTESIAN_POINT('',(16.452754247504345,-71.40119950313596,337.5518715196507));
#1449=VERTEX_POINT('',#1448);
#1450=CARTESIAN_POINT('',(16.48601920248329,-71.4011995079887,337.5879892463418));
#1451=VERTEX_POINT('',#1450);
#1452=CARTESIAN_POINT('',(16.549454816249465,-71.40119953324624,337.77597493397735));
#1453=VERTEX_POINT('',#1452);
#1454=CARTESIAN_POINT('',(16.51290197055428,-71.40119951342609,337.62845838887097));
#1455=VERTEX_POINT('',#1454);
#1456=CARTESIAN_POINT('',(16.53282228688579,-71.40119951944814,337.6732790509866));
#1457=VERTEX_POINT('',#1456);
#1458=CARTESIAN_POINT('',(16.545199990394693,-71.40119952605485,337.72245123268874));
#1459=VERTEX_POINT('',#1458);
#1460=CARTESIAN_POINT('',(13.172672258749827,-71.40119977927358,339.6070962019425));
#1461=VERTEX_POINT('',#1460);
#1462=CARTESIAN_POINT('',(13.22859534673097,-71.40119977961612,339.60964558569947));
#1463=VERTEX_POINT('',#1462);
#1464=CARTESIAN_POINT('',(13.253418190212301,-71.40119969782863,339.0009213948571));
#1465=VERTEX_POINT('',#1464);
#1466=CARTESIAN_POINT('',(13.110010296842887,-71.40119969695266,338.99440166317424));
#1467=VERTEX_POINT('',#1466);
#1468=CARTESIAN_POINT('',(12.399841671893313,-71.40119969695266,338.99440166317424));
#1469=VERTEX_POINT('',#1468);
#1470=CARTESIAN_POINT('',(12.399841671893313,-71.40119942099042,336.9404823433848));
#1471=VERTEX_POINT('',#1470);
#1472=CARTESIAN_POINT('',(11.71752264640486,-71.40119942099042,336.9404823433848));
#1473=VERTEX_POINT('',#1472);
#1474=CARTESIAN_POINT('',(11.71752264640486,-71.4012000589777,341.6888653300841));
#1475=VERTEX_POINT('',#1474);
#1476=CARTESIAN_POINT('',(13.200522065707759,-71.4012000589777,341.6888653300841));
#1477=VERTEX_POINT('',#1476);
#1478=CARTESIAN_POINT('',(13.448176149348654,-71.40120005729946,341.67637464393636));
#1479=VERTEX_POINT('',#1478);
#1480=CARTESIAN_POINT('',(13.672646199320269,-71.4012000524121,341.63999920619335));
#1481=VERTEX_POINT('',#1480);
#1482=CARTESIAN_POINT('',(13.874246573291032,-71.40120004453644,341.581382599176));
#1483=VERTEX_POINT('',#1482);
#1484=CARTESIAN_POINT('',(14.053291628929372,-71.40120003389336,341.5021688201989));
#1485=VERTEX_POINT('',#1484);
#1486=CARTESIAN_POINT('',(14.21009551640691,-71.40120002070374,341.40400165908));
#1487=VERTEX_POINT('',#1486);
#1488=CARTESIAN_POINT('',(14.344972593392072,-71.40120000518844,341.2885251131338));
#1489=VERTEX_POINT('',#1488);
#1490=CARTESIAN_POINT('',(14.458237113804884,-71.40119998756833,341.1573829721782));
#1491=VERTEX_POINT('',#1490);
#1492=CARTESIAN_POINT('',(14.55020333156537,-71.40119996806433,341.0122194410246));
#1493=VERTEX_POINT('',#1492);
#1494=CARTESIAN_POINT('',(14.621185552467757,-71.40119994689726,340.8546782057424));
#1495=VERTEX_POINT('',#1494);
#1496=CARTESIAN_POINT('',(14.671498030432069,-71.40119992428802,340.68640315989785));
#1497=VERTEX_POINT('',#1496);
#1498=CARTESIAN_POINT('',(14.70145504531543,-71.40119990045748,340.5090383008055));
#1499=VERTEX_POINT('',#1498);
#1500=CARTESIAN_POINT('',(14.711370876974968,-71.40119987562652,340.3242274182832));
#1501=VERTEX_POINT('',#1500);
#1502=CARTESIAN_POINT('',(14.700870708358991,-71.40119985108409,340.1415641797349));
#1503=VERTEX_POINT('',#1502);
#1504=CARTESIAN_POINT('',(14.669144912848687,-71.40119982763628,339.9670478888787));
#1505=VERTEX_POINT('',#1504);
#1506=CARTESIAN_POINT('',(14.615854907522959,-71.40119980548124,339.80215332937144));
#1507=VERTEX_POINT('',#1506);
#1508=CARTESIAN_POINT('',(14.54066226508332,-71.4011997848171,339.64835515518456));
#1509=VERTEX_POINT('',#1508);
#1510=CARTESIAN_POINT('',(14.443228454482878,-71.40119976584198,339.50712804622657));
#1511=VERTEX_POINT('',#1510);
#1512=CARTESIAN_POINT('',(14.323215100297347,-71.40119974875404,339.37994669537454));
#1513=VERTEX_POINT('',#1512);
#1514=CARTESIAN_POINT('',(14.180283723354037,-71.40119973375141,339.2682857825369));
#1515=VERTEX_POINT('',#1514);
#1516=CARTESIAN_POINT('',(14.014095792606057,-71.40119972103223,339.1736199876222));
#1517=VERTEX_POINT('',#1516);
#1518=CARTESIAN_POINT('',(13.824312984503322,-71.40119971079461,339.09742399053897));
#1519=VERTEX_POINT('',#1518);
#1520=CARTESIAN_POINT('',(13.610596767998942,-71.40119970323673,339.04117248416424));
#1521=VERTEX_POINT('',#1520);
#1522=CARTESIAN_POINT('',(13.50257662573182,-71.40119970111252,339.0253624713672));
#1523=VERTEX_POINT('',#1522);
#1524=CARTESIAN_POINT('',(13.411039096382538,-71.40119978227055,339.629401850854));
#1525=VERTEX_POINT('',#1524);
#1526=CARTESIAN_POINT('',(13.517639337973051,-71.40119978596802,339.6569212205184));
#1527=VERTEX_POINT('',#1526);
#1528=CARTESIAN_POINT('',(13.615173940149361,-71.40119979108817,339.69502930859295));
#1529=VERTEX_POINT('',#1528);
#1530=CARTESIAN_POINT('',(12.399841671893313,-71.40119977927358,339.6070962019425));
#1531=VERTEX_POINT('',#1530);
#1532=CARTESIAN_POINT('',(13.703135158215332,-71.40119979759854,339.7434843294067));
#1533=VERTEX_POINT('',#1532);
#1534=CARTESIAN_POINT('',(13.781015351223232,-71.40119980546662,339.80204454916293));
#1535=VERTEX_POINT('',#1534);
#1536=CARTESIAN_POINT('',(12.399841671893313,-71.40119997665676,341.07617079131586));
#1537=VERTEX_POINT('',#1536);
#1538=CARTESIAN_POINT('',(13.848306774476924,-71.40119981465995,339.87046823406484));
#1539=VERTEX_POINT('',#1538);
#1540=CARTESIAN_POINT('',(13.904501890777084,-71.40119982514604,339.9485135984415));
#1541=VERTEX_POINT('',#1540);
#1542=CARTESIAN_POINT('',(13.200522065707759,-71.40119997665676,341.07617079131586));
#1543=VERTEX_POINT('',#1542);
#1544=CARTESIAN_POINT('',(13.949092955427574,-71.4011998368924,340.03593890849623));
#1545=VERTEX_POINT('',#1544);
#1546=CARTESIAN_POINT('',(13.346584258281496,-71.40119997563578,341.06857184272866));
#1547=VERTEX_POINT('',#1546);
#1548=CARTESIAN_POINT('',(13.47550617679542,-71.40119997269835,341.0467093551531));
#1549=VERTEX_POINT('',#1548);
#1550=CARTESIAN_POINT('',(13.981572223732257,-71.40119984986656,340.1325024304323));
#1551=VERTEX_POINT('',#1550);
#1552=CARTESIAN_POINT('',(14.001432054743404,-71.40119986403604,340.23796237857863));
#1553=VERTEX_POINT('',#1552);
#1554=CARTESIAN_POINT('',(13.588134096992562,-71.40119996803294,341.0119857996039));
#1555=VERTEX_POINT('',#1554);
#1556=CARTESIAN_POINT('',(13.685314087119139,-71.4011999618279,340.9658032321021));
#1557=VERTEX_POINT('',#1556);
#1558=CARTESIAN_POINT('',(14.008164807513282,-71.40119987936835,340.3520770191387));
#1559=VERTEX_POINT('',#1558);
#1560=CARTESIAN_POINT('',(14.004107518622433,-71.40119989110823,340.43945403430826));
#1561=VERTEX_POINT('',#1560);
#1562=CARTESIAN_POINT('',(13.767892319169775,-71.40119995427163,340.90956381241716));
#1563=VERTEX_POINT('',#1562);
#1564=CARTESIAN_POINT('',(13.83671486139069,-71.40119994555253,340.84466970031866));
#1565=VERTEX_POINT('',#1564);
#1566=CARTESIAN_POINT('',(13.99137126062439,-71.40119990281562,340.52658931568106));
#1567=VERTEX_POINT('',#1566);
#1568=CARTESIAN_POINT('',(13.969109965272935,-71.40119991430215,340.6120807034877));
#1569=VERTEX_POINT('',#1568);
#1570=CARTESIAN_POINT('',(13.892627885776506,-71.401199935859,340.77252305557596));
#1571=VERTEX_POINT('',#1570);
#1572=CARTESIAN_POINT('',(13.936477564321848,-71.40119992537942,340.6945260379586));
#1573=VERTEX_POINT('',#1572);
#1574=CARTESIAN_POINT('',(13.372608715794428,-71.4011996985567,339.0063401484065));
#1575=VERTEX_POINT('',#1574);
#1576=CARTESIAN_POINT('',(13.295880752577148,-71.40119978002825,339.61271293339644));
#1577=VERTEX_POINT('',#1576);
#1578=FACE_SURFACE('',(#1583),#1579,.T.);
#1579=PLANE('',#1580);
#1580=AXIS2_PLACEMENT_3D('',#34,#1581,#1582);
#1581=DIRECTION('',(2.540528633700749E-14,-0.999999999999991,-1.3435858542335252E-07));
#1582=DIRECTION('',(0.9997668535058326,-2.901120367172681E-09,0.021592559622405777));
#1583=FACE_BOUND('',#1584,.T.);
#1584=EDGE_LOOP('',(#1585,#1586,#1587));
#1585=ORIENTED_EDGE('',*,*,#1588,.T.);
#1586=ORIENTED_EDGE('',*,*,#1589,.T.);
#1587=ORIENTED_EDGE('',*,*,#1590,.T.);
#1588=EDGE_CURVE('',#35,#37,#1591,.F.);
#1589=EDGE_CURVE('',#37,#39,#1592,.T.);
#1590=EDGE_CURVE('',#39,#35,#1593,.T.);
#1591=LINE('',#34,#1594);
#1592=LINE('',#36,#1595);
#1593=LINE('',#38,#1596);
#1594=VECTOR('',#1597,1.0);
#1595=VECTOR('',#1598,1.0);
#1596=VECTOR('',#1599,1.0);
#1597=DIRECTION('',(0.9997668535058326,-2.901120367172681E-09,0.021592559622405777));
#1598=DIRECTION('',(-0.9997165477713817,-3.198843764946554E-09,0.023808068213744347));
#1599=DIRECTION('',(-0.9990552517143991,5.838939697739766E-09,-0.043458071999093816));
#1600=FACE_SURFACE('',(#1605),#1601,.T.);
#1601=PLANE('',#1602);
#1602=AXIS2_PLACEMENT_3D('',#34,#1603,#1604);
#1603=DIRECTION('',(1.0749844454080351E-14,-0.999999999999991,-1.3435790685512002E-07));
#1604=DIRECTION('',(0.9999991617643522,1.739754766214848E-10,-0.001294785925577336));
#1605=FACE_BOUND('',#1606,.T.);
#1606=EDGE_LOOP('',(#1607,#1608,#1609));
#1607=ORIENTED_EDGE('',*,*,#1610,.T.);
#1608=ORIENTED_EDGE('',*,*,#1611,.T.);
#1609=ORIENTED_EDGE('',*,*,#1612,.T.);
#1610=EDGE_CURVE('',#35,#41,#1613,.F.);
#1611=EDGE_CURVE('',#41,#37,#1614,.T.);
#1612=EDGE_CURVE('',#37,#35,#1615,.T.);
#1613=LINE('',#34,#1616);
#1614=LINE('',#40,#1617);
#1615=LINE('',#36,#1618);
#1616=VECTOR('',#1619,1.0);
#1617=VECTOR('',#1620,1.0);
#1618=VECTOR('',#1621,1.0);
#1619=DIRECTION('',(0.9999991617643522,1.739754766214848E-10,-0.001294785925577336));
#1620=DIRECTION('',(-0.9974672827177279,-9.556457019664798E-09,0.07112678755371965));
#1621=DIRECTION('',(-0.9997668535058326,2.901120367172681E-09,-0.021592559622405777));
#1622=FACE_SURFACE('',(#1627),#1623,.T.);
#1623=PLANE('',#1624);
#1624=AXIS2_PLACEMENT_3D('',#42,#1625,#1626);
#1625=DIRECTION('',(9.114530768290597E-15,-0.9999999999999909,-1.343591698533365E-07));
#1626=DIRECTION('',(0.9990547848248087,-5.840423310123445E-09,0.04346880397083619));
#1627=FACE_BOUND('',#1628,.T.);
#1628=EDGE_LOOP('',(#1629,#1630,#1631));
#1629=ORIENTED_EDGE('',*,*,#1632,.T.);
#1630=ORIENTED_EDGE('',*,*,#1633,.T.);
#1631=ORIENTED_EDGE('',*,*,#1634,.T.);
#1632=EDGE_CURVE('',#43,#41,#1635,.F.);
#1633=EDGE_CURVE('',#41,#35,#1636,.T.);
#1634=EDGE_CURVE('',#35,#43,#1637,.T.);
#1635=LINE('',#42,#1638);
#1636=LINE('',#40,#1639);
#1637=LINE('',#34,#1640);
#1638=VECTOR('',#1641,1.0);
#1639=VECTOR('',#1642,1.0);
#1640=VECTOR('',#1643,1.0);
#1641=DIRECTION('',(0.9990547848248087,-5.840423310123445E-09,0.04346880397083619));
#1642=DIRECTION('',(-0.9999991617643522,-1.739754766214848E-10,0.001294785925577336));
#1643=DIRECTION('',(-0.9906399951231741,1.8340091510022417E-08,-0.13650054967785688));
#1644=FACE_SURFACE('',(#1649),#1645,.T.);
#1645=PLANE('',#1646);
#1646=AXIS2_PLACEMENT_3D('',#42,#1647,#1648);
#1647=DIRECTION('',(-1.4643244532756412E-14,-0.999999999999991,-1.343586238222309E-07));
#1648=DIRECTION('',(0.9997960725952929,-2.7133045425424998E-09,0.020194385928468866));
#1649=FACE_BOUND('',#1650,.T.);
#1650=EDGE_LOOP('',(#1651,#1652,#1653));
#1651=ORIENTED_EDGE('',*,*,#1654,.T.);
#1652=ORIENTED_EDGE('',*,*,#1655,.T.);
#1653=ORIENTED_EDGE('',*,*,#1656,.T.);
#1654=EDGE_CURVE('',#43,#45,#1657,.F.);
#1655=EDGE_CURVE('',#45,#41,#1658,.T.);
#1656=EDGE_CURVE('',#41,#43,#1659,.T.);
#1657=LINE('',#42,#1660);
#1658=LINE('',#44,#1661);
#1659=LINE('',#40,#1662);
#1660=VECTOR('',#1663,1.0);
#1661=VECTOR('',#1664,1.0);
#1662=VECTOR('',#1665,1.0);
#1663=DIRECTION('',(0.9997960725952929,-2.7133045425424998E-09,0.020194385928468866));
#1664=DIRECTION('',(-0.9930465769210733,-1.58169666552253E-08,0.11772211374817568));
#1665=DIRECTION('',(-0.9990547848248087,5.840423310123445E-09,-0.04346880397083619));
#1666=FACE_SURFACE('',(#1671),#1667,.T.);
#1667=PLANE('',#1668);
#1668=AXIS2_PLACEMENT_3D('',#42,#1669,#1670);
#1669=DIRECTION('',(-2.55977410721448E-15,-0.999999999999991,-1.3435922205811276E-07));
#1670=DIRECTION('',(0.9999946165347717,4.408697779195639E-10,-0.0032812957006345387));
#1671=FACE_BOUND('',#1672,.T.);
#1672=EDGE_LOOP('',(#1673,#1674,#1675));
#1673=ORIENTED_EDGE('',*,*,#1676,.T.);
#1674=ORIENTED_EDGE('',*,*,#1677,.T.);
#1675=ORIENTED_EDGE('',*,*,#1678,.T.);
#1676=EDGE_CURVE('',#43,#47,#1679,.F.);
#1677=EDGE_CURVE('',#47,#45,#1680,.T.);
#1678=EDGE_CURVE('',#45,#43,#1681,.T.);
#1679=LINE('',#42,#1682);
#1680=LINE('',#46,#1683);
#1681=LINE('',#44,#1684);
#1682=VECTOR('',#1685,1.0);
#1683=VECTOR('',#1686,1.0);
#1684=VECTOR('',#1687,1.0);
#1685=DIRECTION('',(0.9999946165347717,4.408697779195639E-10,-0.0032812957006345387));
#1686=DIRECTION('',(-0.9865963249657341,-2.192472675204427E-08,0.16317993615670803));
#1687=DIRECTION('',(-0.9997960725952929,2.7133045425424998E-09,-0.020194385928468866));
#1688=FACE_SURFACE('',(#1693),#1689,.T.);
#1689=PLANE('',#1690);
#1690=AXIS2_PLACEMENT_3D('',#48,#1691,#1692);
#1691=DIRECTION('',(-1.897360177723817E-15,-0.999999999999991,-1.3435902018348019E-07));
#1692=DIRECTION('',(0.9991234694822857,-5.6243236488806495E-09,0.041860395718150985));
#1693=FACE_BOUND('',#1694,.T.);
#1694=EDGE_LOOP('',(#1695,#1696,#1697));
#1695=ORIENTED_EDGE('',*,*,#1698,.T.);
#1696=ORIENTED_EDGE('',*,*,#1699,.T.);
#1697=ORIENTED_EDGE('',*,*,#1700,.T.);
#1698=EDGE_CURVE('',#49,#47,#1701,.F.);
#1699=EDGE_CURVE('',#47,#43,#1702,.T.);
#1700=EDGE_CURVE('',#43,#49,#1703,.T.);
#1701=LINE('',#48,#1704);
#1702=LINE('',#46,#1705);
#1703=LINE('',#42,#1706);
#1704=VECTOR('',#1707,1.0);
#1705=VECTOR('',#1708,1.0);
#1706=VECTOR('',#1709,1.0);
#1707=DIRECTION('',(0.9991234694822857,-5.6243236488806495E-09,0.041860395718150985));
#1708=DIRECTION('',(-0.9999946165347717,-4.408697779195639E-10,0.0032812957006345387));
#1709=DIRECTION('',(-0.9713938281205806,3.190681258182948E-08,-0.23747427374189992));
#1710=FACE_SURFACE('',(#1715),#1711,.T.);
#1711=PLANE('',#1712);
#1712=AXIS2_PLACEMENT_3D('',#48,#1713,#1714);
#1713=DIRECTION('',(1.329729367000206E-15,-0.9999999999999909,-1.343590972076183E-07));
#1714=DIRECTION('',(0.9998388752159874,-2.4118234583443274E-09,0.01795058792433347));
#1715=FACE_BOUND('',#1716,.T.);
#1716=EDGE_LOOP('',(#1717,#1718,#1719));
#1717=ORIENTED_EDGE('',*,*,#1720,.T.);
#1718=ORIENTED_EDGE('',*,*,#1721,.T.);
#1719=ORIENTED_EDGE('',*,*,#1722,.T.);
#1720=EDGE_CURVE('',#49,#51,#1723,.F.);
#1721=EDGE_CURVE('',#51,#47,#1724,.T.);
#1722=EDGE_CURVE('',#47,#49,#1725,.T.);
#1723=LINE('',#48,#1726);
#1724=LINE('',#50,#1727);
#1725=LINE('',#46,#1728);
#1726=VECTOR('',#1729,1.0);
#1727=VECTOR('',#1730,1.0);
#1728=VECTOR('',#1731,1.0);
#1729=DIRECTION('',(0.9998388752159874,-2.4118234583443274E-09,0.01795058792433347));
#1730=DIRECTION('',(-0.978311476835675,-2.7831039192406524E-08,0.20713921476050765));
#1731=DIRECTION('',(-0.9991234694822857,5.6243236488806495E-09,-0.041860395718150985));
#1732=FACE_SURFACE('',(#1737),#1733,.T.);
#1733=PLANE('',#1734);
#1734=AXIS2_PLACEMENT_3D('',#48,#1735,#1736);
#1735=DIRECTION('',(-6.487067032295826E-15,-0.999999999999991,-1.3435866181592236E-07));
#1736=DIRECTION('',(0.9999820627040276,8.047365120046534E-10,-0.005989513352387013));
#1737=FACE_BOUND('',#1738,.T.);
#1738=EDGE_LOOP('',(#1739,#1740,#1741));
#1739=ORIENTED_EDGE('',*,*,#1742,.T.);
#1740=ORIENTED_EDGE('',*,*,#1743,.T.);
#1741=ORIENTED_EDGE('',*,*,#1744,.T.);
#1742=EDGE_CURVE('',#49,#53,#1745,.F.);
#1743=EDGE_CURVE('',#53,#51,#1746,.T.);
#1744=EDGE_CURVE('',#51,#49,#1747,.T.);
#1745=LINE('',#48,#1748);
#1746=LINE('',#52,#1749);
#1747=LINE('',#50,#1750);
#1748=VECTOR('',#1751,1.0);
#1749=VECTOR('',#1752,1.0);
#1750=VECTOR('',#1753,1.0);
#1751=DIRECTION('',(0.9999820627040276,8.047365120046534E-10,-0.005989513352387013));
#1752=DIRECTION('',(-0.9684261555605805,-3.349568658562113E-08,0.2493005840870675));
#1753=DIRECTION('',(-0.9998388752159874,2.4118234583443274E-09,-0.01795058792433347));
#1754=FACE_SURFACE('',(#1759),#1755,.T.);
#1755=PLANE('',#1756);
#1756=AXIS2_PLACEMENT_3D('',#54,#1757,#1758);
#1757=DIRECTION('',(-6.1209414631057416E-15,-0.999999999999991,-1.34358600689253E-07));
#1758=DIRECTION('',(0.9992243336875508,-5.290956657333514E-09,0.03937932156183153));
#1759=FACE_BOUND('',#1760,.T.);
#1760=EDGE_LOOP('',(#1761,#1762,#1763));
#1761=ORIENTED_EDGE('',*,*,#1764,.T.);
#1762=ORIENTED_EDGE('',*,*,#1765,.T.);
#1763=ORIENTED_EDGE('',*,*,#1766,.T.);
#1764=EDGE_CURVE('',#55,#53,#1767,.F.);
#1765=EDGE_CURVE('',#53,#49,#1768,.T.);
#1766=EDGE_CURVE('',#49,#55,#1769,.T.);
#1767=LINE('',#54,#1770);
#1768=LINE('',#52,#1771);
#1769=LINE('',#48,#1772);
#1770=VECTOR('',#1773,1.0);
#1771=VECTOR('',#1774,1.0);
#1772=VECTOR('',#1775,1.0);
#1773=DIRECTION('',(0.9992243336875508,-5.290956657333514E-09,0.03937932156183153));
#1774=DIRECTION('',(-0.9999820627040276,-8.047365120046534E-10,0.005989513352387013));
#1775=DIRECTION('',(-0.9383313519065838,4.645278429859594E-08,-0.34573729048102453));
#1776=FACE_SURFACE('',(#1781),#1777,.T.);
#1777=PLANE('',#1778);
#1778=AXIS2_PLACEMENT_3D('',#54,#1779,#1780);
#1779=DIRECTION('',(-5.7373031169160814E-15,-0.9999999999999909,-1.3435861042382316E-07));
#1780=DIRECTION('',(0.9998885005558806,-2.0063467281288863E-09,0.014932731033289343));
#1781=FACE_BOUND('',#1782,.T.);
#1782=EDGE_LOOP('',(#1783,#1784,#1785));
#1783=ORIENTED_EDGE('',*,*,#1786,.T.);
#1784=ORIENTED_EDGE('',*,*,#1787,.T.);
#1785=ORIENTED_EDGE('',*,*,#1788,.T.);
#1786=EDGE_CURVE('',#55,#57,#1789,.F.);
#1787=EDGE_CURVE('',#57,#53,#1790,.T.);
#1788=EDGE_CURVE('',#53,#55,#1791,.T.);
#1789=LINE('',#54,#1792);
#1790=LINE('',#56,#1793);
#1791=LINE('',#52,#1794);
#1792=VECTOR('',#1795,1.0);
#1793=VECTOR('',#1796,1.0);
#1794=VECTOR('',#1797,1.0);
#1795=DIRECTION('',(0.9998885005558806,-2.0063467281288863E-09,0.014932731033289343));
#1796=DIRECTION('',(-0.9571984395947566,-3.888773725911821E-08,0.2894324571249082));
#1797=DIRECTION('',(-0.9992243336875508,5.290956657333514E-09,-0.03937932156183153));
#1798=FACE_SURFACE('',(#1803),#1799,.T.);
#1799=PLANE('',#1800);
#1800=AXIS2_PLACEMENT_3D('',#54,#1801,#1802);
#1801=DIRECTION('',(4.763758658133549E-15,-0.999999999999991,-1.3435931356987793E-07));
#1802=DIRECTION('',(0.9999553419952364,1.269782135148155E-09,-0.00945060924966572));
#1803=FACE_BOUND('',#1804,.T.);
#1804=EDGE_LOOP('',(#1805,#1806,#1807));
#1805=ORIENTED_EDGE('',*,*,#1808,.T.);
#1806=ORIENTED_EDGE('',*,*,#1809,.T.);
#1807=ORIENTED_EDGE('',*,*,#1810,.T.);
#1808=EDGE_CURVE('',#55,#59,#1811,.F.);
#1809=EDGE_CURVE('',#59,#57,#1812,.T.);
#1810=EDGE_CURVE('',#57,#55,#1813,.T.);
#1811=LINE('',#54,#1814);
#1812=LINE('',#58,#1815);
#1813=LINE('',#56,#1816);
#1814=VECTOR('',#1817,1.0);
#1815=VECTOR('',#1818,1.0);
#1816=VECTOR('',#1819,1.0);
#1817=DIRECTION('',(0.9999553419952364,1.269782135148155E-09,-0.00945060924966572));
#1818=DIRECTION('',(-0.9448952478943442,-4.398559336194171E-08,0.3273728310454062));
#1819=DIRECTION('',(-0.9998885005558806,2.0063467281288863E-09,-0.014932731033289343));
#1820=FACE_SURFACE('',(#1825),#1821,.T.);
#1821=PLANE('',#1822);
#1822=AXIS2_PLACEMENT_3D('',#60,#1823,#1824);
#1823=DIRECTION('',(9.063506163766507E-15,-0.9999999999999911,-1.3435885861979236E-07));
#1824=DIRECTION('',(0.9993489692725109,-4.847418761341139E-09,0.03607821522705735));
#1825=FACE_BOUND('',#1826,.T.);
#1826=EDGE_LOOP('',(#1827,#1828,#1829));
#1827=ORIENTED_EDGE('',*,*,#1830,.T.);
#1828=ORIENTED_EDGE('',*,*,#1831,.T.);
#1829=ORIENTED_EDGE('',*,*,#1832,.T.);
#1830=EDGE_CURVE('',#61,#59,#1833,.F.);
#1831=EDGE_CURVE('',#59,#55,#1834,.T.);
#1832=EDGE_CURVE('',#55,#61,#1835,.T.);
#1833=LINE('',#60,#1836);
#1834=LINE('',#58,#1837);
#1835=LINE('',#54,#1838);
#1836=VECTOR('',#1839,1.0);
#1837=VECTOR('',#1840,1.0);
#1838=VECTOR('',#1841,1.0);
#1839=DIRECTION('',(0.9993489692725109,-4.847418761341139E-09,0.03607821522705735));
#1840=DIRECTION('',(-0.9999553419952364,-1.269782135148155E-09,0.00945060924966572));
#1841=DIRECTION('',(-0.8882073548291467,6.173020338055476E-08,-0.4594428090931519));
#1842=FACE_SURFACE('',(#1847),#1843,.T.);
#1843=PLANE('',#1844);
#1844=AXIS2_PLACEMENT_3D('',#60,#1845,#1846);
#1845=DIRECTION('',(2.9162897027556232E-15,-0.999999999999991,-1.343586883448939E-07));
#1846=DIRECTION('',(0.9999381430973361,-1.494401430728579E-09,0.011122498777316088));
#1847=FACE_BOUND('',#1848,.T.);
#1848=EDGE_LOOP('',(#1849,#1850,#1851));
#1849=ORIENTED_EDGE('',*,*,#1852,.T.);
#1850=ORIENTED_EDGE('',*,*,#1853,.T.);
#1851=ORIENTED_EDGE('',*,*,#1854,.T.);
#1852=EDGE_CURVE('',#61,#63,#1855,.F.);
#1853=EDGE_CURVE('',#63,#59,#1856,.T.);
#1854=EDGE_CURVE('',#59,#61,#1857,.T.);
#1855=LINE('',#60,#1858);
#1856=LINE('',#62,#1859);
#1857=LINE('',#58,#1860);
#1858=VECTOR('',#1861,1.0);
#1859=VECTOR('',#1862,1.0);
#1860=VECTOR('',#1863,1.0);
#1861=DIRECTION('',(0.9999381430973361,-1.494401430728579E-09,0.011122498777316088));
#1862=DIRECTION('',(-0.9317801556415733,-4.8775304798109055E-08,0.3630230592573463));
#1863=DIRECTION('',(-0.9993489692725109,4.847418761341139E-09,-0.03607821522705735));
#1864=FACE_SURFACE('',(#1869),#1865,.T.);
#1865=PLANE('',#1866);
#1866=AXIS2_PLACEMENT_3D('',#60,#1867,#1868);
#1867=DIRECTION('',(4.090739037890862E-15,-0.9999999999999909,-1.3435879393058204E-07));
#1868=DIRECTION('',(0.9999061810936558,1.8404204754365535E-09,-0.01369777393232749));
#1869=FACE_BOUND('',#1870,.T.);
#1870=EDGE_LOOP('',(#1871,#1872,#1873));
#1871=ORIENTED_EDGE('',*,*,#1874,.T.);
#1872=ORIENTED_EDGE('',*,*,#1875,.T.);
#1873=ORIENTED_EDGE('',*,*,#1876,.T.);
#1874=EDGE_CURVE('',#61,#65,#1877,.F.);
#1875=EDGE_CURVE('',#65,#63,#1878,.T.);
#1876=EDGE_CURVE('',#63,#61,#1879,.T.);
#1877=LINE('',#60,#1880);
#1878=LINE('',#64,#1881);
#1879=LINE('',#62,#1882);
#1880=VECTOR('',#1883,1.0);
#1881=VECTOR('',#1884,1.0);
#1882=VECTOR('',#1885,1.0);
#1883=DIRECTION('',(0.9999061810936558,1.8404204754365535E-09,-0.01369777393232749));
#1884=DIRECTION('',(-0.9181022949826675,-5.3252239407354965E-08,0.3963435075128089));
#1885=DIRECTION('',(-0.9999381430973361,1.494401430728579E-09,-0.011122498777316088));
#1886=FACE_SURFACE('',(#1891),#1887,.T.);
#1887=PLANE('',#1888);
#1888=AXIS2_PLACEMENT_3D('',#66,#1889,#1890);
#1889=DIRECTION('',(3.3591301544914156E-15,-0.999999999999991,-1.3435884733635791E-07));
#1890=DIRECTION('',(0.9994897094742582,-4.291748547815119E-09,0.031942458500607736));
#1891=FACE_BOUND('',#1892,.T.);
#1892=EDGE_LOOP('',(#1893,#1894,#1895));
#1893=ORIENTED_EDGE('',*,*,#1896,.T.);
#1894=ORIENTED_EDGE('',*,*,#1897,.T.);
#1895=ORIENTED_EDGE('',*,*,#1898,.T.);
#1896=EDGE_CURVE('',#67,#65,#1899,.F.);
#1897=EDGE_CURVE('',#65,#61,#1900,.T.);
#1898=EDGE_CURVE('',#61,#67,#1901,.T.);
#1899=LINE('',#66,#1902);
#1900=LINE('',#64,#1903);
#1901=LINE('',#60,#1904);
#1902=VECTOR('',#1905,1.0);
#1903=VECTOR('',#1906,1.0);
#1904=VECTOR('',#1907,1.0);
#1905=DIRECTION('',(0.9994897094742582,-4.291748547815119E-09,0.031942458500607736));
#1906=DIRECTION('',(-0.9999061810936558,-1.8404204754365535E-09,0.01369777393232749));
#1907=DIRECTION('',(-0.8180921561581707,7.726804313565849E-08,-0.5750871447289266));
#1908=FACE_SURFACE('',(#1913),#1909,.T.);
#1909=PLANE('',#1910);
#1910=AXIS2_PLACEMENT_3D('',#66,#1911,#1912);
#1911=DIRECTION('',(-1.7670134388144405E-15,-0.999999999999991,-1.343586869376907E-07));
#1912=DIRECTION('',(0.9999789549671741,-8.716741118287416E-10,0.006487651559565499));
#1913=FACE_BOUND('',#1914,.T.);
#1914=EDGE_LOOP('',(#1915,#1916,#1917));
#1915=ORIENTED_EDGE('',*,*,#1918,.T.);
#1916=ORIENTED_EDGE('',*,*,#1919,.T.);
#1917=ORIENTED_EDGE('',*,*,#1920,.T.);
#1918=EDGE_CURVE('',#67,#69,#1921,.F.);
#1919=EDGE_CURVE('',#69,#65,#1922,.T.);
#1920=EDGE_CURVE('',#65,#67,#1923,.T.);
#1921=LINE('',#66,#1924);
#1922=LINE('',#68,#1925);
#1923=LINE('',#64,#1926);
#1924=VECTOR('',#1927,1.0);
#1925=VECTOR('',#1928,1.0);
#1926=VECTOR('',#1929,1.0);
#1927=DIRECTION('',(0.9999789549671741,-8.716741118287416E-10,0.006487651559565499));
#1928=DIRECTION('',(-0.9040894231275155,-5.74172860385599E-08,0.4273433221532226));
#1929=DIRECTION('',(-0.9994897094742582,4.291748547815119E-09,-0.031942458500607736));
#1930=FACE_SURFACE('',(#1935),#1931,.T.);
#1931=PLANE('',#1932);
#1932=AXIS2_PLACEMENT_3D('',#66,#1933,#1934);
#1933=DIRECTION('',(7.681023462337586E-16,-0.9999999999999911,-1.343590776896308E-07));
#1934=DIRECTION('',(0.9998238989262119,2.5214132188450947E-09,-0.018766223274488732));
#1935=FACE_BOUND('',#1936,.T.);
#1936=EDGE_LOOP('',(#1937,#1938,#1939));
#1937=ORIENTED_EDGE('',*,*,#1940,.T.);
#1938=ORIENTED_EDGE('',*,*,#1941,.T.);
#1939=ORIENTED_EDGE('',*,*,#1942,.T.);
#1940=EDGE_CURVE('',#67,#71,#1943,.F.);
#1941=EDGE_CURVE('',#71,#69,#1944,.T.);
#1942=EDGE_CURVE('',#69,#67,#1945,.T.);
#1943=LINE('',#66,#1946);
#1944=LINE('',#70,#1947);
#1945=LINE('',#68,#1948);
#1946=VECTOR('',#1949,1.0);
#1947=VECTOR('',#1950,1.0);
#1948=VECTOR('',#1951,1.0);
#1949=DIRECTION('',(0.9998238989262119,2.5214132188450947E-09,-0.018766223274488732));
#1950=DIRECTION('',(-0.8899432396581891,-6.127731983906957E-08,0.4560712994551215));
#1951=DIRECTION('',(-0.9999789549671741,8.716741118287416E-10,-0.006487651559565499));
#1952=FACE_SURFACE('',(#1957),#1953,.T.);
#1953=PLANE('',#1954);
#1954=AXIS2_PLACEMENT_3D('',#72,#1955,#1956);
#1955=DIRECTION('',(4.03264937231448E-15,-0.9999999999999911,-1.3435890376160662E-07));
#1956=DIRECTION('',(0.9996370635333169,-3.619569003679907E-09,0.026939584452756994));
#1957=FACE_BOUND('',#1958,.T.);
#1958=EDGE_LOOP('',(#1959,#1960,#1961));
#1959=ORIENTED_EDGE('',*,*,#1962,.T.);
#1960=ORIENTED_EDGE('',*,*,#1963,.T.);
#1961=ORIENTED_EDGE('',*,*,#1964,.T.);
#1962=EDGE_CURVE('',#73,#71,#1965,.F.);
#1963=EDGE_CURVE('',#71,#67,#1966,.T.);
#1964=EDGE_CURVE('',#67,#73,#1967,.T.);
#1965=LINE('',#72,#1968);
#1966=LINE('',#70,#1969);
#1967=LINE('',#66,#1970);
#1968=VECTOR('',#1971,1.0);
#1969=VECTOR('',#1972,1.0);
#1970=VECTOR('',#1973,1.0);
#1971=DIRECTION('',(0.9996370635333169,-3.619569003679907E-09,0.026939584452756994));
#1972=DIRECTION('',(-0.9998238989262119,-2.5214132188450947E-09,0.018766223274488732));
#1973=DIRECTION('',(-0.7263342828691988,9.235046432263328E-08,-0.6873416250518212));
#1974=FACE_SURFACE('',(#1979),#1975,.T.);
#1975=PLANE('',#1976);
#1976=AXIS2_PLACEMENT_3D('',#72,#1977,#1978);
#1977=DIRECTION('',(2.1328559742931637E-15,-0.999999999999991,-1.34358833266685E-07));
#1978=DIRECTION('',(0.9710888698667358,3.207390872884558E-08,-0.23871825824797097));
#1979=FACE_BOUND('',#1980,.T.);
#1980=EDGE_LOOP('',(#1981,#1982,#1983));
#1981=ORIENTED_EDGE('',*,*,#1984,.T.);
#1982=ORIENTED_EDGE('',*,*,#1985,.T.);
#1983=ORIENTED_EDGE('',*,*,#1986,.T.);
#1984=EDGE_CURVE('',#73,#75,#1987,.F.);
#1985=EDGE_CURVE('',#75,#71,#1988,.T.);
#1986=EDGE_CURVE('',#71,#73,#1989,.T.);
#1987=LINE('',#72,#1990);
#1988=LINE('',#74,#1991);
#1989=LINE('',#70,#1992);
#1990=VECTOR('',#1993,1.0);
#1991=VECTOR('',#1994,1.0);
#1992=VECTOR('',#1995,1.0);
#1993=DIRECTION('',(0.9710888698667358,3.207390872884558E-08,-0.23871825824797097));
#1994=DIRECTION('',(0.8964229357301062,-5.954778453186148E-08,0.44319963932410195));
#1995=DIRECTION('',(-0.9996370635333169,3.619569003679907E-09,-0.026939584452756994));
#1996=FACE_SURFACE('',(#2001),#1997,.T.);
#1997=PLANE('',#1998);
#1998=AXIS2_PLACEMENT_3D('',#74,#1999,#2000);
#1999=DIRECTION('',(1.706443647215487E-16,-0.9999999999999909,-1.343588292978833E-07));
#2000=DIRECTION('',(0.9661189468065556,3.467764195963629E-08,-0.25809723094483333));
#2001=FACE_BOUND('',#2002,.T.);
#2002=EDGE_LOOP('',(#2003,#2004,#2005));
#2003=ORIENTED_EDGE('',*,*,#2006,.T.);
#2004=ORIENTED_EDGE('',*,*,#2007,.T.);
#2005=ORIENTED_EDGE('',*,*,#2008,.T.);
#2006=EDGE_CURVE('',#75,#77,#2009,.F.);
#2007=EDGE_CURVE('',#77,#71,#2010,.T.);
#2008=EDGE_CURVE('',#71,#75,#2011,.T.);
#2009=LINE('',#74,#2012);
#2010=LINE('',#76,#2013);
#2011=LINE('',#70,#2014);
#2012=VECTOR('',#2015,1.0);
#2013=VECTOR('',#2016,1.0);
#2014=VECTOR('',#2017,1.0);
#2015=DIRECTION('',(0.9661189468065556,3.467764195963629E-08,-0.25809723094483333));
#2016=DIRECTION('',(0.8607032329805165,-6.840302132215931E-08,0.5091070071575152));
#2017=DIRECTION('',(-0.8964229357301062,5.954778453186148E-08,-0.44319963932410195));
#2018=FACE_SURFACE('',(#2023),#2019,.T.);
#2019=PLANE('',#2020);
#2020=AXIS2_PLACEMENT_3D('',#76,#2021,#2022);
#2021=DIRECTION('',(3.91806806291675E-14,-0.999999999999991,-1.343588952487814E-07));
#2022=DIRECTION('',(0.9526692029936407,4.084633250029178E-08,-0.30400886445539665));
#2023=FACE_BOUND('',#2024,.T.);
#2024=EDGE_LOOP('',(#2025,#2026,#2027));
#2025=ORIENTED_EDGE('',*,*,#2028,.T.);
#2026=ORIENTED_EDGE('',*,*,#2029,.T.);
#2027=ORIENTED_EDGE('',*,*,#2030,.T.);
#2028=EDGE_CURVE('',#77,#79,#2031,.F.);
#2029=EDGE_CURVE('',#79,#71,#2032,.T.);
#2030=EDGE_CURVE('',#71,#77,#2033,.T.);
#2031=LINE('',#76,#2034);
#2032=LINE('',#78,#2035);
#2033=LINE('',#70,#2036);
#2034=VECTOR('',#2037,1.0);
#2035=VECTOR('',#2038,1.0);
#2036=VECTOR('',#2039,1.0);
#2037=DIRECTION('',(0.9526692029936407,4.084633250029178E-08,-0.30400886445539665));
#2038=DIRECTION('',(0.8075723663867319,-7.924061127028062E-08,0.5897684910611349));
#2039=DIRECTION('',(-0.8607032329805165,6.840302132215931E-08,-0.5091070071575152));
#2040=FACE_SURFACE('',(#2045),#2041,.T.);
#2041=PLANE('',#2042);
#2042=AXIS2_PLACEMENT_3D('',#78,#2043,#2044);
#2043=DIRECTION('',(-1.6832110847835542E-14,-0.9999999999999909,-1.3435881855024075E-07));
#2044=DIRECTION('',(0.9377841868225765,4.665187723241863E-08,-0.3472186903746929));
#2045=FACE_BOUND('',#2046,.T.);
#2046=EDGE_LOOP('',(#2047,#2048,#2049));
#2047=ORIENTED_EDGE('',*,*,#2050,.T.);
#2048=ORIENTED_EDGE('',*,*,#2051,.T.);
#2049=ORIENTED_EDGE('',*,*,#2052,.T.);
#2050=EDGE_CURVE('',#79,#81,#2053,.F.);
#2051=EDGE_CURVE('',#81,#71,#2054,.T.);
#2052=EDGE_CURVE('',#71,#79,#2055,.T.);
#2053=LINE('',#78,#2056);
#2054=LINE('',#80,#2057);
#2055=LINE('',#70,#2058);
#2056=VECTOR('',#2059,1.0);
#2057=VECTOR('',#2060,1.0);
#2058=VECTOR('',#2061,1.0);
#2059=DIRECTION('',(0.9377841868225765,4.665187723241863E-08,-0.3472186903746929));
#2060=DIRECTION('',(0.7301351534926679,-9.18077634235527E-08,0.6833027569344573));
#2061=DIRECTION('',(-0.8075723663867319,7.924061127028062E-08,-0.5897684910611349));
#2062=FACE_SURFACE('',(#2067),#2063,.T.);
#2063=PLANE('',#2064);
#2064=AXIS2_PLACEMENT_3D('',#80,#2065,#2066);
#2065=DIRECTION('',(-3.936929760884916E-14,-0.9999999999999909,-1.3435879446839399E-07));
#2066=DIRECTION('',(0.921601440859774,5.2149661607207925E-08,-0.3881375841182941));
#2067=FACE_BOUND('',#2068,.T.);
#2068=EDGE_LOOP('',(#2069,#2070,#2071));
#2069=ORIENTED_EDGE('',*,*,#2072,.T.);
#2070=ORIENTED_EDGE('',*,*,#2073,.T.);
#2071=ORIENTED_EDGE('',*,*,#2074,.T.);
#2072=EDGE_CURVE('',#81,#83,#2075,.F.);
#2073=EDGE_CURVE('',#83,#71,#2076,.T.);
#2074=EDGE_CURVE('',#71,#81,#2077,.T.);
#2075=LINE('',#80,#2078);
#2076=LINE('',#82,#2079);
#2077=LINE('',#70,#2080);
#2078=VECTOR('',#2081,1.0);
#2079=VECTOR('',#2082,1.0);
#2080=VECTOR('',#2083,1.0);
#2081=DIRECTION('',(0.921601440859774,5.2149661607207925E-08,-0.3881375841182941));
#2082=DIRECTION('',(0.6221471108744819,-1.0518957294405427E-07,0.7829003591968291));
#2083=DIRECTION('',(-0.7301351534926679,9.18077634235527E-08,-0.6833027569344573));
#2084=FACE_SURFACE('',(#2089),#2085,.T.);
#2085=PLANE('',#2086);
#2086=AXIS2_PLACEMENT_3D('',#82,#2087,#2088);
#2087=DIRECTION('',(6.421981370363292E-14,-0.9999999999999909,-1.3435887678751103E-07));
#2088=DIRECTION('',(0.9042110003974165,5.738285573669501E-08,-0.4270860179873606));
#2089=FACE_BOUND('',#2090,.T.);
#2090=EDGE_LOOP('',(#2091,#2092,#2093));
#2091=ORIENTED_EDGE('',*,*,#2094,.T.);
#2092=ORIENTED_EDGE('',*,*,#2095,.T.);
#2093=ORIENTED_EDGE('',*,*,#2096,.T.);
#2094=EDGE_CURVE('',#83,#85,#2097,.F.);
#2095=EDGE_CURVE('',#85,#71,#2098,.T.);
#2096=EDGE_CURVE('',#71,#83,#2099,.T.);
#2097=LINE('',#82,#2100);
#2098=LINE('',#84,#2101);
#2099=LINE('',#70,#2102);
#2100=VECTOR('',#2103,1.0);
#2101=VECTOR('',#2104,1.0);
#2102=VECTOR('',#2105,1.0);
#2103=DIRECTION('',(0.9042110003974165,5.738285573669501E-08,-0.4270860179873606));
#2104=DIRECTION('',(0.48254042188458857,-1.1768137577316944E-07,0.8758737016530577));
#2105=DIRECTION('',(-0.6221471108744819,1.0518957294405427E-07,-0.7829003591968291));
#2106=FACE_SURFACE('',(#2111),#2107,.T.);
#2107=PLANE('',#2108);
#2108=AXIS2_PLACEMENT_3D('',#84,#2109,#2110);
#2109=DIRECTION('',(6.782050706263728E-14,-0.999999999999991,-1.343588787712218E-07));
#2110=DIRECTION('',(0.8856735376092802,6.23840297632034E-08,-0.46430850172989385));
#2111=FACE_BOUND('',#2112,.T.);
#2112=EDGE_LOOP('',(#2113,#2114,#2115));
#2113=ORIENTED_EDGE('',*,*,#2116,.T.);
#2114=ORIENTED_EDGE('',*,*,#2117,.T.);
#2115=ORIENTED_EDGE('',*,*,#2118,.T.);
#2116=EDGE_CURVE('',#85,#87,#2119,.F.);
#2117=EDGE_CURVE('',#87,#71,#2120,.T.);
#2118=EDGE_CURVE('',#71,#85,#2121,.T.);
#2119=LINE('',#84,#2122);
#2120=LINE('',#86,#2123);
#2121=LINE('',#70,#2124);
#2122=VECTOR('',#2125,1.0);
#2123=VECTOR('',#2126,1.0);
#2124=VECTOR('',#2127,1.0);
#2125=DIRECTION('',(0.8856735376092802,6.23840297632034E-08,-0.46430850172989385));
#2126=DIRECTION('',(0.3202587056516656,-1.2728219139770748E-07,0.9473301227419635));
#2127=DIRECTION('',(-0.48254042188458857,1.1768137577316944E-07,-0.8758737016530577));
#2128=FACE_SURFACE('',(#2133),#2129,.T.);
#2129=PLANE('',#2130);
#2130=AXIS2_PLACEMENT_3D('',#86,#2131,#2132);
#2131=DIRECTION('',(-4.639721396174476E-14,-0.999999999999991,-1.3435884015826246E-07));
#2132=DIRECTION('',(0.8660298133207547,6.717835371616869E-08,-0.49999236238128136));
#2133=FACE_BOUND('',#2134,.T.);
#2134=EDGE_LOOP('',(#2135,#2136,#2137));
#2135=ORIENTED_EDGE('',*,*,#2138,.T.);
#2136=ORIENTED_EDGE('',*,*,#2139,.T.);
#2137=ORIENTED_EDGE('',*,*,#2140,.T.);
#2138=EDGE_CURVE('',#87,#89,#2141,.F.);
#2139=EDGE_CURVE('',#89,#71,#2142,.T.);
#2140=EDGE_CURVE('',#71,#87,#2143,.T.);
#2141=LINE('',#86,#2144);
#2142=LINE('',#88,#2145);
#2143=LINE('',#70,#2146);
#2144=VECTOR('',#2147,1.0);
#2145=VECTOR('',#2148,1.0);
#2146=VECTOR('',#2149,1.0);
#2147=DIRECTION('',(0.8660298133207547,6.717835371616869E-08,-0.49999236238128136));
#2148=DIRECTION('',(0.15327879418983972,-1.327711268002064E-07,0.988182984700552));
#2149=DIRECTION('',(-0.3202587056516656,1.2728219139770748E-07,-0.9473301227419635));
#2150=FACE_SURFACE('',(#2155),#2151,.T.);
#2151=PLANE('',#2152);
#2152=AXIS2_PLACEMENT_3D('',#88,#2153,#2154);
#2153=DIRECTION('',(-8.476374655257964E-14,-0.999999999999991,-1.343588342071624E-07));
#2154=DIRECTION('',(0.845309455839109,7.178476461283394E-08,-0.5342770104252891));
#2155=FACE_BOUND('',#2156,.T.);
#2156=EDGE_LOOP('',(#2157,#2158,#2159));
#2157=ORIENTED_EDGE('',*,*,#2160,.T.);
#2158=ORIENTED_EDGE('',*,*,#2161,.T.);
#2159=ORIENTED_EDGE('',*,*,#2162,.T.);
#2160=EDGE_CURVE('',#89,#91,#2163,.F.);
#2161=EDGE_CURVE('',#91,#71,#2164,.T.);
#2162=EDGE_CURVE('',#71,#89,#2165,.T.);
#2163=LINE('',#88,#2166);
#2164=LINE('',#90,#2167);
#2165=LINE('',#70,#2168);
#2166=VECTOR('',#2169,1.0);
#2167=VECTOR('',#2170,1.0);
#2168=VECTOR('',#2171,1.0);
#2169=DIRECTION('',(0.845309455839109,7.178476461283394E-08,-0.5342770104252891));
#2170=DIRECTION('',(0,-1.3435883420716237E-07,0.9999999999999909));
#2171=DIRECTION('',(-0.15327879418983972,1.327711268002064E-07,-0.988182984700552));
#2172=FACE_SURFACE('',(#2177),#2173,.T.);
#2173=PLANE('',#2174);
#2174=AXIS2_PLACEMENT_3D('',#92,#2175,#2176);
#2175=DIRECTION('',(-7.732867452727526E-15,-0.999999999999991,-1.3435890793760904E-07));
#2176=DIRECTION('',(0.9887309145169985,2.0114009422507472E-08,-0.14970363615617174));
#2177=FACE_BOUND('',#2178,.T.);
#2178=EDGE_LOOP('',(#2179,#2180,#2181));
#2179=ORIENTED_EDGE('',*,*,#2182,.T.);
#2180=ORIENTED_EDGE('',*,*,#2183,.T.);
#2181=ORIENTED_EDGE('',*,*,#2184,.T.);
#2182=EDGE_CURVE('',#93,#95,#2185,.F.);
#2183=EDGE_CURVE('',#95,#73,#2186,.T.);
#2184=EDGE_CURVE('',#73,#93,#2187,.T.);
#2185=LINE('',#92,#2188);
#2186=LINE('',#94,#2189);
#2187=LINE('',#72,#2190);
#2188=VECTOR('',#2191,1.0);
#2189=VECTOR('',#2192,1.0);
#2190=VECTOR('',#2193,1.0);
#2191=DIRECTION('',(0.9887309145169985,2.0114009422507472E-08,-0.14970363615617174));
#2192=DIRECTION('',(-0.9691765752382013,-3.310161193434105E-08,0.24636713662651855));
#2193=DIRECTION('',(-0.6136986258387592,1.0608178669820389E-07,-0.7895403704964093));
#2194=FACE_SURFACE('',(#2199),#2195,.T.);
#2195=PLANE('',#2196);
#2196=AXIS2_PLACEMENT_3D('',#94,#2197,#2198);
#2197=DIRECTION('',(-2.4298138937263223E-13,-0.999999999999991,-1.343598333749865E-07));
#2198=DIRECTION('',(0.9877707241553232,2.0948261969146247E-08,-0.155913426303407));
#2199=FACE_BOUND('',#2200,.T.);
#2200=EDGE_LOOP('',(#2201,#2202,#2203));
#2201=ORIENTED_EDGE('',*,*,#2204,.T.);
#2202=ORIENTED_EDGE('',*,*,#2205,.T.);
#2203=ORIENTED_EDGE('',*,*,#2206,.T.);
#2204=EDGE_CURVE('',#95,#97,#2207,.F.);
#2205=EDGE_CURVE('',#97,#73,#2208,.T.);
#2206=EDGE_CURVE('',#73,#95,#2209,.T.);
#2207=LINE('',#94,#2210);
#2208=LINE('',#96,#2211);
#2209=LINE('',#72,#2212);
#2210=VECTOR('',#2213,1.0);
#2211=VECTOR('',#2214,1.0);
#2212=VECTOR('',#2215,1.0);
#2213=DIRECTION('',(0.9877707241553232,2.0948261969146247E-08,-0.155913426303407));
#2214=DIRECTION('',(-0.9705981779152087,-3.2340926002897655E-08,0.2407055816296662));
#2215=DIRECTION('',(0.9691765752382013,3.310161193434105E-08,-0.24636713662651855));
#2216=FACE_SURFACE('',(#2221),#2217,.T.);
#2217=PLANE('',#2218);
#2218=AXIS2_PLACEMENT_3D('',#96,#2219,#2220);
#2219=DIRECTION('',(-3.2722183001912156E-13,-0.9999999999999909,-1.3436017305808675E-07));
#2220=DIRECTION('',(0.9779250065156284,2.807506737343086E-08,-0.2089561715561597));
#2221=FACE_BOUND('',#2222,.T.);
#2222=EDGE_LOOP('',(#2223,#2224,#2225));
#2223=ORIENTED_EDGE('',*,*,#2226,.T.);
#2224=ORIENTED_EDGE('',*,*,#2227,.T.);
#2225=ORIENTED_EDGE('',*,*,#2228,.T.);
#2226=EDGE_CURVE('',#97,#75,#2229,.F.);
#2227=EDGE_CURVE('',#75,#73,#2230,.T.);
#2228=EDGE_CURVE('',#73,#97,#2231,.T.);
#2229=LINE('',#96,#2232);
#2230=LINE('',#74,#2233);
#2231=LINE('',#72,#2234);
#2232=VECTOR('',#2235,1.0);
#2233=VECTOR('',#2236,1.0);
#2234=VECTOR('',#2237,1.0);
#2235=DIRECTION('',(0.9779250065156284,2.807506737343086E-08,-0.2089561715561597));
#2236=DIRECTION('',(-0.9710888698667358,-3.207390872884558E-08,0.23871825824797097));
#2237=DIRECTION('',(0.9705981779152087,3.2340926002897655E-08,-0.2407055816296662));
#2238=FACE_SURFACE('',(#2243),#2239,.T.);
#2239=PLANE('',#2240);
#2240=AXIS2_PLACEMENT_3D('',#98,#2241,#2242);
#2241=DIRECTION('',(-4.255630801633297E-15,-0.9999999999999909,-1.343588245345443E-07));
#2242=DIRECTION('',(0.9987468705627878,6.724233494290717E-09,-0.05004686344855427));
#2243=FACE_BOUND('',#2244,.T.);
#2244=EDGE_LOOP('',(#2245,#2246,#2247));
#2245=ORIENTED_EDGE('',*,*,#2248,.T.);
#2246=ORIENTED_EDGE('',*,*,#2249,.T.);
#2247=ORIENTED_EDGE('',*,*,#2250,.T.);
#2248=EDGE_CURVE('',#99,#101,#2251,.F.);
#2249=EDGE_CURVE('',#101,#93,#2252,.T.);
#2250=EDGE_CURVE('',#93,#99,#2253,.T.);
#2251=LINE('',#98,#2254);
#2252=LINE('',#100,#2255);
#2253=LINE('',#92,#2256);
#2254=VECTOR('',#2257,1.0);
#2255=VECTOR('',#2258,1.0);
#2256=VECTOR('',#2259,1.0);
#2257=DIRECTION('',(0.9987468705627878,6.724233494290717E-09,-0.05004686344855427));
#2258=DIRECTION('',(-0.9882248714868722,-2.0558039009203857E-08,0.1530085075241061));
#2259=DIRECTION('',(-0.48409499503127984,1.1756604922175022E-07,-0.8750154488839904));
#2260=FACE_SURFACE('',(#2265),#2261,.T.);
#2261=PLANE('',#2262);
#2262=AXIS2_PLACEMENT_3D('',#100,#2263,#2264);
#2263=DIRECTION('',(4.098078586205354E-13,-0.999999999999991,-1.343561502529292E-07));
#2264=DIRECTION('',(0.9951750030490377,1.3182871117781521E-08,-0.09811581578087859));
#2265=FACE_BOUND('',#2266,.T.);
#2266=EDGE_LOOP('',(#2267,#2268,#2269));
#2267=ORIENTED_EDGE('',*,*,#2270,.T.);
#2268=ORIENTED_EDGE('',*,*,#2271,.T.);
#2269=ORIENTED_EDGE('',*,*,#2272,.T.);
#2270=EDGE_CURVE('',#101,#95,#2273,.F.);
#2271=EDGE_CURVE('',#95,#93,#2274,.T.);
#2272=EDGE_CURVE('',#93,#101,#2275,.T.);
#2273=LINE('',#100,#2276);
#2274=LINE('',#94,#2277);
#2275=LINE('',#92,#2278);
#2276=VECTOR('',#2279,1.0);
#2277=VECTOR('',#2280,1.0);
#2278=VECTOR('',#2281,1.0);
#2279=DIRECTION('',(0.9951750030490377,1.3182871117781521E-08,-0.09811581578087859));
#2280=DIRECTION('',(-0.9887309145169985,-2.0114009422507472E-08,0.14970363615617174));
#2281=DIRECTION('',(0.9882248714868722,2.0558039009203857E-08,-0.1530085075241061));
#2282=FACE_SURFACE('',(#2287),#2283,.T.);
#2283=PLANE('',#2284);
#2284=AXIS2_PLACEMENT_3D('',#102,#2285,#2286);
#2285=DIRECTION('',(4.2052212146279644E-15,-0.999999999999991,-1.3435886375678275E-07));
#2286=DIRECTION('',(0.9981908945467006,-8.078235801828056E-09,0.06012435483277672));
#2287=FACE_BOUND('',#2288,.T.);
#2288=EDGE_LOOP('',(#2289,#2290,#2291));
#2289=ORIENTED_EDGE('',*,*,#2292,.T.);
#2290=ORIENTED_EDGE('',*,*,#2293,.T.);
#2291=ORIENTED_EDGE('',*,*,#2294,.T.);
#2292=EDGE_CURVE('',#103,#105,#2295,.F.);
#2293=EDGE_CURVE('',#105,#99,#2296,.T.);
#2294=EDGE_CURVE('',#99,#103,#2297,.T.);
#2295=LINE('',#102,#2298);
#2296=LINE('',#104,#2299);
#2297=LINE('',#98,#2300);
#2298=VECTOR('',#2301,1.0);
#2299=VECTOR('',#2302,1.0);
#2300=VECTOR('',#2303,1.0);
#2301=DIRECTION('',(0.9981908945467006,-8.078235801828056E-09,0.06012435483277672));
#2302=DIRECTION('',(-0.9983719190579078,-7.663774470868516E-09,0.057039558524152725));
#2303=DIRECTION('',(-0.34422627694676267,1.2614775125243365E-07,-0.9388867185445509));
#2304=FACE_SURFACE('',(#2309),#2305,.T.);
#2305=PLANE('',#2306);
#2306=AXIS2_PLACEMENT_3D('',#104,#2307,#2308);
#2307=DIRECTION('',(-8.822681405230326E-14,-0.999999999999991,-1.3436048160851267E-07));
#2308=DIRECTION('',(0.9992034712342865,-5.361766825536733E-09,0.03990517602207022));
#2309=FACE_BOUND('',#2310,.T.);
#2310=EDGE_LOOP('',(#2311,#2312,#2313));
#2311=ORIENTED_EDGE('',*,*,#2314,.T.);
#2312=ORIENTED_EDGE('',*,*,#2315,.T.);
#2313=ORIENTED_EDGE('',*,*,#2316,.T.);
#2314=EDGE_CURVE('',#105,#107,#2317,.F.);
#2315=EDGE_CURVE('',#107,#99,#2318,.T.);
#2316=EDGE_CURVE('',#99,#105,#2319,.T.);
#2317=LINE('',#104,#2320);
#2318=LINE('',#106,#2321);
#2319=LINE('',#98,#2322);
#2320=VECTOR('',#2323,1.0);
#2321=VECTOR('',#2324,1.0);
#2322=VECTOR('',#2325,1.0);
#2323=DIRECTION('',(0.9992034712342865,-5.361766825536733E-09,0.03990517602207022));
#2324=DIRECTION('',(-0.998698784915709,-6.851950012372382E-09,0.050997421580767734));
#2325=DIRECTION('',(0.9983719190579078,7.663774470868516E-09,-0.057039558524152725));
#2326=FACE_SURFACE('',(#2331),#2327,.T.);
#2327=PLANE('',#2328);
#2328=AXIS2_PLACEMENT_3D('',#106,#2329,#2330);
#2329=DIRECTION('',(-3.814947339601904E-14,-0.9999999999999909,-1.3435950092796616E-07));
#2330=DIRECTION('',(0.9994050384427365,4.634038659132934E-09,-0.03449013098369034));
#2331=FACE_BOUND('',#2332,.T.);
#2332=EDGE_LOOP('',(#2333,#2334,#2335));
#2333=ORIENTED_EDGE('',*,*,#2336,.T.);
#2334=ORIENTED_EDGE('',*,*,#2337,.T.);
#2335=ORIENTED_EDGE('',*,*,#2338,.T.);
#2336=EDGE_CURVE('',#107,#101,#2339,.F.);
#2337=EDGE_CURVE('',#101,#99,#2340,.T.);
#2338=EDGE_CURVE('',#99,#107,#2341,.T.);
#2339=LINE('',#106,#2342);
#2340=LINE('',#100,#2343);
#2341=LINE('',#98,#2344);
#2342=VECTOR('',#2345,1.0);
#2343=VECTOR('',#2346,1.0);
#2344=VECTOR('',#2347,1.0);
#2345=DIRECTION('',(0.9994050384427365,4.634038659132934E-09,-0.03449013098369034));
#2346=DIRECTION('',(-0.9987468705627878,-6.724233494290717E-09,0.05004686344855427));
#2347=DIRECTION('',(0.998698784915709,6.851950012372382E-09,-0.050997421580767734));
#2348=FACE_SURFACE('',(#2353),#2349,.T.);
#2349=PLANE('',#2350);
#2350=AXIS2_PLACEMENT_3D('',#102,#2351,#2352);
#2351=DIRECTION('',(-4.312457251648359E-14,-0.999999999999991,-1.34358077982544E-07));
#2352=DIRECTION('',(0.9984303103975113,-7.525193336641552E-09,0.0560081715424571));
#2353=FACE_BOUND('',#2354,.T.);
#2354=EDGE_LOOP('',(#2355,#2356,#2357));
#2355=ORIENTED_EDGE('',*,*,#2358,.T.);
#2356=ORIENTED_EDGE('',*,*,#2359,.T.);
#2357=ORIENTED_EDGE('',*,*,#2360,.T.);
#2358=EDGE_CURVE('',#103,#109,#2361,.F.);
#2359=EDGE_CURVE('',#109,#105,#2362,.T.);
#2360=EDGE_CURVE('',#105,#103,#2363,.T.);
#2361=LINE('',#102,#2364);
#2362=LINE('',#108,#2365);
#2363=LINE('',#104,#2366);
#2364=VECTOR('',#2367,1.0);
#2365=VECTOR('',#2368,1.0);
#2366=VECTOR('',#2369,1.0);
#2367=DIRECTION('',(0.9984303103975113,-7.525193336641552E-09,0.0560081715424571));
#2368=DIRECTION('',(0.9922235319923665,-1.6723420940444106E-08,0.12446872121377785));
#2369=DIRECTION('',(-0.9981908945467006,8.078235801828056E-09,-0.06012435483277672));
#2370=FACE_SURFACE('',(#2375),#2371,.T.);
#2371=PLANE('',#2372);
#2372=AXIS2_PLACEMENT_3D('',#102,#2373,#2374);
#2373=DIRECTION('',(-5.271557863668251E-14,-0.999999999999991,-1.3435790700836392E-07));
#2374=DIRECTION('',(0.9989503817775487,-6.154370447341699E-09,0.045805400844113546));
#2375=FACE_BOUND('',#2376,.T.);
#2376=EDGE_LOOP('',(#2377,#2378,#2379));
#2377=ORIENTED_EDGE('',*,*,#2380,.T.);
#2378=ORIENTED_EDGE('',*,*,#2381,.T.);
#2379=ORIENTED_EDGE('',*,*,#2382,.T.);
#2380=EDGE_CURVE('',#103,#111,#2383,.F.);
#2381=EDGE_CURVE('',#111,#109,#2384,.T.);
#2382=EDGE_CURVE('',#109,#103,#2385,.T.);
#2383=LINE('',#102,#2386);
#2384=LINE('',#110,#2387);
#2385=LINE('',#108,#2388);
#2386=VECTOR('',#2389,1.0);
#2387=VECTOR('',#2390,1.0);
#2388=VECTOR('',#2391,1.0);
#2389=DIRECTION('',(0.9989503817775487,-6.154370447341699E-09,0.045805400844113546));
#2390=DIRECTION('',(0.976563206490564,-2.8918013308229998E-08,0.21523081500767255));
#2391=DIRECTION('',(-0.9984303103975113,7.525193336641552E-09,-0.0560081715424571));
#2392=FACE_SURFACE('',(#2397),#2393,.T.);
#2393=PLANE('',#2394);
#2394=AXIS2_PLACEMENT_3D('',#102,#2395,#2396);
#2395=DIRECTION('',(1.687275566769299E-14,-0.9999999999999909,-1.343594246305621E-07));
#2396=DIRECTION('',(0.9995868413395593,-3.861844691126515E-09,0.028742766408308838));
#2397=FACE_BOUND('',#2398,.T.);
#2398=EDGE_LOOP('',(#2399,#2400,#2401));
#2399=ORIENTED_EDGE('',*,*,#2402,.T.);
#2400=ORIENTED_EDGE('',*,*,#2403,.T.);
#2401=ORIENTED_EDGE('',*,*,#2404,.T.);
#2402=EDGE_CURVE('',#103,#113,#2405,.F.);
#2403=EDGE_CURVE('',#113,#111,#2406,.T.);
#2404=EDGE_CURVE('',#111,#103,#2407,.T.);
#2405=LINE('',#102,#2408);
#2406=LINE('',#112,#2409);
#2407=LINE('',#110,#2410);
#2408=VECTOR('',#2411,1.0);
#2409=VECTOR('',#2412,1.0);
#2410=VECTOR('',#2413,1.0);
#2411=DIRECTION('',(0.9995868413395593,-3.861844691126515E-09,0.028742766408308838));
#2412=DIRECTION('',(0.949983656214862,-4.1960381285319024E-08,0.3122996204362744));
#2413=DIRECTION('',(-0.9989503817775487,6.154370447341699E-09,-0.045805400844113546));
#2414=FACE_SURFACE('',(#2419),#2415,.T.);
#2415=PLANE('',#2416);
#2416=AXIS2_PLACEMENT_3D('',#102,#2417,#2418);
#2417=DIRECTION('',(-1.0872480077840785E-14,-0.999999999999991,-1.3435845973483262E-07));
#2418=DIRECTION('',(0.9999915429445771,-5.525826306200726E-10,0.004112668151469469));
#2419=FACE_BOUND('',#2420,.T.);
#2420=EDGE_LOOP('',(#2421,#2422,#2423));
#2421=ORIENTED_EDGE('',*,*,#2424,.T.);
#2422=ORIENTED_EDGE('',*,*,#2425,.T.);
#2423=ORIENTED_EDGE('',*,*,#2426,.T.);
#2424=EDGE_CURVE('',#103,#115,#2427,.F.);
#2425=EDGE_CURVE('',#115,#113,#2428,.T.);
#2426=EDGE_CURVE('',#113,#103,#2429,.T.);
#2427=LINE('',#102,#2430);
#2428=LINE('',#114,#2431);
#2429=LINE('',#112,#2432);
#2430=VECTOR('',#2433,1.0);
#2431=VECTOR('',#2434,1.0);
#2432=VECTOR('',#2435,1.0);
#2433=DIRECTION('',(0.9999915429445771,-5.525826306200726E-10,0.004112668151469469));
#2434=DIRECTION('',(0.9097033245532987,-5.5793541083943294E-08,0.4152587883436935));
#2435=DIRECTION('',(-0.9995868413395593,3.861844691126515E-09,-0.028742766408308838));
#2436=FACE_SURFACE('',(#2441),#2437,.T.);
#2437=PLANE('',#2438);
#2438=AXIS2_PLACEMENT_3D('',#102,#2439,#2440);
#2439=DIRECTION('',(-9.240182009771354E-15,-0.9999999999999909,-1.3435885662663214E-07));
#2440=DIRECTION('',(0.9995911220627597,3.841781790306807E-09,-0.02859350788751181));
#2441=FACE_BOUND('',#2442,.T.);
#2442=EDGE_LOOP('',(#2443,#2444,#2445));
#2443=ORIENTED_EDGE('',*,*,#2446,.T.);
#2444=ORIENTED_EDGE('',*,*,#2447,.T.);
#2445=ORIENTED_EDGE('',*,*,#2448,.T.);
#2446=EDGE_CURVE('',#103,#117,#2449,.F.);
#2447=EDGE_CURVE('',#117,#115,#2450,.T.);
#2448=EDGE_CURVE('',#115,#103,#2451,.T.);
#2449=LINE('',#102,#2452);
#2450=LINE('',#116,#2453);
#2451=LINE('',#114,#2454);
#2452=VECTOR('',#2455,1.0);
#2453=VECTOR('',#2456,1.0);
#2454=VECTOR('',#2457,1.0);
#2455=DIRECTION('',(0.9995911220627597,3.841781790306807E-09,-0.02859350788751181));
#2456=DIRECTION('',(0.8524773259819632,-7.023800805960347E-08,0.5227641998900044));
#2457=DIRECTION('',(-0.9999915429445771,5.525826306200726E-10,-0.004112668151469469));
#2458=FACE_SURFACE('',(#2463),#2459,.T.);
#2459=PLANE('',#2460);
#2460=AXIS2_PLACEMENT_3D('',#118,#2461,#2462);
#2461=DIRECTION('',(-7.419601294287288E-15,-0.9999999999999909,-1.3435879298154438E-07));
#2462=DIRECTION('',(0.9911951269621327,-1.779035984385743E-08,0.13240929078626298));
#2463=FACE_BOUND('',#2464,.T.);
#2464=EDGE_LOOP('',(#2465,#2466,#2467));
#2465=ORIENTED_EDGE('',*,*,#2468,.T.);
#2466=ORIENTED_EDGE('',*,*,#2469,.T.);
#2467=ORIENTED_EDGE('',*,*,#2470,.T.);
#2468=EDGE_CURVE('',#119,#117,#2471,.F.);
#2469=EDGE_CURVE('',#117,#103,#2472,.T.);
#2470=EDGE_CURVE('',#103,#119,#2473,.T.);
#2471=LINE('',#118,#2474);
#2472=LINE('',#116,#2475);
#2473=LINE('',#102,#2476);
#2474=VECTOR('',#2477,1.0);
#2475=VECTOR('',#2478,1.0);
#2476=VECTOR('',#2479,1.0);
#2477=DIRECTION('',(0.9911951269621327,-1.779035984385743E-08,0.13240929078626298));
#2478=DIRECTION('',(-0.9995911220627597,-3.841781790306807E-09,0.02859350788751181));
#2479=DIRECTION('',(-0.20205423521460572,1.3158755488797153E-07,-0.9793743339662437));
#2480=FACE_SURFACE('',(#2485),#2481,.T.);
#2481=PLANE('',#2482);
#2482=AXIS2_PLACEMENT_3D('',#118,#2483,#2484);
#2483=DIRECTION('',(1.834133778763923E-14,-0.999999999999991,-1.3435898582388297E-07));
#2484=DIRECTION('',(0.994881230916127,-1.3577112749838758E-08,0.1010511571967965));
#2485=FACE_BOUND('',#2486,.T.);
#2486=EDGE_LOOP('',(#2487,#2488,#2489));
#2487=ORIENTED_EDGE('',*,*,#2490,.T.);
#2488=ORIENTED_EDGE('',*,*,#2491,.T.);
#2489=ORIENTED_EDGE('',*,*,#2492,.T.);
#2490=EDGE_CURVE('',#119,#121,#2493,.F.);
#2491=EDGE_CURVE('',#121,#117,#2494,.T.);
#2492=EDGE_CURVE('',#117,#119,#2495,.T.);
#2493=LINE('',#118,#2496);
#2494=LINE('',#120,#2497);
#2495=LINE('',#116,#2498);
#2496=VECTOR('',#2499,1.0);
#2497=VECTOR('',#2500,1.0);
#2498=VECTOR('',#2501,1.0);
#2499=DIRECTION('',(0.994881230916127,-1.3577112749838758E-08,0.1010511571967965));
#2500=DIRECTION('',(0.7749498897807122,-8.491791212017591E-08,0.6320226802329604));
#2501=DIRECTION('',(-0.9911951269621327,1.779035984385743E-08,-0.13240929078626298));
#2502=FACE_SURFACE('',(#2507),#2503,.T.);
#2503=PLANE('',#2504);
#2504=AXIS2_PLACEMENT_3D('',#118,#2505,#2506);
#2505=DIRECTION('',(1.9426094717743317E-14,-0.999999999999991,-1.3435899650366475E-07));
#2506=DIRECTION('',(0.9981401423172407,-8.190653472840915E-09,0.06096110477114481));
#2507=FACE_BOUND('',#2508,.T.);
#2508=EDGE_LOOP('',(#2509,#2510,#2511));
#2509=ORIENTED_EDGE('',*,*,#2512,.T.);
#2510=ORIENTED_EDGE('',*,*,#2513,.T.);
#2511=ORIENTED_EDGE('',*,*,#2514,.T.);
#2512=EDGE_CURVE('',#119,#123,#2515,.F.);
#2513=EDGE_CURVE('',#123,#121,#2516,.T.);
#2514=EDGE_CURVE('',#121,#119,#2517,.T.);
#2515=LINE('',#118,#2518);
#2516=LINE('',#122,#2519);
#2517=LINE('',#120,#2520);
#2518=VECTOR('',#2521,1.0);
#2519=VECTOR('',#2522,1.0);
#2520=VECTOR('',#2523,1.0);
#2521=DIRECTION('',(0.9981401423172407,-8.190653472840915E-09,0.06096110477114481));
#2522=DIRECTION('',(0.6744470659536608,-9.920035183413239E-08,0.738323205125295));
#2523=DIRECTION('',(-0.994881230916127,1.3577112749838758E-08,-0.1010511571967965));
#2524=FACE_SURFACE('',(#2529),#2525,.T.);
#2525=PLANE('',#2526);
#2526=AXIS2_PLACEMENT_3D('',#118,#2527,#2528);
#2527=DIRECTION('',(6.658512503840368E-15,-0.999999999999991,-1.3435878745502016E-07));
#2528=DIRECTION('',(0.9999230827159662,-1.6664141993081219E-09,0.012402767908770616));
#2529=FACE_BOUND('',#2530,.T.);
#2530=EDGE_LOOP('',(#2531,#2532,#2533));
#2531=ORIENTED_EDGE('',*,*,#2534,.T.);
#2532=ORIENTED_EDGE('',*,*,#2535,.T.);
#2533=ORIENTED_EDGE('',*,*,#2536,.T.);
#2534=EDGE_CURVE('',#119,#125,#2537,.F.);
#2535=EDGE_CURVE('',#125,#123,#2538,.T.);
#2536=EDGE_CURVE('',#123,#119,#2539,.T.);
#2537=LINE('',#118,#2540);
#2538=LINE('',#124,#2541);
#2539=LINE('',#122,#2542);
#2540=VECTOR('',#2543,1.0);
#2541=VECTOR('',#2544,1.0);
#2542=VECTOR('',#2545,1.0);
#2543=DIRECTION('',(0.9999230827159662,-1.6664141993081219E-09,0.012402767908770616));
#2544=DIRECTION('',(0.5502459289120456,-1.1218993928506688E-07,0.8350026453345567));
#2545=DIRECTION('',(-0.9981401423172407,8.190653472840915E-09,-0.06096110477114481));
#2546=FACE_SURFACE('',(#2551),#2547,.T.);
#2547=PLANE('',#2548);
#2548=AXIS2_PLACEMENT_3D('',#118,#2549,#2550);
#2549=DIRECTION('',(8.318786891055132E-15,-0.9999999999999909,-1.3435892130793872E-07));
#2550=DIRECTION('',(0.9990516943568328,5.849965507239714E-09,-0.04353977495051437));
#2551=FACE_BOUND('',#2552,.T.);
#2552=EDGE_LOOP('',(#2553,#2554,#2555));
#2553=ORIENTED_EDGE('',*,*,#2556,.T.);
#2554=ORIENTED_EDGE('',*,*,#2557,.T.);
#2555=ORIENTED_EDGE('',*,*,#2558,.T.);
#2556=EDGE_CURVE('',#119,#127,#2559,.F.);
#2557=EDGE_CURVE('',#127,#125,#2560,.T.);
#2558=EDGE_CURVE('',#125,#119,#2561,.T.);
#2559=LINE('',#118,#2562);
#2560=LINE('',#126,#2563);
#2561=LINE('',#124,#2564);
#2562=VECTOR('',#2565,1.0);
#2563=VECTOR('',#2566,1.0);
#2564=VECTOR('',#2567,1.0);
#2565=DIRECTION('',(0.9990516943568328,5.849965507239714E-09,-0.04353977495051437));
#2566=DIRECTION('',(0.4049780626978152,-1.228479056786151E-07,0.914326401638665));
#2567=DIRECTION('',(-0.9999230827159662,1.6664141993081219E-09,-0.012402767908770616));
#2568=FACE_SURFACE('',(#2573),#2569,.T.);
#2569=PLANE('',#2570);
#2570=AXIS2_PLACEMENT_3D('',#128,#2571,#2572);
#2571=DIRECTION('',(8.136093558335387E-15,-0.999999999999991,-1.343589254999697E-07));
#2572=DIRECTION('',(0.9882392140919242,-2.0545600620381058E-08,0.15291584525802276));
#2573=FACE_BOUND('',#2574,.T.);
#2574=EDGE_LOOP('',(#2575,#2576,#2577));
#2575=ORIENTED_EDGE('',*,*,#2578,.T.);
#2576=ORIENTED_EDGE('',*,*,#2579,.T.);
#2577=ORIENTED_EDGE('',*,*,#2580,.T.);
#2578=EDGE_CURVE('',#129,#127,#2581,.F.);
#2579=EDGE_CURVE('',#127,#119,#2582,.T.);
#2580=EDGE_CURVE('',#119,#129,#2583,.T.);
#2581=LINE('',#128,#2584);
#2582=LINE('',#126,#2585);
#2583=LINE('',#118,#2586);
#2584=VECTOR('',#2587,1.0);
#2585=VECTOR('',#2588,1.0);
#2586=VECTOR('',#2589,1.0);
#2587=DIRECTION('',(0.9882392140919242,-2.0545600620381058E-08,0.15291584525802276));
#2588=DIRECTION('',(-0.9990516943568328,-5.849965507239714E-09,0.04353977495051437));
#2589=DIRECTION('',(-0.06483630774067445,1.3407622210508463E-07,-0.9978959130082349));
#2590=FACE_SURFACE('',(#2595),#2591,.T.);
#2591=PLANE('',#2592);
#2592=AXIS2_PLACEMENT_3D('',#128,#2593,#2594);
#2593=DIRECTION('',(-4.985094598705836E-14,-0.999999999999991,-1.3435855075092854E-07));
#2594=DIRECTION('',(0.9953540747967463,-1.2936389090026194E-08,0.09628221946711087));
#2595=FACE_BOUND('',#2596,.T.);
#2596=EDGE_LOOP('',(#2597,#2598,#2599));
#2597=ORIENTED_EDGE('',*,*,#2600,.T.);
#2598=ORIENTED_EDGE('',*,*,#2601,.T.);
#2599=ORIENTED_EDGE('',*,*,#2602,.T.);
#2600=EDGE_CURVE('',#129,#131,#2603,.F.);
#2601=EDGE_CURVE('',#131,#127,#2604,.T.);
#2602=EDGE_CURVE('',#127,#129,#2605,.T.);
#2603=LINE('',#128,#2606);
#2604=LINE('',#130,#2607);
#2605=LINE('',#126,#2608);
#2606=VECTOR('',#2609,1.0);
#2607=VECTOR('',#2610,1.0);
#2608=VECTOR('',#2611,1.0);
#2609=DIRECTION('',(0.9953540747967463,-1.2936389090026194E-08,0.09628221946711087));
#2610=DIRECTION('',(0.24526006808486744,-1.3025489301301853E-07,0.9694573219090097));
#2611=DIRECTION('',(-0.9882392140919242,2.0545600620381058E-08,-0.15291584525802276));
#2612=FACE_SURFACE('',(#2617),#2613,.T.);
#2613=PLANE('',#2614);
#2614=AXIS2_PLACEMENT_3D('',#128,#2615,#2616);
#2615=DIRECTION('',(8.93239013710956E-15,-0.999999999999991,-1.3435915844603017E-07));
#2616=DIRECTION('',(0.9994570330724792,-4.426995960952443E-09,0.03294903704142209));
#2617=FACE_BOUND('',#2618,.T.);
#2618=EDGE_LOOP('',(#2619,#2620,#2621));
#2619=ORIENTED_EDGE('',*,*,#2622,.T.);
#2620=ORIENTED_EDGE('',*,*,#2623,.T.);
#2621=ORIENTED_EDGE('',*,*,#2624,.T.);
#2622=EDGE_CURVE('',#129,#133,#2625,.F.);
#2623=EDGE_CURVE('',#133,#131,#2626,.T.);
#2624=EDGE_CURVE('',#131,#129,#2627,.T.);
#2625=LINE('',#128,#2628);
#2626=LINE('',#132,#2629);
#2627=LINE('',#130,#2630);
#2628=VECTOR('',#2631,1.0);
#2629=VECTOR('',#2632,1.0);
#2630=VECTOR('',#2633,1.0);
#2631=DIRECTION('',(0.9994570330724792,-4.426995960952443E-09,0.03294903704142209));
#2632=DIRECTION('',(0.08067826342944687,-1.3392117316872562E-07,0.9967401957430988));
#2633=DIRECTION('',(-0.9953540747967463,1.2936389090026194E-08,-0.09628221946711087));
#2634=FACE_SURFACE('',(#2639),#2635,.T.);
#2635=PLANE('',#2636);
#2636=AXIS2_PLACEMENT_3D('',#128,#2637,#2638);
#2637=DIRECTION('',(-9.942039470440234E-15,-0.9999999999999909,-1.3435858591999874E-07));
#2638=DIRECTION('',(0.9997390725743431,3.0690965342839115E-09,-0.02284265238960348));
#2639=FACE_BOUND('',#2640,.T.);
#2640=EDGE_LOOP('',(#2641,#2642,#2643));
#2641=ORIENTED_EDGE('',*,*,#2644,.T.);
#2642=ORIENTED_EDGE('',*,*,#2645,.T.);
#2643=ORIENTED_EDGE('',*,*,#2646,.T.);
#2644=EDGE_CURVE('',#129,#135,#2647,.F.);
#2645=EDGE_CURVE('',#135,#133,#2648,.T.);
#2646=EDGE_CURVE('',#133,#129,#2649,.T.);
#2647=LINE('',#128,#2650);
#2648=LINE('',#134,#2651);
#2649=LINE('',#132,#2652);
#2650=VECTOR('',#2653,1.0);
#2651=VECTOR('',#2654,1.0);
#2652=VECTOR('',#2655,1.0);
#2653=DIRECTION('',(0.9997390725743431,3.0690965342839115E-09,-0.02284265238960348));
#2654=DIRECTION('',(-0.12389769077591598,-1.3332335145841324E-07,0.9922949975790354));
#2655=DIRECTION('',(-0.9994570330724792,4.426995960952443E-09,-0.03294903704142209));
#2656=FACE_SURFACE('',(#2661),#2657,.T.);
#2657=PLANE('',#2658);
#2658=AXIS2_PLACEMENT_3D('',#136,#2659,#2660);
#2659=DIRECTION('',(-1.478225151617942E-14,-0.999999999999991,-1.343587977583186E-07));
#2660=DIRECTION('',(0.9574054581833359,-3.8795704304261306E-08,0.2887469283659223));
#2661=FACE_BOUND('',#2662,.T.);
#2662=EDGE_LOOP('',(#2663,#2664,#2665));
#2663=ORIENTED_EDGE('',*,*,#2666,.T.);
#2664=ORIENTED_EDGE('',*,*,#2667,.T.);
#2665=ORIENTED_EDGE('',*,*,#2668,.T.);
#2666=EDGE_CURVE('',#137,#135,#2669,.F.);
#2667=EDGE_CURVE('',#135,#129,#2670,.T.);
#2668=EDGE_CURVE('',#129,#137,#2671,.T.);
#2669=LINE('',#136,#2672);
#2670=LINE('',#134,#2673);
#2671=LINE('',#128,#2674);
#2672=VECTOR('',#2675,1.0);
#2673=VECTOR('',#2676,1.0);
#2674=VECTOR('',#2677,1.0);
#2675=DIRECTION('',(0.9574054581833359,-3.8795704304261306E-08,0.2887469283659223));
#2676=DIRECTION('',(-0.9997390725743431,-3.0690965342839115E-09,0.02284265238960348));
#2677=DIRECTION('',(0.14355746714331444,1.3296710486460344E-07,-0.9896419825509519));
#2678=FACE_SURFACE('',(#2683),#2679,.T.);
#2679=PLANE('',#2680);
#2680=AXIS2_PLACEMENT_3D('',#136,#2681,#2682);
#2681=DIRECTION('',(5.819823396605192E-14,-0.9999999999999909,-1.3435903974155125E-07));
#2682=DIRECTION('',(0.9733705000627987,-3.080008491942827E-08,0.22923758332240432));
#2683=FACE_BOUND('',#2684,.T.);
#2684=EDGE_LOOP('',(#2685,#2686,#2687));
#2685=ORIENTED_EDGE('',*,*,#2688,.T.);
#2686=ORIENTED_EDGE('',*,*,#2689,.T.);
#2687=ORIENTED_EDGE('',*,*,#2690,.T.);
#2688=EDGE_CURVE('',#137,#139,#2691,.F.);
#2689=EDGE_CURVE('',#139,#135,#2692,.T.);
#2690=EDGE_CURVE('',#135,#137,#2693,.T.);
#2691=LINE('',#136,#2694);
#2692=LINE('',#138,#2695);
#2693=LINE('',#134,#2696);
#2694=VECTOR('',#2697,1.0);
#2695=VECTOR('',#2698,1.0);
#2696=VECTOR('',#2699,1.0);
#2697=DIRECTION('',(0.9733705000627987,-3.080008491942827E-08,0.22923758332240432));
#2698=DIRECTION('',(-0.34429093030445546,-1.261447527789043E-07,0.9388630120044547));
#2699=DIRECTION('',(-0.9574054581833359,3.8795704304261306E-08,-0.2887469283659223));
#2700=FACE_SURFACE('',(#2705),#2701,.T.);
#2701=PLANE('',#2702);
#2702=AXIS2_PLACEMENT_3D('',#136,#2703,#2704);
#2703=DIRECTION('',(4.5935818779416036E-15,-0.999999999999991,-1.343588121297162E-07));
#2704=DIRECTION('',(0.986414375383749,-2.2071954712705396E-08,0.16427623089262736));
#2705=FACE_BOUND('',#2706,.T.);
#2706=EDGE_LOOP('',(#2707,#2708,#2709));
#2707=ORIENTED_EDGE('',*,*,#2710,.T.);
#2708=ORIENTED_EDGE('',*,*,#2711,.T.);
#2709=ORIENTED_EDGE('',*,*,#2712,.T.);
#2710=EDGE_CURVE('',#137,#141,#2713,.F.);
#2711=EDGE_CURVE('',#141,#139,#2714,.T.);
#2712=EDGE_CURVE('',#139,#137,#2715,.T.);
#2713=LINE('',#136,#2716);
#2714=LINE('',#140,#2717);
#2715=LINE('',#138,#2718);
#2716=VECTOR('',#2719,1.0);
#2717=VECTOR('',#2720,1.0);
#2718=VECTOR('',#2721,1.0);
#2719=DIRECTION('',(0.986414375383749,-2.2071954712705396E-08,0.16427623089262736));
#2720=DIRECTION('',(-0.5105672527850568,-1.1552679075234804E-07,0.8598378221406096));
#2721=DIRECTION('',(-0.9733705000627987,3.080008491942827E-08,-0.22923758332240432));
#2722=FACE_SURFACE('',(#2727),#2723,.T.);
#2723=PLANE('',#2724);
#2724=AXIS2_PLACEMENT_3D('',#136,#2725,#2726);
#2725=DIRECTION('',(1.1052065528192846E-14,-0.999999999999991,-1.3435885091037892E-07));
#2726=DIRECTION('',(0.9953089031864768,-1.2998947255270064E-08,0.09674806064067805));
#2727=FACE_BOUND('',#2728,.T.);
#2728=EDGE_LOOP('',(#2729,#2730,#2731));
#2729=ORIENTED_EDGE('',*,*,#2732,.T.);
#2730=ORIENTED_EDGE('',*,*,#2733,.T.);
#2731=ORIENTED_EDGE('',*,*,#2734,.T.);
#2732=EDGE_CURVE('',#137,#143,#2735,.F.);
#2733=EDGE_CURVE('',#143,#141,#2736,.T.);
#2734=EDGE_CURVE('',#141,#137,#2737,.T.);
#2735=LINE('',#136,#2738);
#2736=LINE('',#142,#2739);
#2737=LINE('',#140,#2740);
#2738=VECTOR('',#2741,1.0);
#2739=VECTOR('',#2742,1.0);
#2740=VECTOR('',#2743,1.0);
#2741=DIRECTION('',(0.9953089031864768,-1.2998947255270064E-08,0.09674806064067805));
#2742=DIRECTION('',(-0.6252391741296649,-1.048581144846752E-07,0.780433197098665));
#2743=DIRECTION('',(-0.986414375383749,2.2071954712705396E-08,-0.16427623089262736));
#2744=FACE_SURFACE('',(#2749),#2745,.T.);
#2745=PLANE('',#2746);
#2746=AXIS2_PLACEMENT_3D('',#136,#2747,#2748);
#2747=DIRECTION('',(6.172824512223999E-15,-0.999999999999991,-1.343588007145198E-07));
#2748=DIRECTION('',(0.9995552140262383,-4.006892509766307E-09,0.02982237604486285));
#2749=FACE_BOUND('',#2750,.T.);
#2750=EDGE_LOOP('',(#2751,#2752,#2753));
#2751=ORIENTED_EDGE('',*,*,#2754,.T.);
#2752=ORIENTED_EDGE('',*,*,#2755,.T.);
#2753=ORIENTED_EDGE('',*,*,#2756,.T.);
#2754=EDGE_CURVE('',#137,#145,#2757,.F.);
#2755=EDGE_CURVE('',#145,#143,#2758,.T.);
#2756=EDGE_CURVE('',#143,#137,#2759,.T.);
#2757=LINE('',#136,#2760);
#2758=LINE('',#144,#2761);
#2759=LINE('',#142,#2762);
#2760=VECTOR('',#2763,1.0);
#2761=VECTOR('',#2764,1.0);
#2762=VECTOR('',#2765,1.0);
#2763=DIRECTION('',(0.9995552140262383,-4.006892509766307E-09,0.02982237604486285));
#2764=DIRECTION('',(-0.7020875138881334,-9.567565280613166E-08,0.7120906703800933));
#2765=DIRECTION('',(-0.9953089031864768,1.2998947255270064E-08,-0.09674806064067805));
#2766=FACE_SURFACE('',(#2771),#2767,.T.);
#2767=PLANE('',#2768);
#2768=AXIS2_PLACEMENT_3D('',#136,#2769,#2770);
#2769=DIRECTION('',(3.926212246485207E-15,-0.9999999999999911,-1.343587254149193E-07));
#2770=DIRECTION('',(0.9994326717835075,4.5251901812778275E-09,-0.03367988378364382));
#2771=FACE_BOUND('',#2772,.T.);
#2772=EDGE_LOOP('',(#2773,#2774,#2775));
#2773=ORIENTED_EDGE('',*,*,#2776,.T.);
#2774=ORIENTED_EDGE('',*,*,#2777,.T.);
#2775=ORIENTED_EDGE('',*,*,#2778,.T.);
#2776=EDGE_CURVE('',#137,#147,#2779,.F.);
#2777=EDGE_CURVE('',#147,#145,#2780,.T.);
#2778=EDGE_CURVE('',#145,#137,#2781,.T.);
#2779=LINE('',#136,#2782);
#2780=LINE('',#146,#2783);
#2781=LINE('',#144,#2784);
#2782=VECTOR('',#2785,1.0);
#2783=VECTOR('',#2786,1.0);
#2784=VECTOR('',#2787,1.0);
#2785=DIRECTION('',(0.9994326717835075,4.5251901812778275E-09,-0.03367988378364382));
#2786=DIRECTION('',(-0.7538345444197342,-8.828232332091912E-08,0.6570642888176803));
#2787=DIRECTION('',(-0.9995552140262383,4.006892509766307E-09,-0.02982237604486285));
#2788=FACE_SURFACE('',(#2793),#2789,.T.);
#2789=PLANE('',#2790);
#2790=AXIS2_PLACEMENT_3D('',#148,#2791,#2792);
#2791=DIRECTION('',(-9.419581717663885E-16,-0.9999999999999909,-1.3435886987529208E-07));
#2792=DIRECTION('',(0.9778796139706654,-2.810364393394544E-08,0.20916849805977425));
#2793=FACE_BOUND('',#2794,.T.);
#2794=EDGE_LOOP('',(#2795,#2796,#2797));
#2795=ORIENTED_EDGE('',*,*,#2798,.T.);
#2796=ORIENTED_EDGE('',*,*,#2799,.T.);
#2797=ORIENTED_EDGE('',*,*,#2800,.T.);
#2798=EDGE_CURVE('',#149,#147,#2801,.F.);
#2799=EDGE_CURVE('',#147,#137,#2802,.T.);
#2800=EDGE_CURVE('',#137,#149,#2803,.T.);
#2801=LINE('',#148,#2804);
#2802=LINE('',#146,#2805);
#2803=LINE('',#136,#2806);
#2804=VECTOR('',#2807,1.0);
#2805=VECTOR('',#2808,1.0);
#2806=VECTOR('',#2809,1.0);
#2807=DIRECTION('',(0.9778796139706654,-2.810364393394544E-08,0.20916849805977425));
#2808=DIRECTION('',(-0.9994326717835075,-4.5251901812778275E-09,0.03367988378364382));
#2809=DIRECTION('',(0.4125506265692456,1.2239215295661214E-07,-0.910934674121755));
#2810=FACE_SURFACE('',(#2815),#2811,.T.);
#2811=PLANE('',#2812);
#2812=AXIS2_PLACEMENT_3D('',#148,#2813,#2814);
#2813=DIRECTION('',(-2.2929457629597192E-15,-0.9999999999999909,-1.3435886355931605E-07));
#2814=DIRECTION('',(0.991915886011546,-1.704975299617481E-08,0.1268971042929244));
#2815=FACE_BOUND('',#2816,.T.);
#2816=EDGE_LOOP('',(#2817,#2818,#2819));
#2817=ORIENTED_EDGE('',*,*,#2820,.T.);
#2818=ORIENTED_EDGE('',*,*,#2821,.T.);
#2819=ORIENTED_EDGE('',*,*,#2822,.T.);
#2820=EDGE_CURVE('',#149,#151,#2823,.F.);
#2821=EDGE_CURVE('',#151,#147,#2824,.T.);
#2822=EDGE_CURVE('',#147,#149,#2825,.T.);
#2823=LINE('',#148,#2826);
#2824=LINE('',#150,#2827);
#2825=LINE('',#146,#2828);
#2826=VECTOR('',#2829,1.0);
#2827=VECTOR('',#2830,1.0);
#2828=VECTOR('',#2831,1.0);
#2829=DIRECTION('',(0.991915886011546,-1.704975299617481E-08,0.1268971042929244));
#2830=DIRECTION('',(-0.7893237326133489,-8.249328173985352E-08,0.6139772350285666));
#2831=DIRECTION('',(-0.9778796139706654,2.810364393394544E-08,-0.20916849805977425));
#2832=FACE_SURFACE('',(#2837),#2833,.T.);
#2833=PLANE('',#2834);
#2834=AXIS2_PLACEMENT_3D('',#148,#2835,#2836);
#2835=DIRECTION('',(1.8900409007696065E-15,-0.999999999999991,-1.3435889625644453E-07));
#2836=DIRECTION('',(0.998757285698734,-6.696254991499085E-09,0.049838582079524615));
#2837=FACE_BOUND('',#2838,.T.);
#2838=EDGE_LOOP('',(#2839,#2840,#2841));
#2839=ORIENTED_EDGE('',*,*,#2842,.T.);
#2840=ORIENTED_EDGE('',*,*,#2843,.T.);
#2841=ORIENTED_EDGE('',*,*,#2844,.T.);
#2842=EDGE_CURVE('',#149,#153,#2845,.F.);
#2843=EDGE_CURVE('',#153,#151,#2846,.T.);
#2844=EDGE_CURVE('',#151,#149,#2847,.T.);
#2845=LINE('',#148,#2848);
#2846=LINE('',#152,#2849);
#2847=LINE('',#150,#2850);
#2848=VECTOR('',#2851,1.0);
#2849=VECTOR('',#2852,1.0);
#2850=VECTOR('',#2853,1.0);
#2851=DIRECTION('',(0.998757285698734,-6.696254991499085E-09,0.049838582079524615));
#2852=DIRECTION('',(-0.8141894888091005,-7.800867445653337E-08,0.5805992389874187));
#2853=DIRECTION('',(-0.991915886011546,1.704975299617481E-08,-0.1268971042929244));
#2854=FACE_SURFACE('',(#2859),#2855,.T.);
#2855=PLANE('',#2856);
#2856=AXIS2_PLACEMENT_3D('',#148,#2857,#2858);
#2857=DIRECTION('',(1.566421310960445E-15,-0.999999999999991,-1.3435888977115927E-07));
#2858=DIRECTION('',(0.9998069003018245,2.640289161461413E-09,-0.01965100783312146));
#2859=FACE_BOUND('',#2860,.T.);
#2860=EDGE_LOOP('',(#2861,#2862,#2863));
#2861=ORIENTED_EDGE('',*,*,#2864,.T.);
#2862=ORIENTED_EDGE('',*,*,#2865,.T.);
#2863=ORIENTED_EDGE('',*,*,#2866,.T.);
#2864=EDGE_CURVE('',#149,#155,#2867,.F.);
#2865=EDGE_CURVE('',#155,#153,#2868,.T.);
#2866=EDGE_CURVE('',#153,#149,#2869,.T.);
#2867=LINE('',#148,#2870);
#2868=LINE('',#154,#2871);
#2869=LINE('',#152,#2872);
#2870=VECTOR('',#2873,1.0);
#2871=VECTOR('',#2874,1.0);
#2872=VECTOR('',#2875,1.0);
#2873=DIRECTION('',(0.9998069003018245,2.640289161461413E-09,-0.01965100783312146));
#2874=DIRECTION('',(-0.8319591292221179,-7.454727381898448E-08,0.5548369195574226));
#2875=DIRECTION('',(-0.998757285698734,6.696254991499085E-09,-0.049838582079524615));
#2876=FACE_SURFACE('',(#2881),#2877,.T.);
#2877=PLANE('',#2878);
#2878=AXIS2_PLACEMENT_3D('',#156,#2879,#2880);
#2879=DIRECTION('',(2.0953754398868093E-15,-0.9999999999999909,-1.343588628589524E-07));
#2880=DIRECTION('',(0.9860315696716017,-2.2378612501213406E-08,0.16655852908499397));
#2881=FACE_BOUND('',#2882,.T.);
#2882=EDGE_LOOP('',(#2883,#2884,#2885));
#2883=ORIENTED_EDGE('',*,*,#2886,.T.);
#2884=ORIENTED_EDGE('',*,*,#2887,.T.);
#2885=ORIENTED_EDGE('',*,*,#2888,.T.);
#2886=EDGE_CURVE('',#157,#155,#2889,.F.);
#2887=EDGE_CURVE('',#155,#149,#2890,.T.);
#2888=EDGE_CURVE('',#149,#157,#2891,.T.);
#2889=LINE('',#156,#2892);
#2890=LINE('',#154,#2893);
#2891=LINE('',#148,#2894);
#2892=VECTOR('',#2895,1.0);
#2893=VECTOR('',#2896,1.0);
#2894=VECTOR('',#2897,1.0);
#2895=DIRECTION('',(0.9860315696716017,-2.2378612501213406E-08,0.16655852908499397));
#2896=DIRECTION('',(-0.9998069003018245,-2.640289161461413E-09,0.01965100783312146));
#2897=DIRECTION('',(0.6108089097830247,1.0638239931304908E-07,-0.7917780470116997));
#2898=FACE_SURFACE('',(#2903),#2899,.T.);
#2899=PLANE('',#2900);
#2900=AXIS2_PLACEMENT_3D('',#156,#2901,#2902);
#2901=DIRECTION('',(-6.437839133027863E-17,-0.9999999999999909,-1.3435885007314384E-07));
#2902=DIRECTION('',(0.9969383419002876,-1.0505747391212106E-08,0.07819170319864661));
#2903=FACE_BOUND('',#2904,.T.);
#2904=EDGE_LOOP('',(#2905,#2906,#2907));
#2905=ORIENTED_EDGE('',*,*,#2908,.T.);
#2906=ORIENTED_EDGE('',*,*,#2909,.T.);
#2907=ORIENTED_EDGE('',*,*,#2910,.T.);
#2908=EDGE_CURVE('',#157,#159,#2911,.F.);
#2909=EDGE_CURVE('',#159,#155,#2912,.T.);
#2910=EDGE_CURVE('',#155,#157,#2913,.T.);
#2911=LINE('',#156,#2914);
#2912=LINE('',#158,#2915);
#2913=LINE('',#154,#2916);
#2914=VECTOR('',#2917,1.0);
#2915=VECTOR('',#2918,1.0);
#2916=VECTOR('',#2919,1.0);
#2917=DIRECTION('',(0.9969383419002876,-1.0505747391212106E-08,0.07819170319864661));
#2918=DIRECTION('',(-0.844864169375403,-7.187941495721253E-08,0.5349808737755072));
#2919=DIRECTION('',(-0.9860315696716017,2.2378612501213406E-08,-0.16655852908499397));
#2920=FACE_SURFACE('',(#2925),#2921,.T.);
#2921=PLANE('',#2922);
#2922=AXIS2_PLACEMENT_3D('',#156,#2923,#2924);
#2923=DIRECTION('',(-4.868204887784528E-15,-0.9999999999999911,-1.3435878882471696E-07));
#2924=DIRECTION('',(0.999999615285198,-1.178605391177417E-10,0.0008771712810576088));
#2925=FACE_BOUND('',#2926,.T.);
#2926=EDGE_LOOP('',(#2927,#2928,#2929));
#2927=ORIENTED_EDGE('',*,*,#2930,.T.);
#2928=ORIENTED_EDGE('',*,*,#2931,.T.);
#2929=ORIENTED_EDGE('',*,*,#2932,.T.);
#2930=EDGE_CURVE('',#157,#161,#2933,.F.);
#2931=EDGE_CURVE('',#161,#159,#2934,.T.);
#2932=EDGE_CURVE('',#159,#157,#2935,.T.);
#2933=LINE('',#156,#2936);
#2934=LINE('',#160,#2937);
#2935=LINE('',#158,#2938);
#2936=VECTOR('',#2939,1.0);
#2937=VECTOR('',#2940,1.0);
#2938=VECTOR('',#2941,1.0);
#2939=DIRECTION('',(0.999999615285198,-1.178605391177417E-10,0.0008771712810576088));
#2940=DIRECTION('',(-0.8543467410262939,-6.982671807309161E-08,0.5197034212873203));
#2941=DIRECTION('',(-0.9969383419002876,1.0505747391212106E-08,-0.07819170319864661));
#2942=FACE_SURFACE('',(#2947),#2943,.T.);
#2943=PLANE('',#2944);
#2944=AXIS2_PLACEMENT_3D('',#156,#2945,#2946);
#2945=DIRECTION('',(-4.701915908452998E-15,-0.9999999999999909,-1.3435897839877045E-07));
#2946=DIRECTION('',(0.9978729912264711,8.758606979680819E-09,-0.06518813834383683));
#2947=FACE_BOUND('',#2948,.T.);
#2948=EDGE_LOOP('',(#2949,#2950,#2951));
#2949=ORIENTED_EDGE('',*,*,#2952,.T.);
#2950=ORIENTED_EDGE('',*,*,#2953,.T.);
#2951=ORIENTED_EDGE('',*,*,#2954,.T.);
#2952=EDGE_CURVE('',#157,#163,#2955,.F.);
#2953=EDGE_CURVE('',#163,#161,#2956,.T.);
#2954=EDGE_CURVE('',#161,#157,#2957,.T.);
#2955=LINE('',#156,#2958);
#2956=LINE('',#162,#2959);
#2957=LINE('',#160,#2960);
#2958=VECTOR('',#2961,1.0);
#2959=VECTOR('',#2962,1.0);
#2960=VECTOR('',#2963,1.0);
#2961=DIRECTION('',(0.9978729912264711,8.758606979680819E-09,-0.06518813834383683));
#2962=DIRECTION('',(-0.861361942479875,-6.825324666077264E-08,0.5079917361998046));
#2963=DIRECTION('',(-0.999999615285198,1.178605391177417E-10,-0.0008771712810576088));
#2964=FACE_SURFACE('',(#2969),#2965,.T.);
#2965=PLANE('',#2966);
#2966=AXIS2_PLACEMENT_3D('',#164,#2967,#2968);
#2967=DIRECTION('',(7.530184600585712E-15,-0.9999999999999909,-1.3435879115484797E-07));
#2968=DIRECTION('',(0.9980938608352802,-8.291840494275653E-09,0.061714220103024575));
#2969=FACE_BOUND('',#2970,.T.);
#2970=EDGE_LOOP('',(#2971,#2972,#2973));
#2971=ORIENTED_EDGE('',*,*,#2974,.T.);
#2972=ORIENTED_EDGE('',*,*,#2975,.T.);
#2973=ORIENTED_EDGE('',*,*,#2976,.T.);
#2974=EDGE_CURVE('',#165,#163,#2977,.F.);
#2975=EDGE_CURVE('',#163,#157,#2978,.T.);
#2976=EDGE_CURVE('',#157,#165,#2979,.T.);
#2977=LINE('',#164,#2980);
#2978=LINE('',#162,#2981);
#2979=LINE('',#156,#2982);
#2980=VECTOR('',#2983,1.0);
#2981=VECTOR('',#2984,1.0);
#2982=VECTOR('',#2985,1.0);
#2983=DIRECTION('',(0.9980938608352802,-8.291840494275653E-09,0.061714220103024575));
#2984=DIRECTION('',(-0.9978729912264711,-8.758606979680819E-09,0.06518813834383683));
#2985=DIRECTION('',(0.7355837484892987,9.101919155579878E-08,-0.6774337967347244));
#2986=FACE_SURFACE('',(#2991),#2987,.T.);
#2987=PLANE('',#2988);
#2988=AXIS2_PLACEMENT_3D('',#164,#2989,#2990);
#2989=DIRECTION('',(1.1860089372001091E-15,-0.999999999999991,-1.343586885515457E-07));
#2990=DIRECTION('',(0.9998425836942249,2.3839038562921904E-09,-0.017742824793614765));
#2991=FACE_BOUND('',#2992,.T.);
#2992=EDGE_LOOP('',(#2993,#2994,#2995));
#2993=ORIENTED_EDGE('',*,*,#2996,.T.);
#2994=ORIENTED_EDGE('',*,*,#2997,.T.);
#2995=ORIENTED_EDGE('',*,*,#2998,.T.);
#2996=EDGE_CURVE('',#165,#167,#2999,.F.);
#2997=EDGE_CURVE('',#167,#163,#3000,.T.);
#2998=EDGE_CURVE('',#163,#165,#3001,.T.);
#2999=LINE('',#164,#3002);
#3000=LINE('',#166,#3003);
#3001=LINE('',#162,#3004);
#3002=VECTOR('',#3005,1.0);
#3003=VECTOR('',#3006,1.0);
#3004=VECTOR('',#3007,1.0);
#3005=DIRECTION('',(0.9998425836942249,2.3839038562921904E-09,-0.017742824793614765));
#3006=DIRECTION('',(-0.8275385122757729,-7.543017143127681E-08,0.561408951389622));
#3007=DIRECTION('',(-0.9980938608352802,8.291840494275653E-09,-0.061714220103024575));
#3008=FACE_SURFACE('',(#3013),#3009,.T.);
#3009=PLANE('',#3010);
#3010=AXIS2_PLACEMENT_3D('',#168,#3011,#3012);
#3011=DIRECTION('',(-2.558439942075104E-15,-0.9999999999999909,-1.3435889955850115E-07));
#3012=DIRECTION('',(0.994200228621042,-1.4449616894427503E-08,0.10754489950652132));
#3013=FACE_BOUND('',#3014,.T.);
#3014=EDGE_LOOP('',(#3015,#3016,#3017));
#3015=ORIENTED_EDGE('',*,*,#3018,.T.);
#3016=ORIENTED_EDGE('',*,*,#3019,.T.);
#3017=ORIENTED_EDGE('',*,*,#3020,.T.);
#3018=EDGE_CURVE('',#169,#167,#3021,.F.);
#3019=EDGE_CURVE('',#167,#165,#3022,.T.);
#3020=EDGE_CURVE('',#165,#169,#3023,.T.);
#3021=LINE('',#168,#3024);
#3022=LINE('',#166,#3025);
#3023=LINE('',#164,#3026);
#3024=VECTOR('',#3027,1.0);
#3025=VECTOR('',#3028,1.0);
#3026=VECTOR('',#3029,1.0);
#3027=DIRECTION('',(0.994200228621042,-1.4449616894427503E-08,0.10754489950652132));
#3028=DIRECTION('',(-0.9998425836942249,-2.3839038562921904E-09,0.017742824793614765));
#3029=DIRECTION('',(0.8083181047706051,7.910326135445082E-08,-0.5887459906445656));
#3030=FACE_SURFACE('',(#3035),#3031,.T.);
#3031=PLANE('',#3032);
#3032=AXIS2_PLACEMENT_3D('',#168,#3033,#3034);
#3033=DIRECTION('',(8.057693376816029E-15,-0.9999999999999909,-1.343589976994843E-07));
#3034=DIRECTION('',(0.9997079035372917,-3.247222955363736E-09,0.024168318209446742));
#3035=FACE_BOUND('',#3036,.T.);
#3036=EDGE_LOOP('',(#3037,#3038,#3039));
#3037=ORIENTED_EDGE('',*,*,#3040,.T.);
#3038=ORIENTED_EDGE('',*,*,#3041,.T.);
#3039=ORIENTED_EDGE('',*,*,#3042,.T.);
#3040=EDGE_CURVE('',#169,#171,#3043,.F.);
#3041=EDGE_CURVE('',#171,#167,#3044,.T.);
#3042=EDGE_CURVE('',#167,#169,#3045,.T.);
#3043=LINE('',#168,#3046);
#3044=LINE('',#170,#3047);
#3045=LINE('',#166,#3048);
#3046=VECTOR('',#3049,1.0);
#3047=VECTOR('',#3050,1.0);
#3048=VECTOR('',#3051,1.0);
#3049=DIRECTION('',(0.9997079035372917,-3.247222955363736E-09,0.024168318209446742));
#3050=DIRECTION('',(-0.8116487591958652,-7.8485247982658E-08,0.5841457794898517));
#3051=DIRECTION('',(-0.994200228621042,1.4449616894427503E-08,-0.10754489950652132));
#3052=FACE_SURFACE('',(#3057),#3053,.T.);
#3053=PLANE('',#3054);
#3054=AXIS2_PLACEMENT_3D('',#168,#3055,#3056);
#3055=DIRECTION('',(4.371488323625238E-15,-0.9999999999999909,-1.3435884522183593E-07));
#3056=DIRECTION('',(0.9991305643572282,5.601520127571179E-09,-0.041690710802366866));
#3057=FACE_BOUND('',#3058,.T.);
#3058=EDGE_LOOP('',(#3059,#3060,#3061));
#3059=ORIENTED_EDGE('',*,*,#3062,.T.);
#3060=ORIENTED_EDGE('',*,*,#3063,.T.);
#3061=ORIENTED_EDGE('',*,*,#3064,.T.);
#3062=EDGE_CURVE('',#169,#173,#3065,.F.);
#3063=EDGE_CURVE('',#173,#171,#3066,.T.);
#3064=EDGE_CURVE('',#171,#169,#3067,.T.);
#3065=LINE('',#168,#3068);
#3066=LINE('',#172,#3069);
#3067=LINE('',#170,#3070);
#3068=VECTOR('',#3071,1.0);
#3069=VECTOR('',#3072,1.0);
#3070=VECTOR('',#3073,1.0);
#3071=DIRECTION('',(0.9991305643572282,5.601520127571179E-09,-0.041690710802366866));
#3072=DIRECTION('',(-0.7897453765065702,-8.242039331374916E-08,0.613434788943771));
#3073=DIRECTION('',(-0.9997079035372917,3.247222955363736E-09,-0.024168318209446742));
#3074=FACE_SURFACE('',(#3079),#3075,.T.);
#3075=PLANE('',#3076);
#3076=AXIS2_PLACEMENT_3D('',#174,#3077,#3078);
#3077=DIRECTION('',(5.299934790992421E-15,-0.999999999999991,-1.3435882297133396E-07));
#3078=DIRECTION('',(0.9978921818874678,-8.719036925885079E-09,0.06489370792202263));
#3079=FACE_BOUND('',#3080,.T.);
#3080=EDGE_LOOP('',(#3081,#3082,#3083));
#3081=ORIENTED_EDGE('',*,*,#3084,.T.);
#3082=ORIENTED_EDGE('',*,*,#3085,.T.);
#3083=ORIENTED_EDGE('',*,*,#3086,.T.);
#3084=EDGE_CURVE('',#175,#173,#3087,.F.);
#3085=EDGE_CURVE('',#173,#169,#3088,.T.);
#3086=EDGE_CURVE('',#169,#175,#3089,.T.);
#3087=LINE('',#174,#3090);
#3088=LINE('',#172,#3091);
#3089=LINE('',#168,#3092);
#3090=VECTOR('',#3093,1.0);
#3091=VECTOR('',#3094,1.0);
#3092=VECTOR('',#3095,1.0);
#3093=DIRECTION('',(0.9978921818874678,-8.719036925885079E-09,0.06489370792202263));
#3094=DIRECTION('',(-0.9991305643572282,-5.601520127571179E-09,0.041690710802366866));
#3095=DIRECTION('',(0.848138220731325,7.117995093772479E-08,-0.5297750074651475));
#3096=FACE_SURFACE('',(#3101),#3097,.T.);
#3097=PLANE('',#3098);
#3098=AXIS2_PLACEMENT_3D('',#174,#3099,#3100);
#3099=DIRECTION('',(3.225241895743008E-17,-0.9999999999999909,-1.343587419684259E-07));
#3100=DIRECTION('',(0.9999746433720111,9.568061050246368E-10,-0.007121278889302751));
#3101=FACE_BOUND('',#3102,.T.);
#3102=EDGE_LOOP('',(#3103,#3104,#3105));
#3103=ORIENTED_EDGE('',*,*,#3106,.T.);
#3104=ORIENTED_EDGE('',*,*,#3107,.T.);
#3105=ORIENTED_EDGE('',*,*,#3108,.T.);
#3106=EDGE_CURVE('',#175,#177,#3109,.F.);
#3107=EDGE_CURVE('',#177,#173,#3110,.T.);
#3108=EDGE_CURVE('',#173,#175,#3111,.T.);
#3109=LINE('',#174,#3112);
#3110=LINE('',#176,#3113);
#3111=LINE('',#172,#3114);
#3112=VECTOR('',#3115,1.0);
#3113=VECTOR('',#3116,1.0);
#3114=VECTOR('',#3117,1.0);
#3115=DIRECTION('',(0.9999746433720111,9.568061050246368E-10,-0.007121278889302751));
#3116=DIRECTION('',(-0.7598039829199537,-8.735363422305717E-08,0.650152218744939));
#3117=DIRECTION('',(-0.9978921818874678,8.719036925885079E-09,-0.06489370792202263));
#3118=FACE_SURFACE('',(#3123),#3119,.T.);
#3119=PLANE('',#3120);
#3120=AXIS2_PLACEMENT_3D('',#178,#3121,#3122);
#3121=DIRECTION('',(-1.1012081911054329E-15,-0.999999999999991,-1.3435890112970693E-07));
#3122=DIRECTION('',(0.9941460783441936,-1.4516717096694476E-08,0.10804431920679707));
#3123=FACE_BOUND('',#3124,.T.);
#3124=EDGE_LOOP('',(#3125,#3126,#3127));
#3125=ORIENTED_EDGE('',*,*,#3128,.T.);
#3126=ORIENTED_EDGE('',*,*,#3129,.T.);
#3127=ORIENTED_EDGE('',*,*,#3130,.T.);
#3128=EDGE_CURVE('',#179,#177,#3131,.F.);
#3129=EDGE_CURVE('',#177,#175,#3132,.T.);
#3130=EDGE_CURVE('',#175,#179,#3133,.T.);
#3131=LINE('',#178,#3134);
#3132=LINE('',#176,#3135);
#3133=LINE('',#174,#3136);
#3134=VECTOR('',#3137,1.0);
#3135=VECTOR('',#3138,1.0);
#3136=VECTOR('',#3139,1.0);
#3137=DIRECTION('',(0.9941460783441936,-1.4516717096694476E-08,0.10804431920679707));
#3138=DIRECTION('',(-0.9999746433720111,-9.568061050246368E-10,0.007121278889302751));
#3139=DIRECTION('',(0.866018021552936,6.71811675485575E-08,-0.5000127861820477));
#3140=FACE_SURFACE('',(#3145),#3141,.T.);
#3141=PLANE('',#3142);
#3142=AXIS2_PLACEMENT_3D('',#178,#3143,#3144);
#3143=DIRECTION('',(-1.1673101007009882E-14,-0.999999999999991,-1.3435880385475658E-07));
#3144=DIRECTION('',(0.9996079118262501,-3.762112433903464E-09,0.028000403825016056));
#3145=FACE_BOUND('',#3146,.T.);
#3146=EDGE_LOOP('',(#3147,#3148,#3149));
#3147=ORIENTED_EDGE('',*,*,#3150,.T.);
#3148=ORIENTED_EDGE('',*,*,#3151,.T.);
#3149=ORIENTED_EDGE('',*,*,#3152,.T.);
#3150=EDGE_CURVE('',#179,#181,#3153,.F.);
#3151=EDGE_CURVE('',#181,#177,#3154,.T.);
#3152=EDGE_CURVE('',#177,#179,#3155,.T.);
#3153=LINE('',#178,#3156);
#3154=LINE('',#180,#3157);
#3155=LINE('',#176,#3158);
#3156=VECTOR('',#3159,1.0);
#3157=VECTOR('',#3160,1.0);
#3158=VECTOR('',#3161,1.0);
#3159=DIRECTION('',(0.9996079118262501,-3.762112433903464E-09,0.028000403825016056));
#3160=DIRECTION('',(-0.7192356849928775,-9.334794301497941E-08,0.6947661688890858));
#3161=DIRECTION('',(-0.9941460783441936,1.4516717096694476E-08,-0.10804431920679707));
#3162=FACE_SURFACE('',(#3167),#3163,.T.);
#3163=PLANE('',#3164);
#3164=AXIS2_PLACEMENT_3D('',#178,#3165,#3166);
#3165=DIRECTION('',(-5.471386538199517E-15,-0.999999999999991,-1.3435902525452245E-07));
#3166=DIRECTION('',(0.9991751001267017,5.456227181223913E-09,-0.04060934974603355));
#3167=FACE_BOUND('',#3168,.T.);
#3168=EDGE_LOOP('',(#3169,#3170,#3171));
#3169=ORIENTED_EDGE('',*,*,#3172,.T.);
#3170=ORIENTED_EDGE('',*,*,#3173,.T.);
#3171=ORIENTED_EDGE('',*,*,#3174,.T.);
#3172=EDGE_CURVE('',#179,#183,#3175,.F.);
#3173=EDGE_CURVE('',#183,#181,#3176,.T.);
#3174=EDGE_CURVE('',#181,#179,#3177,.T.);
#3175=LINE('',#178,#3178);
#3176=LINE('',#182,#3179);
#3177=LINE('',#180,#3180);
#3178=VECTOR('',#3181,1.0);
#3179=VECTOR('',#3182,1.0);
#3180=VECTOR('',#3183,1.0);
#3181=DIRECTION('',(0.9991751001267017,5.456227181223913E-09,-0.04060934974603355));
#3182=DIRECTION('',(-0.6650164298274283,-1.0034317620604899E-07,0.7468287273930826));
#3183=DIRECTION('',(-0.9996079118262501,3.762112433903464E-09,-0.028000403825016056));
#3184=FACE_SURFACE('',(#3189),#3185,.T.);
#3185=PLANE('',#3186);
#3186=AXIS2_PLACEMENT_3D('',#184,#3187,#3188);
#3187=DIRECTION('',(2.4408567109104072E-15,-0.999999999999991,-1.3435883057727472E-07));
#3188=DIRECTION('',(0.9977696449499392,-8.968623734091154E-09,0.06675129674000564));
#3189=FACE_BOUND('',#3190,.T.);
#3190=EDGE_LOOP('',(#3191,#3192,#3193));
#3191=ORIENTED_EDGE('',*,*,#3194,.T.);
#3192=ORIENTED_EDGE('',*,*,#3195,.T.);
#3193=ORIENTED_EDGE('',*,*,#3196,.T.);
#3194=EDGE_CURVE('',#185,#183,#3197,.F.);
#3195=EDGE_CURVE('',#183,#179,#3198,.T.);
#3196=EDGE_CURVE('',#179,#185,#3199,.T.);
#3197=LINE('',#184,#3200);
#3198=LINE('',#182,#3201);
#3199=LINE('',#178,#3202);
#3200=VECTOR('',#3203,1.0);
#3201=VECTOR('',#3204,1.0);
#3202=VECTOR('',#3205,1.0);
#3203=DIRECTION('',(0.9977696449499392,-8.968623734091154E-09,0.06675129674000564));
#3204=DIRECTION('',(-0.9991751001267017,-5.456227181223913E-09,0.04060934974603355));
#3205=DIRECTION('',(0.8657267296333384,6.724887585832163E-08,-0.5005169623482904));
#3206=FACE_SURFACE('',(#3211),#3207,.T.);
#3207=PLANE('',#3208);
#3208=AXIS2_PLACEMENT_3D('',#184,#3209,#3210);
#3209=DIRECTION('',(-8.286967527342935E-17,-0.9999999999999909,-1.3435879285369923E-07));
#3210=DIRECTION('',(0.9999249470901397,1.6461017921473832E-09,-0.01225153813939988));
#3211=FACE_BOUND('',#3212,.T.);
#3212=EDGE_LOOP('',(#3213,#3214,#3215));
#3213=ORIENTED_EDGE('',*,*,#3216,.T.);
#3214=ORIENTED_EDGE('',*,*,#3217,.T.);
#3215=ORIENTED_EDGE('',*,*,#3218,.T.);
#3216=EDGE_CURVE('',#185,#187,#3219,.F.);
#3217=EDGE_CURVE('',#187,#183,#3220,.T.);
#3218=EDGE_CURVE('',#183,#185,#3221,.T.);
#3219=LINE('',#184,#3222);
#3220=LINE('',#186,#3223);
#3221=LINE('',#182,#3224);
#3222=VECTOR('',#3225,1.0);
#3223=VECTOR('',#3226,1.0);
#3224=VECTOR('',#3227,1.0);
#3225=DIRECTION('',(0.9999249470901397,1.6461017921473832E-09,-0.01225153813939988));
#3226=DIRECTION('',(-0.5942323095428578,-1.0806389770975152E-07,0.8042934553353954));
#3227=DIRECTION('',(-0.9977696449499392,8.968623734091154E-09,-0.06675129674000564));
#3228=FACE_SURFACE('',(#3233),#3229,.T.);
#3229=PLANE('',#3230);
#3230=AXIS2_PLACEMENT_3D('',#188,#3231,#3232);
#3231=DIRECTION('',(-7.922973851613835E-16,-0.999999999999991,-1.3435885075454863E-07));
#3232=DIRECTION('',(0.9937314224313709,-1.502049109512717E-08,0.11179382841876326));
#3233=FACE_BOUND('',#3234,.T.);
#3234=EDGE_LOOP('',(#3235,#3236,#3237));
#3235=ORIENTED_EDGE('',*,*,#3238,.T.);
#3236=ORIENTED_EDGE('',*,*,#3239,.T.);
#3237=ORIENTED_EDGE('',*,*,#3240,.T.);
#3238=EDGE_CURVE('',#189,#187,#3241,.F.);
#3239=EDGE_CURVE('',#187,#185,#3242,.T.);
#3240=EDGE_CURVE('',#185,#189,#3243,.T.);
#3241=LINE('',#188,#3244);
#3242=LINE('',#186,#3245);
#3243=LINE('',#184,#3246);
#3244=VECTOR('',#3247,1.0);
#3245=VECTOR('',#3248,1.0);
#3246=VECTOR('',#3249,1.0);
#3247=DIRECTION('',(0.9937314224313709,-1.502049109512717E-08,0.11179382841876326));
#3248=DIRECTION('',(-0.9999249470901397,-1.6461017921473832E-09,0.01225153813939988));
#3249=DIRECTION('',(0.8434803405807599,7.217220578791585E-08,-0.5371600460326141));
#3250=FACE_SURFACE('',(#3255),#3251,.T.);
#3251=PLANE('',#3252);
#3252=AXIS2_PLACEMENT_3D('',#188,#3253,#3254);
#3253=DIRECTION('',(-1.2679781245516997E-14,-0.9999999999999909,-1.3435874508712125E-07));
#3254=DIRECTION('',(0.9997911760819087,-2.745682956880151E-09,0.020435367105925018));
#3255=FACE_BOUND('',#3256,.T.);
#3256=EDGE_LOOP('',(#3257,#3258,#3259));
#3257=ORIENTED_EDGE('',*,*,#3260,.T.);
#3258=ORIENTED_EDGE('',*,*,#3261,.T.);
#3259=ORIENTED_EDGE('',*,*,#3262,.T.);
#3260=EDGE_CURVE('',#189,#191,#3263,.F.);
#3261=EDGE_CURVE('',#191,#187,#3264,.T.);
#3262=EDGE_CURVE('',#187,#189,#3265,.T.);
#3263=LINE('',#188,#3266);
#3264=LINE('',#190,#3267);
#3265=LINE('',#186,#3268);
#3266=VECTOR('',#3269,1.0);
#3267=VECTOR('',#3270,1.0);
#3268=VECTOR('',#3271,1.0);
#3269=DIRECTION('',(0.9997911760819087,-2.745682956880151E-09,0.020435367105925018));
#3270=DIRECTION('',(-0.5052597456428726,-1.1594719929622811E-07,0.8629673165496398));
#3271=DIRECTION('',(-0.9937314224313709,1.502049109512717E-08,-0.11179382841876326));
#3272=FACE_SURFACE('',(#3277),#3273,.T.);
#3273=PLANE('',#3274);
#3274=AXIS2_PLACEMENT_3D('',#188,#3275,#3276);
#3275=DIRECTION('',(-1.0357369203590301E-14,-0.9999999999999909,-1.3435885871008946E-07));
#3276=DIRECTION('',(0.9979001254032948,8.70260671062884E-09,-0.06477144216464886));
#3277=FACE_BOUND('',#3278,.T.);
#3278=EDGE_LOOP('',(#3279,#3280,#3281));
#3279=ORIENTED_EDGE('',*,*,#3282,.T.);
#3280=ORIENTED_EDGE('',*,*,#3283,.T.);
#3281=ORIENTED_EDGE('',*,*,#3284,.T.);
#3282=EDGE_CURVE('',#189,#193,#3285,.F.);
#3283=EDGE_CURVE('',#193,#191,#3286,.T.);
#3284=EDGE_CURVE('',#191,#189,#3287,.T.);
#3285=LINE('',#188,#3288);
#3286=LINE('',#192,#3289);
#3287=LINE('',#190,#3290);
#3288=VECTOR('',#3291,1.0);
#3289=VECTOR('',#3292,1.0);
#3290=VECTOR('',#3293,1.0);
#3291=DIRECTION('',(0.9979001254032948,8.70260671062884E-09,-0.06477144216464886));
#3292=DIRECTION('',(-0.399465830336384,-1.2317322221767897E-07,0.9167480844777632));
#3293=DIRECTION('',(-0.9997911760819087,2.745682956880151E-09,-0.020435367105925018));
#3294=FACE_SURFACE('',(#3299),#3295,.T.);
#3295=PLANE('',#3296);
#3296=AXIS2_PLACEMENT_3D('',#194,#3297,#3298);
#3297=DIRECTION('',(-6.994771815239953E-15,-0.999999999999991,-1.343588069042898E-07));
#3298=DIRECTION('',(0.998200550781207,-8.056675091479718E-09,0.059963825929428775));
#3299=FACE_BOUND('',#3300,.T.);
#3300=EDGE_LOOP('',(#3301,#3302,#3303));
#3301=ORIENTED_EDGE('',*,*,#3304,.T.);
#3302=ORIENTED_EDGE('',*,*,#3305,.T.);
#3303=ORIENTED_EDGE('',*,*,#3306,.T.);
#3304=EDGE_CURVE('',#195,#193,#3307,.F.);
#3305=EDGE_CURVE('',#193,#189,#3308,.T.);
#3306=EDGE_CURVE('',#189,#195,#3309,.T.);
#3307=LINE('',#194,#3310);
#3308=LINE('',#192,#3311);
#3309=LINE('',#188,#3312);
#3310=VECTOR('',#3313,1.0);
#3311=VECTOR('',#3314,1.0);
#3312=VECTOR('',#3315,1.0);
#3313=DIRECTION('',(0.998200550781207,-8.056675091479718E-09,0.059963825929428775));
#3314=DIRECTION('',(-0.9979001254032948,-8.70260671062884E-09,0.06477144216464886));
#3315=DIRECTION('',(0.7817505617458748,8.378497218492254E-08,-0.6235912597286801));
#3316=FACE_SURFACE('',(#3321),#3317,.T.);
#3317=PLANE('',#3318);
#3318=AXIS2_PLACEMENT_3D('',#194,#3319,#3320);
#3319=DIRECTION('',(5.118653282659488E-16,-0.999999999999991,-1.343589318651177E-07));
#3320=DIRECTION('',(0.999180254545804,5.439162936416571E-09,-0.0404823285617598));
#3321=FACE_BOUND('',#3322,.T.);
#3322=EDGE_LOOP('',(#3323,#3324,#3325));
#3323=ORIENTED_EDGE('',*,*,#3326,.T.);
#3324=ORIENTED_EDGE('',*,*,#3327,.T.);
#3325=ORIENTED_EDGE('',*,*,#3328,.T.);
#3326=EDGE_CURVE('',#195,#197,#3329,.F.);
#3327=EDGE_CURVE('',#197,#193,#3330,.T.);
#3328=EDGE_CURVE('',#193,#195,#3331,.T.);
#3329=LINE('',#194,#3332);
#3330=LINE('',#196,#3333);
#3331=LINE('',#192,#3334);
#3332=VECTOR('',#3335,1.0);
#3333=VECTOR('',#3336,1.0);
#3334=VECTOR('',#3337,1.0);
#3335=DIRECTION('',(0.999180254545804,5.439162936416571E-09,-0.0404823285617598));
#3336=DIRECTION('',(-0.282414920906818,-1.2888949561457453E-07,0.9592923498335527));
#3337=DIRECTION('',(-0.998200550781207,8.056675091479718E-09,-0.059963825929428775));
#3338=FACE_SURFACE('',(#3343),#3339,.T.);
#3339=PLANE('',#3340);
#3340=AXIS2_PLACEMENT_3D('',#198,#3341,#3342);
#3341=DIRECTION('',(4.834305701350831E-15,-0.999999999999991,-1.3435882517913335E-07));
#3342=DIRECTION('',(0.9943119976024529,-1.4310094055248812E-08,0.10650657925132914));
#3343=FACE_BOUND('',#3344,.T.);
#3344=EDGE_LOOP('',(#3345,#3346,#3347));
#3345=ORIENTED_EDGE('',*,*,#3348,.T.);
#3346=ORIENTED_EDGE('',*,*,#3349,.T.);
#3347=ORIENTED_EDGE('',*,*,#3350,.T.);
#3348=EDGE_CURVE('',#199,#197,#3351,.F.);
#3349=EDGE_CURVE('',#197,#195,#3352,.T.);
#3350=EDGE_CURVE('',#195,#199,#3353,.T.);
#3351=LINE('',#198,#3354);
#3352=LINE('',#196,#3355);
#3353=LINE('',#194,#3356);
#3354=VECTOR('',#3357,1.0);
#3355=VECTOR('',#3358,1.0);
#3356=VECTOR('',#3359,1.0);
#3357=DIRECTION('',(0.9943119976024529,-1.4310094055248812E-08,0.10650657925132914));
#3358=DIRECTION('',(-0.999180254545804,-5.439162936416571E-09,0.0404823285617598));
#3359=DIRECTION('',(0.6278553735176469,1.0457551097960724E-07,-0.7783300263673535));
#3360=FACE_SURFACE('',(#3365),#3361,.T.);
#3361=PLANE('',#3362);
#3362=AXIS2_PLACEMENT_3D('',#198,#3363,#3364);
#3363=DIRECTION('',(-2.9900482026149403E-16,-0.9999999999999909,-1.3435877725615735E-07));
#3364=DIRECTION('',(0.9999679578613817,1.0755687818914345E-09,-0.008005201467679876));
#3365=FACE_BOUND('',#3366,.T.);
#3366=EDGE_LOOP('',(#3367,#3368,#3369));
#3367=ORIENTED_EDGE('',*,*,#3370,.T.);
#3368=ORIENTED_EDGE('',*,*,#3371,.T.);
#3369=ORIENTED_EDGE('',*,*,#3372,.T.);
#3370=EDGE_CURVE('',#199,#201,#3373,.F.);
#3371=EDGE_CURVE('',#201,#197,#3374,.T.);
#3372=EDGE_CURVE('',#197,#199,#3375,.T.);
#3373=LINE('',#198,#3376);
#3374=LINE('',#200,#3377);
#3375=LINE('',#196,#3378);
#3376=VECTOR('',#3379,1.0);
#3377=VECTOR('',#3380,1.0);
#3378=VECTOR('',#3381,1.0);
#3379=DIRECTION('',(0.9999679578613817,1.0755687818914345E-09,-0.008005201467679876));
#3380=DIRECTION('',(-0.1631272747214051,-1.325590458948461E-07,0.9866050335579833));
#3381=DIRECTION('',(-0.9943119976024529,1.4310094055248812E-08,-0.10650657925132914));
#3382=FACE_SURFACE('',(#3387),#3383,.T.);
#3383=PLANE('',#3384);
#3384=AXIS2_PLACEMENT_3D('',#202,#3385,#3386);
#3385=DIRECTION('',(-1.5933247249687717E-15,-0.9999999999999909,-1.343589389358399E-07));
#3386=DIRECTION('',(0.9878824882612751,-2.0853006411475778E-08,0.15520370287693236));
#3387=FACE_BOUND('',#3388,.T.);
#3388=EDGE_LOOP('',(#3389,#3390,#3391));
#3389=ORIENTED_EDGE('',*,*,#3392,.T.);
#3390=ORIENTED_EDGE('',*,*,#3393,.T.);
#3391=ORIENTED_EDGE('',*,*,#3394,.T.);
#3392=EDGE_CURVE('',#203,#201,#3395,.F.);
#3393=EDGE_CURVE('',#201,#199,#3396,.T.);
#3394=EDGE_CURVE('',#199,#203,#3397,.T.);
#3395=LINE('',#202,#3398);
#3396=LINE('',#200,#3399);
#3397=LINE('',#198,#3400);
#3398=VECTOR('',#3401,1.0);
#3399=VECTOR('',#3402,1.0);
#3400=VECTOR('',#3403,1.0);
#3401=DIRECTION('',(0.9878824882612751,-2.0853006411475778E-08,0.15520370287693236));
#3402=DIRECTION('',(-0.9999679578613817,-1.0755687818914345E-09,0.008005201467679876));
#3403=DIRECTION('',(0.266171269201102,1.2951204083334647E-07,-0.9639257520431009));
#3404=FACE_SURFACE('',(#3409),#3405,.T.);
#3405=PLANE('',#3406);
#3406=AXIS2_PLACEMENT_3D('',#202,#3407,#3408);
#3407=DIRECTION('',(2.5692786839322393E-15,-0.999999999999991,-1.343589654311035E-07));
#3408=DIRECTION('',(0.9994570332945739,-4.426995055791057E-09,0.03294903030452956));
#3409=FACE_BOUND('',#3410,.T.);
#3410=EDGE_LOOP('',(#3411,#3412,#3413));
#3411=ORIENTED_EDGE('',*,*,#3414,.T.);
#3412=ORIENTED_EDGE('',*,*,#3415,.T.);
#3413=ORIENTED_EDGE('',*,*,#3416,.T.);
#3414=EDGE_CURVE('',#203,#205,#3417,.F.);
#3415=EDGE_CURVE('',#205,#201,#3418,.T.);
#3416=EDGE_CURVE('',#201,#203,#3419,.T.);
#3417=LINE('',#202,#3420);
#3418=LINE('',#204,#3421);
#3419=LINE('',#200,#3422);
#3420=VECTOR('',#3423,1.0);
#3421=VECTOR('',#3424,1.0);
#3422=VECTOR('',#3425,1.0);
#3423=DIRECTION('',(0.9994570332945739,-4.426995055791057E-09,0.03294903030452956));
#3424=DIRECTION('',(-0.051160073195330266,-1.3418301793122004E-07,0.9986904660156872));
#3425=DIRECTION('',(-0.9878824882612751,2.0853006411475778E-08,-0.15520370287693236));
#3426=FACE_SURFACE('',(#3431),#3427,.T.);
#3427=PLANE('',#3428);
#3428=AXIS2_PLACEMENT_3D('',#206,#3429,#3430);
#3429=DIRECTION('',(-7.504146169824933E-14,-0.9999999999999911,-1.343588314255036E-07));
#3430=DIRECTION('',(0.16420840271524242,-1.3253501249846233E-07,0.9864256690079041));
#3431=FACE_BOUND('',#3432,.T.);
#3432=EDGE_LOOP('',(#3433,#3434,#3435));
#3433=ORIENTED_EDGE('',*,*,#3436,.T.);
#3434=ORIENTED_EDGE('',*,*,#3437,.T.);
#3435=ORIENTED_EDGE('',*,*,#3438,.T.);
#3436=EDGE_CURVE('',#207,#209,#3439,.F.);
#3437=EDGE_CURVE('',#209,#211,#3440,.T.);
#3438=EDGE_CURVE('',#211,#207,#3441,.T.);
#3439=LINE('',#206,#3442);
#3440=LINE('',#208,#3443);
#3441=LINE('',#210,#3444);
#3442=VECTOR('',#3445,1.0);
#3443=VECTOR('',#3446,1.0);
#3444=VECTOR('',#3447,1.0);
#3445=DIRECTION('',(0.16420840271524242,-1.3253501249846233E-07,0.9864256690079041));
#3446=DIRECTION('',(-0.8328239384374572,-7.437265270712234E-08,0.5535379730113527));
#3447=DIRECTION('',(0,1.343588314255036E-07,-0.999999999999991));
#3448=FACE_SURFACE('',(#3453),#3449,.T.);
#3449=PLANE('',#3450);
#3450=AXIS2_PLACEMENT_3D('',#202,#3451,#3452);
#3451=DIRECTION('',(-2.27984979022755E-15,-0.999999999999991,-1.343588183404148E-07));
#3452=DIRECTION('',(0.9840977290695161,2.386586826194107E-08,-0.1776278684222177));
#3453=FACE_BOUND('',#3454,.T.);
#3454=EDGE_LOOP('',(#3455,#3456,#3457));
#3455=ORIENTED_EDGE('',*,*,#3458,.T.);
#3456=ORIENTED_EDGE('',*,*,#3459,.T.);
#3457=ORIENTED_EDGE('',*,*,#3460,.T.);
#3458=EDGE_CURVE('',#203,#213,#3461,.F.);
#3459=EDGE_CURVE('',#213,#205,#3462,.T.);
#3460=EDGE_CURVE('',#205,#203,#3463,.T.);
#3461=LINE('',#202,#3464);
#3462=LINE('',#212,#3465);
#3463=LINE('',#204,#3466);
#3464=VECTOR('',#3467,1.0);
#3465=VECTOR('',#3468,1.0);
#3466=VECTOR('',#3469,1.0);
#3467=DIRECTION('',(0.9840977290695161,2.386586826194107E-08,-0.1776278684222177));
#3468=DIRECTION('',(0.06699345691861144,-1.3405696995936906E-07,0.9977534147924908));
#3469=DIRECTION('',(-0.9994570332945739,4.426995055791057E-09,-0.03294903030452956));
#3470=FACE_SURFACE('',(#3475),#3471,.T.);
#3471=PLANE('',#3472);
#3472=AXIS2_PLACEMENT_3D('',#214,#3473,#3474);
#3473=DIRECTION('',(1.9865732458075403E-14,-0.999999999999991,-1.3435869564898473E-07));
#3474=DIRECTION('',(0.9955957165951963,1.2596223880559506E-08,-0.09375056851719617));
#3475=FACE_BOUND('',#3476,.T.);
#3476=EDGE_LOOP('',(#3477,#3478,#3479));
#3477=ORIENTED_EDGE('',*,*,#3480,.T.);
#3478=ORIENTED_EDGE('',*,*,#3481,.T.);
#3479=ORIENTED_EDGE('',*,*,#3482,.T.);
#3480=EDGE_CURVE('',#215,#213,#3483,.F.);
#3481=EDGE_CURVE('',#213,#203,#3484,.T.);
#3482=EDGE_CURVE('',#203,#215,#3485,.T.);
#3483=LINE('',#214,#3486);
#3484=LINE('',#212,#3487);
#3485=LINE('',#202,#3488);
#3486=VECTOR('',#3489,1.0);
#3487=VECTOR('',#3490,1.0);
#3488=VECTOR('',#3491,1.0);
#3489=DIRECTION('',(0.9955957165951963,1.2596223880559506E-08,-0.09375056851719617));
#3490=DIRECTION('',(-0.9840977290695161,-2.386586826194107E-08,0.1776278684222177));
#3491=DIRECTION('',(-0.07924424700451818,1.3393616686178967E-07,-0.9968552298687453));
#3492=FACE_SURFACE('',(#3497),#3493,.T.);
#3493=PLANE('',#3494);
#3494=AXIS2_PLACEMENT_3D('',#206,#3495,#3496);
#3495=DIRECTION('',(2.404944363934282E-14,-0.9999999999999909,-1.3435884792097788E-07));
#3496=DIRECTION('',(0.34449771389361883,-1.2613435249912628E-07,0.9387871564535032));
#3497=FACE_BOUND('',#3498,.T.);
#3498=EDGE_LOOP('',(#3499,#3500,#3501));
#3499=ORIENTED_EDGE('',*,*,#3502,.T.);
#3500=ORIENTED_EDGE('',*,*,#3503,.T.);
#3501=ORIENTED_EDGE('',*,*,#3504,.T.);
#3502=EDGE_CURVE('',#207,#217,#3505,.F.);
#3503=EDGE_CURVE('',#217,#209,#3506,.T.);
#3504=EDGE_CURVE('',#209,#207,#3507,.T.);
#3505=LINE('',#206,#3508);
#3506=LINE('',#216,#3509);
#3507=LINE('',#208,#3510);
#3508=VECTOR('',#3511,1.0);
#3509=VECTOR('',#3512,1.0);
#3510=VECTOR('',#3513,1.0);
#3511=DIRECTION('',(0.34449771389361883,-1.2613435249912628E-07,0.9387871564535032));
#3512=DIRECTION('',(-0.8517995363126115,-7.038630456650994E-08,0.5238678745042638));
#3513=DIRECTION('',(-0.16420840271524242,1.3253501249846233E-07,-0.9864256690079041));
#3514=FACE_SURFACE('',(#3519),#3515,.T.);
#3515=PLANE('',#3516);
#3516=AXIS2_PLACEMENT_3D('',#218,#3517,#3518);
#3517=DIRECTION('',(-9.846604708358825E-15,-0.999999999999991,-1.3435901118281118E-07));
#3518=DIRECTION('',(0.9998773272715324,2.1044589467198795E-09,-0.01566302679359022));
#3519=FACE_BOUND('',#3520,.T.);
#3520=EDGE_LOOP('',(#3521,#3522,#3523));
#3521=ORIENTED_EDGE('',*,*,#3524,.T.);
#3522=ORIENTED_EDGE('',*,*,#3525,.T.);
#3523=ORIENTED_EDGE('',*,*,#3526,.T.);
#3524=EDGE_CURVE('',#219,#213,#3527,.F.);
#3525=EDGE_CURVE('',#213,#215,#3528,.T.);
#3526=EDGE_CURVE('',#215,#219,#3529,.T.);
#3527=LINE('',#218,#3530);
#3528=LINE('',#212,#3531);
#3529=LINE('',#214,#3532);
#3530=VECTOR('',#3533,1.0);
#3531=VECTOR('',#3534,1.0);
#3532=VECTOR('',#3535,1.0);
#3533=DIRECTION('',(0.9998773272715324,2.1044589467198795E-09,-0.01566302679359022));
#3534=DIRECTION('',(-0.9955957165951963,-1.2596223880559506E-08,0.09375056851719617));
#3535=DIRECTION('',(-0.24410667913879058,1.3029443643836293E-07,-0.9697483844790948));
#3536=FACE_SURFACE('',(#3541),#3537,.T.);
#3537=PLANE('',#3538);
#3538=AXIS2_PLACEMENT_3D('',#206,#3539,#3540);
#3539=DIRECTION('',(-2.2732407581847535E-14,-0.999999999999991,-1.3435883075389083E-07));
#3540=DIRECTION('',(0.5183693847472974,-1.148978817717505E-07,0.8551568165878671));
#3541=FACE_BOUND('',#3542,.T.);
#3542=EDGE_LOOP('',(#3543,#3544,#3545));
#3543=ORIENTED_EDGE('',*,*,#3546,.T.);
#3544=ORIENTED_EDGE('',*,*,#3547,.T.);
#3545=ORIENTED_EDGE('',*,*,#3548,.T.);
#3546=EDGE_CURVE('',#207,#221,#3549,.F.);
#3547=EDGE_CURVE('',#221,#217,#3550,.T.);
#3548=EDGE_CURVE('',#217,#207,#3551,.T.);
#3549=LINE('',#206,#3552);
#3550=LINE('',#220,#3553);
#3551=LINE('',#216,#3554);
#3552=VECTOR('',#3555,1.0);
#3553=VECTOR('',#3556,1.0);
#3554=VECTOR('',#3557,1.0);
#3555=DIRECTION('',(0.5183693847472974,-1.148978817717505E-07,0.8551568165878671));
#3556=DIRECTION('',(-0.8703526821062135,-6.616214970133806E-08,0.49242888699843357));
#3557=DIRECTION('',(-0.34449771389361883,1.2613435249912628E-07,-0.9387871564535032));
#3558=FACE_SURFACE('',(#3563),#3559,.T.);
#3559=PLANE('',#3560);
#3560=AXIS2_PLACEMENT_3D('',#222,#3561,#3562);
#3561=DIRECTION('',(-5.889463172996819E-15,-0.999999999999991,-1.3435875857160426E-07));
#3562=DIRECTION('',(0.9986196034219946,-7.057215069693402E-09,0.05252511457672436));
#3563=FACE_BOUND('',#3564,.T.);
#3564=EDGE_LOOP('',(#3565,#3566,#3567));
#3565=ORIENTED_EDGE('',*,*,#3568,.T.);
#3566=ORIENTED_EDGE('',*,*,#3569,.T.);
#3567=ORIENTED_EDGE('',*,*,#3570,.T.);
#3568=EDGE_CURVE('',#223,#213,#3571,.F.);
#3569=EDGE_CURVE('',#213,#219,#3572,.T.);
#3570=EDGE_CURVE('',#219,#223,#3573,.T.);
#3571=LINE('',#222,#3574);
#3572=LINE('',#212,#3575);
#3573=LINE('',#218,#3576);
#3574=VECTOR('',#3577,1.0);
#3575=VECTOR('',#3578,1.0);
#3576=VECTOR('',#3579,1.0);
#3577=DIRECTION('',(0.9986196034219946,-7.057215069693402E-09,0.05252511457672436));
#3578=DIRECTION('',(-0.9998773272715324,-2.1044589467198795E-09,0.01566302679359022));
#3579=DIRECTION('',(-0.4061388415929464,1.2277856520759766E-07,-0.9138113817137126));
#3580=FACE_SURFACE('',(#3585),#3581,.T.);
#3581=PLANE('',#3582);
#3582=AXIS2_PLACEMENT_3D('',#222,#3583,#3584);
#3583=DIRECTION('',(1.4213929988066953E-15,-0.999999999999991,-1.3435889756728948E-07));
#3584=DIRECTION('',(0.9899590023433579,1.899227374273473E-08,-0.1413547794711703));
#3585=FACE_BOUND('',#3586,.T.);
#3586=EDGE_LOOP('',(#3587,#3588,#3589));
#3587=ORIENTED_EDGE('',*,*,#3590,.T.);
#3588=ORIENTED_EDGE('',*,*,#3591,.T.);
#3589=ORIENTED_EDGE('',*,*,#3592,.T.);
#3590=EDGE_CURVE('',#223,#225,#3593,.F.);
#3591=EDGE_CURVE('',#225,#213,#3594,.T.);
#3592=EDGE_CURVE('',#213,#223,#3595,.T.);
#3593=LINE('',#222,#3596);
#3594=LINE('',#224,#3597);
#3595=LINE('',#212,#3598);
#3596=VECTOR('',#3599,1.0);
#3597=VECTOR('',#3600,1.0);
#3598=VECTOR('',#3601,1.0);
#3599=DIRECTION('',(0.9899590023433579,1.899227374273473E-08,-0.1413547794711703));
#3600=DIRECTION('',(0.204900228563496,-1.3150818637475962E-07,0.9787828647532658));
#3601=DIRECTION('',(-0.9986196034219946,7.057215069693402E-09,-0.05252511457672436));
#3602=FACE_SURFACE('',(#3607),#3603,.T.);
#3603=PLANE('',#3604);
#3604=AXIS2_PLACEMENT_3D('',#206,#3605,#3606);
#3605=DIRECTION('',(3.478452004761023E-14,-0.999999999999991,-1.3435886561885816E-07));
#3606=DIRECTION('',(0.6640631923620441,-1.004569368122977E-07,0.7476764517824008));
#3607=FACE_BOUND('',#3608,.T.);
#3608=EDGE_LOOP('',(#3609,#3610,#3611));
#3609=ORIENTED_EDGE('',*,*,#3612,.T.);
#3610=ORIENTED_EDGE('',*,*,#3613,.T.);
#3611=ORIENTED_EDGE('',*,*,#3614,.T.);
#3612=EDGE_CURVE('',#207,#227,#3615,.F.);
#3613=EDGE_CURVE('',#227,#221,#3616,.T.);
#3614=EDGE_CURVE('',#221,#207,#3617,.T.);
#3615=LINE('',#206,#3618);
#3616=LINE('',#226,#3619);
#3617=LINE('',#220,#3620);
#3618=VECTOR('',#3621,1.0);
#3619=VECTOR('',#3622,1.0);
#3620=VECTOR('',#3623,1.0);
#3621=DIRECTION('',(0.6640631923620441,-1.004569368122977E-07,0.7476764517824008));
#3622=DIRECTION('',(-0.8884753944602336,-6.166057344785784E-08,0.45892425675565285));
#3623=DIRECTION('',(-0.5183693847472974,1.148978817717505E-07,-0.8551568165878671));
#3624=FACE_SURFACE('',(#3629),#3625,.T.);
#3625=PLANE('',#3626);
#3626=AXIS2_PLACEMENT_3D('',#228,#3627,#3628);
#3627=DIRECTION('',(1.329579241924375E-14,-0.999999999999991,-1.3435881440654562E-07));
#3628=DIRECTION('',(0.9971367256289032,1.0160196599969316E-08,-0.07561977520509683));
#3629=FACE_BOUND('',#3630,.T.);
#3630=EDGE_LOOP('',(#3631,#3632,#3633));
#3631=ORIENTED_EDGE('',*,*,#3634,.T.);
#3632=ORIENTED_EDGE('',*,*,#3635,.T.);
#3633=ORIENTED_EDGE('',*,*,#3636,.T.);
#3634=EDGE_CURVE('',#229,#225,#3637,.F.);
#3635=EDGE_CURVE('',#225,#223,#3638,.T.);
#3636=EDGE_CURVE('',#223,#229,#3639,.T.);
#3637=LINE('',#228,#3640);
#3638=LINE('',#224,#3641);
#3639=LINE('',#222,#3642);
#3640=VECTOR('',#3643,1.0);
#3641=VECTOR('',#3644,1.0);
#3642=VECTOR('',#3645,1.0);
#3643=DIRECTION('',(0.9971367256289032,1.0160196599969316E-08,-0.07561977520509683));
#3644=DIRECTION('',(-0.9899590023433579,-1.899227374273473E-08,0.1413547794711703));
#3645=DIRECTION('',(-0.5533220642974438,1.1191650524476285E-07,-0.8329674022202808));
#3646=FACE_SURFACE('',(#3651),#3647,.T.);
#3647=PLANE('',#3648);
#3648=AXIS2_PLACEMENT_3D('',#206,#3649,#3650);
#3649=DIRECTION('',(-3.074788190078967E-14,-0.9999999999999909,-1.343588074149974E-07));
#3650=DIRECTION('',(0.7722241170882871,-8.536492275034177E-08,0.6353502286040419));
#3651=FACE_BOUND('',#3652,.T.);
#3652=EDGE_LOOP('',(#3653,#3654,#3655));
#3653=ORIENTED_EDGE('',*,*,#3656,.T.);
#3654=ORIENTED_EDGE('',*,*,#3657,.T.);
#3655=ORIENTED_EDGE('',*,*,#3658,.T.);
#3656=EDGE_CURVE('',#207,#231,#3659,.F.);
#3657=EDGE_CURVE('',#231,#227,#3660,.T.);
#3658=EDGE_CURVE('',#227,#207,#3661,.T.);
#3659=LINE('',#206,#3662);
#3660=LINE('',#230,#3663);
#3661=LINE('',#226,#3664);
#3662=VECTOR('',#3665,1.0);
#3663=VECTOR('',#3666,1.0);
#3664=VECTOR('',#3667,1.0);
#3665=DIRECTION('',(0.7722241170882871,-8.536492275034177E-08,0.6353502286040419));
#3666=DIRECTION('',(-0.9061405161559298,-5.68306292229162E-08,0.42297679012052397));
#3667=DIRECTION('',(-0.6640631923620441,1.004569368122977E-07,-0.7476764517824008));
#3668=FACE_SURFACE('',(#3673),#3669,.T.);
#3669=PLANE('',#3670);
#3670=AXIS2_PLACEMENT_3D('',#232,#3671,#3672);
#3671=DIRECTION('',(8.61685790106549E-15,-0.9999999999999909,-1.3435887610386532E-07));
#3672=DIRECTION('',(0.9997951671029485,2.719320202877322E-09,-0.020239165931116188));
#3673=FACE_BOUND('',#3674,.T.);
#3674=EDGE_LOOP('',(#3675,#3676,#3677));
#3675=ORIENTED_EDGE('',*,*,#3678,.T.);
#3676=ORIENTED_EDGE('',*,*,#3679,.T.);
#3677=ORIENTED_EDGE('',*,*,#3680,.T.);
#3678=EDGE_CURVE('',#233,#225,#3681,.F.);
#3679=EDGE_CURVE('',#225,#229,#3682,.T.);
#3680=EDGE_CURVE('',#229,#233,#3683,.T.);
#3681=LINE('',#232,#3684);
#3682=LINE('',#224,#3685);
#3683=LINE('',#228,#3686);
#3684=VECTOR('',#3687,1.0);
#3685=VECTOR('',#3688,1.0);
#3686=VECTOR('',#3689,1.0);
#3687=DIRECTION('',(0.9997951671029485,2.719320202877322E-09,-0.020239165931116188));
#3688=DIRECTION('',(-0.9971367256289032,-1.0160196599969316E-08,0.07561977520509683));
#3689=DIRECTION('',(-0.6774606348548182,9.882887888808814E-08,-0.7355590310927446));
#3690=FACE_SURFACE('',(#3695),#3691,.T.);
#3691=PLANE('',#3692);
#3692=AXIS2_PLACEMENT_3D('',#206,#3693,#3694);
#3693=DIRECTION('',(-5.583426142755842E-16,-0.9999999999999909,-1.3435884410828756E-07));
#3694=DIRECTION('',(0.8461029914870385,-7.161587686994313E-08,0.5330194441075105));
#3695=FACE_BOUND('',#3696,.T.);
#3696=EDGE_LOOP('',(#3697,#3698,#3699));
#3697=ORIENTED_EDGE('',*,*,#3700,.T.);
#3698=ORIENTED_EDGE('',*,*,#3701,.T.);
#3699=ORIENTED_EDGE('',*,*,#3702,.T.);
#3700=EDGE_CURVE('',#207,#235,#3703,.F.);
#3701=EDGE_CURVE('',#235,#231,#3704,.T.);
#3702=EDGE_CURVE('',#231,#207,#3705,.T.);
#3703=LINE('',#206,#3706);
#3704=LINE('',#234,#3707);
#3705=LINE('',#230,#3708);
#3706=VECTOR('',#3709,1.0);
#3707=VECTOR('',#3710,1.0);
#3708=VECTOR('',#3711,1.0);
#3709=DIRECTION('',(0.8461029914870385,-7.161587686994313E-08,0.5330194441075105));
#3710=DIRECTION('',(-0.9232857047140658,-5.160910246943337E-08,0.3841139251194209));
#3711=DIRECTION('',(-0.7722241170882871,8.536492275034177E-08,-0.6353502286040419));
#3712=FACE_SURFACE('',(#3717),#3713,.T.);
#3713=PLANE('',#3714);
#3714=AXIS2_PLACEMENT_3D('',#236,#3715,#3716);
#3715=DIRECTION('',(7.326689712124458E-15,-0.9999999999999911,-1.3435893983692256E-07));
#3716=DIRECTION('',(0.9997096004842358,-3.2377774620349936E-09,0.024098022733186595));
#3717=FACE_BOUND('',#3718,.T.);
#3718=EDGE_LOOP('',(#3719,#3720,#3721));
#3719=ORIENTED_EDGE('',*,*,#3722,.T.);
#3720=ORIENTED_EDGE('',*,*,#3723,.T.);
#3721=ORIENTED_EDGE('',*,*,#3724,.T.);
#3722=EDGE_CURVE('',#237,#225,#3725,.F.);
#3723=EDGE_CURVE('',#225,#233,#3726,.T.);
#3724=EDGE_CURVE('',#233,#237,#3727,.T.);
#3725=LINE('',#236,#3728);
#3726=LINE('',#224,#3729);
#3727=LINE('',#232,#3730);
#3728=VECTOR('',#3731,1.0);
#3729=VECTOR('',#3732,1.0);
#3730=VECTOR('',#3733,1.0);
#3731=DIRECTION('',(0.9997096004842358,-3.2377774620349936E-09,0.024098022733186595));
#3732=DIRECTION('',(-0.9997951671029485,-2.719320202877322E-09,0.020239165931116188));
#3733=DIRECTION('',(-0.7758789066827273,8.476461228185453E-08,-0.630881860703578));
#3734=FACE_SURFACE('',(#3739),#3735,.T.);
#3735=PLANE('',#3736);
#3736=AXIS2_PLACEMENT_3D('',#236,#3737,#3738);
#3737=DIRECTION('',(5.30019481404393E-15,-0.999999999999991,-1.3435885576751873E-07));
#3738=DIRECTION('',(0.9899307629681265,1.9018824968115897E-08,-0.14155240912588685));
#3739=FACE_BOUND('',#3740,.T.);
#3740=EDGE_LOOP('',(#3741,#3742,#3743));
#3741=ORIENTED_EDGE('',*,*,#3744,.T.);
#3742=ORIENTED_EDGE('',*,*,#3745,.T.);
#3743=ORIENTED_EDGE('',*,*,#3746,.T.);
#3744=EDGE_CURVE('',#237,#239,#3747,.F.);
#3745=EDGE_CURVE('',#239,#225,#3748,.T.);
#3746=EDGE_CURVE('',#225,#237,#3749,.T.);
#3747=LINE('',#236,#3750);
#3748=LINE('',#238,#3751);
#3749=LINE('',#224,#3752);
#3750=VECTOR('',#3753,1.0);
#3751=VECTOR('',#3754,1.0);
#3752=VECTOR('',#3755,1.0);
#3753=DIRECTION('',(0.9899307629681265,1.9018824968115897E-08,-0.14155240912588685));
#3754=DIRECTION('',(0.34286734106798344,-1.2621453516312735E-07,0.9393838333870533));
#3755=DIRECTION('',(-0.9997096004842358,3.2377774620349936E-09,-0.024098022733186595));
#3756=FACE_SURFACE('',(#3761),#3757,.T.);
#3757=PLANE('',#3758);
#3758=AXIS2_PLACEMENT_3D('',#206,#3759,#3760);
#3759=DIRECTION('',(2.279932832845603E-14,-0.9999999999999909,-1.343588811857253E-07));
#3760=DIRECTION('',(0.8942993047445407,-6.012145098441831E-08,0.44746927663631575));
#3761=FACE_BOUND('',#3762,.T.);
#3762=EDGE_LOOP('',(#3763,#3764,#3765));
#3763=ORIENTED_EDGE('',*,*,#3766,.T.);
#3764=ORIENTED_EDGE('',*,*,#3767,.T.);
#3765=ORIENTED_EDGE('',*,*,#3768,.T.);
#3766=EDGE_CURVE('',#207,#241,#3769,.F.);
#3767=EDGE_CURVE('',#241,#235,#3770,.T.);
#3768=EDGE_CURVE('',#235,#207,#3771,.T.);
#3769=LINE('',#206,#3772);
#3770=LINE('',#240,#3773);
#3771=LINE('',#234,#3774);
#3772=VECTOR('',#3775,1.0);
#3773=VECTOR('',#3776,1.0);
#3774=VECTOR('',#3777,1.0);
#3775=DIRECTION('',(0.8942993047445407,-6.012145098441831E-08,0.44746927663631575));
#3776=DIRECTION('',(-0.939795751768041,-4.591537675803227E-08,0.34173666024987814));
#3777=DIRECTION('',(-0.8461029914870385,7.161587686994313E-08,-0.5330194441075105));
#3778=FACE_SURFACE('',(#3783),#3779,.T.);
#3779=PLANE('',#3780);
#3780=AXIS2_PLACEMENT_3D('',#242,#3781,#3782);
#3781=DIRECTION('',(-1.6301396020090724E-14,-0.9999999999999909,-1.3435900683580096E-07));
#3782=DIRECTION('',(0.9953159568552029,1.2989203582728325E-08,-0.09667546756758781));
#3783=FACE_BOUND('',#3784,.T.);
#3784=EDGE_LOOP('',(#3785,#3786,#3787));
#3785=ORIENTED_EDGE('',*,*,#3788,.T.);
#3786=ORIENTED_EDGE('',*,*,#3789,.T.);
#3787=ORIENTED_EDGE('',*,*,#3790,.T.);
#3788=EDGE_CURVE('',#243,#239,#3791,.F.);
#3789=EDGE_CURVE('',#239,#237,#3792,.T.);
#3790=EDGE_CURVE('',#237,#243,#3793,.T.);
#3791=LINE('',#242,#3794);
#3792=LINE('',#238,#3795);
#3793=LINE('',#236,#3796);
#3794=VECTOR('',#3797,1.0);
#3795=VECTOR('',#3798,1.0);
#3796=VECTOR('',#3799,1.0);
#3797=DIRECTION('',(0.9953159568552029,1.2989203582728325E-08,-0.09667546756758781));
#3798=DIRECTION('',(-0.9899307629681265,-1.9018824968115897E-08,0.14155240912588685));
#3799=DIRECTION('',(-0.8502841938177035,7.071636293985417E-08,-0.5263238449317806));
#3800=FACE_SURFACE('',(#3805),#3801,.T.);
#3801=PLANE('',#3802);
#3802=AXIS2_PLACEMENT_3D('',#244,#3803,#3804);
#3803=DIRECTION('',(2.452857787061811E-14,-0.999999999999991,-1.3435858647347376E-07));
#3804=DIRECTION('',(0.9981027856413635,8.272443802298856E-09,-0.06156971085647805));
#3805=FACE_BOUND('',#3806,.T.);
#3806=EDGE_LOOP('',(#3807,#3808,#3809));
#3807=ORIENTED_EDGE('',*,*,#3810,.T.);
#3808=ORIENTED_EDGE('',*,*,#3811,.T.);
#3809=ORIENTED_EDGE('',*,*,#3812,.T.);
#3810=EDGE_CURVE('',#245,#239,#3813,.F.);
#3811=EDGE_CURVE('',#239,#243,#3814,.T.);
#3812=EDGE_CURVE('',#243,#245,#3815,.T.);
#3813=LINE('',#244,#3816);
#3814=LINE('',#238,#3817);
#3815=LINE('',#242,#3818);
#3816=VECTOR('',#3819,1.0);
#3817=VECTOR('',#3820,1.0);
#3818=VECTOR('',#3821,1.0);
#3819=DIRECTION('',(0.9981027856413635,8.272443802298856E-09,-0.06156971085647805));
#3820=DIRECTION('',(-0.9953159568552029,-1.2989203582728325E-08,0.09667546756758781));
#3821=DIRECTION('',(-0.9045552021365387,5.728463782601134E-08,-0.4263565248565128));
#3822=FACE_SURFACE('',(#3827),#3823,.T.);
#3823=PLANE('',#3824);
#3824=AXIS2_PLACEMENT_3D('',#206,#3825,#3826);
#3825=DIRECTION('',(3.574420778162052E-14,-0.999999999999991,-1.3435890705699145E-07));
#3826=DIRECTION('',(0.9251335358394649,-5.1008232137724166E-08,0.3796418586841638));
#3827=FACE_BOUND('',#3828,.T.);
#3828=EDGE_LOOP('',(#3829,#3830,#3831));
#3829=ORIENTED_EDGE('',*,*,#3832,.T.);
#3830=ORIENTED_EDGE('',*,*,#3833,.T.);
#3831=ORIENTED_EDGE('',*,*,#3834,.T.);
#3832=EDGE_CURVE('',#207,#247,#3835,.F.);
#3833=EDGE_CURVE('',#247,#241,#3836,.T.);
#3834=EDGE_CURVE('',#241,#207,#3837,.T.);
#3835=LINE('',#206,#3838);
#3836=LINE('',#246,#3839);
#3837=LINE('',#240,#3840);
#3838=VECTOR('',#3841,1.0);
#3839=VECTOR('',#3842,1.0);
#3840=VECTOR('',#3843,1.0);
#3841=DIRECTION('',(0.9251335358394649,-5.1008232137724166E-08,0.3796418586841638));
#3842=DIRECTION('',(-0.9554713725981734,-3.9647172632411983E-08,0.295083812069319));
#3843=DIRECTION('',(-0.8942993047445407,6.012145098441831E-08,-0.44746927663631575));
#3844=FACE_SURFACE('',(#3849),#3845,.T.);
#3845=PLANE('',#3846);
#3846=AXIS2_PLACEMENT_3D('',#248,#3847,#3848);
#3847=DIRECTION('',(2.0580071344556046E-14,-0.9999999999999909,-1.3435865048246954E-07));
#3848=DIRECTION('',(0.9993722398895506,4.76004651361865E-09,-0.03542775942876619));
#3849=FACE_BOUND('',#3850,.T.);
#3850=EDGE_LOOP('',(#3851,#3852,#3853));
#3851=ORIENTED_EDGE('',*,*,#3854,.T.);
#3852=ORIENTED_EDGE('',*,*,#3855,.T.);
#3853=ORIENTED_EDGE('',*,*,#3856,.T.);
#3854=EDGE_CURVE('',#249,#239,#3857,.F.);
#3855=EDGE_CURVE('',#239,#245,#3858,.T.);
#3856=EDGE_CURVE('',#245,#249,#3859,.T.);
#3857=LINE('',#248,#3860);
#3858=LINE('',#238,#3861);
#3859=LINE('',#244,#3862);
#3860=VECTOR('',#3863,1.0);
#3861=VECTOR('',#3864,1.0);
#3862=VECTOR('',#3865,1.0);
#3863=DIRECTION('',(0.9993722398895506,4.76004651361865E-09,-0.03542775942876619));
#3864=DIRECTION('',(-0.9981027856413635,-8.272443802298856E-09,0.06156971085647805));
#3865=DIRECTION('',(-0.9429421265239536,4.473558983372632E-08,-0.3329566728967633));
#3866=FACE_SURFACE('',(#3871),#3867,.T.);
#3867=PLANE('',#3868);
#3868=AXIS2_PLACEMENT_3D('',#206,#3869,#3870);
#3869=DIRECTION('',(-7.348587112662538E-14,-0.999999999999991,-1.3435864087873219E-07));
#3870=DIRECTION('',(0.9447517830645076,-4.4041034217142535E-08,0.3277866202218015));
#3871=FACE_BOUND('',#3872,.T.);
#3872=EDGE_LOOP('',(#3873,#3874,#3875));
#3873=ORIENTED_EDGE('',*,*,#3876,.T.);
#3874=ORIENTED_EDGE('',*,*,#3877,.T.);
#3875=ORIENTED_EDGE('',*,*,#3878,.T.);
#3876=EDGE_CURVE('',#207,#251,#3879,.F.);
#3877=EDGE_CURVE('',#251,#247,#3880,.T.);
#3878=EDGE_CURVE('',#247,#207,#3881,.T.);
#3879=LINE('',#206,#3882);
#3880=LINE('',#250,#3883);
#3881=LINE('',#246,#3884);
#3882=VECTOR('',#3885,1.0);
#3883=VECTOR('',#3886,1.0);
#3884=VECTOR('',#3887,1.0);
#3885=DIRECTION('',(0.9447517830645076,-4.4041034217142535E-08,0.3277866202218015));
#3886=DIRECTION('',(-0.9699773001331831,-3.267534170257694E-08,0.2431954712290913));
#3887=DIRECTION('',(-0.9251335358394649,5.1008232137724166E-08,-0.3796418586841638));
#3888=FACE_SURFACE('',(#3893),#3889,.T.);
#3889=PLANE('',#3890);
#3890=AXIS2_PLACEMENT_3D('',#252,#3891,#3892);
#3891=DIRECTION('',(-1.2624543312449855E-14,-0.999999999999991,-1.3435958714261007E-07));
#3892=DIRECTION('',(0.9998529174338687,2.3043365523229155E-09,-0.017150612204274693));
#3893=FACE_BOUND('',#3894,.T.);
#3894=EDGE_LOOP('',(#3895,#3896,#3897));
#3895=ORIENTED_EDGE('',*,*,#3898,.T.);
#3896=ORIENTED_EDGE('',*,*,#3899,.T.);
#3897=ORIENTED_EDGE('',*,*,#3900,.T.);
#3898=EDGE_CURVE('',#253,#239,#3901,.F.);
#3899=EDGE_CURVE('',#239,#249,#3902,.T.);
#3900=EDGE_CURVE('',#249,#253,#3903,.T.);
#3901=LINE('',#252,#3904);
#3902=LINE('',#238,#3905);
#3903=LINE('',#248,#3906);
#3904=VECTOR('',#3907,1.0);
#3905=VECTOR('',#3908,1.0);
#3906=VECTOR('',#3909,1.0);
#3907=DIRECTION('',(0.9998529174338687,2.3043365523229155E-09,-0.017150612204274693));
#3908=DIRECTION('',(-0.9993722398895506,-4.76004651361865E-09,0.03542775942876619));
#3909=DIRECTION('',(-0.9691584166963354,3.311139527425929E-08,-0.24643855896886593));
#3910=FACE_SURFACE('',(#3915),#3911,.T.);
#3911=PLANE('',#3912);
#3912=AXIS2_PLACEMENT_3D('',#206,#3913,#3914);
#3913=DIRECTION('',(2.5231328599621815E-14,-0.999999999999991,-1.3435892540300667E-07));
#3914=DIRECTION('',(0.9572029051883069,-3.888582544067979E-08,0.28941768829679987));
#3915=FACE_BOUND('',#3916,.T.);
#3916=EDGE_LOOP('',(#3917,#3918,#3919));
#3917=ORIENTED_EDGE('',*,*,#3920,.T.);
#3918=ORIENTED_EDGE('',*,*,#3921,.T.);
#3919=ORIENTED_EDGE('',*,*,#3922,.T.);
#3920=EDGE_CURVE('',#207,#255,#3923,.F.);
#3921=EDGE_CURVE('',#255,#251,#3924,.T.);
#3922=EDGE_CURVE('',#251,#207,#3925,.T.);
#3923=LINE('',#206,#3926);
#3924=LINE('',#254,#3927);
#3925=LINE('',#250,#3928);
#3926=VECTOR('',#3929,1.0);
#3927=VECTOR('',#3930,1.0);
#3928=VECTOR('',#3931,1.0);
#3929=DIRECTION('',(0.9572029051883069,-3.888582544067979E-08,0.28941768829679987));
#3930=DIRECTION('',(-0.9827653476276726,-2.483727119850079E-08,0.18485743561528456));
#3931=DIRECTION('',(-0.9447517830645076,4.4041034217142535E-08,-0.3277866202218015));
#3932=FACE_SURFACE('',(#3937),#3933,.T.);
#3933=PLANE('',#3934);
#3934=AXIS2_PLACEMENT_3D('',#256,#3935,#3936);
#3935=DIRECTION('',(7.311215906861394E-16,-0.9999999999999909,-1.3435880852897463E-07));
#3936=DIRECTION('',(0.9999843773098033,7.510308531407363E-10,-0.005589734906502989));
#3937=FACE_BOUND('',#3938,.T.);
#3938=EDGE_LOOP('',(#3939,#3940,#3941));
#3939=ORIENTED_EDGE('',*,*,#3942,.T.);
#3940=ORIENTED_EDGE('',*,*,#3943,.T.);
#3941=ORIENTED_EDGE('',*,*,#3944,.T.);
#3942=EDGE_CURVE('',#257,#239,#3945,.F.);
#3943=EDGE_CURVE('',#239,#253,#3946,.T.);
#3944=EDGE_CURVE('',#253,#257,#3947,.T.);
#3945=LINE('',#256,#3948);
#3946=LINE('',#238,#3949);
#3947=LINE('',#252,#3950);
#3948=VECTOR('',#3951,1.0);
#3949=VECTOR('',#3952,1.0);
#3950=VECTOR('',#3953,1.0);
#3951=DIRECTION('',(0.9999843773098033,7.510308531407363E-10,-0.005589734906502989));
#3952=DIRECTION('',(-0.9998529174338687,-2.3043365523229155E-09,0.017150612204274693));
#3953=DIRECTION('',(-0.9860881387356005,2.2333562677932735E-08,-0.16622329152365625));
#3954=FACE_SURFACE('',(#3959),#3955,.T.);
#3955=PLANE('',#3956);
#3956=AXIS2_PLACEMENT_3D('',#206,#3957,#3958);
#3957=DIRECTION('',(8.149121047341466E-16,-0.999999999999991,-1.3435884464959866E-07));
#3958=DIRECTION('',(0.9650208166435608,-3.522529685396434E-08,0.26217326988957856));
#3959=FACE_BOUND('',#3960,.T.);
#3960=EDGE_LOOP('',(#3961,#3962,#3963));
#3961=ORIENTED_EDGE('',*,*,#3964,.T.);
#3962=ORIENTED_EDGE('',*,*,#3965,.T.);
#3963=ORIENTED_EDGE('',*,*,#3966,.T.);
#3964=EDGE_CURVE('',#207,#259,#3967,.F.);
#3965=EDGE_CURVE('',#259,#255,#3968,.T.);
#3966=EDGE_CURVE('',#255,#207,#3969,.T.);
#3967=LINE('',#206,#3970);
#3968=LINE('',#258,#3971);
#3969=LINE('',#254,#3972);
#3970=VECTOR('',#3973,1.0);
#3971=VECTOR('',#3974,1.0);
#3972=VECTOR('',#3975,1.0);
#3973=DIRECTION('',(0.9650208166435608,-3.522529685396434E-08,0.26217326988957856));
#3974=DIRECTION('',(-0.9929477062994996,-1.5928666874513038E-08,0.11855316341018707));
#3975=DIRECTION('',(-0.9572029051883069,3.888582544067979E-08,-0.28941768829679987));
#3976=FACE_SURFACE('',(#3981),#3977,.T.);
#3977=PLANE('',#3978);
#3978=AXIS2_PLACEMENT_3D('',#260,#3979,#3980);
#3979=DIRECTION('',(-3.771284452038456E-16,-0.999999999999991,-1.3435900679109986E-07));
#3980=DIRECTION('',(0.9999999483949422,-4.3164996142027937E-11,0.0003212633082403903));
#3981=FACE_BOUND('',#3982,.T.);
#3982=EDGE_LOOP('',(#3983,#3984,#3985));
#3983=ORIENTED_EDGE('',*,*,#3986,.T.);
#3984=ORIENTED_EDGE('',*,*,#3987,.T.);
#3985=ORIENTED_EDGE('',*,*,#3988,.T.);
#3986=EDGE_CURVE('',#261,#239,#3989,.F.);
#3987=EDGE_CURVE('',#239,#257,#3990,.T.);
#3988=EDGE_CURVE('',#257,#261,#3991,.T.);
#3989=LINE('',#260,#3992);
#3990=LINE('',#238,#3993);
#3991=LINE('',#256,#3994);
#3992=VECTOR('',#3995,1.0);
#3993=VECTOR('',#3996,1.0);
#3994=VECTOR('',#3997,1.0);
#3995=DIRECTION('',(0.9999999483949422,-4.3164996142027937E-11,0.0003212633082403903));
#3996=DIRECTION('',(-0.9999843773098033,-7.510308531407363E-10,0.005589734906502989));
#3997=DIRECTION('',(-0.9958228348739322,1.2267854414638456E-08,-0.09130652519751932));
#3998=FACE_SURFACE('',(#4003),#3999,.T.);
#3999=PLANE('',#4000);
#4000=AXIS2_PLACEMENT_3D('',#206,#4001,#4002);
#4001=DIRECTION('',(1.3135026597971288E-13,-0.999999999999991,-1.34359325130823E-07));
#4002=DIRECTION('',(0.9697532011062946,-3.2795310254534793E-08,0.24408754360698873));
#4003=FACE_BOUND('',#4004,.T.);
#4004=EDGE_LOOP('',(#4005,#4006,#4007));
#4005=ORIENTED_EDGE('',*,*,#4008,.T.);
#4006=ORIENTED_EDGE('',*,*,#4009,.T.);
#4007=ORIENTED_EDGE('',*,*,#4010,.T.);
#4008=EDGE_CURVE('',#207,#261,#4011,.F.);
#4009=EDGE_CURVE('',#261,#259,#4012,.T.);
#4010=EDGE_CURVE('',#259,#207,#4013,.T.);
#4011=LINE('',#206,#4014);
#4012=LINE('',#260,#4015);
#4013=LINE('',#258,#4016);
#4014=VECTOR('',#4017,1.0);
#4015=VECTOR('',#4018,1.0);
#4016=VECTOR('',#4019,1.0);
#4017=DIRECTION('',(0.9697532011062946,-3.2795310254534793E-08,0.24408754360698873));
#4018=DIRECTION('',(-0.9990992747222863,-5.7015267500067995E-09,0.042433939828887636));
#4019=DIRECTION('',(-0.9650208166435608,3.522529685396434E-08,-0.26217326988957856));
#4020=FACE_SURFACE('',(#4025),#4021,.T.);
#4021=PLANE('',#4022);
#4022=AXIS2_PLACEMENT_3D('',#260,#4023,#4024);
#4023=DIRECTION('',(-4.485450450588417E-16,-0.9999999999999909,-1.3435878449183837E-07));
#4024=DIRECTION('',(0.9938412136718104,1.488877291834575E-08,-0.11081354613648345));
#4025=FACE_BOUND('',#4026,.T.);
#4026=EDGE_LOOP('',(#4027,#4028,#4029));
#4027=ORIENTED_EDGE('',*,*,#4030,.T.);
#4028=ORIENTED_EDGE('',*,*,#4031,.T.);
#4029=ORIENTED_EDGE('',*,*,#4032,.T.);
#4030=EDGE_CURVE('',#261,#263,#4033,.F.);
#4031=EDGE_CURVE('',#263,#239,#4034,.T.);
#4032=EDGE_CURVE('',#239,#261,#4035,.T.);
#4033=LINE('',#260,#4036);
#4034=LINE('',#262,#4037);
#4035=LINE('',#238,#4038);
#4036=VECTOR('',#4039,1.0);
#4037=VECTOR('',#4040,1.0);
#4038=VECTOR('',#4041,1.0);
#4039=DIRECTION('',(0.9938412136718104,1.488877291834575E-08,-0.11081354613648345));
#4040=DIRECTION('',(0.4753403250830169,-1.1820912875956431E-07,0.8798020091759041));
#4041=DIRECTION('',(-0.9999999483949422,4.3164996142027937E-11,-0.0003212633082403903));
#4042=FACE_SURFACE('',(#4047),#4043,.T.);
#4043=PLANE('',#4044);
#4044=AXIS2_PLACEMENT_3D('',#206,#4045,#4046);
#4045=DIRECTION('',(-1.7625963968211518E-15,-0.999999999999991,-1.343587962770256E-07));
#4046=DIRECTION('',(0.9971129900916232,-1.0202148356392883E-08,0.07593210777097086));
#4047=FACE_BOUND('',#4048,.T.);
#4048=EDGE_LOOP('',(#4049,#4050,#4051));
#4049=ORIENTED_EDGE('',*,*,#4052,.T.);
#4050=ORIENTED_EDGE('',*,*,#4053,.T.);
#4051=ORIENTED_EDGE('',*,*,#4054,.T.);
#4052=EDGE_CURVE('',#207,#263,#4055,.F.);
#4053=EDGE_CURVE('',#263,#261,#4056,.T.);
#4054=EDGE_CURVE('',#261,#207,#4057,.T.);
#4055=LINE('',#206,#4058);
#4056=LINE('',#262,#4059);
#4057=LINE('',#260,#4060);
#4058=VECTOR('',#4061,1.0);
#4059=VECTOR('',#4062,1.0);
#4060=VECTOR('',#4063,1.0);
#4061=DIRECTION('',(0.9971129900916232,-1.0202148356392883E-08,0.07593210777097086));
#4062=DIRECTION('',(-0.9938412136718104,-1.488877291834575E-08,0.11081354613648345));
#4063=DIRECTION('',(-0.9697532011062946,3.2795310254534793E-08,-0.24408754360698873));
#4064=FACE_SURFACE('',(#4069),#4065,.T.);
#4065=PLANE('',#4066);
#4066=AXIS2_PLACEMENT_3D('',#206,#4067,#4068);
#4067=DIRECTION('',(1.1154113040257367E-15,-0.999999999999991,-1.3435883406998236E-07));
#4068=DIRECTION('',(0.9996012150847299,-3.7940858699331205E-09,0.028238463151022783));
#4069=FACE_BOUND('',#4070,.T.);
#4070=EDGE_LOOP('',(#4071,#4072,#4073));
#4071=ORIENTED_EDGE('',*,*,#4074,.T.);
#4072=ORIENTED_EDGE('',*,*,#4075,.T.);
#4073=ORIENTED_EDGE('',*,*,#4076,.T.);
#4074=EDGE_CURVE('',#207,#265,#4077,.F.);
#4075=EDGE_CURVE('',#265,#263,#4078,.T.);
#4076=EDGE_CURVE('',#263,#207,#4079,.T.);
#4077=LINE('',#206,#4080);
#4078=LINE('',#264,#4081);
#4079=LINE('',#262,#4082);
#4080=VECTOR('',#4083,1.0);
#4081=VECTOR('',#4084,1.0);
#4082=VECTOR('',#4085,1.0);
#4083=DIRECTION('',(0.9996012150847299,-3.7940858699331205E-09,0.028238463151022783));
#4084=DIRECTION('',(0.5971844353386218,-1.0776975115896945E-07,0.8021039522339233));
#4085=DIRECTION('',(-0.9971129900916232,1.0202148356392883E-08,-0.07593210777097086));
#4086=FACE_SURFACE('',(#4091),#4087,.T.);
#4087=PLANE('',#4088);
#4088=AXIS2_PLACEMENT_3D('',#206,#4089,#4090);
#4089=DIRECTION('',(2.030266631927105E-15,-0.999999999999991,-1.3435886645455275E-07));
#4090=DIRECTION('',(0.9998440778080773,2.3725683715681882E-09,-0.017658427792858953));
#4091=FACE_BOUND('',#4092,.T.);
#4092=EDGE_LOOP('',(#4093,#4094,#4095));
#4093=ORIENTED_EDGE('',*,*,#4096,.T.);
#4094=ORIENTED_EDGE('',*,*,#4097,.T.);
#4095=ORIENTED_EDGE('',*,*,#4098,.T.);
#4096=EDGE_CURVE('',#207,#267,#4099,.F.);
#4097=EDGE_CURVE('',#267,#265,#4100,.T.);
#4098=EDGE_CURVE('',#265,#207,#4101,.T.);
#4099=LINE('',#206,#4102);
#4100=LINE('',#266,#4103);
#4101=LINE('',#264,#4104);
#4102=VECTOR('',#4105,1.0);
#4103=VECTOR('',#4106,1.0);
#4104=VECTOR('',#4107,1.0);
#4105=DIRECTION('',(0.9998440778080773,2.3725683715681882E-09,-0.017658427792858953));
#4106=DIRECTION('',(0.7044797281263641,-9.535772551731893E-08,0.7097241102421386));
#4107=DIRECTION('',(-0.9996012150847299,3.7940858699331205E-09,-0.028238463151022783));
#4108=FACE_SURFACE('',(#4113),#4109,.T.);
#4109=PLANE('',#4110);
#4110=AXIS2_PLACEMENT_3D('',#268,#4111,#4112);
#4111=DIRECTION('',(2.881620937526642E-15,-0.9999999999999909,-1.343588182497199E-07));
#4112=DIRECTION('',(0.9999497180834858,-1.3473508365759112E-09,0.010028025965126799));
#4113=FACE_BOUND('',#4114,.T.);
#4114=EDGE_LOOP('',(#4115,#4116,#4117));
#4115=ORIENTED_EDGE('',*,*,#4118,.T.);
#4116=ORIENTED_EDGE('',*,*,#4119,.T.);
#4117=ORIENTED_EDGE('',*,*,#4120,.T.);
#4118=EDGE_CURVE('',#269,#267,#4121,.F.);
#4119=EDGE_CURVE('',#267,#207,#4122,.T.);
#4120=EDGE_CURVE('',#207,#269,#4123,.T.);
#4121=LINE('',#268,#4124);
#4122=LINE('',#266,#4125);
#4123=LINE('',#206,#4126);
#4124=VECTOR('',#4127,1.0);
#4125=VECTOR('',#4128,1.0);
#4126=VECTOR('',#4129,1.0);
#4127=DIRECTION('',(0.9999497180834858,-1.3473508365759112E-09,0.010028025965126799));
#4128=DIRECTION('',(-0.9998440778080773,-2.3725683715681882E-09,0.017658427792858953));
#4129=DIRECTION('',(0.8942446641073769,6.013611596570304E-08,-0.4475784631944225));
#4130=FACE_SURFACE('',(#4135),#4131,.T.);
#4131=PLANE('',#4132);
#4132=AXIS2_PLACEMENT_3D('',#268,#4133,#4134);
#4133=DIRECTION('',(3.610238074951586E-15,-0.999999999999991,-1.3435889090414898E-07));
#4134=DIRECTION('',(0.9993785495255145,4.736063506267102E-09,-0.03524932266411201));
#4135=FACE_BOUND('',#4136,.T.);
#4136=EDGE_LOOP('',(#4137,#4138,#4139));
#4137=ORIENTED_EDGE('',*,*,#4140,.T.);
#4138=ORIENTED_EDGE('',*,*,#4141,.T.);
#4139=ORIENTED_EDGE('',*,*,#4142,.T.);
#4140=EDGE_CURVE('',#269,#271,#4143,.F.);
#4141=EDGE_CURVE('',#271,#267,#4144,.T.);
#4142=EDGE_CURVE('',#267,#269,#4145,.T.);
#4143=LINE('',#268,#4146);
#4144=LINE('',#270,#4147);
#4145=LINE('',#266,#4148);
#4146=VECTOR('',#4149,1.0);
#4147=VECTOR('',#4150,1.0);
#4148=VECTOR('',#4151,1.0);
#4149=DIRECTION('',(0.9993785495255145,4.736063506267102E-09,-0.03524932266411201));
#4150=DIRECTION('',(0.7948911891631756,-8.15225237773472E-08,0.6067520064991511));
#4151=DIRECTION('',(-0.9999497180834858,1.3473508365759112E-09,-0.010028025965126799));
#4152=FACE_SURFACE('',(#4157),#4153,.T.);
#4153=PLANE('',#4154);
#4154=AXIS2_PLACEMENT_3D('',#272,#4155,#4156);
#4155=DIRECTION('',(4.353230042606767E-15,-0.999999999999991,-1.3435886983905662E-07));
#4156=DIRECTION('',(0.9999628783669714,1.1576905255040834E-09,-0.008616373253380126));
#4157=FACE_BOUND('',#4158,.T.);
#4158=EDGE_LOOP('',(#4159,#4160,#4161));
#4159=ORIENTED_EDGE('',*,*,#4162,.T.);
#4160=ORIENTED_EDGE('',*,*,#4163,.T.);
#4161=ORIENTED_EDGE('',*,*,#4164,.T.);
#4162=EDGE_CURVE('',#273,#271,#4165,.F.);
#4163=EDGE_CURVE('',#271,#269,#4166,.T.);
#4164=EDGE_CURVE('',#269,#273,#4167,.T.);
#4165=LINE('',#272,#4168);
#4166=LINE('',#270,#4169);
#4167=LINE('',#268,#4170);
#4168=VECTOR('',#4171,1.0);
#4169=VECTOR('',#4172,1.0);
#4170=VECTOR('',#4173,1.0);
#4171=DIRECTION('',(0.9999628783669714,1.1576905255040834E-09,-0.008616373253380126));
#4172=DIRECTION('',(-0.9993785495255145,-4.736063506267102E-09,0.03524932266411201));
#4173=DIRECTION('',(0.9070784388444941,5.6559934692406206E-08,-0.4209616440763127));
#4174=FACE_SURFACE('',(#4179),#4175,.T.);
#4175=PLANE('',#4176);
#4176=AXIS2_PLACEMENT_3D('',#274,#4177,#4178);
#4177=DIRECTION('',(1.856404168836941E-15,-0.999999999999991,-1.3435915960519304E-07));
#4178=DIRECTION('',(0.9998386782609414,-2.413297561676456E-09,0.01796155487182617));
#4179=FACE_BOUND('',#4180,.T.);
#4180=EDGE_LOOP('',(#4181,#4182,#4183));
#4181=ORIENTED_EDGE('',*,*,#4184,.T.);
#4182=ORIENTED_EDGE('',*,*,#4185,.T.);
#4183=ORIENTED_EDGE('',*,*,#4186,.T.);
#4184=EDGE_CURVE('',#275,#271,#4187,.F.);
#4185=EDGE_CURVE('',#271,#273,#4188,.T.);
#4186=EDGE_CURVE('',#273,#275,#4189,.T.);
#4187=LINE('',#274,#4190);
#4188=LINE('',#270,#4191);
#4189=LINE('',#272,#4192);
#4190=VECTOR('',#4193,1.0);
#4191=VECTOR('',#4194,1.0);
#4192=VECTOR('',#4195,1.0);
#4193=DIRECTION('',(0.9998386782609414,-2.413297561676456E-09,0.01796155487182617));
#4194=DIRECTION('',(-0.9999628783669714,-1.1576905255040834E-09,0.008616373253380126));
#4195=DIRECTION('',(0.9207264636513411,5.242810603078706E-08,-0.39020863538893236));
#4196=FACE_SURFACE('',(#4201),#4197,.T.);
#4197=PLANE('',#4198);
#4198=AXIS2_PLACEMENT_3D('',#274,#4199,#4200);
#4199=DIRECTION('',(-3.01080345485243E-15,-0.9999999999999909,-1.34358888669716E-07));
#4200=DIRECTION('',(0.9996196017700666,3.7056038305326274E-09,-0.027579915827526294));
#4201=FACE_BOUND('',#4202,.T.);
#4202=EDGE_LOOP('',(#4203,#4204,#4205));
#4203=ORIENTED_EDGE('',*,*,#4206,.T.);
#4204=ORIENTED_EDGE('',*,*,#4207,.T.);
#4205=ORIENTED_EDGE('',*,*,#4208,.T.);
#4206=EDGE_CURVE('',#275,#277,#4209,.F.);
#4207=EDGE_CURVE('',#277,#271,#4210,.T.);
#4208=EDGE_CURVE('',#271,#275,#4211,.T.);
#4209=LINE('',#274,#4212);
#4210=LINE('',#276,#4213);
#4211=LINE('',#270,#4214);
#4212=VECTOR('',#4215,1.0);
#4213=VECTOR('',#4216,1.0);
#4214=VECTOR('',#4217,1.0);
#4215=DIRECTION('',(0.9996196017700666,3.7056038305326274E-09,-0.027579915827526294));
#4216=DIRECTION('',(0.8676294321555391,-6.68047726919067E-08,0.49721139212356363));
#4217=DIRECTION('',(-0.9998386782609414,2.413297561676456E-09,-0.01796155487182617));
#4218=FACE_SURFACE('',(#4223),#4219,.T.);
#4219=PLANE('',#4220);
#4220=AXIS2_PLACEMENT_3D('',#278,#4221,#4222);
#4221=DIRECTION('',(7.501512969733116E-15,-0.9999999999999909,-1.3435850765631395E-07));
#4222=DIRECTION('',(0.9999978387321098,2.7934821313558213E-10,-0.002079069770210383));
#4223=FACE_BOUND('',#4224,.T.);
#4224=EDGE_LOOP('',(#4225,#4226,#4227));
#4225=ORIENTED_EDGE('',*,*,#4228,.T.);
#4226=ORIENTED_EDGE('',*,*,#4229,.T.);
#4227=ORIENTED_EDGE('',*,*,#4230,.T.);
#4228=EDGE_CURVE('',#279,#277,#4231,.F.);
#4229=EDGE_CURVE('',#277,#275,#4232,.T.);
#4230=EDGE_CURVE('',#275,#279,#4233,.T.);
#4231=LINE('',#278,#4234);
#4232=LINE('',#276,#4235);
#4233=LINE('',#274,#4236);
#4234=VECTOR('',#4237,1.0);
#4235=VECTOR('',#4238,1.0);
#4236=VECTOR('',#4239,1.0);
#4237=DIRECTION('',(0.9999978387321098,2.7934821313558213E-10,-0.002079069770210383));
#4238=DIRECTION('',(-0.9996196017700666,-3.7056038305326274E-09,0.027579915827526294));
#4239=DIRECTION('',(0.9347349839731363,4.774371423313084E-08,-0.3553456201175673));
#4240=FACE_SURFACE('',(#4245),#4241,.T.);
#4241=PLANE('',#4242);
#4242=AXIS2_PLACEMENT_3D('',#280,#4243,#4244);
#4243=DIRECTION('',(6.612855216237784E-15,-0.999999999999991,-1.343589350858528E-07));
#4244=DIRECTION('',(0.9997296196738371,-3.124199923958585E-09,0.023252689023096813));
#4245=FACE_BOUND('',#4246,.T.);
#4246=EDGE_LOOP('',(#4247,#4248,#4249));
#4247=ORIENTED_EDGE('',*,*,#4250,.T.);
#4248=ORIENTED_EDGE('',*,*,#4251,.T.);
#4249=ORIENTED_EDGE('',*,*,#4252,.T.);
#4250=EDGE_CURVE('',#281,#277,#4253,.F.);
#4251=EDGE_CURVE('',#277,#279,#4254,.T.);
#4252=EDGE_CURVE('',#279,#281,#4255,.T.);
#4253=LINE('',#280,#4256);
#4254=LINE('',#276,#4257);
#4255=LINE('',#278,#4258);
#4256=VECTOR('',#4259,1.0);
#4257=VECTOR('',#4260,1.0);
#4258=VECTOR('',#4261,1.0);
#4259=DIRECTION('',(0.9997296196738371,-3.124199923958585E-09,0.023252689023096813));
#4260=DIRECTION('',(-0.9999978387321098,-2.7934821313558213E-10,0.002079069770210383));
#4261=DIRECTION('',(0.9485396227484202,4.254590054743692E-08,-0.31665846597917235));
#4262=FACE_SURFACE('',(#4267),#4263,.T.);
#4263=PLANE('',#4264);
#4264=AXIS2_PLACEMENT_3D('',#280,#4265,#4266);
#4265=DIRECTION('',(5.055285450428458E-15,-0.999999999999991,-1.3435886811946335E-07));
#4266=DIRECTION('',(0.9997524328043642,2.9895218794043455E-09,-0.022250238240413747));
#4267=FACE_BOUND('',#4268,.T.);
#4268=EDGE_LOOP('',(#4269,#4270,#4271));
#4269=ORIENTED_EDGE('',*,*,#4272,.T.);
#4270=ORIENTED_EDGE('',*,*,#4273,.T.);
#4271=ORIENTED_EDGE('',*,*,#4274,.T.);
#4272=EDGE_CURVE('',#281,#283,#4275,.F.);
#4273=EDGE_CURVE('',#283,#277,#4276,.T.);
#4274=EDGE_CURVE('',#277,#281,#4277,.T.);
#4275=LINE('',#280,#4278);
#4276=LINE('',#282,#4279);
#4277=LINE('',#276,#4280);
#4278=VECTOR('',#4281,1.0);
#4279=VECTOR('',#4282,1.0);
#4280=VECTOR('',#4283,1.0);
#4281=DIRECTION('',(0.9997524328043642,2.9895218794043455E-09,-0.022250238240413747));
#4282=DIRECTION('',(0.9230872060881935,-5.167316707391299E-08,0.3845907044590265));
#4283=DIRECTION('',(-0.9997296196738371,3.124199923958585E-09,-0.023252689023096813));
#4284=FACE_SURFACE('',(#4289),#4285,.T.);
#4285=PLANE('',#4286);
#4286=AXIS2_PLACEMENT_3D('',#284,#4287,#4288);
#4287=DIRECTION('',(9.223846794003468E-15,-0.9999999999999909,-1.3435868081677923E-07));
#4288=DIRECTION('',(0.9999980886617852,-2.626842556593842E-10,0.0019551656647088765));
#4289=FACE_BOUND('',#4290,.T.);
#4290=EDGE_LOOP('',(#4291,#4292,#4293));
#4291=ORIENTED_EDGE('',*,*,#4294,.T.);
#4292=ORIENTED_EDGE('',*,*,#4295,.T.);
#4293=ORIENTED_EDGE('',*,*,#4296,.T.);
#4294=EDGE_CURVE('',#285,#283,#4297,.F.);
#4295=EDGE_CURVE('',#283,#281,#4298,.T.);
#4296=EDGE_CURVE('',#281,#285,#4299,.T.);
#4297=LINE('',#284,#4300);
#4298=LINE('',#282,#4301);
#4299=LINE('',#280,#4302);
#4300=VECTOR('',#4303,1.0);
#4301=VECTOR('',#4304,1.0);
#4302=VECTOR('',#4305,1.0);
#4303=DIRECTION('',(0.9999980886617852,-2.626842556593842E-10,0.0019551656647088765));
#4304=DIRECTION('',(-0.9997524328043642,-2.9895218794043455E-09,0.022250238240413747));
#4305=DIRECTION('',(0.9615206092377373,3.691274707162017E-08,-0.27473281203942307));
#4306=FACE_SURFACE('',(#4311),#4307,.T.);
#4307=PLANE('',#4308);
#4308=AXIS2_PLACEMENT_3D('',#284,#4309,#4310);
#4309=DIRECTION('',(9.428444862671321E-15,-0.9999999999999911,-1.3435878546145532E-07));
#4310=DIRECTION('',(0.999108584420785,5.671854647815161E-09,-0.042214174594500505));
#4311=FACE_BOUND('',#4312,.T.);
#4312=EDGE_LOOP('',(#4313,#4314,#4315));
#4313=ORIENTED_EDGE('',*,*,#4316,.T.);
#4314=ORIENTED_EDGE('',*,*,#4317,.T.);
#4315=ORIENTED_EDGE('',*,*,#4318,.T.);
#4316=EDGE_CURVE('',#285,#287,#4319,.F.);
#4317=EDGE_CURVE('',#287,#283,#4320,.T.);
#4318=EDGE_CURVE('',#283,#285,#4321,.T.);
#4319=LINE('',#284,#4322);
#4320=LINE('',#286,#4323);
#4321=LINE('',#282,#4324);
#4322=VECTOR('',#4325,1.0);
#4323=VECTOR('',#4326,1.0);
#4324=VECTOR('',#4327,1.0);
#4325=DIRECTION('',(0.999108584420785,5.671854647815161E-09,-0.042214174594500505));
#4326=DIRECTION('',(0.9623968260743482,-3.64982153668786E-08,0.2716474722172467));
#4327=DIRECTION('',(-0.9999980886617852,2.626842556593842E-10,-0.0019551656647088765));
#4328=FACE_SURFACE('',(#4333),#4329,.T.);
#4329=PLANE('',#4330);
#4330=AXIS2_PLACEMENT_3D('',#288,#4331,#4332);
#4331=DIRECTION('',(1.0531604263661194E-14,-0.9999999999999909,-1.3435875935230974E-07));
#4332=DIRECTION('',(0.9998154508288871,2.581182820047193E-09,-0.019211045880665405));
#4333=FACE_BOUND('',#4334,.T.);
#4334=EDGE_LOOP('',(#4335,#4336,#4337));
#4335=ORIENTED_EDGE('',*,*,#4338,.T.);
#4336=ORIENTED_EDGE('',*,*,#4339,.T.);
#4337=ORIENTED_EDGE('',*,*,#4340,.T.);
#4338=EDGE_CURVE('',#289,#287,#4341,.F.);
#4339=EDGE_CURVE('',#287,#285,#4342,.T.);
#4340=EDGE_CURVE('',#285,#289,#4343,.T.);
#4341=LINE('',#288,#4344);
#4342=LINE('',#286,#4345);
#4343=LINE('',#284,#4346);
#4344=VECTOR('',#4347,1.0);
#4345=VECTOR('',#4348,1.0);
#4346=VECTOR('',#4349,1.0);
#4347=DIRECTION('',(0.9998154508288871,2.581182820047193E-09,-0.019211045880665405));
#4348=DIRECTION('',(-0.999108584420785,-5.671854647815161E-09,0.042214174594500505));
#4349=DIRECTION('',(0.9730781492845653,3.096640062140483E-08,-0.23047541167101604));
#4350=FACE_SURFACE('',(#4355),#4351,.T.);
#4351=PLANE('',#4352);
#4352=AXIS2_PLACEMENT_3D('',#290,#4353,#4354);
#4353=DIRECTION('',(-2.4772727959453256E-15,-0.9999999999999909,-1.3435943638344918E-07));
#4354=DIRECTION('',(0.9999936824159772,-4.775955276631915E-10,0.003554592541182117));
#4355=FACE_BOUND('',#4356,.T.);
#4356=EDGE_LOOP('',(#4357,#4358,#4359));
#4357=ORIENTED_EDGE('',*,*,#4360,.T.);
#4358=ORIENTED_EDGE('',*,*,#4361,.T.);
#4359=ORIENTED_EDGE('',*,*,#4362,.T.);
#4360=EDGE_CURVE('',#291,#287,#4363,.F.);
#4361=EDGE_CURVE('',#287,#289,#4364,.T.);
#4362=EDGE_CURVE('',#289,#291,#4365,.T.);
#4363=LINE('',#290,#4366);
#4364=LINE('',#286,#4367);
#4365=LINE('',#288,#4368);
#4366=VECTOR('',#4369,1.0);
#4367=VECTOR('',#4370,1.0);
#4368=VECTOR('',#4371,1.0);
#4369=DIRECTION('',(0.9999936824159772,-4.775955276631915E-10,0.003554592541182117));
#4370=DIRECTION('',(-0.9998154508288871,-2.581182820047193E-09,0.019211045880665405));
#4371=DIRECTION('',(0.9827297313542833,2.4862765678988463E-08,-0.18504668360264528));
#4372=FACE_SURFACE('',(#4377),#4373,.T.);
#4373=PLANE('',#4374);
#4374=AXIS2_PLACEMENT_3D('',#290,#4375,#4376);
#4375=DIRECTION('',(-3.8757995069444235E-15,-0.999999999999991,-1.3435904294373437E-07));
#4376=DIRECTION('',(0.9992207484829583,5.30317291451533E-09,-0.03947018876515354));
#4377=FACE_BOUND('',#4378,.T.);
#4378=EDGE_LOOP('',(#4379,#4380,#4381));
#4379=ORIENTED_EDGE('',*,*,#4382,.T.);
#4380=ORIENTED_EDGE('',*,*,#4383,.T.);
#4381=ORIENTED_EDGE('',*,*,#4384,.T.);
#4382=EDGE_CURVE('',#291,#293,#4385,.F.);
#4383=EDGE_CURVE('',#293,#287,#4386,.T.);
#4384=EDGE_CURVE('',#287,#291,#4387,.T.);
#4385=LINE('',#290,#4388);
#4386=LINE('',#292,#4389);
#4387=LINE('',#286,#4390);
#4388=VECTOR('',#4391,1.0);
#4389=VECTOR('',#4392,1.0);
#4390=VECTOR('',#4393,1.0);
#4391=DIRECTION('',(0.9992207484829583,5.30317291451533E-09,-0.03947018876515354));
#4392=DIRECTION('',(0.9870493644091528,-2.1553452591501758E-08,0.16041680778361955));
#4393=DIRECTION('',(-0.9999936824159772,4.775955276631915E-10,-0.003554592541182117));
#4394=FACE_SURFACE('',(#4399),#4395,.T.);
#4395=PLANE('',#4396);
#4396=AXIS2_PLACEMENT_3D('',#294,#4397,#4398);
#4397=DIRECTION('',(4.412950935554547E-15,-0.999999999999991,-1.3435883310710376E-07));
#4398=DIRECTION('',(0.9998333688418759,2.4526863628228643E-09,-0.018254713098409345));
#4399=FACE_BOUND('',#4400,.T.);
#4400=EDGE_LOOP('',(#4401,#4402,#4403));
#4401=ORIENTED_EDGE('',*,*,#4404,.T.);
#4402=ORIENTED_EDGE('',*,*,#4405,.T.);
#4403=ORIENTED_EDGE('',*,*,#4406,.T.);
#4404=EDGE_CURVE('',#295,#293,#4407,.F.);
#4405=EDGE_CURVE('',#293,#291,#4408,.T.);
#4406=EDGE_CURVE('',#291,#295,#4409,.T.);
#4407=LINE('',#294,#4410);
#4408=LINE('',#292,#4411);
#4409=LINE('',#290,#4412);
#4410=VECTOR('',#4413,1.0);
#4411=VECTOR('',#4414,1.0);
#4412=VECTOR('',#4415,1.0);
#4413=DIRECTION('',(0.9998333688418759,2.4526863628228643E-09,-0.018254713098409345));
#4414=DIRECTION('',(-0.9992207484829583,-5.30317291451533E-09,0.03947018876515354));
#4415=DIRECTION('',(0.9901839944537415,1.877934050499373E-08,-0.13977001512353332));
#4416=FACE_SURFACE('',(#4421),#4417,.T.);
#4417=PLANE('',#4418);
#4418=AXIS2_PLACEMENT_3D('',#296,#4419,#4420);
#4419=DIRECTION('',(8.085771442121546E-15,-0.9999999999999909,-1.3435863194215086E-07));
#4420=DIRECTION('',(0.9999959516542868,-3.823047926548818E-10,0.002845465697791521));
#4421=FACE_BOUND('',#4422,.T.);
#4422=EDGE_LOOP('',(#4423,#4424,#4425));
#4423=ORIENTED_EDGE('',*,*,#4426,.T.);
#4424=ORIENTED_EDGE('',*,*,#4427,.T.);
#4425=ORIENTED_EDGE('',*,*,#4428,.T.);
#4426=EDGE_CURVE('',#297,#293,#4429,.F.);
#4427=EDGE_CURVE('',#293,#295,#4430,.T.);
#4428=EDGE_CURVE('',#295,#297,#4431,.T.);
#4429=LINE('',#296,#4432);
#4430=LINE('',#292,#4433);
#4431=LINE('',#294,#4434);
#4432=VECTOR('',#4435,1.0);
#4433=VECTOR('',#4436,1.0);
#4434=VECTOR('',#4437,1.0);
#4435=DIRECTION('',(0.9999959516542868,-3.823047926548818E-10,0.002845465697791521));
#4436=DIRECTION('',(-0.9998333688418759,-2.4526863628228643E-09,0.018254713098409345));
#4437=DIRECTION('',(0.9953844129792002,1.2894146600747826E-08,-0.09596806967972493));
#4438=FACE_SURFACE('',(#4443),#4439,.T.);
#4439=PLANE('',#4440);
#4440=AXIS2_PLACEMENT_3D('',#296,#4441,#4442);
#4441=DIRECTION('',(8.041840308571238E-15,-0.999999999999991,-1.3435861650321738E-07));
#4442=DIRECTION('',(0.9993591246254372,4.8094835717806645E-09,-0.03579581020007721));
#4443=FACE_BOUND('',#4444,.T.);
#4444=EDGE_LOOP('',(#4445,#4446,#4447));
#4445=ORIENTED_EDGE('',*,*,#4448,.T.);
#4446=ORIENTED_EDGE('',*,*,#4449,.T.);
#4447=ORIENTED_EDGE('',*,*,#4450,.T.);
#4448=EDGE_CURVE('',#297,#299,#4451,.F.);
#4449=EDGE_CURVE('',#299,#293,#4452,.T.);
#4450=EDGE_CURVE('',#293,#297,#4453,.T.);
#4451=LINE('',#296,#4454);
#4452=LINE('',#298,#4455);
#4453=LINE('',#292,#4456);
#4454=VECTOR('',#4457,1.0);
#4455=VECTOR('',#4458,1.0);
#4456=VECTOR('',#4459,1.0);
#4457=DIRECTION('',(0.9993591246254372,4.8094835717806645E-09,-0.03579581020007721));
#4458=DIRECTION('',(0.9986292126639392,-7.032604343378832E-09,0.05234210173656426));
#4459=DIRECTION('',(-0.9999959516542868,3.823047926548818E-10,-0.002845465697791521));
#4460=FACE_SURFACE('',(#4465),#4461,.T.);
#4461=PLANE('',#4462);
#4462=AXIS2_PLACEMENT_3D('',#300,#4463,#4464);
#4463=DIRECTION('',(1.5850135803576802E-13,-0.9999999999999909,-1.3435441592524226E-07));
#4464=DIRECTION('',(0.9998504535981327,2.323637147141331E-09,-0.01729365315971019));
#4465=FACE_BOUND('',#4466,.T.);
#4466=EDGE_LOOP('',(#4467,#4468,#4469));
#4467=ORIENTED_EDGE('',*,*,#4470,.T.);
#4468=ORIENTED_EDGE('',*,*,#4471,.T.);
#4469=ORIENTED_EDGE('',*,*,#4472,.T.);
#4470=EDGE_CURVE('',#301,#299,#4473,.F.);
#4471=EDGE_CURVE('',#299,#297,#4474,.T.);
#4472=EDGE_CURVE('',#297,#301,#4475,.T.);
#4473=LINE('',#300,#4476);
#4474=LINE('',#298,#4477);
#4475=LINE('',#296,#4478);
#4476=VECTOR('',#4479,1.0);
#4477=VECTOR('',#4480,1.0);
#4478=VECTOR('',#4481,1.0);
#4479=DIRECTION('',(0.9998504535981327,2.323637147141331E-09,-0.01729365315971019));
#4480=DIRECTION('',(-0.9993591246254372,-4.8094835717806645E-09,0.03579581020007721));
#4481=DIRECTION('',(0.9984955572157821,7.367170252686376E-09,-0.05483267475096364));
#4482=FACE_SURFACE('',(#4487),#4483,.T.);
#4483=PLANE('',#4484);
#4484=AXIS2_PLACEMENT_3D('',#302,#4485,#4486);
#4485=DIRECTION('',(-1.3590896349877774E-14,-0.999999999999991,-1.3435884845674827E-07));
#4486=DIRECTION('',(0.16278262573312344,-1.3256676652795664E-07,0.9866619566799018));
#4487=FACE_BOUND('',#4488,.T.);
#4488=EDGE_LOOP('',(#4489,#4490,#4491));
#4489=ORIENTED_EDGE('',*,*,#4492,.T.);
#4490=ORIENTED_EDGE('',*,*,#4493,.T.);
#4491=ORIENTED_EDGE('',*,*,#4494,.T.);
#4492=EDGE_CURVE('',#303,#305,#4495,.F.);
#4493=EDGE_CURVE('',#305,#307,#4496,.T.);
#4494=EDGE_CURVE('',#307,#303,#4497,.T.);
#4495=LINE('',#302,#4498);
#4496=LINE('',#304,#4499);
#4497=LINE('',#306,#4500);
#4498=VECTOR('',#4501,1.0);
#4499=VECTOR('',#4502,1.0);
#4500=VECTOR('',#4503,1.0);
#4501=DIRECTION('',(0.16278262573312344,-1.3256676652795664E-07,0.9866619566799018));
#4502=DIRECTION('',(-0.7440487637673018,-8.976853789548808E-08,0.6681253154433995));
#4503=DIRECTION('',(0,1.3435884845674827E-07,-0.999999999999991));
#4504=FACE_SURFACE('',(#4509),#4505,.T.);
#4505=PLANE('',#4506);
#4506=AXIS2_PLACEMENT_3D('',#304,#4507,#4508);
#4507=DIRECTION('',(0,-0.999999999999991,-1.343588333214296E-07));
#4508=DIRECTION('',(0.7941617879803727,-8.165072134846985E-08,0.6077063884079307));
#4509=FACE_BOUND('',#4510,.T.);
#4510=EDGE_LOOP('',(#4511,#4512,#4513));
#4511=ORIENTED_EDGE('',*,*,#4514,.T.);
#4512=ORIENTED_EDGE('',*,*,#4515,.T.);
#4513=ORIENTED_EDGE('',*,*,#4516,.T.);
#4514=EDGE_CURVE('',#305,#309,#4517,.F.);
#4515=EDGE_CURVE('',#309,#307,#4518,.T.);
#4516=EDGE_CURVE('',#307,#305,#4519,.T.);
#4517=LINE('',#304,#4520);
#4518=LINE('',#308,#4521);
#4519=LINE('',#306,#4522);
#4520=VECTOR('',#4523,1.0);
#4521=VECTOR('',#4524,1.0);
#4522=VECTOR('',#4525,1.0);
#4523=DIRECTION('',(0.7941617879803727,-8.165072134846985E-08,0.6077063884079307));
#4524=DIRECTION('',(-1,0,0));
#4525=DIRECTION('',(0.7440487637673018,8.976853789548808E-08,-0.6681253154433995));
#4526=FACE_SURFACE('',(#4531),#4527,.T.);
#4527=PLANE('',#4528);
#4528=AXIS2_PLACEMENT_3D('',#304,#4529,#4530);
#4529=DIRECTION('',(-1.1859357463321082E-14,-0.9999999999999909,-1.343588178234051E-07));
#4530=DIRECTION('',(0.8678307643093207,-6.67575196598519E-08,0.4968599043174003));
#4531=FACE_BOUND('',#4532,.T.);
#4532=EDGE_LOOP('',(#4533,#4534,#4535));
#4533=ORIENTED_EDGE('',*,*,#4536,.T.);
#4534=ORIENTED_EDGE('',*,*,#4537,.T.);
#4535=ORIENTED_EDGE('',*,*,#4538,.T.);
#4536=EDGE_CURVE('',#305,#311,#4539,.F.);
#4537=EDGE_CURVE('',#311,#309,#4540,.T.);
#4538=EDGE_CURVE('',#309,#305,#4541,.T.);
#4539=LINE('',#304,#4542);
#4540=LINE('',#310,#4543);
#4541=LINE('',#308,#4544);
#4542=VECTOR('',#4545,1.0);
#4543=VECTOR('',#4546,1.0);
#4544=VECTOR('',#4547,1.0);
#4545=DIRECTION('',(0.8678307643093207,-6.67575196598519E-08,0.4968599043174003));
#4546=DIRECTION('',(-0.9987305254242033,-6.7679094626925305E-09,0.05037199207788687));
#4547=DIRECTION('',(-0.7941617879803727,8.165072134846985E-08,-0.6077063884079307));
#4548=FACE_SURFACE('',(#4553),#4549,.T.);
#4549=PLANE('',#4550);
#4550=AXIS2_PLACEMENT_3D('',#304,#4551,#4552);
#4551=DIRECTION('',(-2.446265989660329E-14,-0.999999999999991,-1.3435879581009007E-07));
#4552=DIRECTION('',(0.914307405806025,-5.441814911294313E-08,0.4050209472215652));
#4553=FACE_BOUND('',#4554,.T.);
#4554=EDGE_LOOP('',(#4555,#4556,#4557));
#4555=ORIENTED_EDGE('',*,*,#4558,.T.);
#4556=ORIENTED_EDGE('',*,*,#4559,.T.);
#4557=ORIENTED_EDGE('',*,*,#4560,.T.);
#4558=EDGE_CURVE('',#305,#313,#4561,.F.);
#4559=EDGE_CURVE('',#313,#311,#4562,.T.);
#4560=EDGE_CURVE('',#311,#305,#4563,.T.);
#4561=LINE('',#304,#4564);
#4562=LINE('',#312,#4565);
#4563=LINE('',#310,#4566);
#4564=VECTOR('',#4567,1.0);
#4565=VECTOR('',#4568,1.0);
#4566=VECTOR('',#4569,1.0);
#4567=DIRECTION('',(0.914307405806025,-5.441814911294313E-08,0.4050209472215652));
#4568=DIRECTION('',(-0.9871229201294696,-2.149248715886396E-08,0.15996356008500326));
#4569=DIRECTION('',(-0.8678307643093207,6.67575196598519E-08,-0.4968599043174003));
#4570=FACE_SURFACE('',(#4575),#4571,.T.);
#4571=PLANE('',#4572);
#4572=AXIS2_PLACEMENT_3D('',#304,#4573,#4574);
#4573=DIRECTION('',(2.971854978132279E-14,-0.999999999999991,-1.343589181205078E-07));
#4574=DIRECTION('',(0.946004677371767,-4.3552814744660816E-08,0.3241529737496438));
#4575=FACE_BOUND('',#4576,.T.);
#4576=EDGE_LOOP('',(#4577,#4578,#4579));
#4577=ORIENTED_EDGE('',*,*,#4580,.T.);
#4578=ORIENTED_EDGE('',*,*,#4581,.T.);
#4579=ORIENTED_EDGE('',*,*,#4582,.T.);
#4580=EDGE_CURVE('',#305,#315,#4583,.F.);
#4581=EDGE_CURVE('',#315,#313,#4584,.T.);
#4582=EDGE_CURVE('',#313,#305,#4585,.T.);
#4583=LINE('',#304,#4586);
#4584=LINE('',#314,#4587);
#4585=LINE('',#312,#4588);
#4586=VECTOR('',#4589,1.0);
#4587=VECTOR('',#4590,1.0);
#4588=VECTOR('',#4591,1.0);
#4589=DIRECTION('',(0.946004677371767,-4.3552814744660816E-08,0.3241529737496438));
#4590=DIRECTION('',(-0.9602346016590345,-3.751228529257976E-08,0.27919439424299713));
#4591=DIRECTION('',(-0.914307405806025,5.441814911294313E-08,-0.4050209472215652));
#4592=FACE_SURFACE('',(#4597),#4593,.T.);
#4593=PLANE('',#4594);
#4594=AXIS2_PLACEMENT_3D('',#304,#4595,#4596);
#4595=DIRECTION('',(-1.8170187186898223E-14,-0.9999999999999909,-1.3435877836251439E-07));
#4596=DIRECTION('',(0.9683762608516677,-3.352177009870869E-08,0.24949432342027678));
#4597=FACE_BOUND('',#4598,.T.);
#4598=EDGE_LOOP('',(#4599,#4600,#4601));
#4599=ORIENTED_EDGE('',*,*,#4602,.T.);
#4600=ORIENTED_EDGE('',*,*,#4603,.T.);
#4601=ORIENTED_EDGE('',*,*,#4604,.T.);
#4602=EDGE_CURVE('',#305,#317,#4605,.F.);
#4603=EDGE_CURVE('',#317,#315,#4606,.T.);
#4604=EDGE_CURVE('',#315,#305,#4607,.T.);
#4605=LINE('',#304,#4608);
#4606=LINE('',#316,#4609);
#4607=LINE('',#314,#4610);
#4608=VECTOR('',#4611,1.0);
#4609=VECTOR('',#4612,1.0);
#4610=VECTOR('',#4613,1.0);
#4611=DIRECTION('',(0.9683762608516677,-3.352177009870869E-08,0.24949432342027678));
#4612=DIRECTION('',(-0.9144960819103978,-5.436084046303769E-08,0.4045947554906367));
#4613=DIRECTION('',(-0.946004677371767,4.3552814744660816E-08,-0.3241529737496438));
#4614=FACE_SURFACE('',(#4619),#4615,.T.);
#4615=PLANE('',#4616);
#4616=AXIS2_PLACEMENT_3D('',#304,#4617,#4618);
#4617=DIRECTION('',(1.3958358716723853E-14,-0.9999999999999909,-1.3435890306483522E-07));
#4618=DIRECTION('',(0.9839946308755504,-2.3942488853071816E-08,0.1781981100014498));
#4619=FACE_BOUND('',#4620,.T.);
#4620=EDGE_LOOP('',(#4621,#4622,#4623));
#4621=ORIENTED_EDGE('',*,*,#4624,.T.);
#4622=ORIENTED_EDGE('',*,*,#4625,.T.);
#4623=ORIENTED_EDGE('',*,*,#4626,.T.);
#4624=EDGE_CURVE('',#305,#319,#4627,.F.);
#4625=EDGE_CURVE('',#319,#317,#4628,.T.);
#4626=EDGE_CURVE('',#317,#305,#4629,.T.);
#4627=LINE('',#304,#4630);
#4628=LINE('',#318,#4631);
#4629=LINE('',#316,#4632);
#4630=VECTOR('',#4633,1.0);
#4631=VECTOR('',#4634,1.0);
#4632=VECTOR('',#4635,1.0);
#4633=DIRECTION('',(0.9839946308755504,-2.3942488853071816E-08,0.1781981100014498));
#4634=DIRECTION('',(-0.8475978600062944,-7.129610090961468E-08,0.5306391124980752));
#4635=DIRECTION('',(-0.9683762608516677,3.352177009870869E-08,-0.24949432342027678));
#4636=FACE_SURFACE('',(#4641),#4637,.T.);
#4637=PLANE('',#4638);
#4638=AXIS2_PLACEMENT_3D('',#304,#4639,#4640);
#4639=DIRECTION('',(5.629240859343761E-15,-0.999999999999991,-1.343588570721631E-07));
#4640=DIRECTION('',(0.9940934558569505,-1.4581614596997658E-08,0.10852742060136278));
#4641=FACE_BOUND('',#4642,.T.);
#4642=EDGE_LOOP('',(#4643,#4644,#4645));
#4643=ORIENTED_EDGE('',*,*,#4646,.T.);
#4644=ORIENTED_EDGE('',*,*,#4647,.T.);
#4645=ORIENTED_EDGE('',*,*,#4648,.T.);
#4646=EDGE_CURVE('',#305,#321,#4649,.F.);
#4647=EDGE_CURVE('',#321,#319,#4650,.T.);
#4648=EDGE_CURVE('',#319,#305,#4651,.T.);
#4649=LINE('',#304,#4652);
#4650=LINE('',#320,#4653);
#4651=LINE('',#318,#4654);
#4652=VECTOR('',#4655,1.0);
#4653=VECTOR('',#4656,1.0);
#4654=VECTOR('',#4657,1.0);
#4655=DIRECTION('',(0.9940934558569505,-1.4581614596997658E-08,0.10852742060136278));
#4656=DIRECTION('',(-0.7596248679227829,-8.738182996690434E-08,0.6503614841250112));
#4657=DIRECTION('',(-0.9839946308755504,2.3942488853071816E-08,-0.1781981100014498));
#4658=FACE_SURFACE('',(#4663),#4659,.T.);
#4659=PLANE('',#4660);
#4660=AXIS2_PLACEMENT_3D('',#304,#4661,#4662);
#4661=DIRECTION('',(-4.416817058146617E-15,-0.999999999999991,-1.3435876505191252E-07));
#4662=DIRECTION('',(0.9992225936872375,-5.296890222463279E-09,0.0394234481615938));
#4663=FACE_BOUND('',#4664,.T.);
#4664=EDGE_LOOP('',(#4665,#4666,#4667));
#4665=ORIENTED_EDGE('',*,*,#4668,.T.);
#4666=ORIENTED_EDGE('',*,*,#4669,.T.);
#4667=ORIENTED_EDGE('',*,*,#4670,.T.);
#4668=EDGE_CURVE('',#305,#323,#4671,.F.);
#4669=EDGE_CURVE('',#323,#321,#4672,.T.);
#4670=EDGE_CURVE('',#321,#305,#4673,.T.);
#4671=LINE('',#304,#4674);
#4672=LINE('',#322,#4675);
#4673=LINE('',#320,#4676);
#4674=VECTOR('',#4677,1.0);
#4675=VECTOR('',#4678,1.0);
#4676=VECTOR('',#4679,1.0);
#4677=DIRECTION('',(0.9992225936872375,-5.296890222463279E-09,0.0394234481615938));
#4678=DIRECTION('',(-0.653637715278163,-1.0168373107594986E-07,0.756807595869606));
#4679=DIRECTION('',(-0.9940934558569505,1.4581614596997658E-08,-0.10852742060136278));
#4680=FACE_SURFACE('',(#4685),#4681,.T.);
#4681=PLANE('',#4682);
#4682=AXIS2_PLACEMENT_3D('',#304,#4683,#4684);
#4683=DIRECTION('',(0,-0.999999999999991,-1.3435887700009574E-07));
#4684=DIRECTION('',(1,0,0));
#4685=FACE_BOUND('',#4686,.T.);
#4686=EDGE_LOOP('',(#4687,#4688,#4689));
#4687=ORIENTED_EDGE('',*,*,#4690,.T.);
#4688=ORIENTED_EDGE('',*,*,#4691,.T.);
#4689=ORIENTED_EDGE('',*,*,#4692,.T.);
#4690=EDGE_CURVE('',#305,#325,#4693,.F.);
#4691=EDGE_CURVE('',#325,#323,#4694,.T.);
#4692=EDGE_CURVE('',#323,#305,#4695,.T.);
#4693=LINE('',#304,#4696);
#4694=LINE('',#324,#4697);
#4695=LINE('',#322,#4698);
#4696=VECTOR('',#4699,1.0);
#4697=VECTOR('',#4700,1.0);
#4698=VECTOR('',#4701,1.0);
#4699=DIRECTION('',(1,0,0));
#4700=DIRECTION('',(0.9979217760240287,-8.657685009063265E-09,0.06443701527110128));
#4701=DIRECTION('',(-0.9992225936872375,5.296890222463279E-09,-0.0394234481615938));
#4702=FACE_SURFACE('',(#4707),#4703,.T.);
#4703=PLANE('',#4704);
#4704=AXIS2_PLACEMENT_3D('',#324,#4705,#4706);
#4705=DIRECTION('',(2.2975160005624273E-15,-0.9999999999999909,-1.3435891258121687E-07));
#4706=DIRECTION('',(0.9988793332783682,6.3591367407070764E-09,-0.04732945752237923));
#4707=FACE_BOUND('',#4708,.T.);
#4708=EDGE_LOOP('',(#4709,#4710,#4711));
#4709=ORIENTED_EDGE('',*,*,#4712,.T.);
#4710=ORIENTED_EDGE('',*,*,#4713,.T.);
#4711=ORIENTED_EDGE('',*,*,#4714,.T.);
#4712=EDGE_CURVE('',#325,#327,#4715,.F.);
#4713=EDGE_CURVE('',#327,#323,#4716,.T.);
#4714=EDGE_CURVE('',#323,#325,#4717,.T.);
#4715=LINE('',#324,#4718);
#4716=LINE('',#326,#4719);
#4717=LINE('',#322,#4720);
#4718=VECTOR('',#4721,1.0);
#4719=VECTOR('',#4722,1.0);
#4720=VECTOR('',#4723,1.0);
#4721=DIRECTION('',(0.9988793332783682,6.3591367407070764E-09,-0.04732945752237923));
#4722=DIRECTION('',(-0.535173828542695,-1.1349861193027935E-07,0.8447419566015064));
#4723=DIRECTION('',(-0.9979217760240287,8.657685009063265E-09,-0.06443701527110128));
#4724=FACE_SURFACE('',(#4729),#4725,.T.);
#4725=PLANE('',#4726);
#4726=AXIS2_PLACEMENT_3D('',#302,#4727,#4728);
#4727=DIRECTION('',(-2.070935693990653E-15,-0.9999999999999909,-1.3435885035734793E-07));
#4728=DIRECTION('',(0.24788848693426033,-1.3016531934262302E-07,0.968788572416823));
#4729=FACE_BOUND('',#4730,.T.);
#4730=EDGE_LOOP('',(#4731,#4732,#4733));
#4731=ORIENTED_EDGE('',*,*,#4734,.T.);
#4732=ORIENTED_EDGE('',*,*,#4735,.T.);
#4733=ORIENTED_EDGE('',*,*,#4736,.T.);
#4734=EDGE_CURVE('',#303,#329,#4737,.F.);
#4735=EDGE_CURVE('',#329,#305,#4738,.T.);
#4736=EDGE_CURVE('',#305,#303,#4739,.T.);
#4737=LINE('',#302,#4740);
#4738=LINE('',#328,#4741);
#4739=LINE('',#304,#4742);
#4740=VECTOR('',#4743,1.0);
#4741=VECTOR('',#4744,1.0);
#4742=VECTOR('',#4745,1.0);
#4743=DIRECTION('',(0.24788848693426033,-1.3016531934262302E-07,0.968788572416823));
#4744=DIRECTION('',(0,-1.3435885035734798E-07,0.9999999999999909));
#4745=DIRECTION('',(-0.16278262573312344,1.3256676652795664E-07,-0.9866619566799018));
#4746=FACE_SURFACE('',(#4751),#4747,.T.);
#4747=PLANE('',#4748);
#4748=AXIS2_PLACEMENT_3D('',#330,#4749,#4750);
#4749=DIRECTION('',(-4.35326444281104E-13,-0.999999999999991,-1.3436814855290445E-07));
#4750=DIRECTION('',(0.9989057829737664,6.283681674132527E-09,-0.04676790289895902));
#4751=FACE_BOUND('',#4752,.T.);
#4752=EDGE_LOOP('',(#4753,#4754,#4755));
#4753=ORIENTED_EDGE('',*,*,#4756,.T.);
#4754=ORIENTED_EDGE('',*,*,#4757,.T.);
#4755=ORIENTED_EDGE('',*,*,#4758,.T.);
#4756=EDGE_CURVE('',#331,#327,#4759,.F.);
#4757=EDGE_CURVE('',#327,#325,#4760,.T.);
#4758=EDGE_CURVE('',#325,#331,#4761,.T.);
#4759=LINE('',#330,#4762);
#4760=LINE('',#326,#4763);
#4761=LINE('',#324,#4764);
#4762=VECTOR('',#4765,1.0);
#4763=VECTOR('',#4766,1.0);
#4764=VECTOR('',#4767,1.0);
#4765=DIRECTION('',(0.9989057829737664,6.283681674132527E-09,-0.04676790289895902));
#4766=DIRECTION('',(-0.9988793332783682,-6.3591367407070764E-09,0.04732945752237923));
#4767=DIRECTION('',(0.9986494182831401,6.980684839323934E-09,-0.05195516685321855));
#4768=FACE_SURFACE('',(#4773),#4769,.T.);
#4769=PLANE('',#4770);
#4770=AXIS2_PLACEMENT_3D('',#332,#4771,#4772);
#4771=DIRECTION('',(1.9549897314867042E-14,-0.9999999999999909,-1.343584329449771E-07));
#4772=DIRECTION('',(0.9994854273284398,4.309723216667616E-09,-0.03207616807048523));
#4773=FACE_BOUND('',#4774,.T.);
#4774=EDGE_LOOP('',(#4775,#4776,#4777));
#4775=ORIENTED_EDGE('',*,*,#4778,.T.);
#4776=ORIENTED_EDGE('',*,*,#4779,.T.);
#4777=ORIENTED_EDGE('',*,*,#4780,.T.);
#4778=EDGE_CURVE('',#333,#327,#4781,.F.);
#4779=EDGE_CURVE('',#327,#331,#4782,.T.);
#4780=EDGE_CURVE('',#331,#333,#4783,.T.);
#4781=LINE('',#332,#4784);
#4782=LINE('',#326,#4785);
#4783=LINE('',#330,#4786);
#4784=VECTOR('',#4787,1.0);
#4785=VECTOR('',#4788,1.0);
#4786=VECTOR('',#4789,1.0);
#4787=DIRECTION('',(0.9994854273284398,4.309723216667616E-09,-0.03207616807048523));
#4788=DIRECTION('',(-0.9989057829737664,-6.283681674132527E-09,0.04676790289895902));
#4789=DIRECTION('',(0.98592429741278,2.2463720566298103E-08,-0.16719234363784619));
#4790=FACE_SURFACE('',(#4795),#4791,.T.);
#4791=PLANE('',#4792);
#4792=AXIS2_PLACEMENT_3D('',#334,#4793,#4794);
#4793=DIRECTION('',(6.129937972847443E-17,-0.9999999999999909,-1.3435904020484653E-07));
#4794=DIRECTION('',(0.9999999705112063,-3.262943664768011E-11,0.00024285301455942323));
#4795=FACE_BOUND('',#4796,.T.);
#4796=EDGE_LOOP('',(#4797,#4798,#4799));
#4797=ORIENTED_EDGE('',*,*,#4800,.T.);
#4798=ORIENTED_EDGE('',*,*,#4801,.T.);
#4799=ORIENTED_EDGE('',*,*,#4802,.T.);
#4800=EDGE_CURVE('',#335,#327,#4803,.F.);
#4801=EDGE_CURVE('',#327,#333,#4804,.T.);
#4802=EDGE_CURVE('',#333,#335,#4805,.T.);
#4803=LINE('',#334,#4806);
#4804=LINE('',#326,#4807);
#4805=LINE('',#332,#4808);
#4806=VECTOR('',#4809,1.0);
#4807=VECTOR('',#4810,1.0);
#4808=VECTOR('',#4811,1.0);
#4809=DIRECTION('',(0.9999999705112063,-3.262943664768011E-11,0.00024285301455942323));
#4810=DIRECTION('',(-0.9994854273284398,-4.309723216667616E-09,0.03207616807048523));
#4811=DIRECTION('',(0.955614753532453,3.958474611537106E-08,-0.29461914878552564));
#4812=FACE_SURFACE('',(#4817),#4813,.T.);
#4813=PLANE('',#4814);
#4814=AXIS2_PLACEMENT_3D('',#334,#4815,#4816);
#4815=DIRECTION('',(6.917226666595222E-18,-0.9999999999999909,-1.34358816274534E-07));
#4816=DIRECTION('',(0.9886040142870447,2.022629201594714E-08,-0.1505393733730162));
#4817=FACE_BOUND('',#4818,.T.);
#4818=EDGE_LOOP('',(#4819,#4820,#4821));
#4819=ORIENTED_EDGE('',*,*,#4822,.T.);
#4820=ORIENTED_EDGE('',*,*,#4823,.T.);
#4821=ORIENTED_EDGE('',*,*,#4824,.T.);
#4822=EDGE_CURVE('',#335,#337,#4825,.F.);
#4823=EDGE_CURVE('',#337,#327,#4826,.T.);
#4824=EDGE_CURVE('',#327,#335,#4827,.T.);
#4825=LINE('',#334,#4828);
#4826=LINE('',#336,#4829);
#4827=LINE('',#326,#4830);
#4828=VECTOR('',#4831,1.0);
#4829=VECTOR('',#4832,1.0);
#4830=VECTOR('',#4833,1.0);
#4831=DIRECTION('',(0.9886040142870447,2.022629201594714E-08,-0.1505393733730162));
#4832=DIRECTION('',(-0.41079134843698334,-1.2249888068192053E-07,0.911729383122706));
#4833=DIRECTION('',(-0.9999999705112063,3.262943664768011E-11,-0.00024285301455942323));
#4834=FACE_SURFACE('',(#4839),#4835,.T.);
#4835=PLANE('',#4836);
#4836=AXIS2_PLACEMENT_3D('',#338,#4837,#4838);
#4837=DIRECTION('',(3.639564241455697E-14,-0.999999999999991,-1.3435857730688726E-07));
#4838=DIRECTION('',(0.9930241298360307,1.584243230796742E-08,-0.11791131227916071));
#4839=FACE_BOUND('',#4840,.T.);
#4840=EDGE_LOOP('',(#4841,#4842,#4843));
#4841=ORIENTED_EDGE('',*,*,#4844,.T.);
#4842=ORIENTED_EDGE('',*,*,#4845,.T.);
#4843=ORIENTED_EDGE('',*,*,#4846,.T.);
#4844=EDGE_CURVE('',#339,#337,#4847,.F.);
#4845=EDGE_CURVE('',#337,#335,#4848,.T.);
#4846=EDGE_CURVE('',#335,#339,#4849,.T.);
#4847=LINE('',#338,#4850);
#4848=LINE('',#336,#4851);
#4849=LINE('',#334,#4852);
#4850=VECTOR('',#4853,1.0);
#4851=VECTOR('',#4854,1.0);
#4852=VECTOR('',#4855,1.0);
#4853=DIRECTION('',(0.9930241298360307,1.584243230796742E-08,-0.11791131227916071));
#4854=DIRECTION('',(-0.9886040142870447,-2.022629201594714E-08,0.1505393733730162));
#4855=DIRECTION('',(0.9031979851056237,5.766998351322553E-08,-0.42922418349987945));
#4856=FACE_SURFACE('',(#4861),#4857,.T.);
#4857=PLANE('',#4858);
#4858=AXIS2_PLACEMENT_3D('',#340,#4859,#4860);
#4859=DIRECTION('',(-2.7302994553669855E-15,-0.9999999999999909,-1.3435890681729325E-07));
#4860=DIRECTION('',(0.9979377311943207,8.624420735181909E-09,-0.06418944351473861));
#4861=FACE_BOUND('',#4862,.T.);
#4862=EDGE_LOOP('',(#4863,#4864,#4865));
#4863=ORIENTED_EDGE('',*,*,#4866,.T.);
#4864=ORIENTED_EDGE('',*,*,#4867,.T.);
#4865=ORIENTED_EDGE('',*,*,#4868,.T.);
#4866=EDGE_CURVE('',#341,#337,#4869,.F.);
#4867=EDGE_CURVE('',#337,#339,#4870,.T.);
#4868=EDGE_CURVE('',#339,#341,#4871,.T.);
#4869=LINE('',#340,#4872);
#4870=LINE('',#336,#4873);
#4871=LINE('',#338,#4874);
#4872=VECTOR('',#4875,1.0);
#4873=VECTOR('',#4876,1.0);
#4874=VECTOR('',#4877,1.0);
#4875=DIRECTION('',(0.9979377311943207,8.624420735181909E-09,-0.06418944351473861));
#4876=DIRECTION('',(-0.9930241298360307,-1.584243230796742E-08,0.11791131227916071));
#4877=DIRECTION('',(0.8265250085674127,7.563062641617098E-08,-0.5629000001888724));
#4878=FACE_SURFACE('',(#4883),#4879,.T.);
#4879=PLANE('',#4880);
#4880=AXIS2_PLACEMENT_3D('',#342,#4881,#4882);
#4881=DIRECTION('',(9.293338319668596E-16,-0.9999999999999909,-1.343588499218609E-07));
#4882=DIRECTION('',(0.9999186229387231,-1.7140488920866815E-09,0.012757252851908985));
#4883=FACE_BOUND('',#4884,.T.);
#4884=EDGE_LOOP('',(#4885,#4886,#4887));
#4885=ORIENTED_EDGE('',*,*,#4888,.T.);
#4886=ORIENTED_EDGE('',*,*,#4889,.T.);
#4887=ORIENTED_EDGE('',*,*,#4890,.T.);
#4888=EDGE_CURVE('',#343,#337,#4891,.F.);
#4889=EDGE_CURVE('',#337,#341,#4892,.T.);
#4890=EDGE_CURVE('',#341,#343,#4893,.T.);
#4891=LINE('',#342,#4894);
#4892=LINE('',#336,#4895);
#4893=LINE('',#340,#4896);
#4894=VECTOR('',#4897,1.0);
#4895=VECTOR('',#4898,1.0);
#4896=VECTOR('',#4899,1.0);
#4897=DIRECTION('',(0.9999186229387231,-1.7140488920866815E-09,0.012757252851908985));
#4898=DIRECTION('',(-0.9979377311943207,-8.624420735181909E-09,0.06418944351473861));
#4899=DIRECTION('',(0.7275667868986792,9.217512392764147E-08,-0.6860368580491311));
#4900=FACE_SURFACE('',(#4905),#4901,.T.);
#4901=PLANE('',#4902);
#4902=AXIS2_PLACEMENT_3D('',#342,#4903,#4904);
#4903=DIRECTION('',(9.89850792614688E-16,-0.999999999999991,-1.3435885466520472E-07));
#4904=DIRECTION('',(0.9824982448091581,2.502727225685654E-08,-0.18627184152985365));
#4905=FACE_BOUND('',#4906,.T.);
#4906=EDGE_LOOP('',(#4907,#4908,#4909));
#4907=ORIENTED_EDGE('',*,*,#4910,.T.);
#4908=ORIENTED_EDGE('',*,*,#4911,.T.);
#4909=ORIENTED_EDGE('',*,*,#4912,.T.);
#4910=EDGE_CURVE('',#343,#345,#4913,.F.);
#4911=EDGE_CURVE('',#345,#337,#4914,.T.);
#4912=EDGE_CURVE('',#337,#343,#4915,.T.);
#4913=LINE('',#342,#4916);
#4914=LINE('',#344,#4917);
#4915=LINE('',#336,#4918);
#4916=VECTOR('',#4919,1.0);
#4917=VECTOR('',#4920,1.0);
#4918=VECTOR('',#4921,1.0);
#4919=DIRECTION('',(0.9824982448091581,2.502727225685654E-08,-0.18627184152985365));
#4920=DIRECTION('',(-0.2864595810068624,-1.2872818810047413E-07,0.9580923277270078));
#4921=DIRECTION('',(-0.9999186229387231,1.7140488920866815E-09,-0.012757252851908985));
#4922=FACE_SURFACE('',(#4927),#4923,.T.);
#4923=PLANE('',#4924);
#4924=AXIS2_PLACEMENT_3D('',#346,#4925,#4926);
#4925=DIRECTION('',(1.3221913555729235E-14,-0.9999999999999909,-1.343587901467026E-07));
#4926=DIRECTION('',(0.9939425919786734,1.4766113773160652E-08,-0.10990051797292008));
#4927=FACE_BOUND('',#4928,.T.);
#4928=EDGE_LOOP('',(#4929,#4930,#4931));
#4929=ORIENTED_EDGE('',*,*,#4932,.T.);
#4930=ORIENTED_EDGE('',*,*,#4933,.T.);
#4931=ORIENTED_EDGE('',*,*,#4934,.T.);
#4932=EDGE_CURVE('',#347,#345,#4935,.F.);
#4933=EDGE_CURVE('',#345,#343,#4936,.T.);
#4934=EDGE_CURVE('',#343,#347,#4937,.T.);
#4935=LINE('',#346,#4938);
#4936=LINE('',#344,#4939);
#4937=LINE('',#342,#4940);
#4938=VECTOR('',#4941,1.0);
#4939=VECTOR('',#4942,1.0);
#4940=VECTOR('',#4943,1.0);
#4941=DIRECTION('',(0.9939425919786734,1.4766113773160652E-08,-0.10990051797292008));
#4942=DIRECTION('',(-0.9824982448091581,-2.502727225685654E-08,0.18627184152985365));
#4943=DIRECTION('',(0.6125673855370146,1.0619966387839876E-07,-0.7904183690782592));
#4944=FACE_SURFACE('',(#4949),#4945,.T.);
#4945=PLANE('',#4946);
#4946=AXIS2_PLACEMENT_3D('',#348,#4947,#4948);
#4947=DIRECTION('',(-2.4318624184845382E-15,-0.999999999999991,-1.3435893171978118E-07));
#4948=DIRECTION('',(0.9999389407830903,1.4847379669231202E-09,-0.011050552275405185));
#4949=FACE_BOUND('',#4950,.T.);
#4950=EDGE_LOOP('',(#4951,#4952,#4953));
#4951=ORIENTED_EDGE('',*,*,#4954,.T.);
#4952=ORIENTED_EDGE('',*,*,#4955,.T.);
#4953=ORIENTED_EDGE('',*,*,#4956,.T.);
#4954=EDGE_CURVE('',#349,#345,#4957,.F.);
#4955=EDGE_CURVE('',#345,#347,#4958,.T.);
#4956=EDGE_CURVE('',#347,#349,#4959,.T.);
#4957=LINE('',#348,#4960);
#4958=LINE('',#344,#4961);
#4959=LINE('',#346,#4962);
#4960=VECTOR('',#4963,1.0);
#4961=VECTOR('',#4964,1.0);
#4962=VECTOR('',#4965,1.0);
#4963=DIRECTION('',(0.9999389407830903,1.4847379669231202E-09,-0.011050552275405185));
#4964=DIRECTION('',(-0.9939425919786734,-1.4766113773160652E-08,0.10990051797292008));
#4965=DIRECTION('',(0.4900604968513954,1.1711912431798299E-07,-0.8716884245105874));
#4966=FACE_SURFACE('',(#4971),#4967,.T.);
#4967=PLANE('',#4968);
#4968=AXIS2_PLACEMENT_3D('',#350,#4969,#4970);
#4969=DIRECTION('',(-1.730305626298025E-15,-0.9999999999999909,-1.3435886823752817E-07));
#4970=DIRECTION('',(0.9944482808661916,-1.413811541191457E-08,0.10522650180575151));
#4971=FACE_BOUND('',#4972,.T.);
#4972=EDGE_LOOP('',(#4973,#4974,#4975));
#4973=ORIENTED_EDGE('',*,*,#4976,.T.);
#4974=ORIENTED_EDGE('',*,*,#4977,.T.);
#4975=ORIENTED_EDGE('',*,*,#4978,.T.);
#4976=EDGE_CURVE('',#351,#345,#4979,.F.);
#4977=EDGE_CURVE('',#345,#349,#4980,.T.);
#4978=EDGE_CURVE('',#349,#351,#4981,.T.);
#4979=LINE('',#350,#4982);
#4980=LINE('',#344,#4983);
#4981=LINE('',#348,#4984);
#4982=VECTOR('',#4985,1.0);
#4983=VECTOR('',#4986,1.0);
#4984=VECTOR('',#4987,1.0);
#4985=DIRECTION('',(0.9944482808661916,-1.413811541191457E-08,0.10522650180575151));
#4986=DIRECTION('',(-0.9999389407830903,-1.4847379669231202E-09,0.011050552275405185));
#4987=DIRECTION('',(0.36802689690306545,1.2492890986382117E-07,-0.9298151446152536));
#4988=FACE_SURFACE('',(#4993),#4989,.T.);
#4989=PLANE('',#4990);
#4990=AXIS2_PLACEMENT_3D('',#350,#4991,#4992);
#4991=DIRECTION('',(-4.1554290454695126E-15,-0.999999999999991,-1.3435884531877885E-07));
#4992=DIRECTION('',(0.9902460641924361,1.872015760814742E-08,-0.1393295817527248));
#4993=FACE_BOUND('',#4994,.T.);
#4994=EDGE_LOOP('',(#4995,#4996,#4997));
#4995=ORIENTED_EDGE('',*,*,#4998,.T.);
#4996=ORIENTED_EDGE('',*,*,#4999,.T.);
#4997=ORIENTED_EDGE('',*,*,#5000,.T.);
#4998=EDGE_CURVE('',#351,#353,#5001,.F.);
#4999=EDGE_CURVE('',#353,#345,#5002,.T.);
#5000=EDGE_CURVE('',#345,#351,#5003,.T.);
#5001=LINE('',#350,#5004);
#5002=LINE('',#352,#5005);
#5003=LINE('',#344,#5006);
#5004=VECTOR('',#5007,1.0);
#5005=VECTOR('',#5008,1.0);
#5006=VECTOR('',#5009,1.0);
#5007=DIRECTION('',(0.9902460641924361,1.872015760814742E-08,-0.1393295817527248));
#5008=DIRECTION('',(-0.16654171321139755,-1.324824440839849E-07,0.9860344100286739));
#5009=DIRECTION('',(-0.9944482808661916,1.413811541191457E-08,-0.10522650180575151));
#5010=FACE_SURFACE('',(#5015),#5011,.T.);
#5011=PLANE('',#5012);
#5012=AXIS2_PLACEMENT_3D('',#354,#5013,#5014);
#5013=DIRECTION('',(2.4704587920156182E-15,-0.999999999999991,-1.3435879822713279E-07));
#5014=DIRECTION('',(0.9996946792305336,3.319911091918024E-09,-0.02470927595378754));
#5015=FACE_BOUND('',#5016,.T.);
#5016=EDGE_LOOP('',(#5017,#5018,#5019));
#5017=ORIENTED_EDGE('',*,*,#5020,.T.);
#5018=ORIENTED_EDGE('',*,*,#5021,.T.);
#5019=ORIENTED_EDGE('',*,*,#5022,.T.);
#5020=EDGE_CURVE('',#355,#353,#5023,.F.);
#5021=EDGE_CURVE('',#353,#351,#5024,.T.);
#5022=EDGE_CURVE('',#351,#355,#5025,.T.);
#5023=LINE('',#354,#5026);
#5024=LINE('',#352,#5027);
#5025=LINE('',#350,#5028);
#5026=VECTOR('',#5029,1.0);
#5027=VECTOR('',#5030,1.0);
#5028=VECTOR('',#5031,1.0);
#5029=DIRECTION('',(0.9996946792305336,3.319911091918024E-09,-0.02470927595378754));
#5030=DIRECTION('',(-0.9902460641924361,-1.872015760814742E-08,0.1393295817527248));
#5031=DIRECTION('',(0.25198939682160476,1.3002303980536648E-07,-0.9677299953445004));
#5032=FACE_SURFACE('',(#5037),#5033,.T.);
#5033=PLANE('',#5034);
#5034=AXIS2_PLACEMENT_3D('',#356,#5035,#5036);
#5035=DIRECTION('',(2.5717596420734374E-16,-0.999999999999991,-1.3435888777273784E-07));
#5036=DIRECTION('',(0.9950584280488446,-1.3340643014456289E-08,0.09929111122835724));
#5037=FACE_BOUND('',#5038,.T.);
#5038=EDGE_LOOP('',(#5039,#5040,#5041));
#5039=ORIENTED_EDGE('',*,*,#5042,.T.);
#5040=ORIENTED_EDGE('',*,*,#5043,.T.);
#5041=ORIENTED_EDGE('',*,*,#5044,.T.);
#5042=EDGE_CURVE('',#357,#353,#5045,.F.);
#5043=EDGE_CURVE('',#353,#355,#5046,.T.);
#5044=EDGE_CURVE('',#355,#357,#5047,.T.);
#5045=LINE('',#356,#5048);
#5046=LINE('',#352,#5049);
#5047=LINE('',#354,#5050);
#5048=VECTOR('',#5051,1.0);
#5049=VECTOR('',#5052,1.0);
#5050=VECTOR('',#5053,1.0);
#5051=DIRECTION('',(0.9950584280488446,-1.3340643014456289E-08,0.09929111122835724));
#5052=DIRECTION('',(-0.9996946792305336,-3.319911091918024E-09,0.02470927595378754));
#5053=DIRECTION('',(0.14462967171706959,1.3294621903711233E-07,-0.9894858554112813));
#5054=FACE_SURFACE('',(#5059),#5055,.T.);
#5055=PLANE('',#5056);
#5056=AXIS2_PLACEMENT_3D('',#356,#5057,#5058);
#5057=DIRECTION('',(-1.3063380311342942E-15,-0.999999999999991,-1.343588721037846E-07));
#5058=DIRECTION('',(0.9869871848940212,2.1604761984466234E-08,-0.16079893300322204));
#5059=FACE_BOUND('',#5060,.T.);
#5060=EDGE_LOOP('',(#5061,#5062,#5063));
#5061=ORIENTED_EDGE('',*,*,#5064,.T.);
#5062=ORIENTED_EDGE('',*,*,#5065,.T.);
#5063=ORIENTED_EDGE('',*,*,#5066,.T.);
#5064=EDGE_CURVE('',#357,#359,#5067,.F.);
#5065=EDGE_CURVE('',#359,#353,#5068,.T.);
#5066=EDGE_CURVE('',#353,#357,#5069,.T.);
#5067=LINE('',#356,#5070);
#5068=LINE('',#358,#5071);
#5069=LINE('',#352,#5072);
#5070=VECTOR('',#5073,1.0);
#5071=VECTOR('',#5074,1.0);
#5072=VECTOR('',#5075,1.0);
#5073=DIRECTION('',(0.9869871848940212,2.1604761984466234E-08,-0.16079893300322204));
#5074=DIRECTION('',(-0.053576876481514206,-1.3416589610944145E-07,0.9985637277141938));
#5075=DIRECTION('',(-0.9950584280488446,1.3340643014456289E-08,-0.09929111122835724));
#5076=FACE_SURFACE('',(#5081),#5077,.T.);
#5077=PLANE('',#5078);
#5078=AXIS2_PLACEMENT_3D('',#360,#5079,#5080);
#5079=DIRECTION('',(9.784680865784482E-15,-0.9999999999999909,-1.3435880402688064E-07));
#5080=DIRECTION('',(0.9992166926147291,5.316954860052152E-09,-0.03957273303781352));
#5081=FACE_BOUND('',#5082,.T.);
#5082=EDGE_LOOP('',(#5083,#5084,#5085));
#5083=ORIENTED_EDGE('',*,*,#5086,.T.);
#5084=ORIENTED_EDGE('',*,*,#5087,.T.);
#5085=ORIENTED_EDGE('',*,*,#5088,.T.);
#5086=EDGE_CURVE('',#361,#359,#5089,.F.);
#5087=EDGE_CURVE('',#359,#357,#5090,.T.);
#5088=EDGE_CURVE('',#357,#361,#5091,.T.);
#5089=LINE('',#360,#5092);
#5090=LINE('',#358,#5093);
#5091=LINE('',#356,#5094);
#5092=VECTOR('',#5095,1.0);
#5093=VECTOR('',#5096,1.0);
#5094=VECTOR('',#5097,1.0);
#5095=DIRECTION('',(0.9992166926147291,5.316954860052152E-09,-0.03957273303781352));
#5096=DIRECTION('',(-0.9869871848940212,-2.1604761984466234E-08,0.16079893300322204));
#5097=DIRECTION('',(0.04638430252115681,1.3421418993424765E-07,-0.9989236689955885));
#5098=FACE_SURFACE('',(#5103),#5099,.T.);
#5099=PLANE('',#5100);
#5100=AXIS2_PLACEMENT_3D('',#362,#5101,#5102);
#5101=DIRECTION('',(5.64216105671756E-15,-0.999999999999991,-1.343589086260484E-07));
#5102=DIRECTION('',(0.9926983528440887,-1.620680920698685E-08,0.12062329899581103));
#5103=FACE_BOUND('',#5104,.T.);
#5104=EDGE_LOOP('',(#5105,#5106,#5107));
#5105=ORIENTED_EDGE('',*,*,#5108,.T.);
#5106=ORIENTED_EDGE('',*,*,#5109,.T.);
#5107=ORIENTED_EDGE('',*,*,#5110,.T.);
#5108=EDGE_CURVE('',#363,#359,#5111,.F.);
#5109=EDGE_CURVE('',#359,#361,#5112,.T.);
#5110=EDGE_CURVE('',#361,#363,#5113,.T.);
#5111=LINE('',#362,#5114);
#5112=LINE('',#358,#5115);
#5113=LINE('',#360,#5116);
#5114=VECTOR('',#5117,1.0);
#5115=VECTOR('',#5118,1.0);
#5116=VECTOR('',#5119,1.0);
#5117=DIRECTION('',(0.9926983528440887,-1.620680920698685E-08,0.12062329899581103));
#5118=DIRECTION('',(-0.9992166926147291,-5.316954860052152E-09,0.03957273303781352));
#5119=DIRECTION('',(-0.05889748172620671,1.3412566613764902E-07,-0.9982640365385769));
#5120=FACE_SURFACE('',(#5125),#5121,.T.);
#5121=PLANE('',#5122);
#5122=AXIS2_PLACEMENT_3D('',#362,#5123,#5124);
#5123=DIRECTION('',(-5.892643091159653E-15,-0.9999999999999909,-1.343588136976127E-07));
#5124=DIRECTION('',(0.9906357122751493,1.8344221792248507E-08,-0.13653162844230268));
#5125=FACE_BOUND('',#5126,.T.);
#5126=EDGE_LOOP('',(#5127,#5128,#5129));
#5127=ORIENTED_EDGE('',*,*,#5130,.T.);
#5128=ORIENTED_EDGE('',*,*,#5131,.T.);
#5129=ORIENTED_EDGE('',*,*,#5132,.T.);
#5130=EDGE_CURVE('',#363,#365,#5133,.F.);
#5131=EDGE_CURVE('',#365,#359,#5134,.T.);
#5132=EDGE_CURVE('',#359,#363,#5135,.T.);
#5133=LINE('',#362,#5136);
#5134=LINE('',#364,#5137);
#5135=LINE('',#358,#5138);
#5136=VECTOR('',#5139,1.0);
#5137=VECTOR('',#5140,1.0);
#5138=VECTOR('',#5141,1.0);
#5139=DIRECTION('',(0.9906357122751493,1.8344221792248507E-08,-0.13653162844230268));
#5140=DIRECTION('',(0.05738901429472769,-1.341373762524322E-07,0.9983518923897834));
#5141=DIRECTION('',(-0.9926983528440887,1.620680920698685E-08,-0.12062329899581103));
#5142=FACE_SURFACE('',(#5147),#5143,.T.);
#5143=PLANE('',#5144);
#5144=AXIS2_PLACEMENT_3D('',#366,#5145,#5146);
#5145=DIRECTION('',(-4.699953957260126E-15,-0.999999999999991,-1.343588050437904E-07));
#5146=DIRECTION('',(0.999920654169871,-1.6925276623476224E-09,0.012597037925537832));
#5147=FACE_BOUND('',#5148,.T.);
#5148=EDGE_LOOP('',(#5149,#5150,#5151));
#5149=ORIENTED_EDGE('',*,*,#5152,.T.);
#5150=ORIENTED_EDGE('',*,*,#5153,.T.);
#5151=ORIENTED_EDGE('',*,*,#5154,.T.);
#5152=EDGE_CURVE('',#367,#365,#5155,.F.);
#5153=EDGE_CURVE('',#365,#363,#5156,.T.);
#5154=EDGE_CURVE('',#363,#367,#5157,.T.);
#5155=LINE('',#366,#5158);
#5156=LINE('',#364,#5159);
#5157=LINE('',#362,#5160);
#5158=VECTOR('',#5161,1.0);
#5159=VECTOR('',#5162,1.0);
#5160=VECTOR('',#5163,1.0);
#5161=DIRECTION('',(0.999920654169871,-1.6925276623476224E-09,0.012597037925537832));
#5162=DIRECTION('',(-0.9906357122751493,-1.8344221792248507E-08,0.13653162844230268));
#5163=DIRECTION('',(-0.1850634669534543,1.320379686238603E-07,-0.9827265709235455));
#5164=FACE_SURFACE('',(#5169),#5165,.T.);
#5165=PLANE('',#5166);
#5166=AXIS2_PLACEMENT_3D('',#366,#5167,#5168);
#5167=DIRECTION('',(-3.950737116140155E-15,-0.9999999999999909,-1.3435886451470714E-07));
#5168=DIRECTION('',(0.9722468693068874,3.1434235313032554E-08,-0.23395731474556494));
#5169=FACE_BOUND('',#5170,.T.);
#5170=EDGE_LOOP('',(#5171,#5172,#5173));
#5171=ORIENTED_EDGE('',*,*,#5174,.T.);
#5172=ORIENTED_EDGE('',*,*,#5175,.T.);
#5173=ORIENTED_EDGE('',*,*,#5176,.T.);
#5174=EDGE_CURVE('',#367,#369,#5177,.F.);
#5175=EDGE_CURVE('',#369,#365,#5178,.T.);
#5176=EDGE_CURVE('',#365,#367,#5179,.T.);
#5177=LINE('',#366,#5180);
#5178=LINE('',#368,#5181);
#5179=LINE('',#364,#5182);
#5180=VECTOR('',#5183,1.0);
#5181=VECTOR('',#5184,1.0);
#5182=VECTOR('',#5185,1.0);
#5183=DIRECTION('',(0.9722468693068874,3.1434235313032554E-08,-0.23395731474556494));
#5184=DIRECTION('',(0.178861212083969,-1.3219223643343428E-07,0.983874314540143));
#5185=DIRECTION('',(-0.999920654169871,1.6925276623476224E-09,-0.012597037925537832));
#5186=FACE_SURFACE('',(#5191),#5187,.T.);
#5187=PLANE('',#5188);
#5188=AXIS2_PLACEMENT_3D('',#370,#5189,#5190);
#5189=DIRECTION('',(-1.318450797771192E-14,-0.9999999999999909,-1.3435890288711207E-07));
#5190=DIRECTION('',(0.9954543244102864,1.2796350238698422E-08,-0.09524015966418876));
#5191=FACE_BOUND('',#5192,.T.);
#5192=EDGE_LOOP('',(#5193,#5194,#5195));
#5193=ORIENTED_EDGE('',*,*,#5196,.T.);
#5194=ORIENTED_EDGE('',*,*,#5197,.T.);
#5195=ORIENTED_EDGE('',*,*,#5198,.T.);
#5196=EDGE_CURVE('',#371,#369,#5199,.F.);
#5197=EDGE_CURVE('',#369,#367,#5200,.T.);
#5198=EDGE_CURVE('',#367,#371,#5201,.T.);
#5199=LINE('',#370,#5202);
#5200=LINE('',#368,#5203);
#5201=LINE('',#366,#5204);
#5202=VECTOR('',#5205,1.0);
#5203=VECTOR('',#5206,1.0);
#5204=VECTOR('',#5207,1.0);
#5205=DIRECTION('',(0.9954543244102864,1.2796350238698422E-08,-0.09524015966418876));
#5206=DIRECTION('',(-0.9722468693068874,-3.1434235313032554E-08,0.23395731474556494));
#5207=DIRECTION('',(-0.3188010655094428,1.2734828125974982E-07,-0.9478216502222492));
#5208=FACE_SURFACE('',(#5213),#5209,.T.);
#5209=PLANE('',#5210);
#5210=AXIS2_PLACEMENT_3D('',#372,#5211,#5212);
#5211=DIRECTION('',(-9.351415597481101E-15,-0.999999999999991,-1.343588628234625E-07));
#5212=DIRECTION('',(0.9997063613948792,-3.2557965357640802E-09,0.024232023989159926));
#5213=FACE_BOUND('',#5214,.T.);
#5214=EDGE_LOOP('',(#5215,#5216,#5217));
#5215=ORIENTED_EDGE('',*,*,#5218,.T.);
#5216=ORIENTED_EDGE('',*,*,#5219,.T.);
#5217=ORIENTED_EDGE('',*,*,#5220,.T.);
#5218=EDGE_CURVE('',#373,#369,#5221,.F.);
#5219=EDGE_CURVE('',#369,#371,#5222,.T.);
#5220=EDGE_CURVE('',#371,#373,#5223,.T.);
#5221=LINE('',#372,#5224);
#5222=LINE('',#368,#5225);
#5223=LINE('',#370,#5226);
#5224=VECTOR('',#5227,1.0);
#5225=VECTOR('',#5228,1.0);
#5226=VECTOR('',#5229,1.0);
#5227=DIRECTION('',(0.9997063613948792,-3.2557965357640802E-09,0.024232023989159926));
#5228=DIRECTION('',(-0.9954543244102864,-1.2796350238698422E-08,0.09524015966418876));
#5229=DIRECTION('',(-0.45435969313645674,1.196893399526833E-07,-0.8908183143901625));
#5230=FACE_SURFACE('',(#5235),#5231,.T.);
#5231=PLANE('',#5232);
#5232=AXIS2_PLACEMENT_3D('',#372,#5233,#5234);
#5233=DIRECTION('',(-8.854914783716994E-15,-0.9999999999999911,-1.3435888330689477E-07));
#5234=DIRECTION('',(0.97948280701115,2.707703368855606E-08,-0.20152774193534193));
#5235=FACE_BOUND('',#5236,.T.);
#5236=EDGE_LOOP('',(#5237,#5238,#5239));
#5237=ORIENTED_EDGE('',*,*,#5240,.T.);
#5238=ORIENTED_EDGE('',*,*,#5241,.T.);
#5239=ORIENTED_EDGE('',*,*,#5242,.T.);
#5240=EDGE_CURVE('',#373,#375,#5243,.F.);
#5241=EDGE_CURVE('',#375,#369,#5244,.T.);
#5242=EDGE_CURVE('',#369,#373,#5245,.T.);
#5243=LINE('',#372,#5246);
#5244=LINE('',#374,#5247);
#5245=LINE('',#368,#5248);
#5246=VECTOR('',#5249,1.0);
#5247=VECTOR('',#5250,1.0);
#5248=VECTOR('',#5251,1.0);
#5249=DIRECTION('',(0.97948280701115,2.707703368855606E-08,-0.20152774193534193));
#5250=DIRECTION('',(0.30751606251464497,-1.2784824282693092E-07,0.9515428898875092));
#5251=DIRECTION('',(-0.9997063613948792,3.2557965357640802E-09,-0.024232023989159926));
#5252=FACE_SURFACE('',(#5257),#5253,.T.);
#5253=PLANE('',#5254);
#5254=AXIS2_PLACEMENT_3D('',#376,#5255,#5256);
#5255=DIRECTION('',(1.9835114223608556E-14,-0.9999999999999909,-1.3435874386509938E-07));
#5256=DIRECTION('',(0.9960625164777784,1.1911407967618977E-08,-0.08865361395879458));
#5257=FACE_BOUND('',#5258,.T.);
#5258=EDGE_LOOP('',(#5259,#5260,#5261));
#5259=ORIENTED_EDGE('',*,*,#5262,.T.);
#5260=ORIENTED_EDGE('',*,*,#5263,.T.);
#5261=ORIENTED_EDGE('',*,*,#5264,.T.);
#5262=EDGE_CURVE('',#377,#375,#5265,.F.);
#5263=EDGE_CURVE('',#375,#373,#5266,.T.);
#5264=EDGE_CURVE('',#373,#377,#5267,.T.);
#5265=LINE('',#376,#5268);
#5266=LINE('',#374,#5269);
#5267=LINE('',#372,#5270);
#5268=VECTOR('',#5271,1.0);
#5269=VECTOR('',#5272,1.0);
#5270=VECTOR('',#5273,1.0);
#5271=DIRECTION('',(0.9960625164777784,1.1911407967618977E-08,-0.08865361395879458));
#5272=DIRECTION('',(-0.97948280701115,-2.707703368855606E-08,0.20152774193534193));
#5273=DIRECTION('',(-0.584321530492469,1.090350974422864E-07,-0.8115222418411753));
#5274=FACE_SURFACE('',(#5279),#5275,.T.);
#5275=PLANE('',#5276);
#5276=AXIS2_PLACEMENT_3D('',#378,#5277,#5278);
#5277=DIRECTION('',(8.178543589797914E-15,-0.999999999999991,-1.3435887483181988E-07));
#5278=DIRECTION('',(0.9999999915108592,-1.7498881567091157E-11,0.00013030073474882374));
#5279=FACE_BOUND('',#5280,.T.);
#5280=EDGE_LOOP('',(#5281,#5282,#5283));
#5281=ORIENTED_EDGE('',*,*,#5284,.T.);
#5282=ORIENTED_EDGE('',*,*,#5285,.T.);
#5283=ORIENTED_EDGE('',*,*,#5286,.T.);
#5284=EDGE_CURVE('',#379,#375,#5287,.F.);
#5285=EDGE_CURVE('',#375,#377,#5288,.T.);
#5286=EDGE_CURVE('',#377,#379,#5289,.T.);
#5287=LINE('',#378,#5290);
#5288=LINE('',#374,#5291);
#5289=LINE('',#376,#5292);
#5290=VECTOR('',#5293,1.0);
#5291=VECTOR('',#5294,1.0);
#5292=VECTOR('',#5295,1.0);
#5293=DIRECTION('',(0.9999999915108592,-1.7498881567091157E-11,0.00013030073474882374));
#5294=DIRECTION('',(-0.9960625164777784,-1.1911407967618977E-08,0.08865361395879458));
#5295=DIRECTION('',(-0.7011830364876043,9.579536094094364E-08,-0.7129813106540829));
#5296=FACE_SURFACE('',(#5301),#5297,.T.);
#5297=PLANE('',#5298);
#5298=AXIS2_PLACEMENT_3D('',#378,#5299,#5300);
#5299=DIRECTION('',(8.175942420882468E-15,-0.9999999999999909,-1.343588548690092E-07));
#5300=DIRECTION('',(0.9801415386287208,2.6643258578886472E-08,-0.1982991786531733));
#5301=FACE_BOUND('',#5302,.T.);
#5302=EDGE_LOOP('',(#5303,#5304,#5305));
#5303=ORIENTED_EDGE('',*,*,#5306,.T.);
#5304=ORIENTED_EDGE('',*,*,#5307,.T.);
#5305=ORIENTED_EDGE('',*,*,#5308,.T.);
#5306=EDGE_CURVE('',#379,#381,#5309,.F.);
#5307=EDGE_CURVE('',#381,#375,#5310,.T.);
#5308=EDGE_CURVE('',#375,#379,#5311,.T.);
#5309=LINE('',#378,#5312);
#5310=LINE('',#380,#5313);
#5311=LINE('',#374,#5314);
#5312=VECTOR('',#5315,1.0);
#5313=VECTOR('',#5316,1.0);
#5314=VECTOR('',#5317,1.0);
#5315=DIRECTION('',(0.9801415386287208,2.6643258578886472E-08,-0.1982991786531733));
#5316=DIRECTION('',(0.4392215595953773,-1.20705139723176E-07,0.8983787740071499));
#5317=DIRECTION('',(-0.9999999915108592,1.7498881567091157E-11,-0.00013030073474882374));
#5318=FACE_SURFACE('',(#5323),#5319,.T.);
#5319=PLANE('',#5320);
#5320=AXIS2_PLACEMENT_3D('',#382,#5321,#5322);
#5321=DIRECTION('',(1.3982671107589665E-14,-0.9999999999999909,-1.3435882616785157E-07));
#5322=DIRECTION('',(0.993611157624578,1.5163446152963835E-08,-0.11285773098882483));
#5323=FACE_BOUND('',#5324,.T.);
#5324=EDGE_LOOP('',(#5325,#5326,#5327));
#5325=ORIENTED_EDGE('',*,*,#5328,.T.);
#5326=ORIENTED_EDGE('',*,*,#5329,.T.);
#5327=ORIENTED_EDGE('',*,*,#5330,.T.);
#5328=EDGE_CURVE('',#383,#381,#5331,.F.);
#5329=EDGE_CURVE('',#381,#379,#5332,.T.);
#5330=EDGE_CURVE('',#379,#383,#5333,.T.);
#5331=LINE('',#382,#5334);
#5332=LINE('',#380,#5335);
#5333=LINE('',#378,#5336);
#5334=VECTOR('',#5337,1.0);
#5335=VECTOR('',#5338,1.0);
#5336=VECTOR('',#5339,1.0);
#5337=DIRECTION('',(0.993611157624578,1.5163446152963835E-08,-0.11285773098882483));
#5338=DIRECTION('',(-0.9801415386287208,-2.6643258578886472E-08,0.1982991786531733));
#5339=DIRECTION('',(-0.7992601097512438,8.074766225624259E-08,-0.6009852551938552));
#5340=FACE_SURFACE('',(#5345),#5341,.T.);
#5341=PLANE('',#5342);
#5342=AXIS2_PLACEMENT_3D('',#384,#5343,#5344);
#5343=DIRECTION('',(7.105552719634481E-15,-0.9999999999999909,-1.3435888671471444E-07));
#5344=DIRECTION('',(0.9987307313697112,6.767383223490654E-09,-0.05036790860976666));
#5345=FACE_BOUND('',#5346,.T.);
#5346=EDGE_LOOP('',(#5347,#5348,#5349));
#5347=ORIENTED_EDGE('',*,*,#5350,.T.);
#5348=ORIENTED_EDGE('',*,*,#5351,.T.);
#5349=ORIENTED_EDGE('',*,*,#5352,.T.);
#5350=EDGE_CURVE('',#385,#381,#5353,.F.);
#5351=EDGE_CURVE('',#381,#383,#5354,.T.);
#5352=EDGE_CURVE('',#383,#385,#5355,.T.);
#5353=LINE('',#384,#5356);
#5354=LINE('',#380,#5357);
#5355=LINE('',#382,#5358);
#5356=VECTOR('',#5359,1.0);
#5357=VECTOR('',#5360,1.0);
#5358=VECTOR('',#5361,1.0);
#5359=DIRECTION('',(0.9987307313697112,6.767383223490654E-09,-0.05036790860976666));
#5360=DIRECTION('',(-0.993611157624578,-1.5163446152963835E-08,0.11285773098882483));
#5361=DIRECTION('',(-0.8758946738861773,6.482847270791691E-08,-0.4825023525930447));
#5362=FACE_SURFACE('',(#5367),#5363,.T.);
#5363=PLANE('',#5364);
#5364=AXIS2_PLACEMENT_3D('',#386,#5365,#5366);
#5365=DIRECTION('',(1.0448920134424441E-14,-0.9999999999999909,-1.343588204200464E-07));
#5366=DIRECTION('',(0.9999649458694814,1.1249960756353768E-09,-0.008372994222221245));
#5367=FACE_BOUND('',#5368,.T.);
#5368=EDGE_LOOP('',(#5369,#5370,#5371));
#5369=ORIENTED_EDGE('',*,*,#5372,.T.);
#5370=ORIENTED_EDGE('',*,*,#5373,.T.);
#5371=ORIENTED_EDGE('',*,*,#5374,.T.);
#5372=EDGE_CURVE('',#387,#381,#5375,.F.);
#5373=EDGE_CURVE('',#381,#385,#5376,.T.);
#5374=EDGE_CURVE('',#385,#387,#5377,.T.);
#5375=LINE('',#386,#5378);
#5376=LINE('',#380,#5379);
#5377=LINE('',#384,#5380);
#5378=VECTOR('',#5381,1.0);
#5379=VECTOR('',#5382,1.0);
#5380=VECTOR('',#5383,1.0);
#5381=DIRECTION('',(0.9999649458694814,1.1249960756353768E-09,-0.008372994222221245));
#5382=DIRECTION('',(-0.9987307313697112,-6.767383223490654E-09,0.05036790860976666));
#5383=DIRECTION('',(-0.9314294023668486,4.889612946353674E-08,-0.36392206364348534));
#5384=FACE_SURFACE('',(#5389),#5385,.T.);
#5385=PLANE('',#5386);
#5386=AXIS2_PLACEMENT_3D('',#388,#5387,#5388);
#5387=DIRECTION('',(7.288795433706022E-15,-0.9999999999999909,-1.3435919782552892E-07));
#5388=DIRECTION('',(0.9998592718397006,-2.2540119862120018E-09,0.016776069747815963));
#5389=FACE_BOUND('',#5390,.T.);
#5390=EDGE_LOOP('',(#5391,#5392,#5393));
#5391=ORIENTED_EDGE('',*,*,#5394,.T.);
#5392=ORIENTED_EDGE('',*,*,#5395,.T.);
#5393=ORIENTED_EDGE('',*,*,#5396,.T.);
#5394=EDGE_CURVE('',#389,#381,#5397,.F.);
#5395=EDGE_CURVE('',#381,#387,#5398,.T.);
#5396=EDGE_CURVE('',#387,#389,#5399,.T.);
#5397=LINE('',#388,#5400);
#5398=LINE('',#380,#5401);
#5399=LINE('',#386,#5402);
#5400=VECTOR('',#5403,1.0);
#5401=VECTOR('',#5404,1.0);
#5402=VECTOR('',#5405,1.0);
#5403=DIRECTION('',(0.9998592718397006,-2.2540119862120018E-09,0.016776069747815963));
#5404=DIRECTION('',(-0.9999649458694814,-1.1249960756353768E-09,0.008372994222221245));
#5405=DIRECTION('',(-0.9682561570222483,3.358442146810506E-08,-0.24996002558110386));
#5406=FACE_SURFACE('',(#5411),#5407,.T.);
#5407=PLANE('',#5408);
#5408=AXIS2_PLACEMENT_3D('',#388,#5409,#5410);
#5409=DIRECTION('',(1.0603643170164086E-16,-0.999999999999991,-1.3435876973073122E-07));
#5410=DIRECTION('',(0.993056532217532,1.5805711207728246E-08,-0.11763810530644335));
#5411=FACE_BOUND('',#5412,.T.);
#5412=EDGE_LOOP('',(#5413,#5414,#5415));
#5413=ORIENTED_EDGE('',*,*,#5416,.T.);
#5414=ORIENTED_EDGE('',*,*,#5417,.T.);
#5415=ORIENTED_EDGE('',*,*,#5418,.T.);
#5416=EDGE_CURVE('',#389,#391,#5419,.F.);
#5417=EDGE_CURVE('',#391,#381,#5420,.T.);
#5418=EDGE_CURVE('',#381,#389,#5421,.T.);
#5419=LINE('',#388,#5422);
#5420=LINE('',#390,#5423);
#5421=LINE('',#380,#5424);
#5422=VECTOR('',#5425,1.0);
#5423=VECTOR('',#5426,1.0);
#5424=VECTOR('',#5427,1.0);
#5425=DIRECTION('',(0.993056532217532,1.5805711207728246E-08,-0.11763810530644335));
#5426=DIRECTION('',(0.567874365026966,-1.1059275152247283E-07,0.8231152443887843));
#5427=DIRECTION('',(-0.9998592718397006,2.2540119862120018E-09,-0.016776069747815963));
#5428=FACE_SURFACE('',(#5433),#5429,.T.);
#5429=PLANE('',#5430);
#5430=AXIS2_PLACEMENT_3D('',#392,#5431,#5432);
#5431=DIRECTION('',(3.471222823084819E-16,-0.9999999999999909,-1.3435876769557532E-07));
#5432=DIRECTION('',(0.9957923882169201,1.2312366552420635E-08,-0.09163798104084772));
#5433=FACE_BOUND('',#5434,.T.);
#5434=EDGE_LOOP('',(#5435,#5436,#5437));
#5435=ORIENTED_EDGE('',*,*,#5438,.T.);
#5436=ORIENTED_EDGE('',*,*,#5439,.T.);
#5437=ORIENTED_EDGE('',*,*,#5440,.T.);
#5438=EDGE_CURVE('',#393,#391,#5441,.F.);
#5439=EDGE_CURVE('',#391,#389,#5442,.T.);
#5440=EDGE_CURVE('',#389,#393,#5443,.T.);
#5441=LINE('',#392,#5444);
#5442=LINE('',#390,#5445);
#5443=LINE('',#388,#5446);
#5444=VECTOR('',#5447,1.0);
#5445=VECTOR('',#5448,1.0);
#5446=VECTOR('',#5449,1.0);
#5447=DIRECTION('',(0.9957923882169201,1.2312366552420635E-08,-0.09163798104084772));
#5448=DIRECTION('',(-0.993056532217532,-1.5805711207728246E-08,0.11763810530644335));
#5449=DIRECTION('',(-0.9896614499502522,1.9270164153666404E-08,-0.14342320064189132));
#5450=FACE_SURFACE('',(#5455),#5451,.T.);
#5451=PLANE('',#5452);
#5452=AXIS2_PLACEMENT_3D('',#394,#5453,#5454);
#5453=DIRECTION('',(2.121661322084867E-14,-0.9999999999999909,-1.343585409153693E-07));
#5454=DIRECTION('',(0.9969189773873288,1.0538864373606902E-08,-0.07843820832350905));
#5455=FACE_BOUND('',#5456,.T.);
#5456=EDGE_LOOP('',(#5457,#5458,#5459));
#5457=ORIENTED_EDGE('',*,*,#5460,.T.);
#5458=ORIENTED_EDGE('',*,*,#5461,.T.);
#5459=ORIENTED_EDGE('',*,*,#5462,.T.);
#5460=EDGE_CURVE('',#395,#391,#5463,.F.);
#5461=EDGE_CURVE('',#391,#393,#5464,.T.);
#5462=EDGE_CURVE('',#393,#395,#5465,.T.);
#5463=LINE('',#394,#5466);
#5464=LINE('',#390,#5467);
#5465=LINE('',#392,#5468);
#5466=VECTOR('',#5469,1.0);
#5467=VECTOR('',#5470,1.0);
#5468=VECTOR('',#5471,1.0);
#5469=DIRECTION('',(0.9969189773873288,1.0538864373606902E-08,-0.07843820832350905));
#5470=DIRECTION('',(-0.9957923882169201,-1.2312366552420635E-08,0.09163798104084772));
#5471=DIRECTION('',(-0.9989625199361927,6.118655197365619E-09,-0.04553991395173788));
#5472=FACE_SURFACE('',(#5477),#5473,.T.);
#5473=PLANE('',#5474);
#5474=AXIS2_PLACEMENT_3D('',#302,#5475,#5476);
#5475=DIRECTION('',(2.199596212949415E-14,-0.999999999999991,-1.343588565154583E-07));
#5476=DIRECTION('',(0.3152625401158991,-1.2750715179001304E-07,0.9490044946150965));
#5477=FACE_BOUND('',#5478,.T.);
#5478=EDGE_LOOP('',(#5479,#5480,#5481));
#5479=ORIENTED_EDGE('',*,*,#5482,.T.);
#5480=ORIENTED_EDGE('',*,*,#5483,.T.);
#5481=ORIENTED_EDGE('',*,*,#5484,.T.);
#5482=EDGE_CURVE('',#303,#397,#5485,.F.);
#5483=EDGE_CURVE('',#397,#329,#5486,.T.);
#5484=EDGE_CURVE('',#329,#303,#5487,.T.);
#5485=LINE('',#302,#5488);
#5486=LINE('',#396,#5489);
#5487=LINE('',#328,#5490);
#5488=VECTOR('',#5491,1.0);
#5489=VECTOR('',#5492,1.0);
#5490=VECTOR('',#5493,1.0);
#5491=DIRECTION('',(0.3152625401158991,-1.2750715179001304E-07,0.9490044946150965));
#5492=DIRECTION('',(0,-1.3435885651545827E-07,0.9999999999999909));
#5493=DIRECTION('',(-0.24788848693426033,1.3016531934262302E-07,-0.968788572416823));
#5494=FACE_SURFACE('',(#5499),#5495,.T.);
#5495=PLANE('',#5496);
#5496=AXIS2_PLACEMENT_3D('',#396,#5497,#5498);
#5497=DIRECTION('',(0,-0.999999999999991,-1.343588565154583E-07));
#5498=DIRECTION('',(0.7836161741538576,-8.346980475323871E-08,0.6212452749152012));
#5499=FACE_BOUND('',#5500,.T.);
#5500=EDGE_LOOP('',(#5501,#5502,#5503));
#5501=ORIENTED_EDGE('',*,*,#5504,.T.);
#5502=ORIENTED_EDGE('',*,*,#5505,.T.);
#5503=ORIENTED_EDGE('',*,*,#5506,.T.);
#5504=EDGE_CURVE('',#397,#395,#5507,.F.);
#5505=EDGE_CURVE('',#395,#329,#5508,.T.);
#5506=EDGE_CURVE('',#329,#397,#5509,.T.);
#5507=LINE('',#396,#5510);
#5508=LINE('',#394,#5511);
#5509=LINE('',#328,#5512);
#5510=VECTOR('',#5513,1.0);
#5511=VECTOR('',#5514,1.0);
#5512=VECTOR('',#5515,1.0);
#5513=DIRECTION('',(0.7836161741538576,-8.346980475323871E-08,0.6212452749152012));
#5514=DIRECTION('',(-1,0,0));
#5515=DIRECTION('',(0,1.3435885651545827E-07,-0.9999999999999909));
#5516=FACE_SURFACE('',(#5521),#5517,.T.);
#5517=PLANE('',#5518);
#5518=AXIS2_PLACEMENT_3D('',#396,#5519,#5520);
#5519=DIRECTION('',(-3.288620345358532E-15,-0.9999999999999909,-1.3435885236731228E-07));
#5520=DIRECTION('',(0.9699322004272053,-3.269962641108482E-08,0.24337527930017608));
#5521=FACE_BOUND('',#5522,.T.);
#5522=EDGE_LOOP('',(#5523,#5524,#5525));
#5523=ORIENTED_EDGE('',*,*,#5526,.T.);
#5524=ORIENTED_EDGE('',*,*,#5527,.T.);
#5525=ORIENTED_EDGE('',*,*,#5528,.T.);
#5526=EDGE_CURVE('',#397,#391,#5529,.F.);
#5527=EDGE_CURVE('',#391,#395,#5530,.T.);
#5528=EDGE_CURVE('',#395,#397,#5531,.T.);
#5529=LINE('',#396,#5532);
#5530=LINE('',#390,#5533);
#5531=LINE('',#394,#5534);
#5532=VECTOR('',#5535,1.0);
#5533=VECTOR('',#5536,1.0);
#5534=VECTOR('',#5537,1.0);
#5535=DIRECTION('',(0.9699322004272053,-3.269962641108482E-08,0.24337527930017608));
#5536=DIRECTION('',(-0.9969189773873288,-1.0538864373606902E-08,0.07843820832350905));
#5537=DIRECTION('',(-0.7836161741538576,8.346980475323871E-08,-0.6212452749152012));
#5538=FACE_SURFACE('',(#5543),#5539,.T.);
#5539=PLANE('',#5540);
#5540=AXIS2_PLACEMENT_3D('',#396,#5541,#5542);
#5541=DIRECTION('',(-7.27927743065704E-16,-0.9999999999999909,-1.3435886257253212E-07));
#5542=DIRECTION('',(0.9804952589784757,-2.640725918543137E-08,0.19654273611795267));
#5543=FACE_BOUND('',#5544,.T.);
#5544=EDGE_LOOP('',(#5545,#5546,#5547));
#5545=ORIENTED_EDGE('',*,*,#5548,.T.);
#5546=ORIENTED_EDGE('',*,*,#5549,.T.);
#5547=ORIENTED_EDGE('',*,*,#5550,.T.);
#5548=EDGE_CURVE('',#397,#399,#5551,.F.);
#5549=EDGE_CURVE('',#399,#391,#5552,.T.);
#5550=EDGE_CURVE('',#391,#397,#5553,.T.);
#5551=LINE('',#396,#5554);
#5552=LINE('',#398,#5555);
#5553=LINE('',#390,#5556);
#5554=VECTOR('',#5557,1.0);
#5555=VECTOR('',#5558,1.0);
#5556=VECTOR('',#5559,1.0);
#5557=DIRECTION('',(0.9804952589784757,-2.640725918543137E-08,0.19654273611795267));
#5558=DIRECTION('',(0.686314061125445,-9.771991428286503E-08,0.7273053069389012));
#5559=DIRECTION('',(-0.9699322004272053,3.269962641108482E-08,-0.24337527930017608));
#5560=FACE_SURFACE('',(#5565),#5561,.T.);
#5561=PLANE('',#5562);
#5562=AXIS2_PLACEMENT_3D('',#396,#5563,#5564);
#5563=DIRECTION('',(1.752953472046212E-14,-0.999999999999991,-1.3435895365376825E-07));
#5564=DIRECTION('',(0.9883742039455103,-2.0428037895581545E-08,0.15204089244370464));
#5565=FACE_BOUND('',#5566,.T.);
#5566=EDGE_LOOP('',(#5567,#5568,#5569));
#5567=ORIENTED_EDGE('',*,*,#5570,.T.);
#5568=ORIENTED_EDGE('',*,*,#5571,.T.);
#5569=ORIENTED_EDGE('',*,*,#5572,.T.);
#5570=EDGE_CURVE('',#397,#401,#5573,.F.);
#5571=EDGE_CURVE('',#401,#399,#5574,.T.);
#5572=EDGE_CURVE('',#399,#397,#5575,.T.);
#5573=LINE('',#396,#5576);
#5574=LINE('',#400,#5577);
#5575=LINE('',#398,#5578);
#5576=VECTOR('',#5579,1.0);
#5577=VECTOR('',#5580,1.0);
#5578=VECTOR('',#5581,1.0);
#5579=DIRECTION('',(0.9883742039455103,-2.0428037895581545E-08,0.15204089244370464));
#5580=DIRECTION('',(0.7880356755940767,-8.271533176247913E-08,0.6156295753056218));
#5581=DIRECTION('',(-0.9804952589784757,2.640725918543137E-08,-0.19654273611795267));
#5582=FACE_SURFACE('',(#5587),#5583,.T.);
#5583=PLANE('',#5584);
#5584=AXIS2_PLACEMENT_3D('',#396,#5585,#5586);
#5585=DIRECTION('',(-5.422084760634788E-15,-0.999999999999991,-1.3435880445187757E-07));
#5586=DIRECTION('',(0.9938934108380415,-1.4825747831048542E-08,0.11034440580620186));
#5587=FACE_BOUND('',#5588,.T.);
#5588=EDGE_LOOP('',(#5589,#5590,#5591));
#5589=ORIENTED_EDGE('',*,*,#5592,.T.);
#5590=ORIENTED_EDGE('',*,*,#5593,.T.);
#5591=ORIENTED_EDGE('',*,*,#5594,.T.);
#5592=EDGE_CURVE('',#397,#403,#5595,.F.);
#5593=EDGE_CURVE('',#403,#401,#5596,.T.);
#5594=EDGE_CURVE('',#401,#397,#5597,.T.);
#5595=LINE('',#396,#5598);
#5596=LINE('',#402,#5599);
#5597=LINE('',#400,#5600);
#5598=VECTOR('',#5601,1.0);
#5599=VECTOR('',#5602,1.0);
#5600=VECTOR('',#5603,1.0);
#5601=DIRECTION('',(0.9938934108380415,-1.4825747831048542E-08,0.11034440580620186));
#5602=DIRECTION('',(0.868915183258871,-6.65023746563874E-08,0.4949610129113183));
#5603=DIRECTION('',(-0.9883742039455103,2.0428037895581545E-08,-0.15204089244370464));
#5604=FACE_SURFACE('',(#5609),#5605,.T.);
#5605=PLANE('',#5606);
#5606=AXIS2_PLACEMENT_3D('',#396,#5607,#5608);
#5607=DIRECTION('',(-1.5267074910156957E-14,-0.999999999999991,-1.3435871577614655E-07));
#5608=DIRECTION('',(0.9973948925340085,-9.691953364448517E-09,0.07213479290240844));
#5609=FACE_BOUND('',#5610,.T.);
#5610=EDGE_LOOP('',(#5611,#5612,#5613));
#5611=ORIENTED_EDGE('',*,*,#5614,.T.);
#5612=ORIENTED_EDGE('',*,*,#5615,.T.);
#5613=ORIENTED_EDGE('',*,*,#5616,.T.);
#5614=EDGE_CURVE('',#397,#405,#5617,.F.);
#5615=EDGE_CURVE('',#405,#403,#5618,.T.);
#5616=EDGE_CURVE('',#403,#397,#5619,.T.);
#5617=LINE('',#396,#5620);
#5618=LINE('',#404,#5621);
#5619=LINE('',#402,#5622);
#5620=VECTOR('',#5623,1.0);
#5621=VECTOR('',#5624,1.0);
#5622=VECTOR('',#5625,1.0);
#5623=DIRECTION('',(0.9973948925340085,-9.691953364448517E-09,0.07213479290240844));
#5624=DIRECTION('',(0.9279989614065258,-5.005975795049519E-08,0.37258277956503405));
#5625=DIRECTION('',(-0.9938934108380415,1.4825747831048542E-08,-0.11034440580620186));
#5626=FACE_SURFACE('',(#5631),#5627,.T.);
#5627=PLANE('',#5628);
#5628=AXIS2_PLACEMENT_3D('',#396,#5629,#5630);
#5629=DIRECTION('',(1.5849872323793794E-14,-0.9999999999999909,-1.34359146024616E-07));
#5630=DIRECTION('',(0.9992547162371785,-5.186337834004261E-09,0.03860067457643479));
#5631=FACE_BOUND('',#5632,.T.);
#5632=EDGE_LOOP('',(#5633,#5634,#5635));
#5633=ORIENTED_EDGE('',*,*,#5636,.T.);
#5634=ORIENTED_EDGE('',*,*,#5637,.T.);
#5635=ORIENTED_EDGE('',*,*,#5638,.T.);
#5636=EDGE_CURVE('',#397,#407,#5639,.F.);
#5637=EDGE_CURVE('',#407,#405,#5640,.T.);
#5638=EDGE_CURVE('',#405,#397,#5641,.T.);
#5639=LINE('',#396,#5642);
#5640=LINE('',#406,#5643);
#5641=LINE('',#404,#5644);
#5642=VECTOR('',#5645,1.0);
#5643=VECTOR('',#5646,1.0);
#5644=VECTOR('',#5647,1.0);
#5645=DIRECTION('',(0.9992547162371785,-5.186337834004261E-09,0.03860067457643479));
#5646=DIRECTION('',(0.967062957771411,-3.419939856607821E-08,0.25453729727961066));
#5647=DIRECTION('',(-0.9973948925340085,9.691953364448517E-09,-0.07213479290240844));
#5648=FACE_SURFACE('',(#5653),#5649,.T.);
#5649=PLANE('',#5650);
#5650=AXIS2_PLACEMENT_3D('',#396,#5651,#5652);
#5651=DIRECTION('',(5.675748397124792E-15,-0.9999999999999909,-1.3435888264731943E-07));
#5652=DIRECTION('',(0.9999246988336212,-1.6488174012440146E-09,0.012271783183051811));
#5653=FACE_BOUND('',#5654,.T.);
#5654=EDGE_LOOP('',(#5655,#5656,#5657));
#5655=ORIENTED_EDGE('',*,*,#5658,.T.);
#5656=ORIENTED_EDGE('',*,*,#5659,.T.);
#5657=ORIENTED_EDGE('',*,*,#5660,.T.);
#5658=EDGE_CURVE('',#397,#409,#5661,.F.);
#5659=EDGE_CURVE('',#409,#407,#5662,.T.);
#5660=EDGE_CURVE('',#407,#397,#5663,.T.);
#5661=LINE('',#396,#5664);
#5662=LINE('',#408,#5665);
#5663=LINE('',#406,#5666);
#5664=VECTOR('',#5667,1.0);
#5665=VECTOR('',#5668,1.0);
#5666=VECTOR('',#5669,1.0);
#5667=DIRECTION('',(0.9999246988336212,-1.6488174012440146E-09,0.012271783183051811));
#5668=DIRECTION('',(0.989458195229987,-1.9457684246244587E-08,0.14481878293997835));
#5669=DIRECTION('',(-0.9992547162371785,5.186337834004261E-09,-0.03860067457643479));
#5670=FACE_SURFACE('',(#5675),#5671,.T.);
#5671=PLANE('',#5672);
#5672=AXIS2_PLACEMENT_3D('',#396,#5673,#5674);
#5673=DIRECTION('',(0,-0.999999999999991,-1.343584201781801E-07));
#5674=DIRECTION('',(1,0,0));
#5675=FACE_BOUND('',#5676,.T.);
#5676=EDGE_LOOP('',(#5677,#5678,#5679));
#5677=ORIENTED_EDGE('',*,*,#5680,.T.);
#5678=ORIENTED_EDGE('',*,*,#5681,.T.);
#5679=ORIENTED_EDGE('',*,*,#5682,.T.);
#5680=EDGE_CURVE('',#397,#411,#5683,.F.);
#5681=EDGE_CURVE('',#411,#409,#5684,.T.);
#5682=EDGE_CURVE('',#409,#397,#5685,.T.);
#5683=LINE('',#396,#5686);
#5684=LINE('',#410,#5687);
#5685=LINE('',#408,#5688);
#5686=VECTOR('',#5689,1.0);
#5687=VECTOR('',#5690,1.0);
#5688=VECTOR('',#5691,1.0);
#5689=DIRECTION('',(1,0,0));
#5690=DIRECTION('',(0.9989681616715358,-6.1020203993641294E-09,0.045415988006347864));
#5691=DIRECTION('',(-0.9999246988336212,1.6488174012440146E-09,-0.012271783183051811));
#5692=FACE_SURFACE('',(#5697),#5693,.T.);
#5693=PLANE('',#5694);
#5694=AXIS2_PLACEMENT_3D('',#302,#5695,#5696);
#5695=DIRECTION('',(0,-0.999999999999991,-1.3435884920832442E-07));
#5696=DIRECTION('',(1,0,0));
#5697=FACE_BOUND('',#5698,.T.);
#5698=EDGE_LOOP('',(#5699,#5700,#5701));
#5699=ORIENTED_EDGE('',*,*,#5702,.T.);
#5700=ORIENTED_EDGE('',*,*,#5703,.T.);
#5701=ORIENTED_EDGE('',*,*,#5704,.T.);
#5702=EDGE_CURVE('',#303,#413,#5705,.F.);
#5703=EDGE_CURVE('',#413,#397,#5706,.T.);
#5704=EDGE_CURVE('',#397,#303,#5707,.T.);
#5705=LINE('',#302,#5708);
#5706=LINE('',#412,#5709);
#5707=LINE('',#396,#5710);
#5708=VECTOR('',#5711,1.0);
#5709=VECTOR('',#5712,1.0);
#5710=VECTOR('',#5713,1.0);
#5711=DIRECTION('',(1,0,0));
#5712=DIRECTION('',(0,-1.3435884920832442E-07,0.9999999999999909));
#5713=DIRECTION('',(-0.3152625401158991,1.2750715179001304E-07,-0.9490044946150965));
#5714=FACE_SURFACE('',(#5719),#5715,.T.);
#5715=PLANE('',#5716);
#5716=AXIS2_PLACEMENT_3D('',#414,#5717,#5718);
#5717=DIRECTION('',(0.1599635600850047,-1.3262865755706346E-07,0.9871229201294606));
#5718=DIRECTION('',(0,-0.999999999999991,-1.3435880664149516E-07));
#5719=FACE_BOUND('',#5720,.T.);
#5720=EDGE_LOOP('',(#5721,#5722,#5723));
#5721=ORIENTED_EDGE('',*,*,#5724,.T.);
#5722=ORIENTED_EDGE('',*,*,#5725,.T.);
#5723=ORIENTED_EDGE('',*,*,#5726,.T.);
#5724=EDGE_CURVE('',#415,#417,#5727,.F.);
#5725=EDGE_CURVE('',#417,#419,#5728,.T.);
#5726=EDGE_CURVE('',#419,#415,#5729,.T.);
#5727=LINE('',#414,#5730);
#5728=LINE('',#416,#5731);
#5729=LINE('',#418,#5732);
#5730=VECTOR('',#5733,1.0);
#5731=VECTOR('',#5734,1.0);
#5732=VECTOR('',#5735,1.0);
#5733=DIRECTION('',(0,-0.999999999999991,-1.3435880664149516E-07));
#5734=DIRECTION('',(0.9871229201294696,2.149248715886396E-08,-0.15996356008500326));
#5735=DIRECTION('',(-0.24447800413596094,0.9688451529744677,0.039617862784067336));
#5736=FACE_SURFACE('',(#5741),#5737,.T.);
#5737=PLANE('',#5738);
#5738=AXIS2_PLACEMENT_3D('',#414,#5739,#5740);
#5739=DIRECTION('',(0.15996356008476115,-1.3262872063638399E-07,0.9871229201295002));
#5740=DIRECTION('',(0.24447800413596094,-0.9688451529744677,-0.039617862784067336));
#5741=FACE_BOUND('',#5742,.T.);
#5742=EDGE_LOOP('',(#5743,#5744,#5745));
#5743=ORIENTED_EDGE('',*,*,#5746,.T.);
#5744=ORIENTED_EDGE('',*,*,#5747,.T.);
#5745=ORIENTED_EDGE('',*,*,#5748,.T.);
#5746=EDGE_CURVE('',#415,#419,#5749,.F.);
#5747=EDGE_CURVE('',#419,#421,#5750,.T.);
#5748=EDGE_CURVE('',#421,#415,#5751,.T.);
#5749=LINE('',#414,#5752);
#5750=LINE('',#418,#5753);
#5751=LINE('',#420,#5754);
#5752=VECTOR('',#5755,1.0);
#5753=VECTOR('',#5756,1.0);
#5754=VECTOR('',#5757,1.0);
#5755=DIRECTION('',(0.24447800413596094,-0.9688451529744677,-0.039617862784067336));
#5756=DIRECTION('',(0,0.9999999999999909,1.3435887054242695E-07));
#5757=DIRECTION('',(-0.9871229201295091,-2.1492549652103476E-08,0.1599635600847597));
#5758=FACE_SURFACE('',(#5763),#5759,.T.);
#5759=PLANE('',#5760);
#5760=AXIS2_PLACEMENT_3D('',#420,#5761,#5762);
#5761=DIRECTION('',(0.27919439424299963,-1.2901603653466514E-07,0.9602346016590259));
#5762=DIRECTION('',(0,-0.9999999999999909,-1.3435887054242695E-07));
#5763=FACE_BOUND('',#5764,.T.);
#5764=EDGE_LOOP('',(#5765,#5766,#5767));
#5765=ORIENTED_EDGE('',*,*,#5768,.T.);
#5766=ORIENTED_EDGE('',*,*,#5769,.T.);
#5767=ORIENTED_EDGE('',*,*,#5770,.T.);
#5768=EDGE_CURVE('',#421,#419,#5771,.F.);
#5769=EDGE_CURVE('',#419,#423,#5772,.T.);
#5770=EDGE_CURVE('',#423,#421,#5773,.T.);
#5771=LINE('',#420,#5774);
#5772=LINE('',#418,#5775);
#5773=LINE('',#422,#5776);
#5774=VECTOR('',#5777,1.0);
#5775=VECTOR('',#5778,1.0);
#5776=VECTOR('',#5779,1.0);
#5777=DIRECTION('',(0,-0.9999999999999909,-1.3435887054242695E-07));
#5778=DIRECTION('',(0.9602346016590345,3.751228529257976E-08,-0.27919439424299713));
#5779=DIRECTION('',(-0.2205704760721878,0.9732603444904713,0.06413241713499945));
#5780=FACE_SURFACE('',(#5785),#5781,.T.);
#5781=PLANE('',#5782);
#5782=AXIS2_PLACEMENT_3D('',#420,#5783,#5784);
#5783=DIRECTION('',(0.2791943942429996,-1.2901603653272527E-07,0.9602346016590257));
#5784=DIRECTION('',(0.2205704760721878,-0.9732603444904713,-0.06413241713499945));
#5785=FACE_BOUND('',#5786,.T.);
#5786=EDGE_LOOP('',(#5787,#5788,#5789));
#5787=ORIENTED_EDGE('',*,*,#5790,.T.);
#5788=ORIENTED_EDGE('',*,*,#5791,.T.);
#5789=ORIENTED_EDGE('',*,*,#5792,.T.);
#5790=EDGE_CURVE('',#421,#423,#5793,.F.);
#5791=EDGE_CURVE('',#423,#425,#5794,.T.);
#5792=EDGE_CURVE('',#425,#421,#5795,.T.);
#5793=LINE('',#420,#5796);
#5794=LINE('',#422,#5797);
#5795=LINE('',#424,#5798);
#5796=VECTOR('',#5799,1.0);
#5797=VECTOR('',#5800,1.0);
#5798=VECTOR('',#5801,1.0);
#5799=DIRECTION('',(0.2205704760721878,-0.9732603444904713,-0.06413241713499945));
#5800=DIRECTION('',(0,0.999999999999991,1.3435887054242912E-07));
#5801=DIRECTION('',(-0.9602346016590345,-3.751221760543142E-08,0.27919439424299713));
#5802=FACE_SURFACE('',(#5807),#5803,.T.);
#5803=PLANE('',#5804);
#5804=AXIS2_PLACEMENT_3D('',#424,#5805,#5806);
#5805=DIRECTION('',(0.4045947554906403,-1.2287066068095776E-07,0.9144960819103894));
#5806=DIRECTION('',(0,-0.999999999999991,-1.3435887054242912E-07));
#5807=FACE_BOUND('',#5808,.T.);
#5808=EDGE_LOOP('',(#5809,#5810,#5811));
#5809=ORIENTED_EDGE('',*,*,#5812,.T.);
#5810=ORIENTED_EDGE('',*,*,#5813,.T.);
#5811=ORIENTED_EDGE('',*,*,#5814,.T.);
#5812=EDGE_CURVE('',#425,#423,#5815,.F.);
#5813=EDGE_CURVE('',#423,#427,#5816,.T.);
#5814=EDGE_CURVE('',#427,#425,#5817,.T.);
#5815=LINE('',#424,#5818);
#5816=LINE('',#422,#5819);
#5817=LINE('',#426,#5820);
#5818=VECTOR('',#5821,1.0);
#5819=VECTOR('',#5822,1.0);
#5820=VECTOR('',#5823,1.0);
#5821=DIRECTION('',(0,-0.999999999999991,-1.3435887054242912E-07));
#5822=DIRECTION('',(0.9144960819103978,5.436084046303769E-08,-0.4045947554906367));
#5823=DIRECTION('',(-0.19657003070651263,0.9766252601424723,0.0869673748004896));
#5824=FACE_SURFACE('',(#5829),#5825,.T.);
#5825=PLANE('',#5826);
#5826=AXIS2_PLACEMENT_3D('',#424,#5827,#5828);
#5827=DIRECTION('',(0.40459475549088314,-1.2287060224519785E-07,0.9144960819102822));
#5828=DIRECTION('',(0.19657003070651263,-0.9766252601424723,-0.0869673748004896));
#5829=FACE_BOUND('',#5830,.T.);
#5830=EDGE_LOOP('',(#5831,#5832,#5833));
#5831=ORIENTED_EDGE('',*,*,#5834,.T.);
#5832=ORIENTED_EDGE('',*,*,#5835,.T.);
#5833=ORIENTED_EDGE('',*,*,#5836,.T.);
#5834=EDGE_CURVE('',#425,#427,#5837,.F.);
#5835=EDGE_CURVE('',#427,#429,#5838,.T.);
#5836=EDGE_CURVE('',#429,#425,#5839,.T.);
#5837=LINE('',#424,#5840);
#5838=LINE('',#426,#5841);
#5839=LINE('',#428,#5842);
#5840=VECTOR('',#5843,1.0);
#5841=VECTOR('',#5844,1.0);
#5842=VECTOR('',#5845,1.0);
#5843=DIRECTION('',(0.19657003070651263,-0.9766252601424723,-0.0869673748004896));
#5844=DIRECTION('',(0,0.9999999999999909,1.34358806641493E-07));
#5845=DIRECTION('',(-0.9144960819102903,-5.43609130468338E-08,0.40459475549087953));
#5846=FACE_SURFACE('',(#5851),#5847,.T.);
#5847=PLANE('',#5848);
#5848=AXIS2_PLACEMENT_3D('',#428,#5849,#5850);
#5849=DIRECTION('',(0.53063911249808,-1.1388223698232899E-07,0.8475978600062868));
#5850=DIRECTION('',(0,-0.9999999999999909,-1.34358806641493E-07));
#5851=FACE_BOUND('',#5852,.T.);
#5852=EDGE_LOOP('',(#5853,#5854,#5855));
#5853=ORIENTED_EDGE('',*,*,#5856,.T.);
#5854=ORIENTED_EDGE('',*,*,#5857,.T.);
#5855=ORIENTED_EDGE('',*,*,#5858,.T.);
#5856=EDGE_CURVE('',#429,#427,#5859,.F.);
#5857=EDGE_CURVE('',#427,#431,#5860,.T.);
#5858=EDGE_CURVE('',#431,#429,#5861,.T.);
#5859=LINE('',#428,#5862);
#5860=LINE('',#426,#5863);
#5861=LINE('',#430,#5864);
#5862=VECTOR('',#5865,1.0);
#5863=VECTOR('',#5866,1.0);
#5864=VECTOR('',#5867,1.0);
#5865=DIRECTION('',(0,-0.9999999999999909,-1.34358806641493E-07));
#5866=DIRECTION('',(0.8475978600062944,7.129610090961468E-08,-0.5306391124980752));
#5867=DIRECTION('',(-0.17257965840915637,0.979051998341909,0.10804372284447367));
#5868=FACE_SURFACE('',(#5873),#5869,.T.);
#5869=PLANE('',#5870);
#5870=AXIS2_PLACEMENT_3D('',#428,#5871,#5872);
#5871=DIRECTION('',(0.5306391124978593,-1.1388229113987637E-07,0.8475978600064251));
#5872=DIRECTION('',(0.17257965840915637,-0.979051998341909,-0.10804372284447367));
#5873=FACE_BOUND('',#5874,.T.);
#5874=EDGE_LOOP('',(#5875,#5876,#5877));
#5875=ORIENTED_EDGE('',*,*,#5878,.T.);
#5876=ORIENTED_EDGE('',*,*,#5879,.T.);
#5877=ORIENTED_EDGE('',*,*,#5880,.T.);
#5878=EDGE_CURVE('',#429,#431,#5881,.F.);
#5879=EDGE_CURVE('',#431,#433,#5882,.T.);
#5880=EDGE_CURVE('',#433,#429,#5883,.T.);
#5881=LINE('',#428,#5884);
#5882=LINE('',#430,#5885);
#5883=LINE('',#432,#5886);
#5884=VECTOR('',#5887,1.0);
#5885=VECTOR('',#5888,1.0);
#5886=VECTOR('',#5889,1.0);
#5887=DIRECTION('',(0.17257965840915637,-0.979051998341909,-0.10804372284447367));
#5888=DIRECTION('',(0,0.999999999999991,1.3435887054242912E-07));
#5889=DIRECTION('',(-0.8475978600064327,-7.129602409335447E-08,0.5306391124978544));
#5890=FACE_SURFACE('',(#5895),#5891,.T.);
#5891=PLANE('',#5892);
#5892=AXIS2_PLACEMENT_3D('',#432,#5893,#5894);
#5893=DIRECTION('',(0.6503614841250169,-1.0206233929004701E-07,0.7596248679227761));
#5894=DIRECTION('',(0,-0.999999999999991,-1.3435887054242912E-07));
#5895=FACE_BOUND('',#5896,.T.);
#5896=EDGE_LOOP('',(#5897,#5898,#5899));
#5897=ORIENTED_EDGE('',*,*,#5900,.T.);
#5898=ORIENTED_EDGE('',*,*,#5901,.T.);
#5899=ORIENTED_EDGE('',*,*,#5902,.T.);
#5900=EDGE_CURVE('',#433,#431,#5903,.F.);
#5901=EDGE_CURVE('',#431,#435,#5904,.T.);
#5902=EDGE_CURVE('',#435,#433,#5905,.T.);
#5903=LINE('',#432,#5906);
#5904=LINE('',#430,#5907);
#5905=LINE('',#434,#5908);
#5906=VECTOR('',#5909,1.0);
#5907=VECTOR('',#5910,1.0);
#5908=VECTOR('',#5911,1.0);
#5909=DIRECTION('',(0,-0.999999999999991,-1.3435887054242912E-07));
#5910=DIRECTION('',(0.7596248679227829,8.738182996690434E-08,-0.6503614841250112));
#5911=DIRECTION('',(-0.14868996471033777,0.9806555496538466,0.12730273888471744));
#5912=FACE_SURFACE('',(#5917),#5913,.T.);
#5913=PLANE('',#5914);
#5914=AXIS2_PLACEMENT_3D('',#432,#5915,#5916);
#5915=DIRECTION('',(0.6503614841252017,-1.0206229075269489E-07,0.7596248679226179));
#5916=DIRECTION('',(0.14868996471033777,-0.9806555496538466,-0.12730273888471744));
#5917=FACE_BOUND('',#5918,.T.);
#5918=EDGE_LOOP('',(#5919,#5920,#5921));
#5919=ORIENTED_EDGE('',*,*,#5922,.T.);
#5920=ORIENTED_EDGE('',*,*,#5923,.T.);
#5921=ORIENTED_EDGE('',*,*,#5924,.T.);
#5922=EDGE_CURVE('',#433,#435,#5925,.F.);
#5923=EDGE_CURVE('',#435,#437,#5926,.T.);
#5924=EDGE_CURVE('',#437,#433,#5927,.T.);
#5925=LINE('',#432,#5928);
#5926=LINE('',#434,#5929);
#5927=LINE('',#436,#5930);
#5928=VECTOR('',#5931,1.0);
#5929=VECTOR('',#5932,1.0);
#5930=VECTOR('',#5933,1.0);
#5931=DIRECTION('',(0.14868996471033777,-0.9806555496538466,-0.12730273888471744));
#5932=DIRECTION('',(0,0.999999999999991,1.3435880664149516E-07));
#5933=DIRECTION('',(-0.7596248679226247,-8.738182996688615E-08,0.6503614841251959));
#5934=FACE_SURFACE('',(#5939),#5935,.T.);
#5935=PLANE('',#5936);
#5936=AXIS2_PLACEMENT_3D('',#436,#5937,#5938);
#5937=DIRECTION('',(0.7568075958696128,-8.782198340064737E-08,0.6536377152781571));
#5938=DIRECTION('',(0,-0.999999999999991,-1.3435880664149516E-07));
#5939=FACE_BOUND('',#5940,.T.);
#5940=EDGE_LOOP('',(#5941,#5942,#5943));
#5941=ORIENTED_EDGE('',*,*,#5944,.T.);
#5942=ORIENTED_EDGE('',*,*,#5945,.T.);
#5943=ORIENTED_EDGE('',*,*,#5946,.T.);
#5944=EDGE_CURVE('',#437,#435,#5947,.F.);
#5945=EDGE_CURVE('',#435,#439,#5948,.T.);
#5946=EDGE_CURVE('',#439,#437,#5949,.T.);
#5947=LINE('',#436,#5950);
#5948=LINE('',#434,#5951);
#5949=LINE('',#438,#5952);
#5950=VECTOR('',#5953,1.0);
#5951=VECTOR('',#5954,1.0);
#5952=VECTOR('',#5955,1.0);
#5953=DIRECTION('',(0,-0.999999999999991,-1.3435880664149516E-07));
#5954=DIRECTION('',(0.653637715278163,1.0168373107594986E-07,-0.756807595869606));
#5955=DIRECTION('',(-0.12497797865565834,0.9815503501870544,0.14470457801609649));
#5956=FACE_SURFACE('',(#5961),#5957,.T.);
#5957=PLANE('',#5958);
#5958=AXIS2_PLACEMENT_3D('',#436,#5959,#5960);
#5959=DIRECTION('',(0.7568075958694727,-8.782202516448393E-08,0.6536377152783194));
#5960=DIRECTION('',(0.12497797865565834,-0.9815503501870544,-0.14470457801609649));
#5961=FACE_BOUND('',#5962,.T.);
#5962=EDGE_LOOP('',(#5963,#5964,#5965));
#5963=ORIENTED_EDGE('',*,*,#5966,.T.);
#5964=ORIENTED_EDGE('',*,*,#5967,.T.);
#5965=ORIENTED_EDGE('',*,*,#5968,.T.);
#5966=EDGE_CURVE('',#437,#439,#5969,.F.);
#5967=EDGE_CURVE('',#439,#441,#5970,.T.);
#5968=EDGE_CURVE('',#441,#437,#5971,.T.);
#5969=LINE('',#436,#5972);
#5970=LINE('',#438,#5973);
#5971=LINE('',#440,#5974);
#5972=VECTOR('',#5975,1.0);
#5973=VECTOR('',#5976,1.0);
#5974=VECTOR('',#5977,1.0);
#5975=DIRECTION('',(0.12497797865565834,-0.9815503501870544,-0.14470457801609649));
#5976=DIRECTION('',(0,0.9999999999999909,1.3435887054242695E-07));
#5977=DIRECTION('',(-0.6536377152783253,-1.0168381308533314E-07,0.7568075958694659));
#5978=FACE_SURFACE('',(#5983),#5979,.T.);
#5979=PLANE('',#5980);
#5980=AXIS2_PLACEMENT_3D('',#440,#5981,#5982);
#5981=DIRECTION('',(0.844741956601514,-7.190535114686298E-08,0.5351738285426901));
#5982=DIRECTION('',(0,-0.9999999999999909,-1.3435887054242695E-07));
#5983=FACE_BOUND('',#5984,.T.);
#5984=EDGE_LOOP('',(#5985,#5986,#5987));
#5985=ORIENTED_EDGE('',*,*,#5988,.T.);
#5986=ORIENTED_EDGE('',*,*,#5989,.T.);
#5987=ORIENTED_EDGE('',*,*,#5990,.T.);
#5988=EDGE_CURVE('',#441,#439,#5991,.F.);
#5989=EDGE_CURVE('',#439,#443,#5992,.T.);
#5990=EDGE_CURVE('',#443,#441,#5993,.T.);
#5991=LINE('',#440,#5994);
#5992=LINE('',#438,#5995);
#5993=LINE('',#442,#5996);
#5994=VECTOR('',#5997,1.0);
#5995=VECTOR('',#5998,1.0);
#5996=VECTOR('',#5999,1.0);
#5997=DIRECTION('',(0,-0.9999999999999909,-1.3435887054242695E-07));
#5998=DIRECTION('',(0.535173828542695,1.1349861193027935E-07,-0.8447419566015064));
#5999=DIRECTION('',(-0.10150778175228452,0.9818473830641243,0.16022448818411367));
#6000=FACE_SURFACE('',(#6005),#6001,.T.);
#6001=PLANE('',#6002);
#6002=AXIS2_PLACEMENT_3D('',#440,#6003,#6004);
#6003=DIRECTION('',(0.8447419566015139,-7.190535115187576E-08,0.5351738285426901));
#6004=DIRECTION('',(0.10150778175228452,-0.9818473830641243,-0.16022448818411367));
#6005=FACE_BOUND('',#6006,.T.);
#6006=EDGE_LOOP('',(#6007,#6008,#6009));
#6007=ORIENTED_EDGE('',*,*,#6010,.T.);
#6008=ORIENTED_EDGE('',*,*,#6011,.T.);
#6009=ORIENTED_EDGE('',*,*,#6012,.T.);
#6010=EDGE_CURVE('',#441,#443,#6013,.F.);
#6011=EDGE_CURVE('',#443,#445,#6014,.T.);
#6012=EDGE_CURVE('',#445,#441,#6015,.T.);
#6013=LINE('',#440,#6016);
#6014=LINE('',#442,#6017);
#6015=LINE('',#444,#6018);
#6016=VECTOR('',#6019,1.0);
#6017=VECTOR('',#6020,1.0);
#6018=VECTOR('',#6021,1.0);
#6019=DIRECTION('',(0.10150778175228452,-0.9818473830641243,-0.16022448818411367));
#6020=DIRECTION('',(0,0.999999999999991,1.3435887054242912E-07));
#6021=DIRECTION('',(-0.535173828542695,-1.1349852923385332E-07,0.8447419566015064));
#6022=FACE_SURFACE('',(#6027),#6023,.T.);
#6023=PLANE('',#6024);
#6024=AXIS2_PLACEMENT_3D('',#444,#6025,#6026);
#6025=DIRECTION('',(0.9117293831227141,-5.519346160459452E-08,0.4107913484369796));
#6026=DIRECTION('',(0,-0.999999999999991,-1.3435887054242912E-07));
#6027=FACE_BOUND('',#6028,.T.);
#6028=EDGE_LOOP('',(#6029,#6030,#6031));
#6029=ORIENTED_EDGE('',*,*,#6032,.T.);
#6030=ORIENTED_EDGE('',*,*,#6033,.T.);
#6031=ORIENTED_EDGE('',*,*,#6034,.T.);
#6032=EDGE_CURVE('',#445,#443,#6035,.F.);
#6033=EDGE_CURVE('',#443,#447,#6036,.T.);
#6034=EDGE_CURVE('',#447,#445,#6037,.T.);
#6035=LINE('',#444,#6038);
#6036=LINE('',#442,#6039);
#6037=LINE('',#446,#6040);
#6038=VECTOR('',#6041,1.0);
#6039=VECTOR('',#6042,1.0);
#6040=VECTOR('',#6043,1.0);
#6041=DIRECTION('',(0,-0.999999999999991,-1.3435887054242912E-07));
#6042=DIRECTION('',(0.41079134843698334,1.2249888068192053E-07,-0.911729383122706));
#6043=DIRECTION('',(-0.07833105564589853,0.9816515817417664,0.17385171205739536));
#6044=FACE_SURFACE('',(#6049),#6045,.T.);
#6045=PLANE('',#6046);
#6046=AXIS2_PLACEMENT_3D('',#444,#6047,#6048);
#6047=DIRECTION('',(0.9117293831227142,-5.519346160533262E-08,0.41079134843697956));
#6048=DIRECTION('',(0.07833105564589853,-0.9816515817417664,-0.17385171205739536));
#6049=FACE_BOUND('',#6050,.T.);
#6050=EDGE_LOOP('',(#6051,#6052,#6053));
#6051=ORIENTED_EDGE('',*,*,#6054,.T.);
#6052=ORIENTED_EDGE('',*,*,#6055,.T.);
#6053=ORIENTED_EDGE('',*,*,#6056,.T.);
#6054=EDGE_CURVE('',#445,#447,#6057,.F.);
#6055=EDGE_CURVE('',#447,#449,#6058,.T.);
#6056=EDGE_CURVE('',#449,#445,#6059,.T.);
#6057=LINE('',#444,#6060);
#6058=LINE('',#446,#6061);
#6059=LINE('',#448,#6062);
#6060=VECTOR('',#6063,1.0);
#6061=VECTOR('',#6064,1.0);
#6062=VECTOR('',#6065,1.0);
#6063=DIRECTION('',(0.07833105564589853,-0.9816515817417664,-0.17385171205739536));
#6064=DIRECTION('',(0,0.9999999999999909,1.3435887054242695E-07));
#6065=DIRECTION('',(-0.41079134843698334,-1.2249896292358748E-07,0.911729383122706));
#6066=FACE_SURFACE('',(#6071),#6067,.T.);
#6067=PLANE('',#6068);
#6068=AXIS2_PLACEMENT_3D('',#448,#6069,#6070);
#6069=DIRECTION('',(0.9580923277270165,-3.8488385760138895E-08,0.2864595810068598));
#6070=DIRECTION('',(0,-0.9999999999999909,-1.3435887054242695E-07));
#6071=FACE_BOUND('',#6072,.T.);
#6072=EDGE_LOOP('',(#6073,#6074,#6075));
#6073=ORIENTED_EDGE('',*,*,#6076,.T.);
#6074=ORIENTED_EDGE('',*,*,#6077,.T.);
#6075=ORIENTED_EDGE('',*,*,#6078,.T.);
#6076=EDGE_CURVE('',#449,#447,#6079,.F.);
#6077=EDGE_CURVE('',#447,#451,#6080,.T.);
#6078=EDGE_CURVE('',#451,#449,#6081,.T.);
#6079=LINE('',#448,#6082);
#6080=LINE('',#446,#6083);
#6081=LINE('',#450,#6084);
#6082=VECTOR('',#6085,1.0);
#6083=VECTOR('',#6086,1.0);
#6084=VECTOR('',#6087,1.0);
#6085=DIRECTION('',(0,-0.9999999999999909,-1.3435887054242695E-07));
#6086=DIRECTION('',(0.2864595810068624,1.2872818810047413E-07,-0.9580923277270078));
#6087=DIRECTION('',(-0.055487918845719165,0.9810603024821822,0.18558495024042207));
#6088=FACE_SURFACE('',(#6093),#6089,.T.);
#6089=PLANE('',#6090);
#6090=AXIS2_PLACEMENT_3D('',#448,#6091,#6092);
#6091=DIRECTION('',(0.9580923277270165,-3.848838576617293E-08,0.28645958100685986));
#6092=DIRECTION('',(0.055487918845719165,-0.9810603024821822,-0.18558495024042207));
#6093=FACE_BOUND('',#6094,.T.);
#6094=EDGE_LOOP('',(#6095,#6096,#6097));
#6095=ORIENTED_EDGE('',*,*,#6098,.T.);
#6096=ORIENTED_EDGE('',*,*,#6099,.T.);
#6097=ORIENTED_EDGE('',*,*,#6100,.T.);
#6098=EDGE_CURVE('',#449,#451,#6101,.F.);
#6099=EDGE_CURVE('',#451,#453,#6102,.T.);
#6100=EDGE_CURVE('',#453,#449,#6103,.T.);
#6101=LINE('',#448,#6104);
#6102=LINE('',#450,#6105);
#6103=LINE('',#452,#6106);
#6104=VECTOR('',#6107,1.0);
#6105=VECTOR('',#6108,1.0);
#6106=VECTOR('',#6109,1.0);
#6107=DIRECTION('',(0.055487918845719165,-0.9810603024821822,-0.18558495024042207));
#6108=DIRECTION('',(0,0.9999999999999909,1.3435887054242695E-07));
#6109=DIRECTION('',(-0.2864595810068624,-1.2872818810047413E-07,0.9580923277270078));
#6110=FACE_SURFACE('',(#6115),#6111,.T.);
#6111=PLANE('',#6112);
#6112=AXIS2_PLACEMENT_3D('',#452,#6113,#6114);
#6113=DIRECTION('',(0.9860344100286829,-2.237635648528416E-08,0.16654171321139605));
#6114=DIRECTION('',(0,-0.9999999999999909,-1.3435887054242695E-07));
#6115=FACE_BOUND('',#6116,.T.);
#6116=EDGE_LOOP('',(#6117,#6118,#6119));
#6117=ORIENTED_EDGE('',*,*,#6120,.T.);
#6118=ORIENTED_EDGE('',*,*,#6121,.T.);
#6119=ORIENTED_EDGE('',*,*,#6122,.T.);
#6120=EDGE_CURVE('',#453,#451,#6123,.F.);
#6121=EDGE_CURVE('',#451,#455,#6124,.T.);
#6122=EDGE_CURVE('',#455,#453,#6125,.T.);
#6123=LINE('',#452,#6126);
#6124=LINE('',#450,#6127);
#6125=LINE('',#454,#6128);
#6126=VECTOR('',#6129,1.0);
#6127=VECTOR('',#6130,1.0);
#6128=VECTOR('',#6131,1.0);
#6129=DIRECTION('',(0,-0.9999999999999909,-1.3435887054242695E-07));
#6130=DIRECTION('',(0.16654171321139755,1.324824440839849E-07,-0.9860344100286739));
#6131=DIRECTION('',(-0.03300831605269934,0.9801618780354916,0.1954306626845013));
#6132=FACE_SURFACE('',(#6137),#6133,.T.);
#6133=PLANE('',#6134);
#6134=AXIS2_PLACEMENT_3D('',#452,#6135,#6136);
#6135=DIRECTION('',(0.9860344100286829,-2.2376356483669146E-08,0.16654171321139605));
#6136=DIRECTION('',(0.03300831605269934,-0.9801618780354916,-0.1954306626845013));
#6137=FACE_BOUND('',#6138,.T.);
#6138=EDGE_LOOP('',(#6139,#6140,#6141));
#6139=ORIENTED_EDGE('',*,*,#6142,.T.);
#6140=ORIENTED_EDGE('',*,*,#6143,.T.);
#6141=ORIENTED_EDGE('',*,*,#6144,.T.);
#6142=EDGE_CURVE('',#453,#455,#6145,.F.);
#6143=EDGE_CURVE('',#455,#457,#6146,.T.);
#6144=EDGE_CURVE('',#457,#453,#6147,.T.);
#6145=LINE('',#452,#6148);
#6146=LINE('',#454,#6149);
#6147=LINE('',#456,#6150);
#6148=VECTOR('',#6151,1.0);
#6149=VECTOR('',#6152,1.0);
#6150=VECTOR('',#6153,1.0);
#6151=DIRECTION('',(0.03300831605269934,-0.9801618780354916,-0.1954306626845013));
#6152=DIRECTION('',(0,0.9999999999999909,1.3435887054242695E-07));
#6153=DIRECTION('',(-0.16654171321139755,-1.324824440839849E-07,0.9860344100286739));
#6154=FACE_SURFACE('',(#6159),#6155,.T.);
#6155=PLANE('',#6156);
#6156=AXIS2_PLACEMENT_3D('',#456,#6157,#6158);
#6157=DIRECTION('',(0.9985637277142029,-7.198528611247368E-09,0.05357687648151373));
#6158=DIRECTION('',(0,-0.9999999999999909,-1.3435887054242695E-07));
#6159=FACE_BOUND('',#6160,.T.);
#6160=EDGE_LOOP('',(#6161,#6162,#6163));
#6161=ORIENTED_EDGE('',*,*,#6164,.T.);
#6162=ORIENTED_EDGE('',*,*,#6165,.T.);
#6163=ORIENTED_EDGE('',*,*,#6166,.T.);
#6164=EDGE_CURVE('',#457,#455,#6167,.F.);
#6165=EDGE_CURVE('',#455,#459,#6168,.T.);
#6166=EDGE_CURVE('',#459,#457,#6169,.T.);
#6167=LINE('',#456,#6170);
#6168=LINE('',#454,#6171);
#6169=LINE('',#458,#6172);
#6170=VECTOR('',#6173,1.0);
#6171=VECTOR('',#6174,1.0);
#6172=VECTOR('',#6175,1.0);
#6173=DIRECTION('',(0,-0.9999999999999909,-1.3435887054242695E-07));
#6174=DIRECTION('',(0.053576876481514206,1.3416589610944145E-07,-0.9985637277141938));
#6175=DIRECTION('',(-0.010913253945478674,0.9790347092468121,0.2034009316063509));
#6176=FACE_SURFACE('',(#6181),#6177,.T.);
#6177=PLANE('',#6178);
#6178=AXIS2_PLACEMENT_3D('',#456,#6179,#6180);
#6179=DIRECTION('',(0.9985637277142038,-7.198525188003531E-09,0.053576876481497296));
#6180=DIRECTION('',(0.010913253945478674,-0.9790347092468121,-0.2034009316063509));
#6181=FACE_BOUND('',#6182,.T.);
#6182=EDGE_LOOP('',(#6183,#6184,#6185));
#6183=ORIENTED_EDGE('',*,*,#6186,.T.);
#6184=ORIENTED_EDGE('',*,*,#6187,.T.);
#6185=ORIENTED_EDGE('',*,*,#6188,.T.);
#6186=EDGE_CURVE('',#457,#459,#6189,.F.);
#6187=EDGE_CURVE('',#459,#461,#6190,.T.);
#6188=EDGE_CURVE('',#461,#457,#6191,.T.);
#6189=LINE('',#456,#6192);
#6190=LINE('',#458,#6193);
#6191=LINE('',#460,#6194);
#6192=VECTOR('',#6195,1.0);
#6193=VECTOR('',#6196,1.0);
#6194=VECTOR('',#6197,1.0);
#6195=DIRECTION('',(0.010913253945478674,-0.9790347092468121,-0.2034009316063509));
#6196=DIRECTION('',(0,0.999999999999991,1.3435880664149516E-07));
#6197=DIRECTION('',(-0.053576876481497775,-1.3416581932580475E-07,0.9985637277141947));
#6198=FACE_SURFACE('',(#6203),#6199,.T.);
#6199=PLANE('',#6200);
#6200=AXIS2_PLACEMENT_3D('',#460,#6201,#6202);
#6201=DIRECTION('',(0.9983518923897924,7.71071947497132E-09,-0.05738901429472716));
#6202=DIRECTION('',(0,-0.999999999999991,-1.3435880664149516E-07));
#6203=FACE_BOUND('',#6204,.T.);
#6204=EDGE_LOOP('',(#6205,#6206,#6207));
#6205=ORIENTED_EDGE('',*,*,#6208,.T.);
#6206=ORIENTED_EDGE('',*,*,#6209,.T.);
#6207=ORIENTED_EDGE('',*,*,#6210,.T.);
#6208=EDGE_CURVE('',#461,#459,#6211,.F.);
#6209=EDGE_CURVE('',#459,#463,#6212,.T.);
#6210=EDGE_CURVE('',#463,#461,#6213,.T.);
#6211=LINE('',#460,#6214);
#6212=LINE('',#458,#6215);
#6213=LINE('',#462,#6216);
#6214=VECTOR('',#6217,1.0);
#6215=VECTOR('',#6218,1.0);
#6216=VECTOR('',#6219,1.0);
#6217=DIRECTION('',(0,-0.999999999999991,-1.3435880664149516E-07));
#6218=DIRECTION('',(-0.05738901429472769,1.341373762524322E-07,-0.9983518923897834));
#6219=DIRECTION('',(0.011561812749235057,0.9794959200073705,0.20113196457765345));
#6220=FACE_SURFACE('',(#6225),#6221,.T.);
#6221=PLANE('',#6222);
#6222=AXIS2_PLACEMENT_3D('',#460,#6223,#6224);
#6223=DIRECTION('',(0.9983518923897914,7.710723143119671E-09,-0.057389014294744974));
#6224=DIRECTION('',(-0.011561812749235057,-0.9794959200073705,-0.20113196457765345));
#6225=FACE_BOUND('',#6226,.T.);
#6226=EDGE_LOOP('',(#6227,#6228,#6229));
#6227=ORIENTED_EDGE('',*,*,#6230,.T.);
#6228=ORIENTED_EDGE('',*,*,#6231,.T.);
#6229=ORIENTED_EDGE('',*,*,#6232,.T.);
#6230=EDGE_CURVE('',#461,#463,#6233,.F.);
#6231=EDGE_CURVE('',#463,#465,#6234,.T.);
#6232=EDGE_CURVE('',#465,#461,#6235,.T.);
#6233=LINE('',#460,#6236);
#6234=LINE('',#462,#6237);
#6235=LINE('',#464,#6238);
#6236=VECTOR('',#6239,1.0);
#6237=VECTOR('',#6240,1.0);
#6238=VECTOR('',#6241,1.0);
#6239=DIRECTION('',(-0.011561812749235057,-0.9794959200073705,-0.20113196457765345));
#6240=DIRECTION('',(0,0.9999999999999909,1.3435887054242695E-07));
#6241=DIRECTION('',(0.057389014294745494,-1.341374539223641E-07,0.9983518923897824));
#6242=FACE_SURFACE('',(#6247),#6243,.T.);
#6243=PLANE('',#6244);
#6244=AXIS2_PLACEMENT_3D('',#464,#6245,#6246);
#6245=DIRECTION('',(0.983874314540152,2.4031590439451564E-08,-0.17886121208396738));
#6246=DIRECTION('',(0,-0.9999999999999909,-1.3435887054242695E-07));
#6247=FACE_BOUND('',#6248,.T.);
#6248=EDGE_LOOP('',(#6249,#6250,#6251));
#6249=ORIENTED_EDGE('',*,*,#6252,.T.);
#6250=ORIENTED_EDGE('',*,*,#6253,.T.);
#6251=ORIENTED_EDGE('',*,*,#6254,.T.);
#6252=EDGE_CURVE('',#465,#463,#6255,.F.);
#6253=EDGE_CURVE('',#463,#467,#6256,.T.);
#6254=EDGE_CURVE('',#467,#465,#6257,.T.);
#6255=LINE('',#464,#6258);
#6256=LINE('',#462,#6259);
#6257=LINE('',#466,#6260);
#6258=VECTOR('',#6261,1.0);
#6259=VECTOR('',#6262,1.0);
#6260=VECTOR('',#6263,1.0);
#6261=DIRECTION('',(0,-0.9999999999999909,-1.3435887054242695E-07));
#6262=DIRECTION('',(-0.178861212083969,1.3219223643343428E-07,-0.983874314540143));
#6263=DIRECTION('',(0.034976228359444916,0.9806937979635462,0.19239630476072908));
#6264=FACE_SURFACE('',(#6269),#6265,.T.);
#6265=PLANE('',#6266);
#6266=AXIS2_PLACEMENT_3D('',#464,#6267,#6268);
#6267=DIRECTION('',(0.9838743145401517,2.403159044344438E-08,-0.17886121208396735));
#6268=DIRECTION('',(-0.034976228359444916,-0.9806937979635462,-0.19239630476072908));
#6269=FACE_BOUND('',#6270,.T.);
#6270=EDGE_LOOP('',(#6271,#6272,#6273));
#6271=ORIENTED_EDGE('',*,*,#6274,.T.);
#6272=ORIENTED_EDGE('',*,*,#6275,.T.);
#6273=ORIENTED_EDGE('',*,*,#6276,.T.);
#6274=EDGE_CURVE('',#465,#467,#6277,.F.);
#6275=EDGE_CURVE('',#467,#469,#6278,.T.);
#6276=EDGE_CURVE('',#469,#465,#6279,.T.);
#6277=LINE('',#464,#6280);
#6278=LINE('',#466,#6281);
#6279=LINE('',#468,#6282);
#6280=VECTOR('',#6283,1.0);
#6281=VECTOR('',#6284,1.0);
#6282=VECTOR('',#6285,1.0);
#6283=DIRECTION('',(-0.034976228359444916,-0.9806937979635462,-0.19239630476072908));
#6284=DIRECTION('',(0,0.9999999999999909,1.3435887054242695E-07));
#6285=DIRECTION('',(0.178861212083969,-1.3219223643343428E-07,0.983874314540143));
#6286=FACE_SURFACE('',(#6291),#6287,.T.);
#6287=PLANE('',#6288);
#6288=AXIS2_PLACEMENT_3D('',#468,#6289,#6290);
#6289=DIRECTION('',(0.9515428898875179,4.131751083312207E-08,-0.3075160625146422));
#6290=DIRECTION('',(0,-0.9999999999999909,-1.3435887054242695E-07));
#6291=FACE_BOUND('',#6292,.T.);
#6292=EDGE_LOOP('',(#6293,#6294,#6295));
#6293=ORIENTED_EDGE('',*,*,#6296,.T.);
#6294=ORIENTED_EDGE('',*,*,#6297,.T.);
#6295=ORIENTED_EDGE('',*,*,#6298,.T.);
#6296=EDGE_CURVE('',#469,#467,#6299,.F.);
#6297=EDGE_CURVE('',#467,#471,#6300,.T.);
#6298=EDGE_CURVE('',#471,#469,#6301,.T.);
#6299=LINE('',#468,#6302);
#6300=LINE('',#466,#6303);
#6301=LINE('',#470,#6304);
#6302=VECTOR('',#6305,1.0);
#6303=VECTOR('',#6306,1.0);
#6304=VECTOR('',#6307,1.0);
#6305=DIRECTION('',(0,-0.9999999999999909,-1.3435887054242695E-07));
#6306=DIRECTION('',(-0.30751606251464497,1.2784824282693092E-07,-0.9515428898875092));
#6307=DIRECTION('',(0.058800984225089746,0.9815485957884793,0.18194724059414907));
#6308=FACE_SURFACE('',(#6313),#6309,.T.);
#6309=PLANE('',#6310);
#6310=AXIS2_PLACEMENT_3D('',#468,#6311,#6312);
#6311=DIRECTION('',(0.9515428898875179,4.131751083439751E-08,-0.3075160625146422));
#6312=DIRECTION('',(-0.058800984225089746,-0.9815485957884793,-0.18194724059414907));
#6313=FACE_BOUND('',#6314,.T.);
#6314=EDGE_LOOP('',(#6315,#6316,#6317));
#6315=ORIENTED_EDGE('',*,*,#6318,.T.);
#6316=ORIENTED_EDGE('',*,*,#6319,.T.);
#6317=ORIENTED_EDGE('',*,*,#6320,.T.);
#6318=EDGE_CURVE('',#469,#471,#6321,.F.);
#6319=EDGE_CURVE('',#471,#473,#6322,.T.);
#6320=EDGE_CURVE('',#473,#469,#6323,.T.);
#6321=LINE('',#468,#6324);
#6322=LINE('',#470,#6325);
#6323=LINE('',#472,#6326);
#6324=VECTOR('',#6327,1.0);
#6325=VECTOR('',#6328,1.0);
#6326=VECTOR('',#6329,1.0);
#6327=DIRECTION('',(-0.058800984225089746,-0.9815485957884793,-0.18194724059414907));
#6328=DIRECTION('',(0,0.999999999999991,1.3435887054242912E-07));
#6329=DIRECTION('',(0.30751606251464497,-1.2784816082157063E-07,0.9515428898875092));
#6330=FACE_SURFACE('',(#6335),#6331,.T.);
#6331=PLANE('',#6332);
#6332=AXIS2_PLACEMENT_3D('',#472,#6333,#6334);
#6333=DIRECTION('',(0.8983787740071582,5.9013312665119116E-08,-0.43922155959537335));
#6334=DIRECTION('',(0,-0.999999999999991,-1.3435887054242912E-07));
#6335=FACE_BOUND('',#6336,.T.);
#6336=EDGE_LOOP('',(#6337,#6338,#6339));
#6337=ORIENTED_EDGE('',*,*,#6340,.T.);
#6338=ORIENTED_EDGE('',*,*,#6341,.T.);
#6339=ORIENTED_EDGE('',*,*,#6342,.T.);
#6340=EDGE_CURVE('',#473,#471,#6343,.F.);
#6341=EDGE_CURVE('',#471,#475,#6344,.T.);
#6342=EDGE_CURVE('',#475,#473,#6345,.T.);
#6343=LINE('',#472,#6346);
#6344=LINE('',#470,#6347);
#6345=LINE('',#474,#6348);
#6346=VECTOR('',#6349,1.0);
#6347=VECTOR('',#6350,1.0);
#6348=VECTOR('',#6351,1.0);
#6349=DIRECTION('',(0,-0.999999999999991,-1.3435887054242912E-07));
#6350=DIRECTION('',(-0.4392215595953773,1.20705139723176E-07,-0.8983787740071499));
#6351=DIRECTION('',(0.08300518221456157,0.9819804352452433,0.16977798597312424));
#6352=FACE_SURFACE('',(#6357),#6353,.T.);
#6353=PLANE('',#6354);
#6354=AXIS2_PLACEMENT_3D('',#472,#6355,#6356);
#6355=DIRECTION('',(0.8983787740071582,5.9013312663525913E-08,-0.43922155959537335));
#6356=DIRECTION('',(-0.08300518221456157,-0.9819804352452433,-0.16977798597312424));
#6357=FACE_BOUND('',#6358,.T.);
#6358=EDGE_LOOP('',(#6359,#6360,#6361));
#6359=ORIENTED_EDGE('',*,*,#6362,.T.);
#6360=ORIENTED_EDGE('',*,*,#6363,.T.);
#6361=ORIENTED_EDGE('',*,*,#6364,.T.);
#6362=EDGE_CURVE('',#473,#475,#6365,.F.);
#6363=EDGE_CURVE('',#475,#477,#6366,.T.);
#6364=EDGE_CURVE('',#477,#473,#6367,.T.);
#6365=LINE('',#472,#6368);
#6366=LINE('',#474,#6369);
#6367=LINE('',#476,#6370);
#6368=VECTOR('',#6371,1.0);
#6369=VECTOR('',#6372,1.0);
#6370=VECTOR('',#6373,1.0);
#6371=DIRECTION('',(-0.08300518221456157,-0.9819804352452433,-0.16977798597312424));
#6372=DIRECTION('',(0,0.999999999999991,1.3435887054242912E-07));
#6373=DIRECTION('',(0.4392215595953773,-1.20705139723176E-07,0.8983787740071499));
#6374=FACE_SURFACE('',(#6379),#6375,.T.);
#6375=PLANE('',#6376);
#6376=AXIS2_PLACEMENT_3D('',#476,#6377,#6378);
#6377=DIRECTION('',(0.8231152443887917,7.629895829502224E-08,-0.5678743650269608));
#6378=DIRECTION('',(0,-0.999999999999991,-1.3435887054242912E-07));
#6379=FACE_BOUND('',#6380,.T.);
#6380=EDGE_LOOP('',(#6381,#6382,#6383));
#6381=ORIENTED_EDGE('',*,*,#6384,.T.);
#6382=ORIENTED_EDGE('',*,*,#6385,.T.);
#6383=ORIENTED_EDGE('',*,*,#6386,.T.);
#6384=EDGE_CURVE('',#477,#475,#6387,.F.);
#6385=EDGE_CURVE('',#475,#479,#6388,.T.);
#6386=EDGE_CURVE('',#479,#477,#6389,.T.);
#6387=LINE('',#476,#6390);
#6388=LINE('',#474,#6391);
#6389=LINE('',#478,#6392);
#6390=VECTOR('',#6393,1.0);
#6391=VECTOR('',#6394,1.0);
#6392=VECTOR('',#6395,1.0);
#6393=DIRECTION('',(0,-0.999999999999991,-1.3435887054242912E-07));
#6394=DIRECTION('',(-0.567874365026966,1.1059275152247283E-07,-0.8231152443887843));
#6395=DIRECTION('',(0.107548655053238,0.981902286938862,0.1558883757708461));
#6396=FACE_SURFACE('',(#6401),#6397,.T.);
#6397=PLANE('',#6398);
#6398=AXIS2_PLACEMENT_3D('',#476,#6399,#6400);
#6399=DIRECTION('',(0.8231152443887917,7.629895830076807E-08,-0.5678743650269608));
#6400=DIRECTION('',(-0.107548655053238,-0.981902286938862,-0.1558883757708461));
#6401=FACE_BOUND('',#6402,.T.);
#6402=EDGE_LOOP('',(#6403,#6404,#6405));
#6403=ORIENTED_EDGE('',*,*,#6406,.T.);
#6404=ORIENTED_EDGE('',*,*,#6407,.T.);
#6405=ORIENTED_EDGE('',*,*,#6408,.T.);
#6406=EDGE_CURVE('',#477,#479,#6409,.F.);
#6407=EDGE_CURVE('',#479,#481,#6410,.T.);
#6408=EDGE_CURVE('',#481,#477,#6411,.T.);
#6409=LINE('',#476,#6412);
#6410=LINE('',#478,#6413);
#6411=LINE('',#480,#6414);
#6412=VECTOR('',#6415,1.0);
#6413=VECTOR('',#6416,1.0);
#6414=VECTOR('',#6417,1.0);
#6415=DIRECTION('',(-0.107548655053238,-0.981902286938862,-0.1558883757708461));
#6416=DIRECTION('',(0,0.9999999999999909,1.3435887054242695E-07));
#6417=DIRECTION('',(0.567874365026966,-1.105928343477267E-07,0.8231152443887843));
#6418=FACE_SURFACE('',(#6423),#6419,.T.);
#6419=PLANE('',#6420);
#6420=AXIS2_PLACEMENT_3D('',#480,#6421,#6422);
#6421=DIRECTION('',(0.7273053069389078,9.221238209020099E-08,-0.6863140611254388));
#6422=DIRECTION('',(0,-0.9999999999999909,-1.3435887054242695E-07));
#6423=FACE_BOUND('',#6424,.T.);
#6424=EDGE_LOOP('',(#6425,#6426,#6427));
#6425=ORIENTED_EDGE('',*,*,#6428,.T.);
#6426=ORIENTED_EDGE('',*,*,#6429,.T.);
#6427=ORIENTED_EDGE('',*,*,#6430,.T.);
#6428=EDGE_CURVE('',#481,#479,#6431,.F.);
#6429=EDGE_CURVE('',#479,#483,#6432,.T.);
#6430=EDGE_CURVE('',#483,#481,#6433,.T.);
#6431=LINE('',#480,#6434);
#6432=LINE('',#478,#6435);
#6433=LINE('',#482,#6436);
#6434=VECTOR('',#6437,1.0);
#6435=VECTOR('',#6438,1.0);
#6436=VECTOR('',#6439,1.0);
#6437=DIRECTION('',(0,-0.9999999999999909,-1.3435887054242695E-07));
#6438=DIRECTION('',(-0.686314061125445,9.771991428286503E-08,-0.7273053069389012));
#6439=DIRECTION('',(0.13238034349251207,0.9812211632242203,0.14028711094648968));
#6440=FACE_SURFACE('',(#6445),#6441,.T.);
#6441=PLANE('',#6442);
#6442=AXIS2_PLACEMENT_3D('',#480,#6443,#6444);
#6443=DIRECTION('',(0.7273053069389077,9.221238208124543E-08,-0.6863140611254388));
#6444=DIRECTION('',(-0.13238034349251207,-0.9812211632242203,-0.14028711094648968));
#6445=FACE_BOUND('',#6446,.T.);
#6446=EDGE_LOOP('',(#6447,#6448,#6449));
#6447=ORIENTED_EDGE('',*,*,#6450,.T.);
#6448=ORIENTED_EDGE('',*,*,#6451,.T.);
#6449=ORIENTED_EDGE('',*,*,#6452,.T.);
#6450=EDGE_CURVE('',#481,#483,#6453,.F.);
#6451=EDGE_CURVE('',#483,#485,#6454,.T.);
#6452=EDGE_CURVE('',#485,#481,#6455,.T.);
#6453=LINE('',#480,#6456);
#6454=LINE('',#482,#6457);
#6455=LINE('',#484,#6458);
#6456=VECTOR('',#6459,1.0);
#6457=VECTOR('',#6460,1.0);
#6458=VECTOR('',#6461,1.0);
#6459=DIRECTION('',(-0.13238034349251207,-0.9812211632242203,-0.14028711094648968));
#6460=DIRECTION('',(0,0.9999999999999909,1.3435887054242695E-07));
#6461=DIRECTION('',(0.686314061125445,-9.771991428286503E-08,0.7273053069389012));
#6462=FACE_SURFACE('',(#6467),#6463,.T.);
#6463=PLANE('',#6464);
#6464=AXIS2_PLACEMENT_3D('',#484,#6465,#6466);
#6465=DIRECTION('',(0.6156295753056272,1.0587958331995852E-07,-0.7880356755940696));
#6466=DIRECTION('',(0,-0.9999999999999909,-1.3435887054242695E-07));
#6467=FACE_BOUND('',#6468,.T.);
#6468=EDGE_LOOP('',(#6469,#6470,#6471));
#6469=ORIENTED_EDGE('',*,*,#6472,.T.);
#6470=ORIENTED_EDGE('',*,*,#6473,.T.);
#6471=ORIENTED_EDGE('',*,*,#6474,.T.);
#6472=EDGE_CURVE('',#485,#483,#6475,.F.);
#6473=EDGE_CURVE('',#483,#487,#6476,.T.);
#6474=EDGE_CURVE('',#487,#485,#6477,.T.);
#6475=LINE('',#484,#6478);
#6476=LINE('',#482,#6479);
#6477=LINE('',#486,#6480);
#6478=VECTOR('',#6481,1.0);
#6479=VECTOR('',#6482,1.0);
#6480=VECTOR('',#6483,1.0);
#6481=DIRECTION('',(0,-0.9999999999999909,-1.3435887054242695E-07));
#6482=DIRECTION('',(-0.7880356755940767,8.271533176247913E-08,-0.6156295753056218));
#6483=DIRECTION('',(0.1574380183708216,0.9798396622604988,0.12299392925140941));
#6484=FACE_SURFACE('',(#6489),#6485,.T.);
#6485=PLANE('',#6486);
#6486=AXIS2_PLACEMENT_3D('',#484,#6487,#6488);
#6487=DIRECTION('',(0.6156295753056275,1.0587958331819654E-07,-0.7880356755940696));
#6488=DIRECTION('',(-0.1574380183708216,-0.9798396622604988,-0.12299392925140941));
#6489=FACE_BOUND('',#6490,.T.);
#6490=EDGE_LOOP('',(#6491,#6492,#6493));
#6491=ORIENTED_EDGE('',*,*,#6494,.T.);
#6492=ORIENTED_EDGE('',*,*,#6495,.T.);
#6493=ORIENTED_EDGE('',*,*,#6496,.T.);
#6494=EDGE_CURVE('',#485,#487,#6497,.F.);
#6495=EDGE_CURVE('',#487,#489,#6498,.T.);
#6496=EDGE_CURVE('',#489,#485,#6499,.T.);
#6497=LINE('',#484,#6500);
#6498=LINE('',#486,#6501);
#6499=LINE('',#488,#6502);
#6500=VECTOR('',#6503,1.0);
#6501=VECTOR('',#6504,1.0);
#6502=VECTOR('',#6505,1.0);
#6503=DIRECTION('',(-0.1574380183708216,-0.9798396622604988,-0.12299392925140941));
#6504=DIRECTION('',(0,0.999999999999991,1.3435887054242912E-07));
#6505=DIRECTION('',(0.7880356755940767,-8.271525341256929E-08,0.6156295753056218));
#6506=FACE_SURFACE('',(#6511),#6507,.T.);
#6507=PLANE('',#6508);
#6508=AXIS2_PLACEMENT_3D('',#488,#6509,#6510);
#6509=DIRECTION('',(0.4949610129113228,1.1674646261982973E-07,-0.8689151832588632));
#6510=DIRECTION('',(0,-0.999999999999991,-1.3435887054242912E-07));
#6511=FACE_BOUND('',#6512,.T.);
#6512=EDGE_LOOP('',(#6513,#6514,#6515));
#6513=ORIENTED_EDGE('',*,*,#6516,.T.);
#6514=ORIENTED_EDGE('',*,*,#6517,.T.);
#6515=ORIENTED_EDGE('',*,*,#6518,.T.);
#6516=EDGE_CURVE('',#489,#487,#6519,.F.);
#6517=EDGE_CURVE('',#487,#491,#6520,.T.);
#6518=EDGE_CURVE('',#491,#489,#6521,.T.);
#6519=LINE('',#488,#6522);
#6520=LINE('',#486,#6523);
#6521=LINE('',#490,#6524);
#6522=VECTOR('',#6525,1.0);
#6523=VECTOR('',#6526,1.0);
#6524=VECTOR('',#6527,1.0);
#6525=DIRECTION('',(0,-0.999999999999991,-1.3435887054242912E-07));
#6526=DIRECTION('',(-0.868915183258871,6.65023746563874E-08,-0.4949610129113183));
#6527=DIRECTION('',(0.18264739311147862,0.9776580408649184,0.10404174605296933));
#6528=FACE_SURFACE('',(#6533),#6529,.T.);
#6529=PLANE('',#6530);
#6530=AXIS2_PLACEMENT_3D('',#488,#6531,#6532);
#6531=DIRECTION('',(0.4949610129113228,1.167464626134431E-07,-0.8689151832588632));
#6532=DIRECTION('',(-0.18264739311147862,-0.9776580408649184,-0.10404174605296933));
#6533=FACE_BOUND('',#6534,.T.);
#6534=EDGE_LOOP('',(#6535,#6536,#6537));
#6535=ORIENTED_EDGE('',*,*,#6538,.T.);
#6536=ORIENTED_EDGE('',*,*,#6539,.T.);
#6537=ORIENTED_EDGE('',*,*,#6540,.T.);
#6538=EDGE_CURVE('',#489,#491,#6541,.F.);
#6539=EDGE_CURVE('',#491,#493,#6542,.T.);
#6540=EDGE_CURVE('',#493,#489,#6543,.T.);
#6541=LINE('',#488,#6544);
#6542=LINE('',#490,#6545);
#6543=LINE('',#492,#6546);
#6544=VECTOR('',#6547,1.0);
#6545=VECTOR('',#6548,1.0);
#6546=VECTOR('',#6549,1.0);
#6547=DIRECTION('',(-0.18264739311147862,-0.9776580408649184,-0.10404174605296933));
#6548=DIRECTION('',(0,0.999999999999991,1.3435887054242912E-07));
#6549=DIRECTION('',(0.868915183258871,-6.65023746563874E-08,0.4949610129113183));
#6550=FACE_SURFACE('',(#6555),#6551,.T.);
#6551=PLANE('',#6552);
#6552=AXIS2_PLACEMENT_3D('',#492,#6553,#6554);
#6553=DIRECTION('',(0.3725827795650374,1.2468489231912807E-07,-0.9279989614065175));
#6554=DIRECTION('',(0,-0.999999999999991,-1.3435887054242912E-07));
#6555=FACE_BOUND('',#6556,.T.);
#6556=EDGE_LOOP('',(#6557,#6558,#6559));
#6557=ORIENTED_EDGE('',*,*,#6560,.T.);
#6558=ORIENTED_EDGE('',*,*,#6561,.T.);
#6559=ORIENTED_EDGE('',*,*,#6562,.T.);
#6560=EDGE_CURVE('',#493,#491,#6563,.F.);
#6561=EDGE_CURVE('',#491,#495,#6564,.T.);
#6562=EDGE_CURVE('',#495,#493,#6565,.T.);
#6563=LINE('',#492,#6566);
#6564=LINE('',#490,#6567);
#6565=LINE('',#494,#6568);
#6566=VECTOR('',#6569,1.0);
#6567=VECTOR('',#6570,1.0);
#6568=VECTOR('',#6571,1.0);
#6569=DIRECTION('',(0,-0.999999999999991,-1.3435887054242912E-07));
#6570=DIRECTION('',(-0.9279989614065258,5.005975795049519E-08,-0.37258277956503405));
#6571=DIRECTION('',(0.20792175627098322,0.9745767505072596,0.08347874364112441));
#6572=FACE_SURFACE('',(#6577),#6573,.T.);
#6573=PLANE('',#6574);
#6574=AXIS2_PLACEMENT_3D('',#492,#6575,#6576);
#6575=DIRECTION('',(0.37258277956503744,1.246848923191846E-07,-0.9279989614065176));
#6576=DIRECTION('',(-0.20792175627098322,-0.9745767505072596,-0.08347874364112441));
#6577=FACE_BOUND('',#6578,.T.);
#6578=EDGE_LOOP('',(#6579,#6580,#6581));
#6579=ORIENTED_EDGE('',*,*,#6582,.T.);
#6580=ORIENTED_EDGE('',*,*,#6583,.T.);
#6581=ORIENTED_EDGE('',*,*,#6584,.T.);
#6582=EDGE_CURVE('',#493,#495,#6585,.F.);
#6583=EDGE_CURVE('',#495,#497,#6586,.T.);
#6584=EDGE_CURVE('',#497,#493,#6587,.T.);
#6585=LINE('',#492,#6588);
#6586=LINE('',#494,#6589);
#6587=LINE('',#496,#6590);
#6588=VECTOR('',#6591,1.0);
#6589=VECTOR('',#6592,1.0);
#6590=VECTOR('',#6593,1.0);
#6591=DIRECTION('',(-0.20792175627098322,-0.9745767505072596,-0.08347874364112441));
#6592=DIRECTION('',(0,0.9999999999999909,1.3435887054242695E-07));
#6593=DIRECTION('',(0.9279989614065258,-5.005982743865667E-08,0.37258277956503405));
#6594=FACE_SURFACE('',(#6599),#6595,.T.);
#6595=PLANE('',#6596);
#6596=AXIS2_PLACEMENT_3D('',#496,#6597,#6598);
#6597=DIRECTION('',(0.254537297279613,1.2993348674958556E-07,-0.9670629577714023));
#6598=DIRECTION('',(0,-0.9999999999999909,-1.3435887054242695E-07));
#6599=FACE_BOUND('',#6600,.T.);
#6600=EDGE_LOOP('',(#6601,#6602,#6603));
#6601=ORIENTED_EDGE('',*,*,#6604,.T.);
#6602=ORIENTED_EDGE('',*,*,#6605,.T.);
#6603=ORIENTED_EDGE('',*,*,#6606,.T.);
#6604=EDGE_CURVE('',#497,#495,#6607,.F.);
#6605=EDGE_CURVE('',#495,#499,#6608,.T.);
#6606=EDGE_CURVE('',#499,#497,#6609,.T.);
#6607=LINE('',#496,#6610);
#6608=LINE('',#494,#6611);
#6609=LINE('',#498,#6612);
#6610=VECTOR('',#6613,1.0);
#6611=VECTOR('',#6614,1.0);
#6612=VECTOR('',#6615,1.0);
#6613=DIRECTION('',(0,-0.9999999999999909,-1.3435887054242695E-07));
#6614=DIRECTION('',(-0.967062957771411,3.419939856607821E-08,-0.25453729727961066));
#6615=DIRECTION('',(0.23316302425505442,0.9704992051083049,0.061370163796302786));
#6616=FACE_SURFACE('',(#6621),#6617,.T.);
#6617=PLANE('',#6618);
#6618=AXIS2_PLACEMENT_3D('',#496,#6619,#6620);
#6619=DIRECTION('',(0.254537297279613,1.2993348675432886E-07,-0.9670629577714024));
#6620=DIRECTION('',(-0.23316302425505442,-0.9704992051083049,-0.061370163796302786));
#6621=FACE_BOUND('',#6622,.T.);
#6622=EDGE_LOOP('',(#6623,#6624,#6625));
#6623=ORIENTED_EDGE('',*,*,#6626,.T.);
#6624=ORIENTED_EDGE('',*,*,#6627,.T.);
#6625=ORIENTED_EDGE('',*,*,#6628,.T.);
#6626=EDGE_CURVE('',#497,#499,#6629,.F.);
#6627=EDGE_CURVE('',#499,#501,#6630,.T.);
#6628=EDGE_CURVE('',#501,#497,#6631,.T.);
#6629=LINE('',#496,#6632);
#6630=LINE('',#498,#6633);
#6631=LINE('',#500,#6634);
#6632=VECTOR('',#6635,1.0);
#6633=VECTOR('',#6636,1.0);
#6634=VECTOR('',#6637,1.0);
#6635=DIRECTION('',(-0.23316302425505442,-0.9704992051083049,-0.061370163796302786));
#6636=DIRECTION('',(0,0.999999999999991,1.3435887054242912E-07));
#6637=DIRECTION('',(0.967062957771411,-3.419933426215491E-08,0.25453729727961066));
#6638=FACE_SURFACE('',(#6643),#6639,.T.);
#6639=PLANE('',#6640);
#6640=AXIS2_PLACEMENT_3D('',#502,#6641,#6642);
#6641=DIRECTION('',(0.14481879374884954,1.329424853474236E-07,-0.9894581936479735));
#6642=DIRECTION('',(0.9894581936479824,-1.9457640816309304E-08,0.1448187937488482));
#6643=FACE_BOUND('',#6644,.T.);
#6644=EDGE_LOOP('',(#6645,#6646,#6647));
#6645=ORIENTED_EDGE('',*,*,#6648,.T.);
#6646=ORIENTED_EDGE('',*,*,#6649,.T.);
#6647=ORIENTED_EDGE('',*,*,#6650,.T.);
#6648=EDGE_CURVE('',#503,#501,#6651,.F.);
#6649=EDGE_CURVE('',#501,#499,#6652,.T.);
#6650=EDGE_CURVE('',#499,#503,#6653,.T.);
#6651=LINE('',#502,#6654);
#6652=LINE('',#500,#6655);
#6653=LINE('',#498,#6656);
#6654=VECTOR('',#6657,1.0);
#6655=VECTOR('',#6658,1.0);
#6656=VECTOR('',#6659,1.0);
#6657=DIRECTION('',(0.9894581936479824,-1.9457640816309304E-08,0.1448187937488482));
#6658=DIRECTION('',(0,-0.999999999999991,-1.3435887054242912E-07));
#6659=DIRECTION('',(-0.12052734196088948,0.9925532601337057,-0.01764045458017984));
#6660=FACE_SURFACE('',(#6665),#6661,.T.);
#6661=PLANE('',#6662);
#6662=AXIS2_PLACEMENT_3D('',#498,#6663,#6664);
#6663=DIRECTION('',(0.14481878293997966,1.3294248556058013E-07,-0.9894581952299781));
#6664=DIRECTION('',(-0.989458195229987,1.9457684246244587E-08,-0.14481878293997835));
#6665=FACE_BOUND('',#6666,.T.);
#6666=EDGE_LOOP('',(#6667,#6668,#6669));
#6667=ORIENTED_EDGE('',*,*,#6670,.T.);
#6668=ORIENTED_EDGE('',*,*,#6671,.T.);
#6669=ORIENTED_EDGE('',*,*,#6672,.T.);
#6670=EDGE_CURVE('',#499,#505,#6673,.F.);
#6671=EDGE_CURVE('',#505,#507,#6674,.T.);
#6672=EDGE_CURVE('',#507,#499,#6675,.T.);
#6673=LINE('',#498,#6676);
#6674=LINE('',#504,#6677);
#6675=LINE('',#506,#6678);
#6676=VECTOR('',#6679,1.0);
#6677=VECTOR('',#6680,1.0);
#6678=VECTOR('',#6681,1.0);
#6679=DIRECTION('',(-0.989458195229987,1.9457684246244587E-08,-0.14481878293997835));
#6680=DIRECTION('',(0,0.999999999999991,1.3435887054242912E-07));
#6681=DIRECTION('',(0.2582618744015105,-0.9653351753332211,0.03779951712651586));
#6682=FACE_SURFACE('',(#6687),#6683,.T.);
#6683=PLANE('',#6684);
#6684=AXIS2_PLACEMENT_3D('',#498,#6685,#6686);
#6685=DIRECTION('',(0.14481877395641082,1.3048757237767185E-07,-0.9894581965448287));
#6686=DIRECTION('',(-0.2582618744015105,0.9653351753332211,-0.03779951712651586));
#6687=FACE_BOUND('',#6688,.T.);
#6688=EDGE_LOOP('',(#6689,#6690,#6691));
#6689=ORIENTED_EDGE('',*,*,#6692,.T.);
#6690=ORIENTED_EDGE('',*,*,#6693,.T.);
#6691=ORIENTED_EDGE('',*,*,#6694,.T.);
#6692=EDGE_CURVE('',#499,#507,#6695,.F.);
#6693=EDGE_CURVE('',#507,#503,#6696,.T.);
#6694=EDGE_CURVE('',#503,#499,#6697,.T.);
#6695=LINE('',#498,#6698);
#6696=LINE('',#506,#6699);
#6697=LINE('',#502,#6700);
#6698=VECTOR('',#6701,1.0);
#6699=VECTOR('',#6702,1.0);
#6700=VECTOR('',#6703,1.0);
#6701=DIRECTION('',(-0.2582618744015105,0.9653351753332211,-0.03779951712651586));
#6702=DIRECTION('',(0.9894581965448372,-1.945772034213782E-08,0.1448187739564095));
#6703=DIRECTION('',(0.12052734196088948,-0.9925532601337057,0.01764045458017984));
#6704=FACE_SURFACE('',(#6709),#6705,.T.);
#6705=PLANE('',#6706);
#6706=AXIS2_PLACEMENT_3D('',#508,#6707,#6708);
#6707=DIRECTION('',(0.045416044868966735,1.3422023356238053E-07,-0.9989681590863855));
#6708=DIRECTION('',(0.9989681590863945,-6.102108108897772E-09,0.04541604486896633));
#6709=FACE_BOUND('',#6710,.T.);
#6710=EDGE_LOOP('',(#6711,#6712,#6713));
#6711=ORIENTED_EDGE('',*,*,#6714,.T.);
#6712=ORIENTED_EDGE('',*,*,#6715,.T.);
#6713=ORIENTED_EDGE('',*,*,#6716,.T.);
#6714=EDGE_CURVE('',#509,#507,#6717,.F.);
#6715=EDGE_CURVE('',#507,#505,#6718,.T.);
#6716=EDGE_CURVE('',#505,#509,#6719,.T.);
#6717=LINE('',#508,#6720);
#6718=LINE('',#506,#6721);
#6719=LINE('',#504,#6722);
#6720=VECTOR('',#6723,1.0);
#6721=VECTOR('',#6724,1.0);
#6722=VECTOR('',#6725,1.0);
#6723=DIRECTION('',(0.9989681590863945,-6.102108108897772E-09,0.04541604486896633));
#6724=DIRECTION('',(0,-0.999999999999991,-1.3435887054242912E-07));
#6725=DIRECTION('',(-0.13279966116594474,0.9911245131756415,-0.0060373319072034));
#6726=FACE_SURFACE('',(#6731),#6727,.T.);
#6727=PLANE('',#6728);
#6728=AXIS2_PLACEMENT_3D('',#504,#6729,#6730);
#6729=DIRECTION('',(0.04541598800634826,1.3422023391182792E-07,-0.9989681616715266));
#6730=DIRECTION('',(-0.9989681616715358,6.1020203993641294E-09,-0.045415988006347864));
#6731=FACE_BOUND('',#6732,.T.);
#6732=EDGE_LOOP('',(#6733,#6734,#6735));
#6733=ORIENTED_EDGE('',*,*,#6736,.T.);
#6734=ORIENTED_EDGE('',*,*,#6737,.T.);
#6735=ORIENTED_EDGE('',*,*,#6738,.T.);
#6736=EDGE_CURVE('',#505,#511,#6739,.F.);
#6737=EDGE_CURVE('',#511,#513,#6740,.T.);
#6738=EDGE_CURVE('',#513,#505,#6741,.T.);
#6739=LINE('',#504,#6742);
#6740=LINE('',#510,#6743);
#6741=LINE('',#512,#6744);
#6742=VECTOR('',#6745,1.0);
#6743=VECTOR('',#6746,1.0);
#6744=VECTOR('',#6747,1.0);
#6745=DIRECTION('',(-0.9989681616715358,6.1020203993641294E-09,-0.045415988006347864));
#6746=DIRECTION('',(0,0.999999999999991,1.3435887054242912E-07));
#6747=DIRECTION('',(0.2830998123275494,-0.9590040921855064,0.012870409144972771));
#6748=FACE_SURFACE('',(#6753),#6749,.T.);
#6749=PLANE('',#6750);
#6750=AXIS2_PLACEMENT_3D('',#504,#6751,#6752);
#6751=DIRECTION('',(0.0454159407461503,1.2024009923916543E-07,-0.9989681638201128));
#6752=DIRECTION('',(-0.2830998123275494,0.9590040921855064,-0.012870409144972771));
#6753=FACE_BOUND('',#6754,.T.);
#6754=EDGE_LOOP('',(#6755,#6756,#6757));
#6755=ORIENTED_EDGE('',*,*,#6758,.T.);
#6756=ORIENTED_EDGE('',*,*,#6759,.T.);
#6757=ORIENTED_EDGE('',*,*,#6760,.T.);
#6758=EDGE_CURVE('',#505,#513,#6761,.F.);
#6759=EDGE_CURVE('',#513,#509,#6762,.T.);
#6760=EDGE_CURVE('',#509,#505,#6763,.T.);
#6761=LINE('',#504,#6764);
#6762=LINE('',#512,#6765);
#6763=LINE('',#508,#6766);
#6764=VECTOR('',#6767,1.0);
#6765=VECTOR('',#6768,1.0);
#6766=VECTOR('',#6769,1.0);
#6767=DIRECTION('',(-0.2830998123275494,0.9590040921855064,-0.012870409144972771));
#6768=DIRECTION('',(0.9989681638201201,-6.101947501386063E-09,0.045415940746149894));
#6769=DIRECTION('',(0.13279966116594474,-0.9911245131756415,0.0060373319072034));
#6770=FACE_SURFACE('',(#6775),#6771,.T.);
#6771=PLANE('',#6772);
#6772=AXIS2_PLACEMENT_3D('',#512,#6773,#6774);
#6773=DIRECTION('',(0,1.3435887054242912E-07,-0.999999999999991));
#6774=DIRECTION('',(0,-0.999999999999991,-1.3435887054242912E-07));
#6775=FACE_BOUND('',#6776,.T.);
#6776=EDGE_LOOP('',(#6777,#6778,#6779));
#6777=ORIENTED_EDGE('',*,*,#6780,.T.);
#6778=ORIENTED_EDGE('',*,*,#6781,.T.);
#6779=ORIENTED_EDGE('',*,*,#6782,.T.);
#6780=EDGE_CURVE('',#513,#511,#6783,.F.);
#6781=EDGE_CURVE('',#511,#515,#6784,.T.);
#6782=EDGE_CURVE('',#515,#513,#6785,.T.);
#6783=LINE('',#512,#6786);
#6784=LINE('',#510,#6787);
#6785=LINE('',#514,#6788);
#6786=VECTOR('',#6789,1.0);
#6787=VECTOR('',#6790,1.0);
#6788=VECTOR('',#6791,1.0);
#6789=DIRECTION('',(0,-0.999999999999991,-1.3435887054242912E-07));
#6790=DIRECTION('',(-1,0,0));
#6791=DIRECTION('',(0.6239042275163059,0.7815008092684682,1.0500156606130666E-07));
#6792=FACE_SURFACE('',(#6797),#6793,.T.);
#6793=PLANE('',#6794);
#6794=AXIS2_PLACEMENT_3D('',#512,#6795,#6796);
#6795=DIRECTION('',(0,1.3435887054242912E-07,-0.999999999999991));
#6796=DIRECTION('',(-0.6239042275163059,-0.7815008092684682,-1.0500156606130666E-07));
#6797=FACE_BOUND('',#6798,.T.);
#6798=EDGE_LOOP('',(#6799,#6800,#6801));
#6799=ORIENTED_EDGE('',*,*,#6802,.T.);
#6800=ORIENTED_EDGE('',*,*,#6803,.T.);
#6801=ORIENTED_EDGE('',*,*,#6804,.T.);
#6802=EDGE_CURVE('',#513,#515,#6805,.F.);
#6803=EDGE_CURVE('',#515,#517,#6806,.T.);
#6804=EDGE_CURVE('',#517,#513,#6807,.T.);
#6805=LINE('',#512,#6808);
#6806=LINE('',#514,#6809);
#6807=LINE('',#516,#6810);
#6808=VECTOR('',#6811,1.0);
#6809=VECTOR('',#6812,1.0);
#6810=VECTOR('',#6813,1.0);
#6811=DIRECTION('',(-0.6239042275163059,-0.7815008092684682,-1.0500156606130666E-07));
#6812=DIRECTION('',(0,0.999999999999991,1.3435887054242912E-07));
#6813=DIRECTION('',(1,0,0));
#6814=FACE_SURFACE('',(#6819),#6815,.T.);
#6815=PLANE('',#6816);
#6816=AXIS2_PLACEMENT_3D('',#516,#6817,#6818);
#6817=DIRECTION('',(1,0,0));
#6818=DIRECTION('',(0,-0.999999999999991,-1.3435887054242912E-07));
#6819=FACE_BOUND('',#6820,.T.);
#6820=EDGE_LOOP('',(#6821,#6822,#6823));
#6821=ORIENTED_EDGE('',*,*,#6824,.T.);
#6822=ORIENTED_EDGE('',*,*,#6825,.T.);
#6823=ORIENTED_EDGE('',*,*,#6826,.T.);
#6824=EDGE_CURVE('',#517,#515,#6827,.F.);
#6825=EDGE_CURVE('',#515,#519,#6828,.T.);
#6826=EDGE_CURVE('',#519,#517,#6829,.T.);
#6827=LINE('',#516,#6830);
#6828=LINE('',#514,#6831);
#6829=LINE('',#518,#6832);
#6830=VECTOR('',#6833,1.0);
#6831=VECTOR('',#6834,1.0);
#6832=VECTOR('',#6835,1.0);
#6833=DIRECTION('',(0,-0.999999999999991,-1.3435887054242912E-07));
#6834=DIRECTION('',(0,1.3435884920832442E-07,-0.9999999999999909));
#6835=DIRECTION('',(0,0.3974281370878566,0.9176333014068723));
#6836=FACE_SURFACE('',(#6841),#6837,.T.);
#6837=PLANE('',#6838);
#6838=AXIS2_PLACEMENT_3D('',#516,#6839,#6840);
#6839=DIRECTION('',(1,0,0));
#6840=DIRECTION('',(0,-0.3974281370878566,-0.9176333014068723));
#6841=FACE_BOUND('',#6842,.T.);
#6842=EDGE_LOOP('',(#6843,#6844,#6845));
#6843=ORIENTED_EDGE('',*,*,#6846,.T.);
#6844=ORIENTED_EDGE('',*,*,#6847,.T.);
#6845=ORIENTED_EDGE('',*,*,#6848,.T.);
#6846=EDGE_CURVE('',#517,#519,#6849,.F.);
#6847=EDGE_CURVE('',#519,#521,#6850,.T.);
#6848=EDGE_CURVE('',#521,#517,#6851,.T.);
#6849=LINE('',#516,#6852);
#6850=LINE('',#518,#6853);
#6851=LINE('',#520,#6854);
#6852=VECTOR('',#6855,1.0);
#6853=VECTOR('',#6856,1.0);
#6854=VECTOR('',#6857,1.0);
#6855=DIRECTION('',(0,-0.3974281370878566,-0.9176333014068723));
#6856=DIRECTION('',(0,0.999999999999991,1.3435887054242912E-07));
#6857=DIRECTION('',(0,-1.3435884920832442E-07,0.9999999999999909));
#6858=FACE_SURFACE('',(#6863),#6859,.T.);
#6859=PLANE('',#6860);
#6860=AXIS2_PLACEMENT_3D('',#520,#6861,#6862);
#6861=DIRECTION('',(0,1.3435887054242912E-07,-0.9999999999999909));
#6862=DIRECTION('',(0,-0.999999999999991,-1.3435887054242912E-07));
#6863=FACE_BOUND('',#6864,.T.);
#6864=EDGE_LOOP('',(#6865,#6866,#6867));
#6865=ORIENTED_EDGE('',*,*,#6868,.T.);
#6866=ORIENTED_EDGE('',*,*,#6869,.T.);
#6867=ORIENTED_EDGE('',*,*,#6870,.T.);
#6868=EDGE_CURVE('',#521,#519,#6871,.F.);
#6869=EDGE_CURVE('',#519,#523,#6872,.T.);
#6870=EDGE_CURVE('',#523,#521,#6873,.T.);
#6871=LINE('',#520,#6874);
#6872=LINE('',#518,#6875);
#6873=LINE('',#522,#6876);
#6874=VECTOR('',#6877,1.0);
#6875=VECTOR('',#6878,1.0);
#6876=VECTOR('',#6879,1.0);
#6877=DIRECTION('',(0,-0.999999999999991,-1.3435887054242912E-07));
#6878=DIRECTION('',(-1,0,0));
#6879=DIRECTION('',(0.6086149910177479,0.7934656846445569,1.0660915320301888E-07));
#6880=FACE_SURFACE('',(#6885),#6881,.T.);
#6881=PLANE('',#6882);
#6882=AXIS2_PLACEMENT_3D('',#520,#6883,#6884);
#6883=DIRECTION('',(0,1.3435887054242912E-07,-0.9999999999999909));
#6884=DIRECTION('',(-0.6086149910177479,-0.7934656846445569,-1.0660915320301888E-07));
#6885=FACE_BOUND('',#6886,.T.);
#6886=EDGE_LOOP('',(#6887,#6888,#6889));
#6887=ORIENTED_EDGE('',*,*,#6890,.T.);
#6888=ORIENTED_EDGE('',*,*,#6891,.T.);
#6889=ORIENTED_EDGE('',*,*,#6892,.T.);
#6890=EDGE_CURVE('',#521,#523,#6893,.F.);
#6891=EDGE_CURVE('',#523,#525,#6894,.T.);
#6892=EDGE_CURVE('',#525,#521,#6895,.T.);
#6893=LINE('',#520,#6896);
#6894=LINE('',#522,#6897);
#6895=LINE('',#524,#6898);
#6896=VECTOR('',#6899,1.0);
#6897=VECTOR('',#6900,1.0);
#6898=VECTOR('',#6901,1.0);
#6899=DIRECTION('',(-0.6086149910177479,-0.7934656846445569,-1.0660915320301888E-07));
#6900=DIRECTION('',(0,0.999999999999991,1.3435887054242912E-07));
#6901=DIRECTION('',(1,0,0));
#6902=FACE_SURFACE('',(#6907),#6903,.T.);
#6903=PLANE('',#6904);
#6904=AXIS2_PLACEMENT_3D('',#524,#6905,#6906);
#6905=DIRECTION('',(-1,-0,0));
#6906=DIRECTION('',(0,-0.999999999999991,-1.3435887054242912E-07));
#6907=FACE_BOUND('',#6908,.T.);
#6908=EDGE_LOOP('',(#6909,#6910,#6911));
#6909=ORIENTED_EDGE('',*,*,#6912,.T.);
#6910=ORIENTED_EDGE('',*,*,#6913,.T.);
#6911=ORIENTED_EDGE('',*,*,#6914,.T.);
#6912=EDGE_CURVE('',#525,#523,#6915,.F.);
#6913=EDGE_CURVE('',#523,#527,#6916,.T.);
#6914=EDGE_CURVE('',#527,#525,#6917,.T.);
#6915=LINE('',#524,#6918);
#6916=LINE('',#522,#6919);
#6917=LINE('',#526,#6920);
#6918=VECTOR('',#6921,1.0);
#6919=VECTOR('',#6922,1.0);
#6920=VECTOR('',#6923,1.0);
#6921=DIRECTION('',(0,-0.999999999999991,-1.3435887054242912E-07));
#6922=DIRECTION('',(0,-1.3435884845674827E-07,0.999999999999991));
#6923=DIRECTION('',(0,0.18413540197935774,-0.9829008870368876));
#6924=FACE_SURFACE('',(#6929),#6925,.T.);
#6925=PLANE('',#6926);
#6926=AXIS2_PLACEMENT_3D('',#524,#6927,#6928);
#6927=DIRECTION('',(-1,0,0));
#6928=DIRECTION('',(0,-0.18413540197935774,0.9829008870368876));
#6929=FACE_BOUND('',#6930,.T.);
#6930=EDGE_LOOP('',(#6931,#6932,#6933));
#6931=ORIENTED_EDGE('',*,*,#6934,.T.);
#6932=ORIENTED_EDGE('',*,*,#6935,.T.);
#6933=ORIENTED_EDGE('',*,*,#6936,.T.);
#6934=EDGE_CURVE('',#525,#527,#6937,.F.);
#6935=EDGE_CURVE('',#527,#529,#6938,.T.);
#6936=EDGE_CURVE('',#529,#525,#6939,.T.);
#6937=LINE('',#524,#6940);
#6938=LINE('',#526,#6941);
#6939=LINE('',#528,#6942);
#6940=VECTOR('',#6943,1.0);
#6941=VECTOR('',#6944,1.0);
#6942=VECTOR('',#6945,1.0);
#6943=DIRECTION('',(0,-0.18413540197935774,0.9829008870368876));
#6944=DIRECTION('',(0,0.999999999999991,1.3435887054242912E-07));
#6945=DIRECTION('',(0,1.3435884845674827E-07,-0.999999999999991));
#6946=FACE_SURFACE('',(#6951),#6947,.T.);
#6947=PLANE('',#6948);
#6948=AXIS2_PLACEMENT_3D('',#528,#6949,#6950);
#6949=DIRECTION('',(0,-1.3435887054242912E-07,0.9999999999999911));
#6950=DIRECTION('',(0,-0.999999999999991,-1.3435887054242912E-07));
#6951=FACE_BOUND('',#6952,.T.);
#6952=EDGE_LOOP('',(#6953,#6954,#6955));
#6953=ORIENTED_EDGE('',*,*,#6956,.T.);
#6954=ORIENTED_EDGE('',*,*,#6957,.T.);
#6955=ORIENTED_EDGE('',*,*,#6958,.T.);
#6956=EDGE_CURVE('',#529,#527,#6959,.F.);
#6957=EDGE_CURVE('',#527,#531,#6960,.T.);
#6958=EDGE_CURVE('',#531,#529,#6961,.T.);
#6959=LINE('',#528,#6962);
#6960=LINE('',#526,#6963);
#6961=LINE('',#530,#6964);
#6962=VECTOR('',#6965,1.0);
#6963=VECTOR('',#6966,1.0);
#6964=VECTOR('',#6967,1.0);
#6965=DIRECTION('',(0,-0.999999999999991,-1.3435887054242912E-07));
#6966=DIRECTION('',(1,0,0));
#6967=DIRECTION('',(-0.8575552392973269,0.5143918851942553,6.911311271089162E-08));
#6968=FACE_SURFACE('',(#6973),#6969,.T.);
#6969=PLANE('',#6970);
#6970=AXIS2_PLACEMENT_3D('',#528,#6971,#6972);
#6971=DIRECTION('',(0,-1.3435887054242912E-07,0.9999999999999911));
#6972=DIRECTION('',(0.8575552392973269,-0.5143918851942553,-6.911311271089162E-08));
#6973=FACE_BOUND('',#6974,.T.);
#6974=EDGE_LOOP('',(#6975,#6976,#6977));
#6975=ORIENTED_EDGE('',*,*,#6978,.T.);
#6976=ORIENTED_EDGE('',*,*,#6979,.T.);
#6977=ORIENTED_EDGE('',*,*,#6980,.T.);
#6978=EDGE_CURVE('',#529,#531,#6981,.F.);
#6979=EDGE_CURVE('',#531,#533,#6982,.T.);
#6980=EDGE_CURVE('',#533,#529,#6983,.T.);
#6981=LINE('',#528,#6984);
#6982=LINE('',#530,#6985);
#6983=LINE('',#532,#6986);
#6984=VECTOR('',#6987,1.0);
#6985=VECTOR('',#6988,1.0);
#6986=VECTOR('',#6989,1.0);
#6987=DIRECTION('',(0.8575552392973269,-0.5143918851942553,-6.911311271089162E-08));
#6988=DIRECTION('',(0,0.999999999999991,1.3435887054242912E-07));
#6989=DIRECTION('',(-1,0,0));
#6990=FACE_SURFACE('',(#6995),#6991,.T.);
#6991=PLANE('',#6992);
#6992=AXIS2_PLACEMENT_3D('',#532,#6993,#6994);
#6993=DIRECTION('',(0.05037199207788731,-1.3418830537224274E-07,0.9987305254241943));
#6994=DIRECTION('',(0,-0.999999999999991,-1.3435887054242912E-07));
#6995=FACE_BOUND('',#6996,.T.);
#6996=EDGE_LOOP('',(#6997,#6998,#6999));
#6997=ORIENTED_EDGE('',*,*,#7000,.T.);
#6998=ORIENTED_EDGE('',*,*,#7001,.T.);
#6999=ORIENTED_EDGE('',*,*,#7002,.T.);
#7000=EDGE_CURVE('',#533,#531,#7003,.F.);
#7001=EDGE_CURVE('',#531,#535,#7004,.T.);
#7002=EDGE_CURVE('',#535,#533,#7005,.T.);
#7003=LINE('',#532,#7006);
#7004=LINE('',#530,#7007);
#7005=LINE('',#534,#7008);
#7006=VECTOR('',#7009,1.0);
#7007=VECTOR('',#7010,1.0);
#7008=VECTOR('',#7011,1.0);
#7009=DIRECTION('',(0,-0.999999999999991,-1.3435887054242912E-07));
#7010=DIRECTION('',(0.9987305254242033,6.7679094626925305E-09,-0.05037199207788687));
#7011=DIRECTION('',(-0.2681776501819586,0.963274517892202,0.013525942570814678));
#7012=FACE_SURFACE('',(#7017),#7013,.T.);
#7013=PLANE('',#7014);
#7014=AXIS2_PLACEMENT_3D('',#532,#7015,#7016);
#7015=DIRECTION('',(0.050371992078115976,-1.3418824155151158E-07,0.9987305254241828));
#7016=DIRECTION('',(0.2681776501819586,-0.963274517892202,-0.013525942570814678));
#7017=FACE_BOUND('',#7018,.T.);
#7018=EDGE_LOOP('',(#7019,#7020,#7021));
#7019=ORIENTED_EDGE('',*,*,#7022,.T.);
#7020=ORIENTED_EDGE('',*,*,#7023,.T.);
#7021=ORIENTED_EDGE('',*,*,#7024,.T.);
#7022=EDGE_CURVE('',#533,#535,#7025,.F.);
#7023=EDGE_CURVE('',#535,#537,#7026,.T.);
#7024=EDGE_CURVE('',#537,#533,#7027,.T.);
#7025=LINE('',#532,#7028);
#7026=LINE('',#534,#7029);
#7027=LINE('',#536,#7030);
#7028=VECTOR('',#7031,1.0);
#7029=VECTOR('',#7032,1.0);
#7030=VECTOR('',#7033,1.0);
#7031=DIRECTION('',(0.2681776501819586,-0.963274517892202,-0.013525942570814678));
#7032=DIRECTION('',(0,0.999999999999991,1.3435880664149516E-07));
#7033=DIRECTION('',(-0.9987305254241918,-6.767909462692453E-09,0.05037199207811552));
#7034=FACE_SURFACE('',(#7039),#7035,.T.);
#7035=PLANE('',#7036);
#7036=AXIS2_PLACEMENT_3D('',#538,#7037,#7038);
#7037=DIRECTION('',(-0.04554002472322664,-1.3421947521440317E-07,0.9989625148864145));
#7038=DIRECTION('',(-0.9989625148864236,6.118815606823354E-09,-0.045540024723226234));
#7039=FACE_BOUND('',#7040,.T.);
#7040=EDGE_LOOP('',(#7041,#7042,#7043));
#7041=ORIENTED_EDGE('',*,*,#7044,.T.);
#7042=ORIENTED_EDGE('',*,*,#7045,.T.);
#7043=ORIENTED_EDGE('',*,*,#7046,.T.);
#7044=EDGE_CURVE('',#539,#541,#7047,.F.);
#7045=EDGE_CURVE('',#541,#543,#7048,.T.);
#7046=EDGE_CURVE('',#543,#539,#7049,.T.);
#7047=LINE('',#538,#7050);
#7048=LINE('',#540,#7051);
#7049=LINE('',#542,#7052);
#7050=VECTOR('',#7053,1.0);
#7051=VECTOR('',#7054,1.0);
#7052=VECTOR('',#7055,1.0);
#7053=DIRECTION('',(-0.9989625148864236,6.118815606823354E-09,-0.045540024723226234));
#7054=DIRECTION('',(0,-0.9999999999999909,-1.3435887054242695E-07));
#7055=DIRECTION('',(0.06274221839128992,0.9980256671229544,0.002860383736756747));
#7056=FACE_SURFACE('',(#7061),#7057,.T.);
#7057=PLANE('',#7058);
#7058=AXIS2_PLACEMENT_3D('',#542,#7059,#7060);
#7059=DIRECTION('',(-0.04553991395173829,-1.3421947589286709E-07,0.9989625199361837));
#7060=DIRECTION('',(0.9989625199361927,-6.118655197365619E-09,0.04553991395173788));
#7061=FACE_BOUND('',#7062,.T.);
#7062=EDGE_LOOP('',(#7063,#7064,#7065));
#7063=ORIENTED_EDGE('',*,*,#7066,.T.);
#7064=ORIENTED_EDGE('',*,*,#7067,.T.);
#7065=ORIENTED_EDGE('',*,*,#7068,.T.);
#7066=EDGE_CURVE('',#543,#545,#7069,.F.);
#7067=EDGE_CURVE('',#545,#547,#7070,.T.);
#7068=EDGE_CURVE('',#547,#543,#7071,.T.);
#7069=LINE('',#542,#7072);
#7070=LINE('',#544,#7073);
#7071=LINE('',#546,#7074);
#7072=VECTOR('',#7075,1.0);
#7073=VECTOR('',#7076,1.0);
#7074=VECTOR('',#7077,1.0);
#7075=DIRECTION('',(0.9989625199361927,-6.118655197365619E-09,0.04553991395173788));
#7076=DIRECTION('',(0,0.999999999999991,1.3435887054242912E-07));
#7077=DIRECTION('',(-0.1371933013825016,-0.9905245482194173,-0.006254392895339932));
#7078=FACE_SURFACE('',(#7083),#7079,.T.);
#7079=PLANE('',#7080);
#7080=AXIS2_PLACEMENT_3D('',#538,#7081,#7082);
#7081=DIRECTION('',(-0.0455398218859523,-1.469976134323448E-07,0.9989625241332));
#7082=DIRECTION('',(-0.06274221839128992,-0.9980256671229544,-0.002860383736756747));
#7083=FACE_BOUND('',#7084,.T.);
#7084=EDGE_LOOP('',(#7085,#7086,#7087));
#7085=ORIENTED_EDGE('',*,*,#7088,.T.);
#7086=ORIENTED_EDGE('',*,*,#7089,.T.);
#7087=ORIENTED_EDGE('',*,*,#7090,.T.);
#7088=EDGE_CURVE('',#539,#543,#7091,.F.);
#7089=EDGE_CURVE('',#543,#547,#7092,.T.);
#7090=EDGE_CURVE('',#547,#539,#7093,.T.);
#7091=LINE('',#538,#7094);
#7092=LINE('',#542,#7095);
#7093=LINE('',#546,#7096);
#7094=VECTOR('',#7097,1.0);
#7095=VECTOR('',#7098,1.0);
#7096=VECTOR('',#7099,1.0);
#7097=DIRECTION('',(-0.06274221839128992,-0.9980256671229544,-0.002860383736756747));
#7098=DIRECTION('',(0.1371933013825016,0.9905245482194173,0.006254392895339932));
#7099=DIRECTION('',(-0.9989625241332108,6.118732859362689E-09,-0.04553982188595189));
#7100=FACE_SURFACE('',(#7105),#7101,.T.);
#7101=PLANE('',#7102);
#7102=AXIS2_PLACEMENT_3D('',#546,#7103,#7104);
#7103=DIRECTION('',(-0.14342320064189262,-1.3296979463469862E-07,0.9896614499502432));
#7104=DIRECTION('',(0,-0.999999999999991,-1.3435887054242912E-07));
#7105=FACE_BOUND('',#7106,.T.);
#7106=EDGE_LOOP('',(#7107,#7108,#7109));
#7107=ORIENTED_EDGE('',*,*,#7110,.T.);
#7108=ORIENTED_EDGE('',*,*,#7111,.T.);
#7109=ORIENTED_EDGE('',*,*,#7112,.T.);
#7110=EDGE_CURVE('',#547,#545,#7113,.F.);
#7111=EDGE_CURVE('',#545,#549,#7114,.T.);
#7112=EDGE_CURVE('',#549,#547,#7115,.T.);
#7113=LINE('',#546,#7116);
#7114=LINE('',#544,#7117);
#7115=LINE('',#548,#7118);
#7116=VECTOR('',#7119,1.0);
#7117=VECTOR('',#7120,1.0);
#7118=VECTOR('',#7121,1.0);
#7119=DIRECTION('',(0,-0.999999999999991,-1.3435887054242912E-07));
#7120=DIRECTION('',(0.9896614499502522,-1.9270164153666404E-08,0.14342320064189132));
#7121=DIRECTION('',(-0.12836253401701173,0.9915528287736756,-0.018602355002888333));
#7122=FACE_SURFACE('',(#7127),#7123,.T.);
#7123=PLANE('',#7124);
#7124=AXIS2_PLACEMENT_3D('',#546,#7125,#7126);
#7125=DIRECTION('',(-0.14342320064141414,-1.3296973139497335E-07,0.9896614499503125));
#7126=DIRECTION('',(0.12836253401701173,-0.9915528287736756,0.018602355002888333));
#7127=FACE_BOUND('',#7128,.T.);
#7128=EDGE_LOOP('',(#7129,#7130,#7131));
#7129=ORIENTED_EDGE('',*,*,#7132,.T.);
#7130=ORIENTED_EDGE('',*,*,#7133,.T.);
#7131=ORIENTED_EDGE('',*,*,#7134,.T.);
#7132=EDGE_CURVE('',#547,#549,#7135,.F.);
#7133=EDGE_CURVE('',#549,#551,#7136,.T.);
#7134=EDGE_CURVE('',#551,#547,#7137,.T.);
#7135=LINE('',#546,#7138);
#7136=LINE('',#548,#7139);
#7137=LINE('',#550,#7140);
#7138=VECTOR('',#7141,1.0);
#7139=VECTOR('',#7142,1.0);
#7140=VECTOR('',#7143,1.0);
#7141=DIRECTION('',(0.12836253401701173,-0.9915528287736756,0.018602355002888333));
#7142=DIRECTION('',(0,0.999999999999991,1.3435880664149516E-07));
#7143=DIRECTION('',(-0.9896614499503215,1.927016415366775E-08,-0.14342320064141287));
#7144=FACE_SURFACE('',(#7149),#7145,.T.);
#7145=PLANE('',#7146);
#7146=AXIS2_PLACEMENT_3D('',#550,#7147,#7148);
#7147=DIRECTION('',(-0.24996002558110614,-1.3009374178078945E-07,0.9682561570222395));
#7148=DIRECTION('',(0,-0.999999999999991,-1.3435880664149516E-07));
#7149=FACE_BOUND('',#7150,.T.);
#7150=EDGE_LOOP('',(#7151,#7152,#7153));
#7151=ORIENTED_EDGE('',*,*,#7154,.T.);
#7152=ORIENTED_EDGE('',*,*,#7155,.T.);
#7153=ORIENTED_EDGE('',*,*,#7156,.T.);
#7154=EDGE_CURVE('',#551,#549,#7157,.F.);
#7155=EDGE_CURVE('',#549,#553,#7158,.T.);
#7156=EDGE_CURVE('',#553,#551,#7159,.T.);
#7157=LINE('',#550,#7160);
#7158=LINE('',#548,#7161);
#7159=LINE('',#552,#7162);
#7160=VECTOR('',#7163,1.0);
#7161=VECTOR('',#7164,1.0);
#7162=VECTOR('',#7165,1.0);
#7163=DIRECTION('',(0,-0.999999999999991,-1.3435880664149516E-07));
#7164=DIRECTION('',(0.9682561570222483,-3.358442146810506E-08,0.24996002558110386));
#7165=DIRECTION('',(-0.11892803767040122,0.992428096361293,-0.03070171670391655));
#7166=FACE_SURFACE('',(#7171),#7167,.T.);
#7167=PLANE('',#7168);
#7168=AXIS2_PLACEMENT_3D('',#550,#7169,#7170);
#7169=DIRECTION('',(-0.2499600255815902,-1.3009380365053322E-07,0.9682561570221145));
#7170=DIRECTION('',(0.11892803767040122,-0.992428096361293,0.03070171670391655));
#7171=FACE_BOUND('',#7172,.T.);
#7172=EDGE_LOOP('',(#7173,#7174,#7175));
#7173=ORIENTED_EDGE('',*,*,#7176,.T.);
#7174=ORIENTED_EDGE('',*,*,#7177,.T.);
#7175=ORIENTED_EDGE('',*,*,#7178,.T.);
#7176=EDGE_CURVE('',#551,#553,#7179,.F.);
#7177=EDGE_CURVE('',#553,#555,#7180,.T.);
#7178=EDGE_CURVE('',#555,#551,#7181,.T.);
#7179=LINE('',#550,#7182);
#7180=LINE('',#552,#7183);
#7181=LINE('',#554,#7184);
#7182=VECTOR('',#7185,1.0);
#7183=VECTOR('',#7186,1.0);
#7184=VECTOR('',#7187,1.0);
#7185=DIRECTION('',(0.11892803767040122,-0.992428096361293,0.03070171670391655));
#7186=DIRECTION('',(0,0.9999999999999909,1.3435887054242695E-07));
#7187=DIRECTION('',(-0.9682561570221233,3.35842923900858E-08,-0.24996002558158792));
#7188=FACE_SURFACE('',(#7193),#7189,.T.);
#7189=PLANE('',#7190);
#7190=AXIS2_PLACEMENT_3D('',#554,#7191,#7192);
#7191=DIRECTION('',(-0.3639220636434886,-1.2514580249201753E-07,0.9314294023668401));
#7192=DIRECTION('',(0,-0.9999999999999909,-1.3435887054242695E-07));
#7193=FACE_BOUND('',#7194,.T.);
#7194=EDGE_LOOP('',(#7195,#7196,#7197));
#7195=ORIENTED_EDGE('',*,*,#7198,.T.);
#7196=ORIENTED_EDGE('',*,*,#7199,.T.);
#7197=ORIENTED_EDGE('',*,*,#7200,.T.);
#7198=EDGE_CURVE('',#555,#553,#7201,.F.);
#7199=EDGE_CURVE('',#553,#557,#7202,.T.);
#7200=EDGE_CURVE('',#557,#555,#7203,.T.);
#7201=LINE('',#554,#7204);
#7202=LINE('',#552,#7205);
#7203=LINE('',#556,#7206);
#7204=VECTOR('',#7207,1.0);
#7205=VECTOR('',#7208,1.0);
#7206=VECTOR('',#7209,1.0);
#7207=DIRECTION('',(0,-0.9999999999999909,-1.3435887054242695E-07));
#7208=DIRECTION('',(0.9314294023668486,-4.889612946353674E-08,0.36392206364348534));
#7209=DIRECTION('',(-0.10889234831847192,0.9931426534641807,-0.042545579650707745));
#7210=FACE_SURFACE('',(#7215),#7211,.T.);
#7211=PLANE('',#7212);
#7212=AXIS2_PLACEMENT_3D('',#554,#7213,#7214);
#7213=DIRECTION('',(-0.36392206364301766,-1.251457429721822E-07,0.9314294023670242));
#7214=DIRECTION('',(0.10889234831847192,-0.9931426534641807,0.042545579650707745));
#7215=FACE_BOUND('',#7216,.T.);
#7216=EDGE_LOOP('',(#7217,#7218,#7219));
#7217=ORIENTED_EDGE('',*,*,#7220,.T.);
#7218=ORIENTED_EDGE('',*,*,#7221,.T.);
#7219=ORIENTED_EDGE('',*,*,#7222,.T.);
#7220=EDGE_CURVE('',#555,#557,#7223,.F.);
#7221=EDGE_CURVE('',#557,#559,#7224,.T.);
#7222=EDGE_CURVE('',#559,#555,#7225,.T.);
#7223=LINE('',#554,#7226);
#7224=LINE('',#556,#7227);
#7225=LINE('',#558,#7228);
#7226=VECTOR('',#7229,1.0);
#7227=VECTOR('',#7230,1.0);
#7228=VECTOR('',#7231,1.0);
#7229=DIRECTION('',(0.10889234831847192,-0.9931426534641807,0.042545579650707745));
#7230=DIRECTION('',(0,0.9999999999999909,1.34358806641493E-07));
#7231=DIRECTION('',(-0.9314294023670326,4.88961294635464E-08,-0.3639220636430144));
#7232=FACE_SURFACE('',(#7237),#7233,.T.);
#7233=PLANE('',#7234);
#7234=AXIS2_PLACEMENT_3D('',#558,#7235,#7236);
#7235=DIRECTION('',(-0.4825023525930491,-1.1768416312698647E-07,0.8758946738861694));
#7236=DIRECTION('',(0,-0.9999999999999909,-1.34358806641493E-07));
#7237=FACE_BOUND('',#7238,.T.);
#7238=EDGE_LOOP('',(#7239,#7240,#7241));
#7239=ORIENTED_EDGE('',*,*,#7242,.T.);
#7240=ORIENTED_EDGE('',*,*,#7243,.T.);
#7241=ORIENTED_EDGE('',*,*,#7244,.T.);
#7242=EDGE_CURVE('',#559,#557,#7245,.F.);
#7243=EDGE_CURVE('',#557,#561,#7246,.T.);
#7244=EDGE_CURVE('',#561,#559,#7247,.T.);
#7245=LINE('',#558,#7248);
#7246=LINE('',#556,#7249);
#7247=LINE('',#560,#7250);
#7248=VECTOR('',#7251,1.0);
#7249=VECTOR('',#7252,1.0);
#7250=VECTOR('',#7253,1.0);
#7251=DIRECTION('',(0,-0.9999999999999909,-1.34358806641493E-07));
#7252=DIRECTION('',(0.8758946738861773,-6.482847270791691E-08,0.4825023525930447));
#7253=DIRECTION('',(-0.09825807252018193,0.9936878829758498,-0.054127094985715836));
#7254=FACE_SURFACE('',(#7259),#7255,.T.);
#7255=PLANE('',#7256);
#7256=AXIS2_PLACEMENT_3D('',#558,#7257,#7258);
#7257=DIRECTION('',(-0.48250235259348334,-1.1768421909566205E-07,0.8758946738859302));
#7258=DIRECTION('',(0.09825807252018193,-0.9936878829758498,0.054127094985715836));
#7259=FACE_BOUND('',#7260,.T.);
#7260=EDGE_LOOP('',(#7261,#7262,#7263));
#7261=ORIENTED_EDGE('',*,*,#7264,.T.);
#7262=ORIENTED_EDGE('',*,*,#7265,.T.);
#7263=ORIENTED_EDGE('',*,*,#7266,.T.);
#7264=EDGE_CURVE('',#559,#561,#7267,.F.);
#7265=EDGE_CURVE('',#561,#563,#7268,.T.);
#7266=EDGE_CURVE('',#563,#559,#7269,.T.);
#7267=LINE('',#558,#7270);
#7268=LINE('',#560,#7271);
#7269=LINE('',#562,#7272);
#7270=VECTOR('',#7273,1.0);
#7271=VECTOR('',#7274,1.0);
#7272=VECTOR('',#7275,1.0);
#7273=DIRECTION('',(0.09825807252018193,-0.9936878829758498,0.054127094985715836));
#7274=DIRECTION('',(0,0.9999999999999909,1.3435887054242695E-07));
#7275=DIRECTION('',(-0.8758946738859381,6.48284727078992E-08,-0.48250235259347896));
#7276=FACE_SURFACE('',(#7281),#7277,.T.);
#7277=PLANE('',#7278);
#7278=AXIS2_PLACEMENT_3D('',#562,#7279,#7280);
#7279=DIRECTION('',(-0.6009852551938606,-1.0738768561579334E-07,0.7992601097512366));
#7280=DIRECTION('',(0,-0.9999999999999909,-1.3435887054242695E-07));
#7281=FACE_BOUND('',#7282,.T.);
#7282=EDGE_LOOP('',(#7283,#7284,#7285));
#7283=ORIENTED_EDGE('',*,*,#7286,.T.);
#7284=ORIENTED_EDGE('',*,*,#7287,.T.);
#7285=ORIENTED_EDGE('',*,*,#7288,.T.);
#7286=EDGE_CURVE('',#563,#561,#7289,.F.);
#7287=EDGE_CURVE('',#561,#565,#7290,.T.);
#7288=EDGE_CURVE('',#565,#563,#7291,.T.);
#7289=LINE('',#562,#7292);
#7290=LINE('',#560,#7293);
#7291=LINE('',#564,#7294);
#7292=VECTOR('',#7295,1.0);
#7293=VECTOR('',#7296,1.0);
#7294=VECTOR('',#7297,1.0);
#7295=DIRECTION('',(0,-0.9999999999999909,-1.3435887054242695E-07));
#7296=DIRECTION('',(0.7992601097512438,-8.074766225624259E-08,0.6009852551938552));
#7297=DIRECTION('',(-0.08702901556649958,0.9940541454878834,-0.06543933288076653));
#7298=FACE_SURFACE('',(#7303),#7299,.T.);
#7299=PLANE('',#7300);
#7300=AXIS2_PLACEMENT_3D('',#562,#7301,#7302);
#7301=DIRECTION('',(-0.6009852551938607,-1.0738768561820217E-07,0.7992601097512366));
#7302=DIRECTION('',(0.08702901556649958,-0.9940541454878834,0.06543933288076653));
#7303=FACE_BOUND('',#7304,.T.);
#7304=EDGE_LOOP('',(#7305,#7306,#7307));
#7305=ORIENTED_EDGE('',*,*,#7308,.T.);
#7306=ORIENTED_EDGE('',*,*,#7309,.T.);
#7307=ORIENTED_EDGE('',*,*,#7310,.T.);
#7308=EDGE_CURVE('',#563,#565,#7311,.F.);
#7309=EDGE_CURVE('',#565,#567,#7312,.T.);
#7310=EDGE_CURVE('',#567,#563,#7313,.T.);
#7311=LINE('',#562,#7314);
#7312=LINE('',#564,#7315);
#7313=LINE('',#566,#7316);
#7314=VECTOR('',#7317,1.0);
#7315=VECTOR('',#7318,1.0);
#7316=VECTOR('',#7319,1.0);
#7317=DIRECTION('',(0.08702901556649958,-0.9940541454878834,0.06543933288076653));
#7318=DIRECTION('',(0,0.9999999999999909,1.3435887054242695E-07));
#7319=DIRECTION('',(-0.7992601097512438,8.074766225624259E-08,-0.6009852551938552));
#7320=FACE_SURFACE('',(#7325),#7321,.T.);
#7321=PLANE('',#7322);
#7322=AXIS2_PLACEMENT_3D('',#566,#7323,#7324);
#7323=DIRECTION('',(-0.7129813106540892,-9.421016082598385E-08,0.7011830364875979));
#7324=DIRECTION('',(0,-0.9999999999999909,-1.3435887054242695E-07));
#7325=FACE_BOUND('',#7326,.T.);
#7326=EDGE_LOOP('',(#7327,#7328,#7329));
#7327=ORIENTED_EDGE('',*,*,#7330,.T.);
#7328=ORIENTED_EDGE('',*,*,#7331,.T.);
#7329=ORIENTED_EDGE('',*,*,#7332,.T.);
#7330=EDGE_CURVE('',#567,#565,#7333,.F.);
#7331=EDGE_CURVE('',#565,#569,#7334,.T.);
#7332=EDGE_CURVE('',#569,#567,#7335,.T.);
#7333=LINE('',#566,#7336);
#7334=LINE('',#564,#7337);
#7335=LINE('',#568,#7338);
#7336=VECTOR('',#7339,1.0);
#7337=VECTOR('',#7340,1.0);
#7338=VECTOR('',#7341,1.0);
#7339=DIRECTION('',(0,-0.9999999999999909,-1.3435887054242695E-07));
#7340=DIRECTION('',(0.7011830364876043,-9.579536094094364E-08,0.7129813106540829));
#7341=DIRECTION('',(-0.07520972070876375,0.9942308883987041,-0.07647508394786863));
#7342=FACE_SURFACE('',(#7347),#7343,.T.);
#7343=PLANE('',#7344);
#7344=AXIS2_PLACEMENT_3D('',#566,#7345,#7346);
#7345=DIRECTION('',(-0.7129813106540894,-9.421016082467038E-08,0.7011830364875979));
#7346=DIRECTION('',(0.07520972070876375,-0.9942308883987041,0.07647508394786863));
#7347=FACE_BOUND('',#7348,.T.);
#7348=EDGE_LOOP('',(#7349,#7350,#7351));
#7349=ORIENTED_EDGE('',*,*,#7352,.T.);
#7350=ORIENTED_EDGE('',*,*,#7353,.T.);
#7351=ORIENTED_EDGE('',*,*,#7354,.T.);
#7352=EDGE_CURVE('',#567,#569,#7355,.F.);
#7353=EDGE_CURVE('',#569,#571,#7356,.T.);
#7354=EDGE_CURVE('',#571,#567,#7357,.T.);
#7355=LINE('',#566,#7358);
#7356=LINE('',#568,#7359);
#7357=LINE('',#570,#7360);
#7358=VECTOR('',#7361,1.0);
#7359=VECTOR('',#7362,1.0);
#7360=VECTOR('',#7363,1.0);
#7361=DIRECTION('',(0.07520972070876375,-0.9942308883987041,0.07647508394786863));
#7362=DIRECTION('',(0,0.9999999999999909,1.3435887054242695E-07));
#7363=DIRECTION('',(-0.7011830364876043,9.579536094094364E-08,-0.7129813106540829));
#7364=FACE_SURFACE('',(#7369),#7365,.T.);
#7365=PLANE('',#7366);
#7366=AXIS2_PLACEMENT_3D('',#570,#7367,#7368);
#7367=DIRECTION('',(-0.8115222418411825,-7.850878087059043E-08,0.5843215304924637));
#7368=DIRECTION('',(0,-0.9999999999999909,-1.3435887054242695E-07));
#7369=FACE_BOUND('',#7370,.T.);
#7370=EDGE_LOOP('',(#7371,#7372,#7373));
#7371=ORIENTED_EDGE('',*,*,#7374,.T.);
#7372=ORIENTED_EDGE('',*,*,#7375,.T.);
#7373=ORIENTED_EDGE('',*,*,#7376,.T.);
#7374=EDGE_CURVE('',#571,#569,#7377,.F.);
#7375=EDGE_CURVE('',#569,#573,#7378,.T.);
#7376=EDGE_CURVE('',#573,#571,#7379,.T.);
#7377=LINE('',#570,#7380);
#7378=LINE('',#568,#7381);
#7379=LINE('',#572,#7382);
#7380=VECTOR('',#7383,1.0);
#7381=VECTOR('',#7384,1.0);
#7382=VECTOR('',#7385,1.0);
#7383=DIRECTION('',(0,-0.9999999999999909,-1.3435887054242695E-07));
#7384=DIRECTION('',(0.584321530492469,-1.090350974422864E-07,0.8115222418411753));
#7385=DIRECTION('',(-0.06280616102884941,0.9942066511286073,-0.08722683640060637));
#7386=FACE_SURFACE('',(#7391),#7387,.T.);
#7387=PLANE('',#7388);
#7388=AXIS2_PLACEMENT_3D('',#570,#7389,#7390);
#7389=DIRECTION('',(-0.8115222418409807,-7.850874353312816E-08,0.584321530492744));
#7390=DIRECTION('',(0.06280616102884941,-0.9942066511286073,0.08722683640060637));
#7391=FACE_BOUND('',#7392,.T.);
#7392=EDGE_LOOP('',(#7393,#7394,#7395));
#7393=ORIENTED_EDGE('',*,*,#7396,.T.);
#7394=ORIENTED_EDGE('',*,*,#7397,.T.);
#7395=ORIENTED_EDGE('',*,*,#7398,.T.);
#7396=EDGE_CURVE('',#571,#573,#7399,.F.);
#7397=EDGE_CURVE('',#573,#575,#7400,.T.);
#7398=EDGE_CURVE('',#575,#571,#7401,.T.);
#7399=LINE('',#570,#7402);
#7400=LINE('',#572,#7403);
#7401=LINE('',#574,#7404);
#7402=VECTOR('',#7405,1.0);
#7403=VECTOR('',#7406,1.0);
#7404=VECTOR('',#7407,1.0);
#7405=DIRECTION('',(0.06280616102884941,-0.9942066511286073,0.08722683640060637));
#7406=DIRECTION('',(0,0.999999999999991,1.3435880664149516E-07));
#7407=DIRECTION('',(-0.5843215304927493,1.090352452079974E-07,-0.8115222418409733));
#7408=FACE_SURFACE('',(#7413),#7409,.T.);
#7409=PLANE('',#7410);
#7410=AXIS2_PLACEMENT_3D('',#574,#7411,#7412);
#7411=DIRECTION('',(-0.8908183143901706,-6.104722615581027E-08,0.45435969313645264));
#7412=DIRECTION('',(0,-0.999999999999991,-1.3435880664149516E-07));
#7413=FACE_BOUND('',#7414,.T.);
#7414=EDGE_LOOP('',(#7415,#7416,#7417));
#7415=ORIENTED_EDGE('',*,*,#7418,.T.);
#7416=ORIENTED_EDGE('',*,*,#7419,.T.);
#7417=ORIENTED_EDGE('',*,*,#7420,.T.);
#7418=EDGE_CURVE('',#575,#573,#7421,.F.);
#7419=EDGE_CURVE('',#573,#577,#7422,.T.);
#7420=EDGE_CURVE('',#577,#575,#7423,.T.);
#7421=LINE('',#574,#7424);
#7422=LINE('',#572,#7425);
#7423=LINE('',#576,#7426);
#7424=VECTOR('',#7427,1.0);
#7425=VECTOR('',#7428,1.0);
#7426=VECTOR('',#7429,1.0);
#7427=DIRECTION('',(0,-0.999999999999991,-1.3435880664149516E-07));
#7428=DIRECTION('',(0.45435969313645674,-1.196893399526833E-07,0.8908183143901625));
#7429=DIRECTION('',(-0.04982505285641989,0.9939691773392666,-0.09768694184667985));
#7430=FACE_SURFACE('',(#7435),#7431,.T.);
#7431=PLANE('',#7432);
#7432=AXIS2_PLACEMENT_3D('',#574,#7433,#7434);
#7433=DIRECTION('',(-0.8908183143902901,-6.104725518942738E-08,0.45435969313621827));
#7434=DIRECTION('',(0.04982505285641989,-0.9939691773392666,0.09768694184667985));
#7435=FACE_BOUND('',#7436,.T.);
#7436=EDGE_LOOP('',(#7437,#7438,#7439));
#7437=ORIENTED_EDGE('',*,*,#7440,.T.);
#7438=ORIENTED_EDGE('',*,*,#7441,.T.);
#7439=ORIENTED_EDGE('',*,*,#7442,.T.);
#7440=EDGE_CURVE('',#575,#577,#7443,.F.);
#7441=EDGE_CURVE('',#577,#579,#7444,.T.);
#7442=EDGE_CURVE('',#579,#575,#7445,.T.);
#7443=LINE('',#574,#7446);
#7444=LINE('',#576,#7447);
#7445=LINE('',#578,#7448);
#7446=VECTOR('',#7449,1.0);
#7447=VECTOR('',#7450,1.0);
#7448=VECTOR('',#7451,1.0);
#7449=DIRECTION('',(0.04982505285641989,-0.9939691773392666,0.09768694184667985));
#7450=DIRECTION('',(0,0.999999999999991,1.3435887054242912E-07));
#7451=DIRECTION('',(-0.4543596931362224,1.1968933995262155E-07,-0.8908183143902821));
#7452=FACE_SURFACE('',(#7457),#7453,.T.);
#7453=PLANE('',#7454);
#7454=AXIS2_PLACEMENT_3D('',#578,#7455,#7456);
#7455=DIRECTION('',(-0.9478216502222578,-4.283375108957169E-08,0.31880106550944));
#7456=DIRECTION('',(0,-0.999999999999991,-1.3435887054242912E-07));
#7457=FACE_BOUND('',#7458,.T.);
#7458=EDGE_LOOP('',(#7459,#7460,#7461));
#7459=ORIENTED_EDGE('',*,*,#7462,.T.);
#7460=ORIENTED_EDGE('',*,*,#7463,.T.);
#7461=ORIENTED_EDGE('',*,*,#7464,.T.);
#7462=EDGE_CURVE('',#579,#577,#7465,.F.);
#7463=EDGE_CURVE('',#577,#581,#7466,.T.);
#7464=EDGE_CURVE('',#581,#579,#7467,.T.);
#7465=LINE('',#578,#7468);
#7466=LINE('',#576,#7469);
#7467=LINE('',#580,#7470);
#7468=VECTOR('',#7471,1.0);
#7469=VECTOR('',#7472,1.0);
#7470=VECTOR('',#7473,1.0);
#7471=DIRECTION('',(0,-0.999999999999991,-1.3435887054242912E-07));
#7472=DIRECTION('',(0.3188010655094428,-1.2734828125974982E-07,0.9478216502222492));
#7473=DIRECTION('',(-0.03627467241852285,0.9935054498184414,-0.10784743539827638));
#7474=FACE_SURFACE('',(#7479),#7475,.T.);
#7475=PLANE('',#7476);
#7476=AXIS2_PLACEMENT_3D('',#578,#7477,#7478);
#7477=DIRECTION('',(-0.9478216502222578,-4.2833751092625834E-08,0.31880106550944));
#7478=DIRECTION('',(0.03627467241852285,-0.9935054498184414,0.10784743539827638));
#7479=FACE_BOUND('',#7480,.T.);
#7480=EDGE_LOOP('',(#7481,#7482,#7483));
#7481=ORIENTED_EDGE('',*,*,#7484,.T.);
#7482=ORIENTED_EDGE('',*,*,#7485,.T.);
#7483=ORIENTED_EDGE('',*,*,#7486,.T.);
#7484=EDGE_CURVE('',#579,#581,#7487,.F.);
#7485=EDGE_CURVE('',#581,#583,#7488,.T.);
#7486=EDGE_CURVE('',#583,#579,#7489,.T.);
#7487=LINE('',#578,#7490);
#7488=LINE('',#580,#7491);
#7489=LINE('',#582,#7492);
#7490=VECTOR('',#7493,1.0);
#7491=VECTOR('',#7494,1.0);
#7492=VECTOR('',#7495,1.0);
#7493=DIRECTION('',(0.03627467241852285,-0.9935054498184414,0.10784743539827638));
#7494=DIRECTION('',(0,0.9999999999999909,1.3435887054242695E-07));
#7495=DIRECTION('',(-0.3188010655094428,1.2734814177275207E-07,-0.9478216502222492));
#7496=FACE_SURFACE('',(#7501),#7497,.T.);
#7497=PLANE('',#7498);
#7498=AXIS2_PLACEMENT_3D('',#582,#7499,#7500);
#7499=DIRECTION('',(-0.9827265709235543,-2.4864918398531875E-08,0.1850634669534526));
#7500=DIRECTION('',(0,-0.9999999999999909,-1.3435887054242695E-07));
#7501=FACE_BOUND('',#7502,.T.);
#7502=EDGE_LOOP('',(#7503,#7504,#7505));
#7503=ORIENTED_EDGE('',*,*,#7506,.T.);
#7504=ORIENTED_EDGE('',*,*,#7507,.T.);
#7505=ORIENTED_EDGE('',*,*,#7508,.T.);
#7506=EDGE_CURVE('',#583,#581,#7509,.F.);
#7507=EDGE_CURVE('',#581,#585,#7510,.T.);
#7508=EDGE_CURVE('',#585,#583,#7511,.T.);
#7509=LINE('',#582,#7512);
#7510=LINE('',#580,#7513);
#7511=LINE('',#584,#7514);
#7512=VECTOR('',#7515,1.0);
#7513=VECTOR('',#7516,1.0);
#7514=VECTOR('',#7517,1.0);
#7515=DIRECTION('',(0,-0.9999999999999909,-1.3435887054242695E-07));
#7516=DIRECTION('',(0.1850634669534543,-1.320379686238603E-07,0.9827265709235455));
#7517=DIRECTION('',(-0.022164866177319668,0.9928018021203588,-0.11770004423919964));
#7518=FACE_SURFACE('',(#7523),#7519,.T.);
#7519=PLANE('',#7520);
#7520=AXIS2_PLACEMENT_3D('',#582,#7521,#7522);
#7521=DIRECTION('',(-0.9827265709235363,-2.486490657025687E-08,0.18506346695354897));
#7522=DIRECTION('',(0.022164866177319668,-0.9928018021203588,0.11770004423919964));
#7523=FACE_BOUND('',#7524,.T.);
#7524=EDGE_LOOP('',(#7525,#7526,#7527));
#7525=ORIENTED_EDGE('',*,*,#7528,.T.);
#7526=ORIENTED_EDGE('',*,*,#7529,.T.);
#7527=ORIENTED_EDGE('',*,*,#7530,.T.);
#7528=EDGE_CURVE('',#583,#585,#7531,.F.);
#7529=EDGE_CURVE('',#585,#587,#7532,.T.);
#7530=EDGE_CURVE('',#587,#583,#7533,.T.);
#7531=LINE('',#582,#7534);
#7532=LINE('',#584,#7535);
#7533=LINE('',#586,#7536);
#7534=VECTOR('',#7537,1.0);
#7535=VECTOR('',#7538,1.0);
#7536=VECTOR('',#7539,1.0);
#7537=DIRECTION('',(0.022164866177319668,-0.9928018021203588,0.11770004423919964));
#7538=DIRECTION('',(0,0.999999999999991,1.3435880664149516E-07));
#7539=DIRECTION('',(-0.1850634669535506,1.3203810104751514E-07,-0.9827265709235273));
#7540=FACE_SURFACE('',(#7545),#7541,.T.);
#7541=PLANE('',#7542);
#7542=AXIS2_PLACEMENT_3D('',#586,#7543,#7544);
#7543=DIRECTION('',(-0.9982640365385859,-7.913395358922402E-09,0.05889748172620618));
#7544=DIRECTION('',(0,-0.999999999999991,-1.3435880664149516E-07));
#7545=FACE_BOUND('',#7546,.T.);
#7546=EDGE_LOOP('',(#7547,#7548,#7549));
#7547=ORIENTED_EDGE('',*,*,#7550,.T.);
#7548=ORIENTED_EDGE('',*,*,#7551,.T.);
#7549=ORIENTED_EDGE('',*,*,#7552,.T.);
#7550=EDGE_CURVE('',#587,#585,#7553,.F.);
#7551=EDGE_CURVE('',#585,#589,#7554,.T.);
#7552=EDGE_CURVE('',#589,#587,#7555,.T.);
#7553=LINE('',#586,#7556);
#7554=LINE('',#584,#7557);
#7555=LINE('',#588,#7558);
#7556=VECTOR('',#7559,1.0);
#7557=VECTOR('',#7560,1.0);
#7558=VECTOR('',#7561,1.0);
#7559=DIRECTION('',(0,-0.999999999999991,-1.3435880664149516E-07));
#7560=DIRECTION('',(0.05889748172620671,-1.3412566613764902E-07,0.9982640365385769));
#7561=DIRECTION('',(-0.007506941849048481,0.9918440149763202,-0.12723637758018724));
#7562=FACE_SURFACE('',(#7567),#7563,.T.);
#7563=PLANE('',#7564);
#7564=AXIS2_PLACEMENT_3D('',#586,#7565,#7566);
#7565=DIRECTION('',(-0.9982640365385876,-7.91339912196195E-09,0.05889748172617694));
#7566=DIRECTION('',(0.007506941849048481,-0.9918440149763202,0.12723637758018724));
#7567=FACE_BOUND('',#7568,.T.);
#7568=EDGE_LOOP('',(#7569,#7570,#7571));
#7569=ORIENTED_EDGE('',*,*,#7572,.T.);
#7570=ORIENTED_EDGE('',*,*,#7573,.T.);
#7571=ORIENTED_EDGE('',*,*,#7574,.T.);
#7572=EDGE_CURVE('',#587,#589,#7575,.F.);
#7573=EDGE_CURVE('',#589,#591,#7576,.T.);
#7574=EDGE_CURVE('',#591,#587,#7577,.T.);
#7575=LINE('',#586,#7578);
#7576=LINE('',#588,#7579);
#7577=LINE('',#590,#7580);
#7578=VECTOR('',#7581,1.0);
#7579=VECTOR('',#7582,1.0);
#7580=VECTOR('',#7583,1.0);
#7581=DIRECTION('',(0.007506941849048481,-0.9918440149763202,0.12723637758018724));
#7582=DIRECTION('',(0,0.9999999999999909,1.3435887054242695E-07));
#7583=DIRECTION('',(-0.058897481726177474,1.341255418223752E-07,-0.9982640365385785));
#7584=FACE_SURFACE('',(#7589),#7585,.T.);
#7585=PLANE('',#7586);
#7586=AXIS2_PLACEMENT_3D('',#590,#7587,#7588);
#7587=DIRECTION('',(-0.9989236689955975,6.2321424976408775E-09,-0.04638430252115639));
#7588=DIRECTION('',(0,-0.9999999999999909,-1.3435887054242695E-07));
#7589=FACE_BOUND('',#7590,.T.);
#7590=EDGE_LOOP('',(#7591,#7592,#7593));
#7591=ORIENTED_EDGE('',*,*,#7594,.T.);
#7592=ORIENTED_EDGE('',*,*,#7595,.T.);
#7593=ORIENTED_EDGE('',*,*,#7596,.T.);
#7594=EDGE_CURVE('',#591,#589,#7597,.F.);
#7595=EDGE_CURVE('',#589,#593,#7598,.T.);
#7596=EDGE_CURVE('',#593,#591,#7599,.T.);
#7597=LINE('',#590,#7600);
#7598=LINE('',#588,#7601);
#7599=LINE('',#592,#7602);
#7600=VECTOR('',#7603,1.0);
#7601=VECTOR('',#7604,1.0);
#7602=VECTOR('',#7605,1.0);
#7603=DIRECTION('',(0,-0.9999999999999909,-1.3435887054242695E-07));
#7604=DIRECTION('',(-0.04638430252115681,-1.3421418993424765E-07,0.9989236689955885));
#7605=DIRECTION('',(0.004539138400057072,0.9952002666721962,-0.09775390241916049));
#7606=FACE_SURFACE('',(#7611),#7607,.T.);
#7607=PLANE('',#7608);
#7608=AXIS2_PLACEMENT_3D('',#590,#7609,#7610);
#7609=DIRECTION('',(-0.9989236689955974,6.232142497573699E-09,-0.04638430252115639));
#7610=DIRECTION('',(-0.004539138400057072,-0.9952002666721962,0.09775390241916049));
#7611=FACE_BOUND('',#7612,.T.);
#7612=EDGE_LOOP('',(#7613,#7614,#7615));
#7613=ORIENTED_EDGE('',*,*,#7616,.T.);
#7614=ORIENTED_EDGE('',*,*,#7617,.T.);
#7615=ORIENTED_EDGE('',*,*,#7618,.T.);
#7616=EDGE_CURVE('',#591,#593,#7619,.F.);
#7617=EDGE_CURVE('',#593,#595,#7620,.T.);
#7618=EDGE_CURVE('',#595,#591,#7621,.T.);
#7619=LINE('',#590,#7622);
#7620=LINE('',#592,#7623);
#7621=LINE('',#594,#7624);
#7622=VECTOR('',#7625,1.0);
#7623=VECTOR('',#7626,1.0);
#7624=VECTOR('',#7627,1.0);
#7625=DIRECTION('',(-0.004539138400057072,-0.9952002666721962,0.09775390241916049));
#7626=DIRECTION('',(0,0.999999999999991,1.3435887054242912E-07));
#7627=DIRECTION('',(0.04638430252115681,1.34214352397558E-07,-0.9989236689955885));
#7628=FACE_SURFACE('',(#7633),#7629,.T.);
#7629=PLANE('',#7630);
#7630=AXIS2_PLACEMENT_3D('',#594,#7631,#7632);
#7631=DIRECTION('',(-0.9894858554112901,1.943227933882777E-08,-0.14462967171706825));
#7632=DIRECTION('',(0,-0.999999999999991,-1.3435887054242912E-07));
#7633=FACE_BOUND('',#7634,.T.);
#7634=EDGE_LOOP('',(#7635,#7636,#7637));
#7635=ORIENTED_EDGE('',*,*,#7638,.T.);
#7636=ORIENTED_EDGE('',*,*,#7639,.T.);
#7637=ORIENTED_EDGE('',*,*,#7640,.T.);
#7638=EDGE_CURVE('',#595,#593,#7641,.F.);
#7639=EDGE_CURVE('',#593,#597,#7642,.T.);
#7640=EDGE_CURVE('',#597,#595,#7643,.T.);
#7641=LINE('',#594,#7644);
#7642=LINE('',#592,#7645);
#7643=LINE('',#596,#7646);
#7644=VECTOR('',#7647,1.0);
#7645=VECTOR('',#7648,1.0);
#7646=VECTOR('',#7649,1.0);
#7647=DIRECTION('',(0,-0.999999999999991,-1.3435887054242912E-07));
#7648=DIRECTION('',(-0.14462967171706959,-1.3294621903711233E-07,0.9894858554112813));
#7649=DIRECTION('',(0.014247911044954823,0.9951357715073038,-0.09747714243564196));
#7650=FACE_SURFACE('',(#7655),#7651,.T.);
#7651=PLANE('',#7652);
#7652=AXIS2_PLACEMENT_3D('',#594,#7653,#7654);
#7653=DIRECTION('',(-0.9894858554112766,1.9432270098488688E-08,-0.14462967171716065));
#7654=DIRECTION('',(-0.014247911044954823,-0.9951357715073038,0.09747714243564196));
#7655=FACE_BOUND('',#7656,.T.);
#7656=EDGE_LOOP('',(#7657,#7658,#7659));
#7657=ORIENTED_EDGE('',*,*,#7660,.T.);
#7658=ORIENTED_EDGE('',*,*,#7661,.T.);
#7659=ORIENTED_EDGE('',*,*,#7662,.T.);
#7660=EDGE_CURVE('',#595,#597,#7663,.F.);
#7661=EDGE_CURVE('',#597,#599,#7664,.T.);
#7662=EDGE_CURVE('',#599,#595,#7665,.T.);
#7663=LINE('',#594,#7666);
#7664=LINE('',#596,#7667);
#7665=LINE('',#598,#7668);
#7666=VECTOR('',#7669,1.0);
#7667=VECTOR('',#7670,1.0);
#7668=VECTOR('',#7671,1.0);
#7669=DIRECTION('',(-0.014247911044954823,-0.9951357715073038,0.09747714243564196));
#7670=DIRECTION('',(0,0.9999999999999909,1.34358806641493E-07));
#7671=DIRECTION('',(0.14462967171716193,1.3294605766238426E-07,-0.9894858554112677));
#7672=FACE_SURFACE('',(#7677),#7673,.T.);
#7673=PLANE('',#7674);
#7674=AXIS2_PLACEMENT_3D('',#598,#7675,#7676);
#7675=DIRECTION('',(-0.9677299953445092,3.385699464326045E-08,-0.2519893968216025));
#7676=DIRECTION('',(0,-0.9999999999999909,-1.34358806641493E-07));
#7677=FACE_BOUND('',#7678,.T.);
#7678=EDGE_LOOP('',(#7679,#7680,#7681));
#7679=ORIENTED_EDGE('',*,*,#7682,.T.);
#7680=ORIENTED_EDGE('',*,*,#7683,.T.);
#7681=ORIENTED_EDGE('',*,*,#7684,.T.);
#7682=EDGE_CURVE('',#599,#597,#7685,.F.);
#7683=EDGE_CURVE('',#597,#601,#7686,.T.);
#7684=EDGE_CURVE('',#601,#599,#7687,.T.);
#7685=LINE('',#598,#7688);
#7686=LINE('',#596,#7689);
#7687=LINE('',#600,#7690);
#7688=VECTOR('',#7691,1.0);
#7689=VECTOR('',#7692,1.0);
#7690=VECTOR('',#7693,1.0);
#7691=DIRECTION('',(0,-0.9999999999999909,-1.34358806641493E-07));
#7692=DIRECTION('',(-0.25198939682160476,-1.3002303980536648E-07,0.9677299953445004));
#7693=DIRECTION('',(0.02490269259172766,0.9951049040635881,-0.09563517036257689));
#7694=FACE_SURFACE('',(#7699),#7695,.T.);
#7695=PLANE('',#7696);
#7696=AXIS2_PLACEMENT_3D('',#598,#7697,#7698);
#7697=DIRECTION('',(-0.96772999534455,3.385701074535587E-08,-0.2519893968214456));
#7698=DIRECTION('',(-0.02490269259172766,-0.9951049040635881,0.09563517036257689));
#7699=FACE_BOUND('',#7700,.T.);
#7700=EDGE_LOOP('',(#7701,#7702,#7703));
#7701=ORIENTED_EDGE('',*,*,#7704,.T.);
#7702=ORIENTED_EDGE('',*,*,#7705,.T.);
#7703=ORIENTED_EDGE('',*,*,#7706,.T.);
#7704=EDGE_CURVE('',#599,#601,#7707,.F.);
#7705=EDGE_CURVE('',#601,#603,#7708,.T.);
#7706=EDGE_CURVE('',#603,#599,#7709,.T.);
#7707=LINE('',#598,#7710);
#7708=LINE('',#600,#7711);
#7709=LINE('',#602,#7712);
#7710=VECTOR('',#7713,1.0);
#7711=VECTOR('',#7714,1.0);
#7712=VECTOR('',#7715,1.0);
#7713=DIRECTION('',(-0.02490269259172766,-0.9951049040635881,0.09563517036257689));
#7714=DIRECTION('',(0,0.999999999999991,1.3435887054242912E-07));
#7715=DIRECTION('',(0.2519893968214479,1.3002320066675616E-07,-0.9677299953445414));
#7716=FACE_SURFACE('',(#7721),#7717,.T.);
#7717=PLANE('',#7718);
#7718=AXIS2_PLACEMENT_3D('',#602,#7719,#7720);
#7719=DIRECTION('',(-0.9298151446152618,4.944767819713086E-08,-0.36802689690306206));
#7720=DIRECTION('',(0,-0.999999999999991,-1.3435887054242912E-07));
#7721=FACE_BOUND('',#7722,.T.);
#7722=EDGE_LOOP('',(#7723,#7724,#7725));
#7723=ORIENTED_EDGE('',*,*,#7726,.T.);
#7724=ORIENTED_EDGE('',*,*,#7727,.T.);
#7725=ORIENTED_EDGE('',*,*,#7728,.T.);
#7726=EDGE_CURVE('',#603,#601,#7729,.F.);
#7727=EDGE_CURVE('',#601,#605,#7730,.T.);
#7728=EDGE_CURVE('',#605,#603,#7731,.T.);
#7729=LINE('',#602,#7732);
#7730=LINE('',#600,#7733);
#7731=LINE('',#604,#7734);
#7732=VECTOR('',#7735,1.0);
#7733=VECTOR('',#7736,1.0);
#7734=VECTOR('',#7737,1.0);
#7735=DIRECTION('',(0,-0.999999999999991,-1.3435887054242912E-07));
#7736=DIRECTION('',(-0.36802689690306545,-1.2492890986382117E-07,0.9298151446152536));
#7737=DIRECTION('',(0.0365030546254993,0.995068939840876,-0.09222435669042622));
#7738=FACE_SURFACE('',(#7743),#7739,.T.);
#7739=PLANE('',#7740);
#7740=AXIS2_PLACEMENT_3D('',#602,#7741,#7742);
#7741=DIRECTION('',(-0.929815144615175,4.944765467796325E-08,-0.36802689690328144));
#7742=DIRECTION('',(-0.0365030546254993,-0.995068939840876,0.09222435669042622));
#7743=FACE_BOUND('',#7744,.T.);
#7744=EDGE_LOOP('',(#7745,#7746,#7747));
#7745=ORIENTED_EDGE('',*,*,#7748,.T.);
#7746=ORIENTED_EDGE('',*,*,#7749,.T.);
#7747=ORIENTED_EDGE('',*,*,#7750,.T.);
#7748=EDGE_CURVE('',#603,#605,#7751,.F.);
#7749=EDGE_CURVE('',#605,#607,#7752,.T.);
#7750=EDGE_CURVE('',#607,#603,#7753,.T.);
#7751=LINE('',#602,#7754);
#7752=LINE('',#604,#7755);
#7753=LINE('',#606,#7756);
#7754=VECTOR('',#7757,1.0);
#7755=VECTOR('',#7758,1.0);
#7756=VECTOR('',#7759,1.0);
#7757=DIRECTION('',(-0.0365030546254993,-0.995068939840876,0.09222435669042622));
#7758=DIRECTION('',(0,0.999999999999991,1.3435880664149516E-07));
#7759=DIRECTION('',(0.3680268969032848,1.2492890986389563E-07,-0.9298151446151667));
#7760=FACE_SURFACE('',(#7765),#7761,.T.);
#7761=PLANE('',#7762);
#7762=AXIS2_PLACEMENT_3D('',#606,#7763,#7764);
#7763=DIRECTION('',(-0.871688424510595,6.584394353909168E-08,-0.49006049685139097));
#7764=DIRECTION('',(0,-0.999999999999991,-1.3435880664149516E-07));
#7765=FACE_BOUND('',#7766,.T.);
#7766=EDGE_LOOP('',(#7767,#7768,#7769));
#7767=ORIENTED_EDGE('',*,*,#7770,.T.);
#7768=ORIENTED_EDGE('',*,*,#7771,.T.);
#7769=ORIENTED_EDGE('',*,*,#7772,.T.);
#7770=EDGE_CURVE('',#607,#605,#7773,.F.);
#7771=EDGE_CURVE('',#605,#609,#7774,.T.);
#7772=EDGE_CURVE('',#609,#607,#7775,.T.);
#7773=LINE('',#606,#7776);
#7774=LINE('',#604,#7777);
#7775=LINE('',#608,#7778);
#7776=VECTOR('',#7779,1.0);
#7777=VECTOR('',#7780,1.0);
#7778=VECTOR('',#7781,1.0);
#7779=DIRECTION('',(0,-0.999999999999991,-1.3435880664149516E-07));
#7780=DIRECTION('',(-0.4900604968513954,-1.1711912431798299E-07,0.8716884245105874));
#7781=DIRECTION('',(0.04904643096497366,0.9949791638095612,-0.0872405364175648));
#7782=FACE_SURFACE('',(#7787),#7783,.T.);
#7783=PLANE('',#7784);
#7784=AXIS2_PLACEMENT_3D('',#606,#7785,#7786);
#7785=DIRECTION('',(-0.871688424510595,6.584394353632362E-08,-0.49006049685139097));
#7786=DIRECTION('',(-0.04904643096497366,-0.9949791638095612,0.0872405364175648));
#7787=FACE_BOUND('',#7788,.T.);
#7788=EDGE_LOOP('',(#7789,#7790,#7791));
#7789=ORIENTED_EDGE('',*,*,#7792,.T.);
#7790=ORIENTED_EDGE('',*,*,#7793,.T.);
#7791=ORIENTED_EDGE('',*,*,#7794,.T.);
#7792=EDGE_CURVE('',#607,#609,#7795,.F.);
#7793=EDGE_CURVE('',#609,#611,#7796,.T.);
#7794=EDGE_CURVE('',#611,#607,#7797,.T.);
#7795=LINE('',#606,#7798);
#7796=LINE('',#608,#7799);
#7797=LINE('',#610,#7800);
#7798=VECTOR('',#7801,1.0);
#7799=VECTOR('',#7802,1.0);
#7800=VECTOR('',#7803,1.0);
#7801=DIRECTION('',(-0.04904643096497366,-0.9949791638095612,0.0872405364175648));
#7802=DIRECTION('',(0,0.9999999999999909,1.34358806641493E-07));
#7803=DIRECTION('',(0.4900604968513954,1.171189654986084E-07,-0.8716884245105874));
#7804=FACE_SURFACE('',(#7809),#7805,.T.);
#7805=PLANE('',#7806);
#7806=AXIS2_PLACEMENT_3D('',#610,#7807,#7808);
#7807=DIRECTION('',(-0.7904183690782663,8.230382290825265E-08,-0.6125673855370091));
#7808=DIRECTION('',(0,-0.9999999999999909,-1.34358806641493E-07));
#7809=FACE_BOUND('',#7810,.T.);
#7810=EDGE_LOOP('',(#7811,#7812,#7813));
#7811=ORIENTED_EDGE('',*,*,#7814,.T.);
#7812=ORIENTED_EDGE('',*,*,#7815,.T.);
#7813=ORIENTED_EDGE('',*,*,#7816,.T.);
#7814=EDGE_CURVE('',#611,#609,#7817,.F.);
#7815=EDGE_CURVE('',#609,#613,#7818,.T.);
#7816=EDGE_CURVE('',#613,#611,#7819,.T.);
#7817=LINE('',#610,#7820);
#7818=LINE('',#608,#7821);
#7819=LINE('',#612,#7822);
#7820=VECTOR('',#7823,1.0);
#7821=VECTOR('',#7824,1.0);
#7822=VECTOR('',#7825,1.0);
#7823=DIRECTION('',(0,-0.9999999999999909,-1.34358806641493E-07));
#7824=DIRECTION('',(-0.6125673855370146,-1.0619966387839876E-07,0.7904183690782592));
#7825=DIRECTION('',(0.06252672557602962,0.9947768992610534,-0.08068041450875121));
#7826=FACE_SURFACE('',(#7831),#7827,.T.);
#7827=PLANE('',#7828);
#7828=AXIS2_PLACEMENT_3D('',#610,#7829,#7830);
#7829=DIRECTION('',(-0.7904183690785,8.230386204953078E-08,-0.6125673855367076));
#7830=DIRECTION('',(-0.06252672557602962,-0.9947768992610534,0.08068041450875121));
#7831=FACE_BOUND('',#7832,.T.);
#7832=EDGE_LOOP('',(#7833,#7834,#7835));
#7833=ORIENTED_EDGE('',*,*,#7836,.T.);
#7834=ORIENTED_EDGE('',*,*,#7837,.T.);
#7835=ORIENTED_EDGE('',*,*,#7838,.T.);
#7836=EDGE_CURVE('',#611,#613,#7839,.F.);
#7837=EDGE_CURVE('',#613,#615,#7840,.T.);
#7838=EDGE_CURVE('',#615,#611,#7841,.T.);
#7839=LINE('',#610,#7842);
#7840=LINE('',#612,#7843);
#7841=LINE('',#614,#7844);
#7842=VECTOR('',#7845,1.0);
#7843=VECTOR('',#7846,1.0);
#7844=VECTOR('',#7847,1.0);
#7845=DIRECTION('',(-0.06252672557602962,-0.9947768992610534,0.08068041450875121));
#7846=DIRECTION('',(0,0.9999999999999909,1.3435887054242695E-07));
#7847=DIRECTION('',(0.612567385536713,1.0619966387834648E-07,-0.7904183690784928));
#7848=FACE_SURFACE('',(#7853),#7849,.T.);
#7849=PLANE('',#7850);
#7850=AXIS2_PLACEMENT_3D('',#614,#7851,#7852);
#7851=DIRECTION('',(-0.6860368580491373,9.775505173188918E-08,-0.7275667868986726));
#7852=DIRECTION('',(0,-0.9999999999999909,-1.3435887054242695E-07));
#7853=FACE_BOUND('',#7854,.T.);
#7854=EDGE_LOOP('',(#7855,#7856,#7857));
#7855=ORIENTED_EDGE('',*,*,#7858,.T.);
#7856=ORIENTED_EDGE('',*,*,#7859,.T.);
#7857=ORIENTED_EDGE('',*,*,#7860,.T.);
#7858=EDGE_CURVE('',#615,#613,#7861,.F.);
#7859=EDGE_CURVE('',#613,#617,#7862,.T.);
#7860=EDGE_CURVE('',#617,#615,#7863,.T.);
#7861=LINE('',#614,#7864);
#7862=LINE('',#612,#7865);
#7863=LINE('',#616,#7866);
#7864=VECTOR('',#7867,1.0);
#7865=VECTOR('',#7868,1.0);
#7866=VECTOR('',#7869,1.0);
#7867=DIRECTION('',(0,-0.9999999999999909,-1.3435887054242695E-07));
#7868=DIRECTION('',(-0.7275667868986792,-9.217512392764147E-08,0.6860368580491311));
#7869=DIRECTION('',(0.07693360694507045,0.9943937197100526,-0.07254205899770465));
#7870=FACE_SURFACE('',(#7875),#7871,.T.);
#7871=PLANE('',#7872);
#7872=AXIS2_PLACEMENT_3D('',#614,#7873,#7874);
#7873=DIRECTION('',(-0.6860368580488192,9.775500523659624E-08,-0.7275667868989726));
#7874=DIRECTION('',(-0.07693360694507045,-0.9943937197100526,0.07254205899770465));
#7875=FACE_BOUND('',#7876,.T.);
#7876=EDGE_LOOP('',(#7877,#7878,#7879));
#7877=ORIENTED_EDGE('',*,*,#7880,.T.);
#7878=ORIENTED_EDGE('',*,*,#7881,.T.);
#7879=ORIENTED_EDGE('',*,*,#7882,.T.);
#7880=EDGE_CURVE('',#615,#617,#7883,.F.);
#7881=EDGE_CURVE('',#617,#619,#7884,.T.);
#7882=EDGE_CURVE('',#619,#615,#7885,.T.);
#7883=LINE('',#614,#7886);
#7884=LINE('',#616,#7887);
#7885=LINE('',#618,#7888);
#7886=VECTOR('',#7889,1.0);
#7887=VECTOR('',#7890,1.0);
#7888=VECTOR('',#7891,1.0);
#7889=DIRECTION('',(-0.07693360694507045,-0.9943937197100526,0.07254205899770465));
#7890=DIRECTION('',(0,0.9999999999999909,1.34358806641493E-07));
#7891=DIRECTION('',(0.7275667868989789,9.217512392767946E-08,-0.6860368580488129));
#7892=FACE_SURFACE('',(#7897),#7893,.T.);
#7893=PLANE('',#7894);
#7894=AXIS2_PLACEMENT_3D('',#618,#7895,#7896);
#7895=DIRECTION('',(-0.5629000001888775,1.1105091381046735E-07,-0.8265250085674051));
#7896=DIRECTION('',(0,-0.9999999999999909,-1.34358806641493E-07));
#7897=FACE_BOUND('',#7898,.T.);
#7898=EDGE_LOOP('',(#7899,#7900,#7901));
#7899=ORIENTED_EDGE('',*,*,#7902,.T.);
#7900=ORIENTED_EDGE('',*,*,#7903,.T.);
#7901=ORIENTED_EDGE('',*,*,#7904,.T.);
#7902=EDGE_CURVE('',#619,#617,#7905,.F.);
#7903=EDGE_CURVE('',#617,#621,#7906,.T.);
#7904=EDGE_CURVE('',#621,#619,#7907,.T.);
#7905=LINE('',#618,#7908);
#7906=LINE('',#616,#7909);
#7907=LINE('',#620,#7910);
#7908=VECTOR('',#7911,1.0);
#7909=VECTOR('',#7912,1.0);
#7910=VECTOR('',#7913,1.0);
#7911=DIRECTION('',(0,-0.9999999999999909,-1.34358806641493E-07));
#7912=DIRECTION('',(-0.8265250085674127,-7.563062641617098E-08,0.5629000001888724));
#7913=DIRECTION('',(0.09225087730366369,0.9937517651816671,-0.06282678437597443));
#7914=FACE_SURFACE('',(#7919),#7915,.T.);
#7915=PLANE('',#7916);
#7916=AXIS2_PLACEMENT_3D('',#618,#7917,#7918);
#7917=DIRECTION('',(-0.5629000001888774,1.1105091381567912E-07,-0.8265250085674051));
#7918=DIRECTION('',(-0.09225087730366369,-0.9937517651816671,0.06282678437597443));
#7919=FACE_BOUND('',#7920,.T.);
#7920=EDGE_LOOP('',(#7921,#7922,#7923));
#7921=ORIENTED_EDGE('',*,*,#7924,.T.);
#7922=ORIENTED_EDGE('',*,*,#7925,.T.);
#7923=ORIENTED_EDGE('',*,*,#7926,.T.);
#7924=EDGE_CURVE('',#619,#621,#7927,.F.);
#7925=EDGE_CURVE('',#621,#623,#7928,.T.);
#7926=EDGE_CURVE('',#623,#619,#7929,.T.);
#7927=LINE('',#618,#7930);
#7928=LINE('',#620,#7931);
#7929=LINE('',#622,#7932);
#7930=VECTOR('',#7933,1.0);
#7931=VECTOR('',#7934,1.0);
#7932=VECTOR('',#7935,1.0);
#7933=DIRECTION('',(-0.09225087730366369,-0.9937517651816671,0.06282678437597443));
#7934=DIRECTION('',(0,0.9999999999999909,1.34358806641493E-07));
#7935=DIRECTION('',(0.8265250085674127,7.563062641617098E-08,-0.5629000001888724));
#7936=FACE_SURFACE('',(#7941),#7937,.T.);
#7937=PLANE('',#7938);
#7938=AXIS2_PLACEMENT_3D('',#622,#7939,#7940);
#7939=DIRECTION('',(-0.4292241834998834,1.213526034397926E-07,-0.9031979851056156));
#7940=DIRECTION('',(0,-0.9999999999999909,-1.34358806641493E-07));
#7941=FACE_BOUND('',#7942,.T.);
#7942=EDGE_LOOP('',(#7943,#7944,#7945));
#7943=ORIENTED_EDGE('',*,*,#7946,.T.);
#7944=ORIENTED_EDGE('',*,*,#7947,.T.);
#7945=ORIENTED_EDGE('',*,*,#7948,.T.);
#7946=EDGE_CURVE('',#623,#621,#7949,.F.);
#7947=EDGE_CURVE('',#621,#625,#7950,.T.);
#7948=EDGE_CURVE('',#625,#623,#7951,.T.);
#7949=LINE('',#622,#7952);
#7950=LINE('',#620,#7953);
#7951=LINE('',#624,#7954);
#7952=VECTOR('',#7955,1.0);
#7953=VECTOR('',#7956,1.0);
#7954=VECTOR('',#7957,1.0);
#7955=DIRECTION('',(0,-0.9999999999999909,-1.34358806641493E-07));
#7956=DIRECTION('',(-0.9031979851056237,-5.766998351322553E-08,0.42922418349987945));
#7957=DIRECTION('',(0.10845511372463072,0.992764346028435,-0.05154067870829022));
#7958=FACE_SURFACE('',(#7963),#7959,.T.);
#7959=PLANE('',#7960);
#7960=AXIS2_PLACEMENT_3D('',#622,#7961,#7962);
#7961=DIRECTION('',(-0.4292241835003144,1.2135266115510823E-07,-0.9031979851054106));
#7962=DIRECTION('',(-0.10845511372463072,-0.992764346028435,0.05154067870829022));
#7963=FACE_BOUND('',#7964,.T.);
#7964=EDGE_LOOP('',(#7965,#7966,#7967));
#7965=ORIENTED_EDGE('',*,*,#7968,.T.);
#7966=ORIENTED_EDGE('',*,*,#7969,.T.);
#7967=ORIENTED_EDGE('',*,*,#7970,.T.);
#7968=EDGE_CURVE('',#623,#625,#7971,.F.);
#7969=EDGE_CURVE('',#625,#627,#7972,.T.);
#7970=EDGE_CURVE('',#627,#623,#7973,.T.);
#7971=LINE('',#622,#7974);
#7972=LINE('',#624,#7975);
#7973=LINE('',#626,#7976);
#7974=VECTOR('',#7977,1.0);
#7975=VECTOR('',#7978,1.0);
#7976=VECTOR('',#7979,1.0);
#7977=DIRECTION('',(-0.10845511372463072,-0.992764346028435,0.05154067870829022));
#7978=DIRECTION('',(0,0.999999999999991,1.3435887054242912E-07));
#7979=DIRECTION('',(0.9031979851054188,5.7670115589942744E-08,-0.42922418350031044));
#7980=FACE_SURFACE('',(#7985),#7981,.T.);
#7981=PLANE('',#7982);
#7982=AXIS2_PLACEMENT_3D('',#626,#7983,#7984);
#7983=DIRECTION('',(-0.29461914878552836,1.2839531895830215E-07,-0.9556147535324444));
#7984=DIRECTION('',(0,-0.999999999999991,-1.3435887054242912E-07));
#7985=FACE_BOUND('',#7986,.T.);
#7986=EDGE_LOOP('',(#7987,#7988,#7989));
#7987=ORIENTED_EDGE('',*,*,#7990,.T.);
#7988=ORIENTED_EDGE('',*,*,#7991,.T.);
#7989=ORIENTED_EDGE('',*,*,#7992,.T.);
#7990=EDGE_CURVE('',#627,#625,#7993,.F.);
#7991=EDGE_CURVE('',#625,#629,#7994,.T.);
#7992=EDGE_CURVE('',#629,#627,#7995,.T.);
#7993=LINE('',#626,#7996);
#7994=LINE('',#624,#7997);
#7995=LINE('',#628,#7998);
#7996=VECTOR('',#7999,1.0);
#7997=VECTOR('',#8000,1.0);
#7998=VECTOR('',#8001,1.0);
#7999=DIRECTION('',(0,-0.999999999999991,-1.3435887054242912E-07));
#8000=DIRECTION('',(-0.955614753532453,-3.958474611537106E-08,0.29461914878552564));
#8001=DIRECTION('',(0.1255146180188791,0.9913368079053575,-0.03869643337041862));
#8002=FACE_SURFACE('',(#8007),#8003,.T.);
#8003=PLANE('',#8004);
#8004=AXIS2_PLACEMENT_3D('',#626,#8005,#8006);
#8005=DIRECTION('',(-0.2946191487850879,1.283952578962593E-07,-0.9556147535325801));
#8006=DIRECTION('',(-0.1255146180188791,-0.9913368079053575,0.03869643337041862));
#8007=FACE_BOUND('',#8008,.T.);
#8008=EDGE_LOOP('',(#8009,#8010,#8011));
#8009=ORIENTED_EDGE('',*,*,#8012,.T.);
#8010=ORIENTED_EDGE('',*,*,#8013,.T.);
#8011=ORIENTED_EDGE('',*,*,#8014,.T.);
#8012=EDGE_CURVE('',#627,#629,#8015,.F.);
#8013=EDGE_CURVE('',#629,#631,#8016,.T.);
#8014=EDGE_CURVE('',#631,#627,#8017,.T.);
#8015=LINE('',#626,#8018);
#8016=LINE('',#628,#8019);
#8017=LINE('',#630,#8020);
#8018=VECTOR('',#8021,1.0);
#8019=VECTOR('',#8022,1.0);
#8020=VECTOR('',#8023,1.0);
#8021=DIRECTION('',(-0.1255146180188791,-0.9913368079053575,0.03869643337041862));
#8022=DIRECTION('',(0,0.9999999999999909,1.34358806641493E-07));
#8023=DIRECTION('',(0.9556147535325887,3.958462554045705E-08,-0.2946191487850852));
#8024=FACE_SURFACE('',(#8029),#8025,.T.);
#8025=PLANE('',#8026);
#8026=AXIS2_PLACEMENT_3D('',#630,#8027,#8028);
#8027=DIRECTION('',(-0.16719234363784768,1.3246761203923357E-07,-0.9859242974127711));
#8028=DIRECTION('',(0,-0.9999999999999909,-1.34358806641493E-07));
#8029=FACE_BOUND('',#8030,.T.);
#8030=EDGE_LOOP('',(#8031,#8032,#8033));
#8031=ORIENTED_EDGE('',*,*,#8034,.T.);
#8032=ORIENTED_EDGE('',*,*,#8035,.T.);
#8033=ORIENTED_EDGE('',*,*,#8036,.T.);
#8034=EDGE_CURVE('',#631,#629,#8037,.F.);
#8035=EDGE_CURVE('',#629,#633,#8038,.T.);
#8036=EDGE_CURVE('',#633,#631,#8039,.T.);
#8037=LINE('',#630,#8040);
#8038=LINE('',#628,#8041);
#8039=LINE('',#632,#8042);
#8040=VECTOR('',#8043,1.0);
#8041=VECTOR('',#8044,1.0);
#8042=VECTOR('',#8045,1.0);
#8043=DIRECTION('',(0,-0.9999999999999909,-1.34358806641493E-07));
#8044=DIRECTION('',(-0.98592429741278,-2.2463720566298103E-08,0.16719234363784619));
#8045=DIRECTION('',(0.14338759163412088,0.9893678579131502,-0.024315433241281645));
#8046=FACE_SURFACE('',(#8051),#8047,.T.);
#8047=PLANE('',#8048);
#8048=AXIS2_PLACEMENT_3D('',#630,#8049,#8050);
#8049=DIRECTION('',(-0.16719234363784768,1.3246761204117564E-07,-0.9859242974127711));
#8050=DIRECTION('',(-0.14338759163412088,-0.9893678579131502,0.024315433241281645));
#8051=FACE_BOUND('',#8052,.T.);
#8052=EDGE_LOOP('',(#8053,#8054,#8055));
#8053=ORIENTED_EDGE('',*,*,#8056,.T.);
#8054=ORIENTED_EDGE('',*,*,#8057,.T.);
#8055=ORIENTED_EDGE('',*,*,#8058,.T.);
#8056=EDGE_CURVE('',#631,#633,#8059,.F.);
#8057=EDGE_CURVE('',#633,#635,#8060,.T.);
#8058=EDGE_CURVE('',#635,#631,#8061,.T.);
#8059=LINE('',#630,#8062);
#8060=LINE('',#632,#8063);
#8061=LINE('',#634,#8064);
#8062=VECTOR('',#8065,1.0);
#8063=VECTOR('',#8066,1.0);
#8064=VECTOR('',#8067,1.0);
#8065=DIRECTION('',(-0.14338759163412088,-0.9893678579131502,0.024315433241281645));
#8066=DIRECTION('',(0,0.999999999999991,1.3435880664149516E-07));
#8067=DIRECTION('',(0.98592429741278,2.2463829243139964E-08,-0.16719234363784619));
#8068=FACE_SURFACE('',(#8073),#8069,.T.);
#8069=PLANE('',#8070);
#8070=AXIS2_PLACEMENT_3D('',#634,#8071,#8072);
#8071=DIRECTION('',(-0.051955166853219,1.3417734409374603E-07,-0.998649418283131));
#8072=DIRECTION('',(0,-0.999999999999991,-1.3435880664149516E-07));
#8073=FACE_BOUND('',#8074,.T.);
#8074=EDGE_LOOP('',(#8075,#8076,#8077));
#8075=ORIENTED_EDGE('',*,*,#8078,.T.);
#8076=ORIENTED_EDGE('',*,*,#8079,.T.);
#8077=ORIENTED_EDGE('',*,*,#8080,.T.);
#8078=EDGE_CURVE('',#635,#633,#8081,.F.);
#8079=EDGE_CURVE('',#633,#637,#8082,.T.);
#8080=EDGE_CURVE('',#637,#635,#8083,.T.);
#8081=LINE('',#634,#8084);
#8082=LINE('',#632,#8085);
#8083=LINE('',#636,#8086);
#8084=VECTOR('',#8087,1.0);
#8085=VECTOR('',#8088,1.0);
#8086=VECTOR('',#8089,1.0);
#8087=DIRECTION('',(0,-0.999999999999991,-1.3435880664149516E-07));
#8088=DIRECTION('',(-0.9986494182831401,-6.980684839323934E-09,0.05195516685321855));
#8089=DIRECTION('',(0.16202144788966394,0.9867512354407226,-0.008429103151854064));
#8090=FACE_SURFACE('',(#8095),#8091,.T.);
#8091=PLANE('',#8092);
#8092=AXIS2_PLACEMENT_3D('',#634,#8093,#8094);
#8093=DIRECTION('',(-0.05195516685360661,1.3417740790787256E-07,-0.998649418283111));
#8094=DIRECTION('',(-0.16202144788966394,-0.9867512354407226,0.008429103151854064));
#8095=FACE_BOUND('',#8096,.T.);
#8096=EDGE_LOOP('',(#8097,#8098,#8099));
#8097=ORIENTED_EDGE('',*,*,#8100,.T.);
#8098=ORIENTED_EDGE('',*,*,#8101,.T.);
#8099=ORIENTED_EDGE('',*,*,#8102,.T.);
#8100=EDGE_CURVE('',#635,#637,#8103,.F.);
#8101=EDGE_CURVE('',#637,#639,#8104,.T.);
#8102=EDGE_CURVE('',#639,#635,#8105,.T.);
#8103=LINE('',#634,#8106);
#8104=LINE('',#636,#8107);
#8105=LINE('',#638,#8108);
#8106=VECTOR('',#8109,1.0);
#8107=VECTOR('',#8110,1.0);
#8108=VECTOR('',#8111,1.0);
#8109=DIRECTION('',(-0.16202144788966394,-0.9867512354407226,0.008429103151854064));
#8110=DIRECTION('',(0,0.9999999999999909,1.3435887054242695E-07));
#8111=DIRECTION('',(0.99864941828312,6.980587677549452E-09,-0.05195516685360615));
#8112=FACE_SURFACE('',(#8117),#8113,.T.);
#8113=PLANE('',#8114);
#8114=AXIS2_PLACEMENT_3D('',#638,#8115,#8116);
#8115=DIRECTION('',(0,1.3435887054242698E-07,-0.999999999999991));
#8116=DIRECTION('',(0,-0.9999999999999909,-1.3435887054242695E-07));
#8117=FACE_BOUND('',#8118,.T.);
#8118=EDGE_LOOP('',(#8119,#8120,#8121));
#8119=ORIENTED_EDGE('',*,*,#8122,.T.);
#8120=ORIENTED_EDGE('',*,*,#8123,.T.);
#8121=ORIENTED_EDGE('',*,*,#8124,.T.);
#8122=EDGE_CURVE('',#639,#637,#8125,.F.);
#8123=EDGE_CURVE('',#637,#641,#8126,.T.);
#8124=EDGE_CURVE('',#641,#639,#8127,.T.);
#8125=LINE('',#638,#8128);
#8126=LINE('',#636,#8129);
#8127=LINE('',#640,#8130);
#8128=VECTOR('',#8131,1.0);
#8129=VECTOR('',#8132,1.0);
#8130=VECTOR('',#8133,1.0);
#8131=DIRECTION('',(0,-0.9999999999999909,-1.3435887054242695E-07));
#8132=DIRECTION('',(-1,0,0));
#8133=DIRECTION('',(0.6690019202524183,0.7432606747962435,9.986366478422629E-08));
#8134=FACE_SURFACE('',(#8139),#8135,.T.);
#8135=PLANE('',#8136);
#8136=AXIS2_PLACEMENT_3D('',#638,#8137,#8138);
#8137=DIRECTION('',(0,1.3435887054242698E-07,-0.999999999999991));
#8138=DIRECTION('',(-0.6690019202524183,-0.7432606747962435,-9.986366478422629E-08));
#8139=FACE_BOUND('',#8140,.T.);
#8140=EDGE_LOOP('',(#8141,#8142,#8143));
#8141=ORIENTED_EDGE('',*,*,#8144,.T.);
#8142=ORIENTED_EDGE('',*,*,#8145,.T.);
#8143=ORIENTED_EDGE('',*,*,#8146,.T.);
#8144=EDGE_CURVE('',#639,#641,#8147,.F.);
#8145=EDGE_CURVE('',#641,#643,#8148,.T.);
#8146=EDGE_CURVE('',#643,#639,#8149,.T.);
#8147=LINE('',#638,#8150);
#8148=LINE('',#640,#8151);
#8149=LINE('',#642,#8152);
#8150=VECTOR('',#8153,1.0);
#8151=VECTOR('',#8154,1.0);
#8152=VECTOR('',#8155,1.0);
#8153=DIRECTION('',(-0.6690019202524183,-0.7432606747962435,-9.986366478422629E-08));
#8154=DIRECTION('',(0,0.9999999999999909,1.3435887054242695E-07));
#8155=DIRECTION('',(1,0,0));
#8156=FACE_SURFACE('',(#8161),#8157,.T.);
#8157=PLANE('',#8158);
#8158=AXIS2_PLACEMENT_3D('',#642,#8159,#8160);
#8159=DIRECTION('',(1,0,0));
#8160=DIRECTION('',(0,-0.9999999999999909,-1.3435887054242695E-07));
#8161=FACE_BOUND('',#8162,.T.);
#8162=EDGE_LOOP('',(#8163,#8164,#8165));
#8163=ORIENTED_EDGE('',*,*,#8166,.T.);
#8164=ORIENTED_EDGE('',*,*,#8167,.T.);
#8165=ORIENTED_EDGE('',*,*,#8168,.T.);
#8166=EDGE_CURVE('',#643,#641,#8169,.F.);
#8167=EDGE_CURVE('',#641,#645,#8170,.T.);
#8168=EDGE_CURVE('',#645,#643,#8171,.T.);
#8169=LINE('',#642,#8172);
#8170=LINE('',#640,#8173);
#8171=LINE('',#644,#8174);
#8172=VECTOR('',#8175,1.0);
#8173=VECTOR('',#8176,1.0);
#8174=VECTOR('',#8177,1.0);
#8175=DIRECTION('',(0,-0.9999999999999909,-1.3435887054242695E-07));
#8176=DIRECTION('',(0,1.3435885035734798E-07,-0.9999999999999909));
#8177=DIRECTION('',(0,0.5179639157685583,0.8554024678253517));
#8178=FACE_SURFACE('',(#8183),#8179,.T.);
#8179=PLANE('',#8180);
#8180=AXIS2_PLACEMENT_3D('',#642,#8181,#8182);
#8181=DIRECTION('',(1,0,0));
#8182=DIRECTION('',(0,-0.5179639157685583,-0.8554024678253517));
#8183=FACE_BOUND('',#8184,.T.);
#8184=EDGE_LOOP('',(#8185,#8186,#8187));
#8185=ORIENTED_EDGE('',*,*,#8188,.T.);
#8186=ORIENTED_EDGE('',*,*,#8189,.T.);
#8187=ORIENTED_EDGE('',*,*,#8190,.T.);
#8188=EDGE_CURVE('',#643,#645,#8191,.F.);
#8189=EDGE_CURVE('',#645,#647,#8192,.T.);
#8190=EDGE_CURVE('',#647,#643,#8193,.T.);
#8191=LINE('',#642,#8194);
#8192=LINE('',#644,#8195);
#8193=LINE('',#646,#8196);
#8194=VECTOR('',#8197,1.0);
#8195=VECTOR('',#8198,1.0);
#8196=VECTOR('',#8199,1.0);
#8197=DIRECTION('',(0,-0.5179639157685583,-0.8554024678253517));
#8198=DIRECTION('',(0,0.9999999999999909,1.3435887054242695E-07));
#8199=DIRECTION('',(0,-1.3435885035734798E-07,0.9999999999999909));
#8200=FACE_SURFACE('',(#8205),#8201,.T.);
#8201=PLANE('',#8202);
#8202=AXIS2_PLACEMENT_3D('',#646,#8203,#8204);
#8203=DIRECTION('',(0,-1.3435887054242698E-07,0.999999999999991));
#8204=DIRECTION('',(0,-0.9999999999999909,-1.3435887054242695E-07));
#8205=FACE_BOUND('',#8206,.T.);
#8206=EDGE_LOOP('',(#8207,#8208,#8209));
#8207=ORIENTED_EDGE('',*,*,#8210,.T.);
#8208=ORIENTED_EDGE('',*,*,#8211,.T.);
#8209=ORIENTED_EDGE('',*,*,#8212,.T.);
#8210=EDGE_CURVE('',#647,#645,#8213,.F.);
#8211=EDGE_CURVE('',#645,#649,#8214,.T.);
#8212=EDGE_CURVE('',#649,#647,#8215,.T.);
#8213=LINE('',#646,#8216);
#8214=LINE('',#644,#8217);
#8215=LINE('',#648,#8218);
#8216=VECTOR('',#8219,1.0);
#8217=VECTOR('',#8220,1.0);
#8218=VECTOR('',#8221,1.0);
#8219=DIRECTION('',(0,-0.9999999999999909,-1.3435887054242695E-07));
#8220=DIRECTION('',(1,0,0));
#8221=DIRECTION('',(-0.6558424073826528,0.7548978319471558,1.0142722007534762E-07));
#8222=FACE_SURFACE('',(#8227),#8223,.T.);
#8223=PLANE('',#8224);
#8224=AXIS2_PLACEMENT_3D('',#646,#8225,#8226);
#8225=DIRECTION('',(0,-1.3435887054242698E-07,0.999999999999991));
#8226=DIRECTION('',(0.6558424073826528,-0.7548978319471558,-1.0142722007534762E-07));
#8227=FACE_BOUND('',#8228,.T.);
#8228=EDGE_LOOP('',(#8229,#8230,#8231));
#8229=ORIENTED_EDGE('',*,*,#8232,.T.);
#8230=ORIENTED_EDGE('',*,*,#8233,.T.);
#8231=ORIENTED_EDGE('',*,*,#8234,.T.);
#8232=EDGE_CURVE('',#647,#649,#8235,.F.);
#8233=EDGE_CURVE('',#649,#651,#8236,.T.);
#8234=EDGE_CURVE('',#651,#647,#8237,.T.);
#8235=LINE('',#646,#8238);
#8236=LINE('',#648,#8239);
#8237=LINE('',#650,#8240);
#8238=VECTOR('',#8241,1.0);
#8239=VECTOR('',#8242,1.0);
#8240=VECTOR('',#8243,1.0);
#8241=DIRECTION('',(0.6558424073826528,-0.7548978319471558,-1.0142722007534762E-07));
#8242=DIRECTION('',(0,0.9999999999999909,1.3435887054242695E-07));
#8243=DIRECTION('',(-1,0,0));
#8244=FACE_SURFACE('',(#8249),#8245,.T.);
#8245=PLANE('',#8246);
#8246=AXIS2_PLACEMENT_3D('',#652,#8247,#8248);
#8247=DIRECTION('',(-0.4999923623812858,1.1635878757384732E-07,-0.8660298133207468));
#8248=DIRECTION('',(0,-0.999999999999991,-1.3435887054242912E-07));
#8249=FACE_BOUND('',#8250,.T.);
#8250=EDGE_LOOP('',(#8251,#8252,#8253));
#8251=ORIENTED_EDGE('',*,*,#8254,.T.);
#8252=ORIENTED_EDGE('',*,*,#8255,.T.);
#8253=ORIENTED_EDGE('',*,*,#8256,.T.);
#8254=EDGE_CURVE('',#653,#655,#8257,.F.);
#8255=EDGE_CURVE('',#655,#657,#8258,.T.);
#8256=EDGE_CURVE('',#657,#653,#8259,.T.);
#8257=LINE('',#652,#8260);
#8258=LINE('',#654,#8261);
#8259=LINE('',#656,#8262);
#8260=VECTOR('',#8263,1.0);
#8261=VECTOR('',#8264,1.0);
#8262=VECTOR('',#8265,1.0);
#8263=DIRECTION('',(0,-0.999999999999991,-1.3435887054242912E-07));
#8264=DIRECTION('',(-0.8660298133207547,-6.717835371616869E-08,0.49999236238128136));
#8265=DIRECTION('',(0.09543488020851651,0.9939096454065067,-0.05509809803884587));
#8266=FACE_SURFACE('',(#8271),#8267,.T.);
#8267=PLANE('',#8268);
#8268=AXIS2_PLACEMENT_3D('',#652,#8269,#8270);
#8269=DIRECTION('',(-0.49999236238085354,1.1635873222497524E-07,-0.8660298133209964));
#8270=DIRECTION('',(-0.09543488020851651,-0.9939096454065067,0.05509809803884587));
#8271=FACE_BOUND('',#8272,.T.);
#8272=EDGE_LOOP('',(#8273,#8274,#8275));
#8273=ORIENTED_EDGE('',*,*,#8276,.T.);
#8274=ORIENTED_EDGE('',*,*,#8277,.T.);
#8275=ORIENTED_EDGE('',*,*,#8278,.T.);
#8276=EDGE_CURVE('',#653,#657,#8279,.F.);
#8277=EDGE_CURVE('',#657,#659,#8280,.T.);
#8278=EDGE_CURVE('',#659,#653,#8281,.T.);
#8279=LINE('',#652,#8282);
#8280=LINE('',#656,#8283);
#8281=LINE('',#658,#8284);
#8282=VECTOR('',#8285,1.0);
#8283=VECTOR('',#8286,1.0);
#8284=VECTOR('',#8287,1.0);
#8285=DIRECTION('',(-0.09543488020851651,-0.9939096454065067,0.05509809803884587));
#8286=DIRECTION('',(0,0.999999999999991,1.3435880664149516E-07));
#8287=DIRECTION('',(0.866029813321004,6.717835371618804E-08,-0.49999236238084904));
#8288=FACE_SURFACE('',(#8293),#8289,.T.);
#8289=PLANE('',#8290);
#8290=AXIS2_PLACEMENT_3D('',#658,#8291,#8292);
#8291=DIRECTION('',(-0.46430850172989807,1.189980395871343E-07,-0.8856735376092724));
#8292=DIRECTION('',(0,-0.999999999999991,-1.3435880664149516E-07));
#8293=FACE_BOUND('',#8294,.T.);
#8294=EDGE_LOOP('',(#8295,#8296,#8297));
#8295=ORIENTED_EDGE('',*,*,#8298,.T.);
#8296=ORIENTED_EDGE('',*,*,#8299,.T.);
#8297=ORIENTED_EDGE('',*,*,#8300,.T.);
#8298=EDGE_CURVE('',#659,#657,#8301,.F.);
#8299=EDGE_CURVE('',#657,#661,#8302,.T.);
#8300=EDGE_CURVE('',#661,#659,#8303,.T.);
#8301=LINE('',#658,#8304);
#8302=LINE('',#656,#8305);
#8303=LINE('',#660,#8306);
#8304=VECTOR('',#8307,1.0);
#8305=VECTOR('',#8308,1.0);
#8306=VECTOR('',#8309,1.0);
#8307=DIRECTION('',(0,-0.999999999999991,-1.3435880664149516E-07));
#8308=DIRECTION('',(-0.8856735376092802,-6.23840297632034E-08,0.46430850172989385));
#8309=DIRECTION('',(0.09391100828899182,0.9943625715118589,-0.04923209216017643));
#8310=FACE_SURFACE('',(#8315),#8311,.T.);
#8311=PLANE('',#8312);
#8312=AXIS2_PLACEMENT_3D('',#658,#8313,#8314);
#8313=DIRECTION('',(-0.4643085017303681,1.1899809618263953E-07,-0.8856735376090258));
#8314=DIRECTION('',(-0.09391100828899182,-0.9943625715118589,0.04923209216017643));
#8315=FACE_BOUND('',#8316,.T.);
#8316=EDGE_LOOP('',(#8317,#8318,#8319));
#8317=ORIENTED_EDGE('',*,*,#8320,.T.);
#8318=ORIENTED_EDGE('',*,*,#8321,.T.);
#8319=ORIENTED_EDGE('',*,*,#8322,.T.);
#8320=EDGE_CURVE('',#659,#661,#8323,.F.);
#8321=EDGE_CURVE('',#661,#663,#8324,.T.);
#8322=EDGE_CURVE('',#663,#659,#8325,.T.);
#8323=LINE('',#658,#8326);
#8324=LINE('',#660,#8327);
#8325=LINE('',#662,#8328);
#8326=VECTOR('',#8329,1.0);
#8327=VECTOR('',#8330,1.0);
#8328=VECTOR('',#8331,1.0);
#8329=DIRECTION('',(-0.09391100828899182,-0.9943625715118589,0.04923209216017643));
#8330=DIRECTION('',(0,0.9999999999999909,1.3435887054242695E-07));
#8331=DIRECTION('',(0.8856735376090339,6.238387995030855E-08,-0.464308501730364));
#8332=FACE_SURFACE('',(#8337),#8333,.T.);
#8333=PLANE('',#8334);
#8334=AXIS2_PLACEMENT_3D('',#662,#8335,#8336);
#8335=DIRECTION('',(-0.42708601798736445,1.2148876874543485E-07,-0.9042110003974082));
#8336=DIRECTION('',(0,-0.9999999999999909,-1.3435887054242695E-07));
#8337=FACE_BOUND('',#8338,.T.);
#8338=EDGE_LOOP('',(#8339,#8340,#8341));
#8339=ORIENTED_EDGE('',*,*,#8342,.T.);
#8340=ORIENTED_EDGE('',*,*,#8343,.T.);
#8341=ORIENTED_EDGE('',*,*,#8344,.T.);
#8342=EDGE_CURVE('',#663,#661,#8345,.F.);
#8343=EDGE_CURVE('',#661,#665,#8346,.T.);
#8344=EDGE_CURVE('',#665,#663,#8347,.T.);
#8345=LINE('',#662,#8348);
#8346=LINE('',#660,#8349);
#8347=LINE('',#664,#8350);
#8348=VECTOR('',#8351,1.0);
#8349=VECTOR('',#8352,1.0);
#8350=VECTOR('',#8353,1.0);
#8351=DIRECTION('',(0,-0.9999999999999909,-1.3435887054242695E-07));
#8352=DIRECTION('',(-0.9042110003974165,-5.738285573669501E-08,0.4270860179873606));
#8353=DIRECTION('',(0.09208683916388499,0.9948005717537586,-0.04349524676559403));
#8354=FACE_SURFACE('',(#8359),#8355,.T.);
#8355=PLANE('',#8356);
#8356=AXIS2_PLACEMENT_3D('',#662,#8357,#8358);
#8357=DIRECTION('',(-0.4270860179873644,1.2148876874251256E-07,-0.9042110003974082));
#8358=DIRECTION('',(-0.09208683916388499,-0.9948005717537586,0.04349524676559403));
#8359=FACE_BOUND('',#8360,.T.);
#8360=EDGE_LOOP('',(#8361,#8362,#8363));
#8361=ORIENTED_EDGE('',*,*,#8364,.T.);
#8362=ORIENTED_EDGE('',*,*,#8365,.T.);
#8363=ORIENTED_EDGE('',*,*,#8366,.T.);
#8364=EDGE_CURVE('',#663,#665,#8367,.F.);
#8365=EDGE_CURVE('',#665,#667,#8368,.T.);
#8366=EDGE_CURVE('',#667,#663,#8369,.T.);
#8367=LINE('',#662,#8370);
#8368=LINE('',#664,#8371);
#8369=LINE('',#666,#8372);
#8370=VECTOR('',#8373,1.0);
#8371=VECTOR('',#8374,1.0);
#8372=VECTOR('',#8375,1.0);
#8373=DIRECTION('',(-0.09208683916388499,-0.9948005717537586,0.04349524676559403));
#8374=DIRECTION('',(0,0.9999999999999909,1.3435887054242695E-07));
#8375=DIRECTION('',(0.9042110003974165,5.738285573669501E-08,-0.4270860179873606));
#8376=FACE_SURFACE('',(#8381),#8377,.T.);
#8377=PLANE('',#8378);
#8378=AXIS2_PLACEMENT_3D('',#666,#8379,#8380);
#8379=DIRECTION('',(-0.3881375841182975,1.2382532868419251E-07,-0.9216014408597656));
#8380=DIRECTION('',(0,-0.9999999999999909,-1.3435887054242695E-07));
#8381=FACE_BOUND('',#8382,.T.);
#8382=EDGE_LOOP('',(#8383,#8384,#8385));
#8383=ORIENTED_EDGE('',*,*,#8386,.T.);
#8384=ORIENTED_EDGE('',*,*,#8387,.T.);
#8385=ORIENTED_EDGE('',*,*,#8388,.T.);
#8386=EDGE_CURVE('',#667,#665,#8389,.F.);
#8387=EDGE_CURVE('',#665,#669,#8390,.T.);
#8388=EDGE_CURVE('',#669,#667,#8391,.T.);
#8389=LINE('',#666,#8392);
#8390=LINE('',#664,#8393);
#8391=LINE('',#668,#8394);
#8392=VECTOR('',#8395,1.0);
#8393=VECTOR('',#8396,1.0);
#8394=VECTOR('',#8397,1.0);
#8395=DIRECTION('',(0,-0.9999999999999909,-1.3435887054242695E-07));
#8396=DIRECTION('',(-0.921601440859774,-5.2149661607207925E-08,0.3881375841182941));
#8397=DIRECTION('',(0.0899623490802091,0.9952242332080845,-0.037888011076736935));
#8398=FACE_SURFACE('',(#8403),#8399,.T.);
#8399=PLANE('',#8400);
#8400=AXIS2_PLACEMENT_3D('',#666,#8401,#8402);
#8401=DIRECTION('',(-0.38813758411774435,1.2382526979735161E-07,-0.9216014408599987));
#8402=DIRECTION('',(-0.0899623490802091,-0.9952242332080845,0.037888011076736935));
#8403=FACE_BOUND('',#8404,.T.);
#8404=EDGE_LOOP('',(#8405,#8406,#8407));
#8405=ORIENTED_EDGE('',*,*,#8408,.T.);
#8406=ORIENTED_EDGE('',*,*,#8409,.T.);
#8407=ORIENTED_EDGE('',*,*,#8410,.T.);
#8408=EDGE_CURVE('',#667,#669,#8411,.F.);
#8409=EDGE_CURVE('',#669,#671,#8412,.T.);
#8410=EDGE_CURVE('',#671,#667,#8413,.T.);
#8411=LINE('',#666,#8414);
#8412=LINE('',#668,#8415);
#8413=LINE('',#670,#8416);
#8414=VECTOR('',#8417,1.0);
#8415=VECTOR('',#8418,1.0);
#8416=VECTOR('',#8419,1.0);
#8417=DIRECTION('',(-0.0899623490802091,-0.9952242332080845,0.037888011076736935));
#8418=DIRECTION('',(0,0.9999999999999909,1.34358806641493E-07));
#8419=DIRECTION('',(0.9216014408600071,5.214966160722111E-08,-0.38813758411774074));
#8420=FACE_SURFACE('',(#8425),#8421,.T.);
#8421=PLANE('',#8422);
#8422=AXIS2_PLACEMENT_3D('',#670,#8423,#8424);
#8423=DIRECTION('',(-0.347218690374696,1.2599956422874431E-07,-0.9377841868225679));
#8424=DIRECTION('',(0,-0.9999999999999909,-1.34358806641493E-07));
#8425=FACE_BOUND('',#8426,.T.);
#8426=EDGE_LOOP('',(#8427,#8428,#8429));
#8427=ORIENTED_EDGE('',*,*,#8430,.T.);
#8428=ORIENTED_EDGE('',*,*,#8431,.T.);
#8429=ORIENTED_EDGE('',*,*,#8432,.T.);
#8430=EDGE_CURVE('',#671,#669,#8433,.F.);
#8431=EDGE_CURVE('',#669,#673,#8434,.T.);
#8432=EDGE_CURVE('',#673,#671,#8435,.T.);
#8433=LINE('',#670,#8436);
#8434=LINE('',#668,#8437);
#8435=LINE('',#672,#8438);
#8436=VECTOR('',#8439,1.0);
#8437=VECTOR('',#8440,1.0);
#8438=VECTOR('',#8441,1.0);
#8439=DIRECTION('',(0,-0.9999999999999909,-1.34358806641493E-07));
#8440=DIRECTION('',(-0.9377841868225765,-4.665187723241863E-08,0.3472186903746929));
#8441=DIRECTION('',(0.0875370471480759,0.9956338698608879,-0.03241084019935593));
#8442=FACE_SURFACE('',(#8447),#8443,.T.);
#8443=PLANE('',#8444);
#8444=AXIS2_PLACEMENT_3D('',#670,#8445,#8446);
#8445=DIRECTION('',(-0.34721869037469594,1.2599956423041858E-07,-0.937784186822568));
#8446=DIRECTION('',(-0.0875370471480759,-0.9956338698608879,0.03241084019935593));
#8447=FACE_BOUND('',#8448,.T.);
#8448=EDGE_LOOP('',(#8449,#8450,#8451));
#8449=ORIENTED_EDGE('',*,*,#8452,.T.);
#8450=ORIENTED_EDGE('',*,*,#8453,.T.);
#8451=ORIENTED_EDGE('',*,*,#8454,.T.);
#8452=EDGE_CURVE('',#671,#673,#8455,.F.);
#8453=EDGE_CURVE('',#673,#675,#8456,.T.);
#8454=EDGE_CURVE('',#675,#671,#8457,.T.);
#8455=LINE('',#670,#8458);
#8456=LINE('',#672,#8459);
#8457=LINE('',#674,#8460);
#8458=VECTOR('',#8461,1.0);
#8459=VECTOR('',#8462,1.0);
#8460=VECTOR('',#8463,1.0);
#8461=DIRECTION('',(-0.0875370471480759,-0.9956338698608879,0.03241084019935593));
#8462=DIRECTION('',(0,0.999999999999991,1.3435880664149516E-07));
#8463=DIRECTION('',(0.9377841868225765,4.665204762782684E-08,-0.3472186903746929));
#8464=FACE_SURFACE('',(#8469),#8465,.T.);
#8465=PLANE('',#8466);
#8466=AXIS2_PLACEMENT_3D('',#674,#8467,#8468);
#8467=DIRECTION('',(-0.30400886445539943,1.2799949723832986E-07,-0.9526692029936321));
#8468=DIRECTION('',(0,-0.999999999999991,-1.3435880664149516E-07));
#8469=FACE_BOUND('',#8470,.T.);
#8470=EDGE_LOOP('',(#8471,#8472,#8473));
#8471=ORIENTED_EDGE('',*,*,#8474,.T.);
#8472=ORIENTED_EDGE('',*,*,#8475,.T.);
#8473=ORIENTED_EDGE('',*,*,#8476,.T.);
#8474=EDGE_CURVE('',#675,#673,#8477,.F.);
#8475=EDGE_CURVE('',#673,#677,#8478,.T.);
#8476=EDGE_CURVE('',#677,#675,#8479,.T.);
#8477=LINE('',#674,#8480);
#8478=LINE('',#672,#8481);
#8479=LINE('',#676,#8482);
#8480=VECTOR('',#8483,1.0);
#8481=VECTOR('',#8484,1.0);
#8482=VECTOR('',#8485,1.0);
#8483=DIRECTION('',(0,-0.999999999999991,-1.3435880664149516E-07));
#8484=DIRECTION('',(-0.9526692029936407,-4.084633250029178E-08,0.30400886445539665));
#8485=DIRECTION('',(0.08481089873115352,0.9960294402175405,-0.02706410309519013));
#8486=FACE_SURFACE('',(#8491),#8487,.T.);
#8487=PLANE('',#8488);
#8488=AXIS2_PLACEMENT_3D('',#674,#8489,#8490);
#8489=DIRECTION('',(-0.3040088644560482,1.2799955811645096E-07,-0.952669202993425));
#8490=DIRECTION('',(-0.08481089873115352,-0.9960294402175405,0.02706410309519013));
#8491=FACE_BOUND('',#8492,.T.);
#8492=EDGE_LOOP('',(#8493,#8494,#8495));
#8493=ORIENTED_EDGE('',*,*,#8496,.T.);
#8494=ORIENTED_EDGE('',*,*,#8497,.T.);
#8495=ORIENTED_EDGE('',*,*,#8498,.T.);
#8496=EDGE_CURVE('',#675,#677,#8499,.F.);
#8497=EDGE_CURVE('',#677,#679,#8500,.T.);
#8498=EDGE_CURVE('',#679,#675,#8501,.T.);
#8499=LINE('',#674,#8502);
#8500=LINE('',#676,#8503);
#8501=LINE('',#678,#8504);
#8502=VECTOR('',#8505,1.0);
#8503=VECTOR('',#8506,1.0);
#8504=VECTOR('',#8507,1.0);
#8505=DIRECTION('',(-0.08481089873115352,-0.9960294402175405,0.02706410309519013));
#8506=DIRECTION('',(0,0.9999999999999909,1.3435887054242695E-07));
#8507=DIRECTION('',(0.9526692029934336,4.084615376518247E-08,-0.3040088644560455));
#8508=FACE_SURFACE('',(#8513),#8509,.T.);
#8509=PLANE('',#8510);
#8510=AXIS2_PLACEMENT_3D('',#678,#8511,#8512);
#8511=DIRECTION('',(-0.25809723094483566,1.2980665050256788E-07,-0.9661189468065469));
#8512=DIRECTION('',(0,-0.9999999999999909,-1.3435887054242695E-07));
#8513=FACE_BOUND('',#8514,.T.);
#8514=EDGE_LOOP('',(#8515,#8516,#8517));
#8515=ORIENTED_EDGE('',*,*,#8518,.T.);
#8516=ORIENTED_EDGE('',*,*,#8519,.T.);
#8517=ORIENTED_EDGE('',*,*,#8520,.T.);
#8518=EDGE_CURVE('',#679,#677,#8521,.F.);
#8519=EDGE_CURVE('',#677,#681,#8522,.T.);
#8520=EDGE_CURVE('',#681,#679,#8523,.T.);
#8521=LINE('',#678,#8524);
#8522=LINE('',#676,#8525);
#8523=LINE('',#680,#8526);
#8524=VECTOR('',#8527,1.0);
#8525=VECTOR('',#8528,1.0);
#8526=VECTOR('',#8529,1.0);
#8527=DIRECTION('',(0,-0.9999999999999909,-1.3435887054242695E-07));
#8528=DIRECTION('',(-0.9661189468065556,-3.467764195963629E-08,0.25809723094483333));
#8529=DIRECTION('',(0.0817834074814332,0.996410623812016,-0.021848181051863855));
#8530=FACE_SURFACE('',(#8535),#8531,.T.);
#8531=PLANE('',#8532);
#8532=AXIS2_PLACEMENT_3D('',#678,#8533,#8534);
#8533=DIRECTION('',(-0.2580972309448357,1.29806650503183E-07,-0.9661189468065469));
#8534=DIRECTION('',(-0.0817834074814332,-0.996410623812016,0.021848181051863855));
#8535=FACE_BOUND('',#8536,.T.);
#8536=EDGE_LOOP('',(#8537,#8538,#8539));
#8537=ORIENTED_EDGE('',*,*,#8540,.T.);
#8538=ORIENTED_EDGE('',*,*,#8541,.T.);
#8539=ORIENTED_EDGE('',*,*,#8542,.T.);
#8540=EDGE_CURVE('',#679,#681,#8543,.F.);
#8541=EDGE_CURVE('',#681,#683,#8544,.T.);
#8542=EDGE_CURVE('',#683,#679,#8545,.T.);
#8543=LINE('',#678,#8546);
#8544=LINE('',#680,#8547);
#8545=LINE('',#682,#8548);
#8546=VECTOR('',#8549,1.0);
#8547=VECTOR('',#8550,1.0);
#8548=VECTOR('',#8551,1.0);
#8549=DIRECTION('',(-0.0817834074814332,-0.996410623812016,0.021848181051863855));
#8550=DIRECTION('',(0,0.9999999999999909,1.3435887054242695E-07));
#8551=DIRECTION('',(0.9661189468065556,3.467764195963629E-08,-0.25809723094483333));
#8552=FACE_SURFACE('',(#8557),#8553,.T.);
#8553=PLANE('',#8554);
#8554=AXIS2_PLACEMENT_3D('',#682,#8555,#8556);
#8555=DIRECTION('',(-0.20895617155616164,1.313928993506354E-07,-0.9779250065156198));
#8556=DIRECTION('',(0,-0.9999999999999909,-1.3435887054242695E-07));
#8557=FACE_BOUND('',#8558,.T.);
#8558=EDGE_LOOP('',(#8559,#8560,#8561));
#8559=ORIENTED_EDGE('',*,*,#8562,.T.);
#8560=ORIENTED_EDGE('',*,*,#8563,.T.);
#8561=ORIENTED_EDGE('',*,*,#8564,.T.);
#8562=EDGE_CURVE('',#683,#681,#8565,.F.);
#8563=EDGE_CURVE('',#681,#685,#8566,.T.);
#8564=EDGE_CURVE('',#685,#683,#8567,.T.);
#8565=LINE('',#682,#8568);
#8566=LINE('',#680,#8569);
#8567=LINE('',#684,#8570);
#8568=VECTOR('',#8571,1.0);
#8569=VECTOR('',#8572,1.0);
#8570=VECTOR('',#8573,1.0);
#8571=DIRECTION('',(0,-0.9999999999999909,-1.3435887054242695E-07));
#8572=DIRECTION('',(-0.9779250065156284,-2.807506737343086E-08,0.2089561715561597));
#8573=DIRECTION('',(0.07845442744235397,0.9967767499567524,-0.016763459080577185));
#8574=FACE_SURFACE('',(#8579),#8575,.T.);
#8575=PLANE('',#8576);
#8576=AXIS2_PLACEMENT_3D('',#682,#8577,#8578);
#8577=DIRECTION('',(-0.20895617155616164,1.3139289934817313E-07,-0.9779250065156196));
#8578=DIRECTION('',(-0.07845442744235397,-0.9967767499567524,0.016763459080577185));
#8579=FACE_BOUND('',#8580,.T.);
#8580=EDGE_LOOP('',(#8581,#8582,#8583));
#8581=ORIENTED_EDGE('',*,*,#8584,.T.);
#8582=ORIENTED_EDGE('',*,*,#8585,.T.);
#8583=ORIENTED_EDGE('',*,*,#8586,.T.);
#8584=EDGE_CURVE('',#683,#685,#8587,.F.);
#8585=EDGE_CURVE('',#685,#687,#8588,.T.);
#8586=EDGE_CURVE('',#687,#683,#8589,.T.);
#8587=LINE('',#682,#8590);
#8588=LINE('',#684,#8591);
#8589=LINE('',#686,#8592);
#8590=VECTOR('',#8593,1.0);
#8591=VECTOR('',#8594,1.0);
#8592=VECTOR('',#8595,1.0);
#8593=DIRECTION('',(-0.07845442744235397,-0.9967767499567524,0.016763459080577185));
#8594=DIRECTION('',(0,0.999999999999991,1.3435887054242912E-07));
#8595=DIRECTION('',(0.9779250065156284,2.8075265860951614E-08,-0.2089561715561597));
#8596=FACE_SURFACE('',(#8601),#8597,.T.);
#8597=PLANE('',#8598);
#8598=AXIS2_PLACEMENT_3D('',#686,#8599,#8600);
#8599=DIRECTION('',(-0.1559134263034084,1.3271575885238654E-07,-0.9877707241553143));
#8600=DIRECTION('',(0,-0.999999999999991,-1.3435887054242912E-07));
#8601=FACE_BOUND('',#8602,.T.);
#8602=EDGE_LOOP('',(#8603,#8604,#8605));
#8603=ORIENTED_EDGE('',*,*,#8606,.T.);
#8604=ORIENTED_EDGE('',*,*,#8607,.T.);
#8605=ORIENTED_EDGE('',*,*,#8608,.T.);
#8606=EDGE_CURVE('',#687,#685,#8609,.F.);
#8607=EDGE_CURVE('',#685,#689,#8610,.T.);
#8608=EDGE_CURVE('',#689,#687,#8611,.T.);
#8609=LINE('',#686,#8612);
#8610=LINE('',#684,#8613);
#8611=LINE('',#688,#8614);
#8612=VECTOR('',#8615,1.0);
#8613=VECTOR('',#8616,1.0);
#8614=VECTOR('',#8617,1.0);
#8615=DIRECTION('',(0,-0.999999999999991,-1.3435887054242912E-07));
#8616=DIRECTION('',(-0.9877707241553232,-2.0948261969146247E-08,0.155913426303407));
#8617=DIRECTION('',(0.07482370884315272,0.9971268369335358,-0.011810320142860835));
#8618=FACE_SURFACE('',(#8623),#8619,.T.);
#8619=PLANE('',#8620);
#8620=AXIS2_PLACEMENT_3D('',#686,#8621,#8622);
#8621=DIRECTION('',(-0.1559134263034084,1.3271575885170357E-07,-0.9877707241553143));
#8622=DIRECTION('',(-0.07482370884315272,-0.9971268369335358,0.011810320142860835));
#8623=FACE_BOUND('',#8624,.T.);
#8624=EDGE_LOOP('',(#8625,#8626,#8627));
#8625=ORIENTED_EDGE('',*,*,#8628,.T.);
#8626=ORIENTED_EDGE('',*,*,#8629,.T.);
#8627=ORIENTED_EDGE('',*,*,#8630,.T.);
#8628=EDGE_CURVE('',#687,#689,#8631,.F.);
#8629=EDGE_CURVE('',#689,#691,#8632,.T.);
#8630=EDGE_CURVE('',#691,#687,#8633,.T.);
#8631=LINE('',#686,#8634);
#8632=LINE('',#688,#8635);
#8633=LINE('',#690,#8636);
#8634=VECTOR('',#8637,1.0);
#8635=VECTOR('',#8638,1.0);
#8636=VECTOR('',#8639,1.0);
#8637=DIRECTION('',(-0.07482370884315272,-0.9971268369335358,0.011810320142860835));
#8638=DIRECTION('',(0,0.999999999999991,1.3435887054242912E-07));
#8639=DIRECTION('',(0.9877707241553232,2.0948261969146247E-08,-0.155913426303407));
#8640=FACE_SURFACE('',(#8645),#8641,.T.);
#8641=PLANE('',#8642);
#8642=AXIS2_PLACEMENT_3D('',#690,#8643,#8644);
#8643=DIRECTION('',(-0.09811581578087948,1.3371058940172718E-07,-0.9951750030490288));
#8644=DIRECTION('',(0,-0.999999999999991,-1.3435887054242912E-07));
#8645=FACE_BOUND('',#8646,.T.);
#8646=EDGE_LOOP('',(#8647,#8648,#8649));
#8647=ORIENTED_EDGE('',*,*,#8650,.T.);
#8648=ORIENTED_EDGE('',*,*,#8651,.T.);
#8649=ORIENTED_EDGE('',*,*,#8652,.T.);
#8650=EDGE_CURVE('',#691,#689,#8653,.F.);
#8651=EDGE_CURVE('',#689,#693,#8654,.T.);
#8652=EDGE_CURVE('',#693,#691,#8655,.T.);
#8653=LINE('',#690,#8656);
#8654=LINE('',#688,#8657);
#8655=LINE('',#692,#8658);
#8656=VECTOR('',#8659,1.0);
#8657=VECTOR('',#8660,1.0);
#8658=VECTOR('',#8661,1.0);
#8659=DIRECTION('',(0,-0.999999999999991,-1.3435887054242912E-07));
#8660=DIRECTION('',(-0.9951750030490377,-1.3182871117781521E-08,0.09811581578087859));
#8661=DIRECTION('',(0.07089090585368005,0.9974595890736725,-0.006989108113708434));
#8662=FACE_SURFACE('',(#8667),#8663,.T.);
#8663=PLANE('',#8664);
#8664=AXIS2_PLACEMENT_3D('',#690,#8665,#8666);
#8665=DIRECTION('',(-0.09811581578087948,1.337105894020279E-07,-0.995175003049029));
#8666=DIRECTION('',(-0.07089090585368005,-0.9974595890736725,0.006989108113708434));
#8667=FACE_BOUND('',#8668,.T.);
#8668=EDGE_LOOP('',(#8669,#8670,#8671));
#8669=ORIENTED_EDGE('',*,*,#8672,.T.);
#8670=ORIENTED_EDGE('',*,*,#8673,.T.);
#8671=ORIENTED_EDGE('',*,*,#8674,.T.);
#8672=EDGE_CURVE('',#691,#693,#8675,.F.);
#8673=EDGE_CURVE('',#693,#695,#8676,.T.);
#8674=EDGE_CURVE('',#695,#691,#8677,.T.);
#8675=LINE('',#690,#8678);
#8676=LINE('',#692,#8679);
#8677=LINE('',#694,#8680);
#8678=VECTOR('',#8681,1.0);
#8679=VECTOR('',#8682,1.0);
#8680=VECTOR('',#8683,1.0);
#8681=DIRECTION('',(-0.07089090585368005,-0.9974595890736725,0.006989108113708434));
#8682=DIRECTION('',(0,0.9999999999999909,1.3435887054242695E-07));
#8683=DIRECTION('',(0.9951750030490377,1.3182647425264293E-08,-0.09811581578087859));
#8684=FACE_SURFACE('',(#8689),#8685,.T.);
#8685=PLANE('',#8686);
#8686=AXIS2_PLACEMENT_3D('',#694,#8687,#8688);
#8687=DIRECTION('',(-0.03449013098369066,1.342789321795769E-07,-0.9994050384427277));
#8688=DIRECTION('',(0,-0.9999999999999909,-1.3435887054242695E-07));
#8689=FACE_BOUND('',#8690,.T.);
#8690=EDGE_LOOP('',(#8691,#8692,#8693));
#8691=ORIENTED_EDGE('',*,*,#8694,.T.);
#8692=ORIENTED_EDGE('',*,*,#8695,.T.);
#8693=ORIENTED_EDGE('',*,*,#8696,.T.);
#8694=EDGE_CURVE('',#695,#693,#8697,.F.);
#8695=EDGE_CURVE('',#693,#697,#8698,.T.);
#8696=EDGE_CURVE('',#697,#695,#8699,.T.);
#8697=LINE('',#694,#8700);
#8698=LINE('',#692,#8701);
#8699=LINE('',#696,#8702);
#8700=VECTOR('',#8703,1.0);
#8701=VECTOR('',#8704,1.0);
#8702=VECTOR('',#8705,1.0);
#8703=DIRECTION('',(0,-0.9999999999999909,-1.3435887054242695E-07));
#8704=DIRECTION('',(-0.9994050384427365,-4.634038659132934E-09,0.03449013098369034));
#8705=DIRECTION('',(0.06665593327941674,0.9977733688614147,-0.0023002064241008312));
#8706=FACE_SURFACE('',(#8711),#8707,.T.);
#8707=PLANE('',#8708);
#8708=AXIS2_PLACEMENT_3D('',#694,#8709,#8710);
#8709=DIRECTION('',(-0.03449013098369066,1.3427893217951E-07,-0.9994050384427277));
#8710=DIRECTION('',(-0.06665593327941674,-0.9977733688614147,0.0023002064241008312));
#8711=FACE_BOUND('',#8712,.T.);
#8712=EDGE_LOOP('',(#8713,#8714,#8715));
#8713=ORIENTED_EDGE('',*,*,#8716,.T.);
#8714=ORIENTED_EDGE('',*,*,#8717,.T.);
#8715=ORIENTED_EDGE('',*,*,#8718,.T.);
#8716=EDGE_CURVE('',#695,#697,#8719,.F.);
#8717=EDGE_CURVE('',#697,#699,#8720,.T.);
#8718=EDGE_CURVE('',#699,#695,#8721,.T.);
#8719=LINE('',#694,#8722);
#8720=LINE('',#696,#8723);
#8721=LINE('',#698,#8724);
#8722=VECTOR('',#8725,1.0);
#8723=VECTOR('',#8726,1.0);
#8724=VECTOR('',#8727,1.0);
#8725=DIRECTION('',(-0.06665593327941674,-0.9977733688614147,0.0023002064241008312));
#8726=DIRECTION('',(0,0.9999999999999909,1.3435887054242695E-07));
#8727=DIRECTION('',(0.9994050384427365,4.634038659132934E-09,-0.03449013098369034));
#8728=FACE_SURFACE('',(#8733),#8729,.T.);
#8729=PLANE('',#8730);
#8730=AXIS2_PLACEMENT_3D('',#698,#8731,#8732);
#8731=DIRECTION('',(0.03990517602207058,1.3425184983711116E-07,-0.9992034712342774));
#8732=DIRECTION('',(0,-0.9999999999999909,-1.3435887054242695E-07));
#8733=FACE_BOUND('',#8734,.T.);
#8734=EDGE_LOOP('',(#8735,#8736,#8737));
#8735=ORIENTED_EDGE('',*,*,#8738,.T.);
#8736=ORIENTED_EDGE('',*,*,#8739,.T.);
#8737=ORIENTED_EDGE('',*,*,#8740,.T.);
#8738=EDGE_CURVE('',#699,#697,#8741,.F.);
#8739=EDGE_CURVE('',#697,#701,#8742,.T.);
#8740=EDGE_CURVE('',#701,#699,#8743,.T.);
#8741=LINE('',#698,#8744);
#8742=LINE('',#696,#8745);
#8743=LINE('',#700,#8746);
#8744=VECTOR('',#8747,1.0);
#8745=VECTOR('',#8748,1.0);
#8746=VECTOR('',#8749,1.0);
#8747=DIRECTION('',(0,-0.9999999999999909,-1.3435887054242695E-07));
#8748=DIRECTION('',(-0.9992034712342865,5.361766825536733E-09,-0.03990517602207022));
#8749=DIRECTION('',(0.06811793896701133,0.9976735663272066,0.0027205592879928015));
#8750=FACE_SURFACE('',(#8755),#8751,.T.);
#8751=PLANE('',#8752);
#8752=AXIS2_PLACEMENT_3D('',#698,#8753,#8754);
#8753=DIRECTION('',(0.03990517602207058,1.3425184983718602E-07,-0.9992034712342774));
#8754=DIRECTION('',(-0.06811793896701133,-0.9976735663272066,-0.0027205592879928015));
#8755=FACE_BOUND('',#8756,.T.);
#8756=EDGE_LOOP('',(#8757,#8758,#8759));
#8757=ORIENTED_EDGE('',*,*,#8760,.T.);
#8758=ORIENTED_EDGE('',*,*,#8761,.T.);
#8759=ORIENTED_EDGE('',*,*,#8762,.T.);
#8760=EDGE_CURVE('',#699,#701,#8763,.F.);
#8761=EDGE_CURVE('',#701,#703,#8764,.T.);
#8762=EDGE_CURVE('',#703,#699,#8765,.T.);
#8763=LINE('',#698,#8766);
#8764=LINE('',#700,#8767);
#8765=LINE('',#702,#8768);
#8766=VECTOR('',#8769,1.0);
#8767=VECTOR('',#8770,1.0);
#8768=VECTOR('',#8771,1.0);
#8769=DIRECTION('',(-0.06811793896701133,-0.9976735663272066,-0.0027205592879928015));
#8770=DIRECTION('',(0,0.999999999999991,1.3435887054242912E-07));
#8771=DIRECTION('',(0.9992034712342865,-5.361533034360944E-09,0.03990517602207022));
#8772=FACE_SURFACE('',(#8777),#8773,.T.);
#8773=PLANE('',#8774);
#8774=AXIS2_PLACEMENT_3D('',#702,#8775,#8776);
#8775=DIRECTION('',(0.12446872121377897,1.3331403308411414E-07,-0.9922235319923575));
#8776=DIRECTION('',(0,-0.999999999999991,-1.3435887054242912E-07));
#8777=FACE_BOUND('',#8778,.T.);
#8778=EDGE_LOOP('',(#8779,#8780,#8781));
#8779=ORIENTED_EDGE('',*,*,#8782,.T.);
#8780=ORIENTED_EDGE('',*,*,#8783,.T.);
#8781=ORIENTED_EDGE('',*,*,#8784,.T.);
#8782=EDGE_CURVE('',#703,#701,#8785,.F.);
#8783=EDGE_CURVE('',#701,#705,#8786,.T.);
#8784=EDGE_CURVE('',#705,#703,#8787,.T.);
#8785=LINE('',#702,#8788);
#8786=LINE('',#700,#8789);
#8787=LINE('',#704,#8790);
#8788=VECTOR('',#8791,1.0);
#8789=VECTOR('',#8792,1.0);
#8790=VECTOR('',#8793,1.0);
#8791=DIRECTION('',(0,-0.999999999999991,-1.3435887054242912E-07));
#8792=DIRECTION('',(-0.9922235319923665,1.6723420940444106E-08,-0.12446872121377785));
#8793=DIRECTION('',(0.06363416470344159,0.9979413660190193,0.007982673148084195));
#8794=FACE_SURFACE('',(#8799),#8795,.T.);
#8795=PLANE('',#8796);
#8796=AXIS2_PLACEMENT_3D('',#702,#8797,#8798);
#8797=DIRECTION('',(0.12446872121377897,1.3331403308397078E-07,-0.9922235319923575));
#8798=DIRECTION('',(-0.06363416470344159,-0.9979413660190193,-0.007982673148084195));
#8799=FACE_BOUND('',#8800,.T.);
#8800=EDGE_LOOP('',(#8801,#8802,#8803));
#8801=ORIENTED_EDGE('',*,*,#8804,.T.);
#8802=ORIENTED_EDGE('',*,*,#8805,.T.);
#8803=ORIENTED_EDGE('',*,*,#8806,.T.);
#8804=EDGE_CURVE('',#703,#705,#8807,.F.);
#8805=EDGE_CURVE('',#705,#707,#8808,.T.);
#8806=EDGE_CURVE('',#707,#703,#8809,.T.);
#8807=LINE('',#702,#8810);
#8808=LINE('',#704,#8811);
#8809=LINE('',#706,#8812);
#8810=VECTOR('',#8813,1.0);
#8811=VECTOR('',#8814,1.0);
#8812=VECTOR('',#8815,1.0);
#8813=DIRECTION('',(-0.06363416470344159,-0.9979413660190193,-0.007982673148084195));
#8814=DIRECTION('',(0,0.999999999999991,1.3435887054242912E-07));
#8815=DIRECTION('',(0.9922235319923665,-1.6723420940444106E-08,0.12446872121377785));
#8816=FACE_SURFACE('',(#8821),#8817,.T.);
#8817=PLANE('',#8818);
#8818=AXIS2_PLACEMENT_3D('',#706,#8819,#8820);
#8819=DIRECTION('',(0.21523081500767452,1.312099294373652E-07,-0.9765632064905554));
#8820=DIRECTION('',(0,-0.999999999999991,-1.3435887054242912E-07));
#8821=FACE_BOUND('',#8822,.T.);
#8822=EDGE_LOOP('',(#8823,#8824,#8825));
#8823=ORIENTED_EDGE('',*,*,#8826,.T.);
#8824=ORIENTED_EDGE('',*,*,#8827,.T.);
#8825=ORIENTED_EDGE('',*,*,#8828,.T.);
#8826=EDGE_CURVE('',#707,#705,#8829,.F.);
#8827=EDGE_CURVE('',#705,#709,#8830,.T.);
#8828=EDGE_CURVE('',#709,#707,#8831,.T.);
#8829=LINE('',#706,#8832);
#8830=LINE('',#704,#8833);
#8831=LINE('',#708,#8834);
#8832=VECTOR('',#8835,1.0);
#8833=VECTOR('',#8836,1.0);
#8834=VECTOR('',#8837,1.0);
#8835=DIRECTION('',(0,-0.999999999999991,-1.3435887054242912E-07));
#8836=DIRECTION('',(-0.976563206490564,2.8918013308229998E-08,-0.21523081500767255));
#8837=DIRECTION('',(0.05887511205510673,0.9981810181520175,0.012975984798862373));
#8838=FACE_SURFACE('',(#8843),#8839,.T.);
#8839=PLANE('',#8840);
#8840=AXIS2_PLACEMENT_3D('',#706,#8841,#8842);
#8841=DIRECTION('',(0.21523081500767452,1.312099294356037E-07,-0.9765632064905553));
#8842=DIRECTION('',(-0.05887511205510673,-0.9981810181520175,-0.012975984798862373));
#8843=FACE_BOUND('',#8844,.T.);
#8844=EDGE_LOOP('',(#8845,#8846,#8847));
#8845=ORIENTED_EDGE('',*,*,#8848,.T.);
#8846=ORIENTED_EDGE('',*,*,#8849,.T.);
#8847=ORIENTED_EDGE('',*,*,#8850,.T.);
#8848=EDGE_CURVE('',#707,#709,#8851,.F.);
#8849=EDGE_CURVE('',#709,#711,#8852,.T.);
#8850=EDGE_CURVE('',#711,#707,#8853,.T.);
#8851=LINE('',#706,#8854);
#8852=LINE('',#708,#8855);
#8853=LINE('',#710,#8856);
#8854=VECTOR('',#8857,1.0);
#8855=VECTOR('',#8858,1.0);
#8856=VECTOR('',#8859,1.0);
#8857=DIRECTION('',(-0.05887511205510673,-0.9981810181520175,-0.012975984798862373));
#8858=DIRECTION('',(0,0.9999999999999909,1.3435887054242695E-07));
#8859=DIRECTION('',(0.976563206490564,-2.891827780789897E-08,0.21523081500767255));
#8860=FACE_SURFACE('',(#8865),#8861,.T.);
#8861=PLANE('',#8862);
#8862=AXIS2_PLACEMENT_3D('',#710,#8863,#8864);
#8863=DIRECTION('',(0.31229962043627724,1.276387310827941E-07,-0.9499836562148536));
#8864=DIRECTION('',(0,-0.9999999999999909,-1.3435887054242695E-07));
#8865=FACE_BOUND('',#8866,.T.);
#8866=EDGE_LOOP('',(#8867,#8868,#8869));
#8867=ORIENTED_EDGE('',*,*,#8870,.T.);
#8868=ORIENTED_EDGE('',*,*,#8871,.T.);
#8869=ORIENTED_EDGE('',*,*,#8872,.T.);
#8870=EDGE_CURVE('',#711,#709,#8873,.F.);
#8871=EDGE_CURVE('',#709,#713,#8874,.T.);
#8872=EDGE_CURVE('',#713,#711,#8875,.T.);
#8873=LINE('',#710,#8876);
#8874=LINE('',#708,#8877);
#8875=LINE('',#712,#8878);
#8876=VECTOR('',#8879,1.0);
#8877=VECTOR('',#8880,1.0);
#8878=VECTOR('',#8881,1.0);
#8879=DIRECTION('',(0,-0.9999999999999909,-1.3435887054242695E-07));
#8880=DIRECTION('',(-0.949983656214862,4.1960381285319024E-08,-0.3122996204362744));
#8881=DIRECTION('',(0.05384082169169014,0.9983926483146445,0.017699878836715466));
#8882=FACE_SURFACE('',(#8887),#8883,.T.);
#8883=PLANE('',#8884);
#8884=AXIS2_PLACEMENT_3D('',#710,#8885,#8886);
#8885=DIRECTION('',(0.3122996204372931,1.2763867037826301E-07,-0.9499836562145195));
#8886=DIRECTION('',(-0.05384082169169014,-0.9983926483146445,-0.017699878836715466));
#8887=FACE_BOUND('',#8888,.T.);
#8888=EDGE_LOOP('',(#8889,#8890,#8891));
#8889=ORIENTED_EDGE('',*,*,#8892,.T.);
#8890=ORIENTED_EDGE('',*,*,#8893,.T.);
#8891=ORIENTED_EDGE('',*,*,#8894,.T.);
#8892=EDGE_CURVE('',#711,#713,#8895,.F.);
#8893=EDGE_CURVE('',#713,#715,#8896,.T.);
#8894=EDGE_CURVE('',#715,#711,#8897,.T.);
#8895=LINE('',#710,#8898);
#8896=LINE('',#712,#8899);
#8897=LINE('',#714,#8900);
#8898=VECTOR('',#8901,1.0);
#8899=VECTOR('',#8902,1.0);
#8900=VECTOR('',#8903,1.0);
#8901=DIRECTION('',(-0.05384082169169014,-0.9983926483146445,-0.017699878836715466));
#8902=DIRECTION('',(0,0.999999999999991,1.3435880664149516E-07));
#8903=DIRECTION('',(0.9499836562145281,-4.196009986654486E-08,0.3122996204372903));
#8904=FACE_SURFACE('',(#8909),#8905,.T.);
#8905=PLANE('',#8906);
#8906=AXIS2_PLACEMENT_3D('',#714,#8907,#8908);
#8907=DIRECTION('',(0.4152587883436972,1.2222665308478197E-07,-0.9097033245532905));
#8908=DIRECTION('',(0,-0.999999999999991,-1.3435880664149516E-07));
#8909=FACE_BOUND('',#8910,.T.);
#8910=EDGE_LOOP('',(#8911,#8912,#8913));
#8911=ORIENTED_EDGE('',*,*,#8914,.T.);
#8912=ORIENTED_EDGE('',*,*,#8915,.T.);
#8913=ORIENTED_EDGE('',*,*,#8916,.T.);
#8914=EDGE_CURVE('',#715,#713,#8917,.F.);
#8915=EDGE_CURVE('',#713,#717,#8918,.T.);
#8916=EDGE_CURVE('',#717,#715,#8919,.T.);
#8917=LINE('',#714,#8920);
#8918=LINE('',#712,#8921);
#8919=LINE('',#716,#8922);
#8920=VECTOR('',#8923,1.0);
#8921=VECTOR('',#8924,1.0);
#8922=VECTOR('',#8925,1.0);
#8923=DIRECTION('',(0,-0.999999999999991,-1.3435880664149516E-07));
#8924=DIRECTION('',(-0.9097033245532987,5.5793541083943294E-08,-0.4152587883436935));
#8925=DIRECTION('',(0.04853170470983455,0.998575928535973,0.02215374881316377));
#8926=FACE_SURFACE('',(#8931),#8927,.T.);
#8927=PLANE('',#8928);
#8928=AXIS2_PLACEMENT_3D('',#714,#8929,#8930);
#8929=DIRECTION('',(0.4152587883436973,1.2222665308312068E-07,-0.9097033245532905));
#8930=DIRECTION('',(-0.04853170470983455,-0.998575928535973,-0.02215374881316377));
#8931=FACE_BOUND('',#8932,.T.);
#8932=EDGE_LOOP('',(#8933,#8934,#8935));
#8933=ORIENTED_EDGE('',*,*,#8936,.T.);
#8934=ORIENTED_EDGE('',*,*,#8937,.T.);
#8935=ORIENTED_EDGE('',*,*,#8938,.T.);
#8936=EDGE_CURVE('',#715,#717,#8939,.F.);
#8937=EDGE_CURVE('',#717,#719,#8940,.T.);
#8938=EDGE_CURVE('',#719,#715,#8941,.T.);
#8939=LINE('',#714,#8942);
#8940=LINE('',#716,#8943);
#8941=LINE('',#718,#8944);
#8942=VECTOR('',#8945,1.0);
#8943=VECTOR('',#8946,1.0);
#8944=VECTOR('',#8947,1.0);
#8945=DIRECTION('',(-0.04853170470983455,-0.998575928535973,-0.02215374881316377));
#8946=DIRECTION('',(0,0.9999999999999909,1.34358806641493E-07));
#8947=DIRECTION('',(0.9097033245532987,-5.579384010553153E-08,0.4152587883436935));
#8948=FACE_SURFACE('',(#8953),#8949,.T.);
#8949=PLANE('',#8950);
#8950=AXIS2_PLACEMENT_3D('',#718,#8951,#8952);
#8951=DIRECTION('',(0.5227641998900092,1.1453783620786762E-07,-0.8524773259819556));
#8952=DIRECTION('',(0,-0.9999999999999909,-1.34358806641493E-07));
#8953=FACE_BOUND('',#8954,.T.);
#8954=EDGE_LOOP('',(#8955,#8956,#8957));
#8955=ORIENTED_EDGE('',*,*,#8958,.T.);
#8956=ORIENTED_EDGE('',*,*,#8959,.T.);
#8957=ORIENTED_EDGE('',*,*,#8960,.T.);
#8958=EDGE_CURVE('',#719,#717,#8961,.F.);
#8959=EDGE_CURVE('',#717,#721,#8962,.T.);
#8960=EDGE_CURVE('',#721,#719,#8963,.T.);
#8961=LINE('',#718,#8964);
#8962=LINE('',#716,#8965);
#8963=LINE('',#720,#8966);
#8964=VECTOR('',#8967,1.0);
#8965=VECTOR('',#8968,1.0);
#8966=VECTOR('',#8969,1.0);
#8967=DIRECTION('',(0,-0.9999999999999909,-1.34358806641493E-07));
#8968=DIRECTION('',(-0.8524773259819632,7.023800805960347E-08,-0.5227641998900044));
#8969=DIRECTION('',(0.042947916133613984,0.998730111548285,0.026337061083772567));
#8970=FACE_SURFACE('',(#8975),#8971,.T.);
#8971=PLANE('',#8972);
#8972=AXIS2_PLACEMENT_3D('',#718,#8973,#8974);
#8973=DIRECTION('',(0.5227641998900091,1.1453783620721162E-07,-0.8524773259819557));
#8974=DIRECTION('',(-0.042947916133613984,-0.998730111548285,-0.026337061083772567));
#8975=FACE_BOUND('',#8976,.T.);
#8976=EDGE_LOOP('',(#8977,#8978,#8979));
#8977=ORIENTED_EDGE('',*,*,#8980,.T.);
#8978=ORIENTED_EDGE('',*,*,#8981,.T.);
#8979=ORIENTED_EDGE('',*,*,#8982,.T.);
#8980=EDGE_CURVE('',#719,#721,#8983,.F.);
#8981=EDGE_CURVE('',#721,#723,#8984,.T.);
#8982=EDGE_CURVE('',#723,#719,#8985,.T.);
#8983=LINE('',#718,#8986);
#8984=LINE('',#720,#8987);
#8985=LINE('',#722,#8988);
#8986=VECTOR('',#8989,1.0);
#8987=VECTOR('',#8990,1.0);
#8988=VECTOR('',#8991,1.0);
#8989=DIRECTION('',(-0.042947916133613984,-0.998730111548285,-0.026337061083772567));
#8990=DIRECTION('',(0,0.9999999999999909,1.34358806641493E-07));
#8991=DIRECTION('',(0.8524773259819632,-7.023800805960347E-08,0.5227641998900044));
#8992=FACE_SURFACE('',(#8997),#8993,.T.);
#8993=PLANE('',#8994);
#8994=AXIS2_PLACEMENT_3D('',#722,#8995,#8996);
#8995=DIRECTION('',(0.632022680232966,1.0412134239789302E-07,-0.7749498897807051));
#8996=DIRECTION('',(0,-0.9999999999999909,-1.34358806641493E-07));
#8997=FACE_BOUND('',#8998,.T.);
#8998=EDGE_LOOP('',(#8999,#9000,#9001));
#8999=ORIENTED_EDGE('',*,*,#9002,.T.);
#9000=ORIENTED_EDGE('',*,*,#9003,.T.);
#9001=ORIENTED_EDGE('',*,*,#9004,.T.);
#9002=EDGE_CURVE('',#723,#721,#9005,.F.);
#9003=EDGE_CURVE('',#721,#725,#9006,.T.);
#9004=EDGE_CURVE('',#725,#723,#9007,.T.);
#9005=LINE('',#722,#9008);
#9006=LINE('',#720,#9009);
#9007=LINE('',#724,#9010);
#9008=VECTOR('',#9011,1.0);
#9009=VECTOR('',#9012,1.0);
#9010=VECTOR('',#9013,1.0);
#9011=DIRECTION('',(0,-0.9999999999999909,-1.34358806641493E-07));
#9012=DIRECTION('',(-0.7749498897807122,8.491791212017591E-08,-0.6320226802329604));
#9013=DIRECTION('',(0.03708977476651208,0.9988540079248495,0.03024928859054574));
#9014=FACE_SURFACE('',(#9019),#9015,.T.);
#9015=PLANE('',#9016);
#9016=AXIS2_PLACEMENT_3D('',#722,#9017,#9018);
#9017=DIRECTION('',(0.632022680232966,1.0412134239893404E-07,-0.7749498897807052));
#9018=DIRECTION('',(-0.03708977476651208,-0.9988540079248495,-0.03024928859054574));
#9019=FACE_BOUND('',#9020,.T.);
#9020=EDGE_LOOP('',(#9021,#9022,#9023));
#9021=ORIENTED_EDGE('',*,*,#9024,.T.);
#9022=ORIENTED_EDGE('',*,*,#9025,.T.);
#9023=ORIENTED_EDGE('',*,*,#9026,.T.);
#9024=EDGE_CURVE('',#723,#725,#9027,.F.);
#9025=EDGE_CURVE('',#725,#727,#9028,.T.);
#9026=EDGE_CURVE('',#727,#723,#9029,.T.);
#9027=LINE('',#722,#9030);
#9028=LINE('',#724,#9031);
#9029=LINE('',#726,#9032);
#9030=VECTOR('',#9033,1.0);
#9031=VECTOR('',#9034,1.0);
#9032=VECTOR('',#9035,1.0);
#9033=DIRECTION('',(-0.03708977476651208,-0.9988540079248495,-0.03024928859054574));
#9034=DIRECTION('',(0,0.999999999999991,1.3435880664149516E-07));
#9035=DIRECTION('',(0.7749498897807122,-8.491757871782524E-08,0.6320226802329604));
#9036=FACE_SURFACE('',(#9041),#9037,.T.);
#9037=PLANE('',#9038);
#9038=AXIS2_PLACEMENT_3D('',#726,#9039,#9040);
#9039=DIRECTION('',(0.7383232051253017,9.061790292439166E-08,-0.6744470659536548));
#9040=DIRECTION('',(0,-0.999999999999991,-1.3435880664149516E-07));
#9041=FACE_BOUND('',#9042,.T.);
#9042=EDGE_LOOP('',(#9043,#9044,#9045));
#9043=ORIENTED_EDGE('',*,*,#9046,.T.);
#9044=ORIENTED_EDGE('',*,*,#9047,.T.);
#9045=ORIENTED_EDGE('',*,*,#9048,.T.);
#9046=EDGE_CURVE('',#727,#725,#9049,.F.);
#9047=EDGE_CURVE('',#725,#729,#9050,.T.);
#9048=EDGE_CURVE('',#729,#727,#9051,.T.);
#9049=LINE('',#726,#9052);
#9050=LINE('',#724,#9053);
#9051=LINE('',#728,#9054);
#9052=VECTOR('',#9055,1.0);
#9053=VECTOR('',#9056,1.0);
#9054=VECTOR('',#9057,1.0);
#9055=DIRECTION('',(0,-0.999999999999991,-1.3435880664149516E-07));
#9056=DIRECTION('',(-0.6744470659536608,9.920035183413239E-08,-0.738323205125295));
#9057=DIRECTION('',(0.030957779016743698,0.9989459901549443,0.03388989040566812));
#9058=FACE_SURFACE('',(#9063),#9059,.T.);
#9059=PLANE('',#9060);
#9060=AXIS2_PLACEMENT_3D('',#726,#9061,#9062);
#9061=DIRECTION('',(0.738323205124669,9.061794602296947E-08,-0.6744470659543472));
#9062=DIRECTION('',(-0.030957779016743698,-0.9989459901549443,-0.03388989040566812));
#9063=FACE_BOUND('',#9064,.T.);
#9064=EDGE_LOOP('',(#9065,#9066,#9067));
#9065=ORIENTED_EDGE('',*,*,#9068,.T.);
#9066=ORIENTED_EDGE('',*,*,#9069,.T.);
#9067=ORIENTED_EDGE('',*,*,#9070,.T.);
#9068=EDGE_CURVE('',#727,#729,#9071,.F.);
#9069=EDGE_CURVE('',#729,#731,#9072,.T.);
#9070=EDGE_CURVE('',#731,#727,#9073,.T.);
#9071=LINE('',#726,#9074);
#9072=LINE('',#728,#9075);
#9073=LINE('',#730,#9076);
#9074=VECTOR('',#9077,1.0);
#9075=VECTOR('',#9078,1.0);
#9076=VECTOR('',#9079,1.0);
#9077=DIRECTION('',(-0.030957779016743698,-0.9989459901549443,-0.03388989040566812));
#9078=DIRECTION('',(0,0.999999999999991,1.3435887054242912E-07));
#9079=DIRECTION('',(0.6744470659543532,-9.920035183423423E-08,0.7383232051246623));
#9080=FACE_SURFACE('',(#9085),#9081,.T.);
#9081=PLANE('',#9082);
#9082=AXIS2_PLACEMENT_3D('',#730,#9083,#9084);
#9083=DIRECTION('',(0.8350026453345641,7.393042152919219E-08,-0.5502459289120406));
#9084=DIRECTION('',(0,-0.999999999999991,-1.3435887054242912E-07));
#9085=FACE_BOUND('',#9086,.T.);
#9086=EDGE_LOOP('',(#9087,#9088,#9089));
#9087=ORIENTED_EDGE('',*,*,#9090,.T.);
#9088=ORIENTED_EDGE('',*,*,#9091,.T.);
#9089=ORIENTED_EDGE('',*,*,#9092,.T.);
#9090=EDGE_CURVE('',#731,#729,#9093,.F.);
#9091=EDGE_CURVE('',#729,#733,#9094,.T.);
#9092=EDGE_CURVE('',#733,#731,#9095,.T.);
#9093=LINE('',#730,#9096);
#9094=LINE('',#728,#9097);
#9095=LINE('',#732,#9098);
#9096=VECTOR('',#9099,1.0);
#9097=VECTOR('',#9100,1.0);
#9098=VECTOR('',#9101,1.0);
#9099=DIRECTION('',(0,-0.999999999999991,-1.3435887054242912E-07));
#9100=DIRECTION('',(-0.5502459289120456,1.1218993928506688E-07,-0.8350026453345567));
#9101=DIRECTION('',(0.024552274911173736,0.9990040023391178,0.037258409884347816));
#9102=FACE_SURFACE('',(#9107),#9103,.T.);
#9103=PLANE('',#9104);
#9104=AXIS2_PLACEMENT_3D('',#730,#9105,#9106);
#9105=DIRECTION('',(0.8350026453345643,7.393042152905869E-08,-0.5502459289120406));
#9106=DIRECTION('',(-0.024552274911173736,-0.9990040023391178,-0.037258409884347816));
#9107=FACE_BOUND('',#9108,.T.);
#9108=EDGE_LOOP('',(#9109,#9110,#9111));
#9109=ORIENTED_EDGE('',*,*,#9112,.T.);
#9110=ORIENTED_EDGE('',*,*,#9113,.T.);
#9111=ORIENTED_EDGE('',*,*,#9114,.T.);
#9112=EDGE_CURVE('',#731,#733,#9115,.F.);
#9113=EDGE_CURVE('',#733,#735,#9116,.T.);
#9114=EDGE_CURVE('',#735,#731,#9117,.T.);
#9115=LINE('',#730,#9118);
#9116=LINE('',#732,#9119);
#9117=LINE('',#734,#9120);
#9118=VECTOR('',#9121,1.0);
#9119=VECTOR('',#9122,1.0);
#9120=VECTOR('',#9123,1.0);
#9121=DIRECTION('',(-0.024552274911173736,-0.9990040023391178,-0.037258409884347816));
#9122=DIRECTION('',(0,0.999999999999991,1.3435887054242912E-07));
#9123=DIRECTION('',(0.5502459289120456,-1.1218993928506688E-07,0.8350026453345567));
#9124=FACE_SURFACE('',(#9129),#9125,.T.);
#9125=PLANE('',#9126);
#9126=AXIS2_PLACEMENT_3D('',#734,#9127,#9128);
#9127=DIRECTION('',(0.9143264016386732,5.4412395098539487E-08,-0.40497806269781145));
#9128=DIRECTION('',(0,-0.999999999999991,-1.3435887054242912E-07));
#9129=FACE_BOUND('',#9130,.T.);
#9130=EDGE_LOOP('',(#9131,#9132,#9133));
#9131=ORIENTED_EDGE('',*,*,#9134,.T.);
#9132=ORIENTED_EDGE('',*,*,#9135,.T.);
#9133=ORIENTED_EDGE('',*,*,#9136,.T.);
#9134=EDGE_CURVE('',#735,#733,#9137,.F.);
#9135=EDGE_CURVE('',#733,#737,#9138,.T.);
#9136=EDGE_CURVE('',#737,#735,#9139,.T.);
#9137=LINE('',#734,#9140);
#9138=LINE('',#732,#9141);
#9139=LINE('',#736,#9142);
#9140=VECTOR('',#9143,1.0);
#9141=VECTOR('',#9144,1.0);
#9142=VECTOR('',#9145,1.0);
#9143=DIRECTION('',(0,-0.999999999999991,-1.3435887054242912E-07));
#9144=DIRECTION('',(-0.4049780626978152,1.228479056786151E-07,-0.914326401638665));
#9145=DIRECTION('',(0.01787388242257325,0.9990255515559822,0.04035432647696714));
#9146=FACE_SURFACE('',(#9151),#9147,.T.);
#9147=PLANE('',#9148);
#9148=AXIS2_PLACEMENT_3D('',#734,#9149,#9150);
#9149=DIRECTION('',(0.9143264016386732,5.44123950981128E-08,-0.40497806269781145));
#9150=DIRECTION('',(-0.01787388242257325,-0.9990255515559822,-0.04035432647696714));
#9151=FACE_BOUND('',#9152,.T.);
#9152=EDGE_LOOP('',(#9153,#9154,#9155));
#9153=ORIENTED_EDGE('',*,*,#9156,.T.);
#9154=ORIENTED_EDGE('',*,*,#9157,.T.);
#9155=ORIENTED_EDGE('',*,*,#9158,.T.);
#9156=EDGE_CURVE('',#735,#737,#9159,.F.);
#9157=EDGE_CURVE('',#737,#739,#9160,.T.);
#9158=EDGE_CURVE('',#739,#735,#9161,.T.);
#9159=LINE('',#734,#9162);
#9160=LINE('',#736,#9163);
#9161=LINE('',#738,#9164);
#9162=VECTOR('',#9165,1.0);
#9163=VECTOR('',#9166,1.0);
#9164=VECTOR('',#9167,1.0);
#9165=DIRECTION('',(-0.01787388242257325,-0.9990255515559822,-0.04035432647696714));
#9166=DIRECTION('',(0,0.999999999999991,1.3435887054242912E-07));
#9167=DIRECTION('',(0.4049780626978152,-1.228479056786151E-07,0.914326401638665));
#9168=FACE_SURFACE('',(#9173),#9169,.T.);
#9169=PLANE('',#9170);
#9170=AXIS2_PLACEMENT_3D('',#738,#9171,#9172);
#9171=DIRECTION('',(0.9694573219090185,3.295286573704206E-08,-0.24526006808486528));
#9172=DIRECTION('',(0,-0.999999999999991,-1.3435887054242912E-07));
#9173=FACE_BOUND('',#9174,.T.);
#9174=EDGE_LOOP('',(#9175,#9176,#9177));
#9175=ORIENTED_EDGE('',*,*,#9178,.T.);
#9176=ORIENTED_EDGE('',*,*,#9179,.T.);
#9177=ORIENTED_EDGE('',*,*,#9180,.T.);
#9178=EDGE_CURVE('',#739,#737,#9181,.F.);
#9179=EDGE_CURVE('',#737,#741,#9182,.T.);
#9180=EDGE_CURVE('',#741,#739,#9183,.T.);
#9181=LINE('',#738,#9184);
#9182=LINE('',#736,#9185);
#9183=LINE('',#740,#9186);
#9184=VECTOR('',#9187,1.0);
#9185=VECTOR('',#9188,1.0);
#9186=VECTOR('',#9189,1.0);
#9187=DIRECTION('',(0,-0.999999999999991,-1.3435887054242912E-07));
#9188=DIRECTION('',(-0.24526006808486744,1.3025489301301853E-07,-0.9694573219090097));
#9189=DIRECTION('',(0.010923225087935067,0.9990077156442512,0.04317716105689825));
#9190=FACE_SURFACE('',(#9195),#9191,.T.);
#9191=PLANE('',#9192);
#9192=AXIS2_PLACEMENT_3D('',#738,#9193,#9194);
#9193=DIRECTION('',(0.9694573219090183,3.2952865737758064E-08,-0.24526006808486525));
#9194=DIRECTION('',(-0.010923225087935067,-0.9990077156442512,-0.04317716105689825));
#9195=FACE_BOUND('',#9196,.T.);
#9196=EDGE_LOOP('',(#9197,#9198,#9199));
#9197=ORIENTED_EDGE('',*,*,#9200,.T.);
#9198=ORIENTED_EDGE('',*,*,#9201,.T.);
#9199=ORIENTED_EDGE('',*,*,#9202,.T.);
#9200=EDGE_CURVE('',#739,#741,#9203,.F.);
#9201=EDGE_CURVE('',#741,#743,#9204,.T.);
#9202=EDGE_CURVE('',#743,#739,#9205,.T.);
#9203=LINE('',#738,#9206);
#9204=LINE('',#740,#9207);
#9205=LINE('',#742,#9208);
#9206=VECTOR('',#9209,1.0);
#9207=VECTOR('',#9210,1.0);
#9208=VECTOR('',#9211,1.0);
#9209=DIRECTION('',(-0.010923225087935067,-0.9990077156442512,-0.04317716105689825));
#9210=DIRECTION('',(0,0.9999999999999909,1.3435887054242695E-07));
#9211=DIRECTION('',(0.24526006808486744,-1.3025525135032166E-07,0.9694573219090097));
#9212=FACE_SURFACE('',(#9217),#9213,.T.);
#9213=PLANE('',#9214);
#9214=AXIS2_PLACEMENT_3D('',#742,#9215,#9216);
#9215=DIRECTION('',(0.9967401957431078,1.0839840351704872E-08,-0.08067826342944613));
#9216=DIRECTION('',(0,-0.9999999999999909,-1.3435887054242695E-07));
#9217=FACE_BOUND('',#9218,.T.);
#9218=EDGE_LOOP('',(#9219,#9220,#9221));
#9219=ORIENTED_EDGE('',*,*,#9222,.T.);
#9220=ORIENTED_EDGE('',*,*,#9223,.T.);
#9221=ORIENTED_EDGE('',*,*,#9224,.T.);
#9222=EDGE_CURVE('',#743,#741,#9225,.F.);
#9223=EDGE_CURVE('',#741,#745,#9226,.T.);
#9224=EDGE_CURVE('',#745,#743,#9227,.T.);
#9225=LINE('',#742,#9228);
#9226=LINE('',#740,#9229);
#9227=LINE('',#744,#9230);
#9228=VECTOR('',#9231,1.0);
#9229=VECTOR('',#9232,1.0);
#9230=VECTOR('',#9233,1.0);
#9231=DIRECTION('',(0,-0.9999999999999909,-1.3435887054242695E-07));
#9232=DIRECTION('',(-0.08067826342944687,1.3392117316872562E-07,-0.9967401957430988));
#9233=DIRECTION('',(0.003701185318842641,0.9989471420007893,0.045726455315172325));
#9234=FACE_SURFACE('',(#9239),#9235,.T.);
#9235=PLANE('',#9236);
#9236=AXIS2_PLACEMENT_3D('',#742,#9237,#9238);
#9237=DIRECTION('',(0.9967401957431078,1.0839840351060174E-08,-0.08067826342944612));
#9238=DIRECTION('',(-0.003701185318842641,-0.9989471420007893,-0.045726455315172325));
#9239=FACE_BOUND('',#9240,.T.);
#9240=EDGE_LOOP('',(#9241,#9242,#9243));
#9241=ORIENTED_EDGE('',*,*,#9244,.T.);
#9242=ORIENTED_EDGE('',*,*,#9245,.T.);
#9243=ORIENTED_EDGE('',*,*,#9246,.T.);
#9244=EDGE_CURVE('',#743,#745,#9247,.F.);
#9245=EDGE_CURVE('',#745,#747,#9248,.T.);
#9246=EDGE_CURVE('',#747,#743,#9249,.T.);
#9247=LINE('',#742,#9250);
#9248=LINE('',#744,#9251);
#9249=LINE('',#746,#9252);
#9250=VECTOR('',#9253,1.0);
#9251=VECTOR('',#9254,1.0);
#9252=VECTOR('',#9255,1.0);
#9253=DIRECTION('',(-0.003701185318842641,-0.9989471420007893,-0.045726455315172325));
#9254=DIRECTION('',(0,0.999999999999991,1.3435887054242912E-07));
#9255=DIRECTION('',(0.08067826342944687,-1.3392082530796956E-07,0.9967401957430988));
#9256=FACE_SURFACE('',(#9261),#9257,.T.);
#9257=PLANE('',#9258);
#9258=AXIS2_PLACEMENT_3D('',#746,#9259,#9260);
#9259=DIRECTION('',(0.9922949975790444,-1.664675379546721E-08,0.12389769077591485));
#9260=DIRECTION('',(0,-0.999999999999991,-1.3435887054242912E-07));
#9261=FACE_BOUND('',#9262,.T.);
#9262=EDGE_LOOP('',(#9263,#9264,#9265));
#9263=ORIENTED_EDGE('',*,*,#9266,.T.);
#9264=ORIENTED_EDGE('',*,*,#9267,.T.);
#9265=ORIENTED_EDGE('',*,*,#9268,.T.);
#9266=EDGE_CURVE('',#747,#745,#9269,.F.);
#9267=EDGE_CURVE('',#745,#749,#9270,.T.);
#9268=EDGE_CURVE('',#749,#747,#9271,.T.);
#9269=LINE('',#746,#9272);
#9270=LINE('',#744,#9273);
#9271=LINE('',#748,#9274);
#9272=VECTOR('',#9275,1.0);
#9273=VECTOR('',#9276,1.0);
#9274=VECTOR('',#9277,1.0);
#9275=DIRECTION('',(0,-0.999999999999991,-1.3435887054242912E-07));
#9276=DIRECTION('',(0.12389769077591598,1.3332335145841324E-07,-0.9922949975790354));
#9277=DIRECTION('',(-0.004973909427901222,0.9991938473290743,0.03983611031119442));
#9278=FACE_SURFACE('',(#9283),#9279,.T.);
#9279=PLANE('',#9280);
#9280=AXIS2_PLACEMENT_3D('',#746,#9281,#9282);
#9281=DIRECTION('',(0.9922949975790688,-1.664674587832228E-08,0.12389769077571934));
#9282=DIRECTION('',(0.004973909427901222,-0.9991938473290743,-0.03983611031119442));
#9283=FACE_BOUND('',#9284,.T.);
#9284=EDGE_LOOP('',(#9285,#9286,#9287));
#9285=ORIENTED_EDGE('',*,*,#9288,.T.);
#9286=ORIENTED_EDGE('',*,*,#9289,.T.);
#9287=ORIENTED_EDGE('',*,*,#9290,.T.);
#9288=EDGE_CURVE('',#747,#749,#9291,.F.);
#9289=EDGE_CURVE('',#749,#751,#9292,.T.);
#9290=EDGE_CURVE('',#751,#747,#9293,.T.);
#9291=LINE('',#746,#9294);
#9292=LINE('',#748,#9295);
#9293=LINE('',#750,#9296);
#9294=VECTOR('',#9297,1.0);
#9295=VECTOR('',#9298,1.0);
#9296=VECTOR('',#9299,1.0);
#9297=DIRECTION('',(0.004973909427901222,-0.9991938473290743,-0.03983611031119442));
#9298=DIRECTION('',(0,0.9999999999999909,1.34358806641493E-07));
#9299=DIRECTION('',(-0.12389769077572044,-1.333237490727884E-07,0.9922949975790598));
#9300=FACE_SURFACE('',(#9305),#9301,.T.);
#9301=PLANE('',#9302);
#9302=AXIS2_PLACEMENT_3D('',#750,#9303,#9304);
#9303=DIRECTION('',(0.9388630120044632,-4.625851853319608E-08,0.3442909303044523));
#9304=DIRECTION('',(0,-0.9999999999999909,-1.34358806641493E-07));
#9305=FACE_BOUND('',#9306,.T.);
#9306=EDGE_LOOP('',(#9307,#9308,#9309));
#9307=ORIENTED_EDGE('',*,*,#9310,.T.);
#9308=ORIENTED_EDGE('',*,*,#9311,.T.);
#9309=ORIENTED_EDGE('',*,*,#9312,.T.);
#9310=EDGE_CURVE('',#751,#749,#9313,.F.);
#9311=EDGE_CURVE('',#749,#753,#9314,.T.);
#9312=EDGE_CURVE('',#753,#751,#9315,.T.);
#9313=LINE('',#750,#9316);
#9314=LINE('',#748,#9317);
#9315=LINE('',#752,#9318);
#9316=VECTOR('',#9319,1.0);
#9317=VECTOR('',#9320,1.0);
#9318=VECTOR('',#9321,1.0);
#9319=DIRECTION('',(0,-0.9999999999999909,-1.34358806641493E-07));
#9320=DIRECTION('',(0.34429093030445546,1.261447527789043E-07,-0.9388630120044547));
#9321=DIRECTION('',(-0.015262804405178866,0.9990168868180106,0.04162098814467981));
#9322=FACE_SURFACE('',(#9327),#9323,.T.);
#9323=PLANE('',#9324);
#9324=AXIS2_PLACEMENT_3D('',#750,#9325,#9326);
#9325=DIRECTION('',(0.9388630120044632,-4.625851853529592E-08,0.34429093030445235));
#9326=DIRECTION('',(0.015262804405178866,-0.9990168868180106,-0.04162098814467981));
#9327=FACE_BOUND('',#9328,.T.);
#9328=EDGE_LOOP('',(#9329,#9330,#9331));
#9329=ORIENTED_EDGE('',*,*,#9332,.T.);
#9330=ORIENTED_EDGE('',*,*,#9333,.T.);
#9331=ORIENTED_EDGE('',*,*,#9334,.T.);
#9332=EDGE_CURVE('',#751,#753,#9335,.F.);
#9333=EDGE_CURVE('',#753,#755,#9336,.T.);
#9334=EDGE_CURVE('',#755,#751,#9337,.T.);
#9335=LINE('',#750,#9338);
#9336=LINE('',#752,#9339);
#9337=LINE('',#754,#9340);
#9338=VECTOR('',#9341,1.0);
#9339=VECTOR('',#9342,1.0);
#9340=VECTOR('',#9343,1.0);
#9341=DIRECTION('',(0.015262804405178866,-0.9990168868180106,-0.04162098814467981));
#9342=DIRECTION('',(0,0.999999999999991,1.3435880664149516E-07));
#9343=DIRECTION('',(-0.34429093030445546,-1.261443927716189E-07,0.9388630120044547));
#9344=FACE_SURFACE('',(#9349),#9345,.T.);
#9345=PLANE('',#9346);
#9346=AXIS2_PLACEMENT_3D('',#754,#9347,#9348);
#9347=DIRECTION('',(0.8598378221406173,-6.859920679442683E-08,0.5105672527850521));
#9348=DIRECTION('',(0,-0.999999999999991,-1.3435880664149516E-07));
#9349=FACE_BOUND('',#9350,.T.);
#9350=EDGE_LOOP('',(#9351,#9352,#9353));
#9351=ORIENTED_EDGE('',*,*,#9354,.T.);
#9352=ORIENTED_EDGE('',*,*,#9355,.T.);
#9353=ORIENTED_EDGE('',*,*,#9356,.T.);
#9354=EDGE_CURVE('',#755,#753,#9357,.F.);
#9355=EDGE_CURVE('',#753,#757,#9358,.T.);
#9356=EDGE_CURVE('',#757,#755,#9359,.T.);
#9357=LINE('',#754,#9360);
#9358=LINE('',#752,#9361);
#9359=LINE('',#756,#9362);
#9360=VECTOR('',#9363,1.0);
#9361=VECTOR('',#9364,1.0);
#9362=VECTOR('',#9365,1.0);
#9363=DIRECTION('',(0,-0.999999999999991,-1.3435880664149516E-07));
#9364=DIRECTION('',(0.5105672527850568,1.1552679075234804E-07,-0.8598378221406096));
#9365=DIRECTION('',(-0.026060090356650387,0.9986965300397285,0.043887499099503124));
#9366=FACE_SURFACE('',(#9371),#9367,.T.);
#9367=PLANE('',#9368);
#9368=AXIS2_PLACEMENT_3D('',#754,#9369,#9370);
#9369=DIRECTION('',(0.8598378221402915,-6.859923942128001E-08,0.5105672527856011));
#9370=DIRECTION('',(0.026060090356650387,-0.9986965300397285,-0.043887499099503124));
#9371=FACE_BOUND('',#9372,.T.);
#9372=EDGE_LOOP('',(#9373,#9374,#9375));
#9373=ORIENTED_EDGE('',*,*,#9376,.T.);
#9374=ORIENTED_EDGE('',*,*,#9377,.T.);
#9375=ORIENTED_EDGE('',*,*,#9378,.T.);
#9376=EDGE_CURVE('',#755,#757,#9379,.F.);
#9377=EDGE_CURVE('',#757,#759,#9380,.T.);
#9378=EDGE_CURVE('',#759,#755,#9381,.T.);
#9379=LINE('',#754,#9382);
#9380=LINE('',#756,#9383);
#9381=LINE('',#758,#9384);
#9382=VECTOR('',#9385,1.0);
#9383=VECTOR('',#9386,1.0);
#9384=VECTOR('',#9387,1.0);
#9385=DIRECTION('',(0.026060090356650387,-0.9986965300397285,-0.043887499099503124));
#9386=DIRECTION('',(0,0.999999999999991,1.3435887054242912E-07));
#9387=DIRECTION('',(-0.5105672527856057,-1.1552679075247223E-07,0.8598378221402837));
#9388=FACE_SURFACE('',(#9393),#9389,.T.);
#9389=PLANE('',#9390);
#9390=AXIS2_PLACEMENT_3D('',#758,#9391,#9392);
#9391=DIRECTION('',(0.780433197098672,-8.400642925494293E-08,0.6252391741296592));
#9392=DIRECTION('',(0,-0.999999999999991,-1.3435887054242912E-07));
#9393=FACE_BOUND('',#9394,.T.);
#9394=EDGE_LOOP('',(#9395,#9396,#9397));
#9395=ORIENTED_EDGE('',*,*,#9398,.T.);
#9396=ORIENTED_EDGE('',*,*,#9399,.T.);
#9397=ORIENTED_EDGE('',*,*,#9400,.T.);
#9398=EDGE_CURVE('',#759,#757,#9401,.F.);
#9399=EDGE_CURVE('',#757,#761,#9402,.T.);
#9400=EDGE_CURVE('',#761,#759,#9403,.T.);
#9401=LINE('',#758,#9404);
#9402=LINE('',#756,#9405);
#9403=LINE('',#760,#9406);
#9404=VECTOR('',#9407,1.0);
#9405=VECTOR('',#9408,1.0);
#9406=VECTOR('',#9409,1.0);
#9407=DIRECTION('',(0,-0.999999999999991,-1.3435887054242912E-07));
#9408=DIRECTION('',(0.6252391741296649,1.048581144846752E-07,-0.780433197098665));
#9409=DIRECTION('',(-0.03735988488676937,0.9982131899049106,0.04663331964497006));
#9410=FACE_SURFACE('',(#9415),#9411,.T.);
#9411=PLANE('',#9412);
#9412=AXIS2_PLACEMENT_3D('',#758,#9413,#9414);
#9413=DIRECTION('',(0.780433197098672,-8.40064292572345E-08,0.6252391741296591));
#9414=DIRECTION('',(0.03735988488676937,-0.9982131899049106,-0.04663331964497006));
#9415=FACE_BOUND('',#9416,.T.);
#9416=EDGE_LOOP('',(#9417,#9418,#9419));
#9417=ORIENTED_EDGE('',*,*,#9420,.T.);
#9418=ORIENTED_EDGE('',*,*,#9421,.T.);
#9419=ORIENTED_EDGE('',*,*,#9422,.T.);
#9420=EDGE_CURVE('',#759,#761,#9423,.F.);
#9421=EDGE_CURVE('',#761,#763,#9424,.T.);
#9422=EDGE_CURVE('',#763,#759,#9425,.T.);
#9423=LINE('',#758,#9426);
#9424=LINE('',#760,#9427);
#9425=LINE('',#762,#9428);
#9426=VECTOR('',#9429,1.0);
#9427=VECTOR('',#9430,1.0);
#9428=VECTOR('',#9431,1.0);
#9429=DIRECTION('',(0.03735988488676937,-0.9982131899049106,-0.04663331964497006));
#9430=DIRECTION('',(0,0.999999999999991,1.3435887054242912E-07));
#9431=DIRECTION('',(-0.6252391741296649,-1.048581144846752E-07,0.780433197098665));
#9432=FACE_SURFACE('',(#9437),#9433,.T.);
#9433=PLANE('',#9434);
#9434=AXIS2_PLACEMENT_3D('',#762,#9435,#9436);
#9435=DIRECTION('',(0.7120906703800998,-9.433168538795163E-08,0.7020875138881272));
#9436=DIRECTION('',(0,-0.999999999999991,-1.3435887054242912E-07));
#9437=FACE_BOUND('',#9438,.T.);
#9438=EDGE_LOOP('',(#9439,#9440,#9441));
#9439=ORIENTED_EDGE('',*,*,#9442,.T.);
#9440=ORIENTED_EDGE('',*,*,#9443,.T.);
#9441=ORIENTED_EDGE('',*,*,#9444,.T.);
#9442=EDGE_CURVE('',#763,#761,#9445,.F.);
#9443=EDGE_CURVE('',#761,#765,#9446,.T.);
#9444=EDGE_CURVE('',#765,#763,#9447,.T.);
#9445=LINE('',#762,#9448);
#9446=LINE('',#760,#9449);
#9447=LINE('',#764,#9450);
#9448=VECTOR('',#9451,1.0);
#9449=VECTOR('',#9452,1.0);
#9450=VECTOR('',#9453,1.0);
#9451=DIRECTION('',(0,-0.999999999999991,-1.3435887054242912E-07));
#9452=DIRECTION('',(0.7020875138881334,9.567565280613166E-08,-0.7120906703800933));
#9453=DIRECTION('',(-0.04915487535486943,0.9975461101156852,0.04985535499735792));
#9454=FACE_SURFACE('',(#9459),#9455,.T.);
#9455=PLANE('',#9456);
#9456=AXIS2_PLACEMENT_3D('',#762,#9457,#9458);
#9457=DIRECTION('',(0.7120906703805485,-9.433164052303042E-08,0.702087513887672));
#9458=DIRECTION('',(0.04915487535486943,-0.9975461101156852,-0.04985535499735792));
#9459=FACE_BOUND('',#9460,.T.);
#9460=EDGE_LOOP('',(#9461,#9462,#9463));
#9461=ORIENTED_EDGE('',*,*,#9464,.T.);
#9462=ORIENTED_EDGE('',*,*,#9465,.T.);
#9463=ORIENTED_EDGE('',*,*,#9466,.T.);
#9464=EDGE_CURVE('',#763,#765,#9467,.F.);
#9465=EDGE_CURVE('',#765,#767,#9468,.T.);
#9466=EDGE_CURVE('',#767,#763,#9469,.T.);
#9467=LINE('',#762,#9470);
#9468=LINE('',#764,#9471);
#9469=LINE('',#766,#9472);
#9470=VECTOR('',#9473,1.0);
#9471=VECTOR('',#9474,1.0);
#9472=VECTOR('',#9475,1.0);
#9473=DIRECTION('',(0.04915487535486943,-0.9975461101156852,-0.04985535499735792));
#9474=DIRECTION('',(0,0.999999999999991,1.3435880664149516E-07));
#9475=DIRECTION('',(-0.7020875138876783,-9.567565280606962E-08,0.7120906703805421));
#9476=FACE_SURFACE('',(#9481),#9477,.T.);
#9477=PLANE('',#9478);
#9478=AXIS2_PLACEMENT_3D('',#766,#9479,#9480);
#9479=DIRECTION('',(0.6570642888176863,-1.0128430979337068E-07,0.7538345444197274));
#9480=DIRECTION('',(0,-0.999999999999991,-1.3435880664149516E-07));
#9481=FACE_BOUND('',#9482,.T.);
#9482=EDGE_LOOP('',(#9483,#9484,#9485));
#9483=ORIENTED_EDGE('',*,*,#9486,.T.);
#9484=ORIENTED_EDGE('',*,*,#9487,.T.);
#9485=ORIENTED_EDGE('',*,*,#9488,.T.);
#9486=EDGE_CURVE('',#767,#765,#9489,.F.);
#9487=EDGE_CURVE('',#765,#769,#9490,.T.);
#9488=EDGE_CURVE('',#769,#767,#9491,.T.);
#9489=LINE('',#766,#9492);
#9490=LINE('',#764,#9493);
#9491=LINE('',#768,#9494);
#9492=VECTOR('',#9495,1.0);
#9493=VECTOR('',#9496,1.0);
#9494=VECTOR('',#9497,1.0);
#9495=DIRECTION('',(0,-0.999999999999991,-1.3435880664149516E-07));
#9496=DIRECTION('',(0.7538345444197342,8.828232332091912E-08,-0.6570642888176803));
#9497=DIRECTION('',(-0.06143609492844565,0.9966734885576269,0.0535496353518195));
#9498=FACE_SURFACE('',(#9503),#9499,.T.);
#9499=PLANE('',#9500);
#9500=AXIS2_PLACEMENT_3D('',#766,#9501,#9502);
#9501=DIRECTION('',(0.6570642888176862,-1.0128430979188669E-07,0.7538345444197273));
#9502=DIRECTION('',(0.06143609492844565,-0.9966734885576269,-0.0535496353518195));
#9503=FACE_BOUND('',#9504,.T.);
#9504=EDGE_LOOP('',(#9505,#9506,#9507));
#9505=ORIENTED_EDGE('',*,*,#9508,.T.);
#9506=ORIENTED_EDGE('',*,*,#9509,.T.);
#9507=ORIENTED_EDGE('',*,*,#9510,.T.);
#9508=EDGE_CURVE('',#767,#769,#9511,.F.);
#9509=EDGE_CURVE('',#769,#771,#9512,.T.);
#9510=EDGE_CURVE('',#771,#767,#9513,.T.);
#9511=LINE('',#766,#9514);
#9512=LINE('',#768,#9515);
#9513=LINE('',#770,#9516);
#9514=VECTOR('',#9517,1.0);
#9515=VECTOR('',#9518,1.0);
#9516=VECTOR('',#9519,1.0);
#9517=DIRECTION('',(0.06143609492844565,-0.9966734885576269,-0.0535496353518195));
#9518=DIRECTION('',(0,0.9999999999999909,1.34358806641493E-07));
#9519=DIRECTION('',(-0.7538345444197342,-8.82825186885257E-08,0.6570642888176803));
#9520=FACE_SURFACE('',(#9525),#9521,.T.);
#9521=PLANE('',#9522);
#9522=AXIS2_PLACEMENT_3D('',#770,#9523,#9524);
#9523=DIRECTION('',(0.6139772350285722,-1.060525947677385E-07,0.7893237326133419));
#9524=DIRECTION('',(0,-0.9999999999999909,-1.34358806641493E-07));
#9525=FACE_BOUND('',#9526,.T.);
#9526=EDGE_LOOP('',(#9527,#9528,#9529));
#9527=ORIENTED_EDGE('',*,*,#9530,.T.);
#9528=ORIENTED_EDGE('',*,*,#9531,.T.);
#9529=ORIENTED_EDGE('',*,*,#9532,.T.);
#9530=EDGE_CURVE('',#771,#769,#9533,.F.);
#9531=EDGE_CURVE('',#769,#773,#9534,.T.);
#9532=EDGE_CURVE('',#773,#771,#9535,.T.);
#9533=LINE('',#770,#9536);
#9534=LINE('',#768,#9537);
#9535=LINE('',#772,#9538);
#9536=VECTOR('',#9539,1.0);
#9537=VECTOR('',#9540,1.0);
#9538=VECTOR('',#9541,1.0);
#9539=DIRECTION('',(0,-0.9999999999999909,-1.34358806641493E-07));
#9540=DIRECTION('',(0.7893237326133489,8.249328173985352E-08,-0.6139772350285666));
#9541=DIRECTION('',(-0.07419293227445227,0.9955726080153348,0.05771127246962332));
#9542=FACE_SURFACE('',(#9547),#9543,.T.);
#9543=PLANE('',#9544);
#9544=AXIS2_PLACEMENT_3D('',#770,#9545,#9546);
#9545=DIRECTION('',(0.6139772350281504,-1.0605264520606375E-07,0.7893237326136698));
#9546=DIRECTION('',(0.07419293227445227,-0.9955726080153348,-0.05771127246962332));
#9547=FACE_BOUND('',#9548,.T.);
#9548=EDGE_LOOP('',(#9549,#9550,#9551));
#9549=ORIENTED_EDGE('',*,*,#9552,.T.);
#9550=ORIENTED_EDGE('',*,*,#9553,.T.);
#9551=ORIENTED_EDGE('',*,*,#9554,.T.);
#9552=EDGE_CURVE('',#771,#773,#9555,.F.);
#9553=EDGE_CURVE('',#773,#775,#9556,.T.);
#9554=EDGE_CURVE('',#775,#771,#9557,.T.);
#9555=LINE('',#770,#9558);
#9556=LINE('',#772,#9559);
#9557=LINE('',#774,#9560);
#9558=VECTOR('',#9561,1.0);
#9559=VECTOR('',#9562,1.0);
#9560=VECTOR('',#9563,1.0);
#9561=DIRECTION('',(0.07419293227445227,-0.9955726080153348,-0.05771127246962332));
#9562=DIRECTION('',(0,0.9999999999999909,1.3435887054242695E-07));
#9563=DIRECTION('',(-0.7893237326136769,-8.24932817398878E-08,0.6139772350281449));
#9564=FACE_SURFACE('',(#9569),#9565,.T.);
#9565=PLANE('',#9566);
#9566=AXIS2_PLACEMENT_3D('',#774,#9567,#9568);
#9567=DIRECTION('',(0.5805992389874238,-1.0939358012390671E-07,0.814189488809093));
#9568=DIRECTION('',(0,-0.9999999999999909,-1.3435887054242695E-07));
#9569=FACE_BOUND('',#9570,.T.);
#9570=EDGE_LOOP('',(#9571,#9572,#9573));
#9571=ORIENTED_EDGE('',*,*,#9574,.T.);
#9572=ORIENTED_EDGE('',*,*,#9575,.T.);
#9573=ORIENTED_EDGE('',*,*,#9576,.T.);
#9574=EDGE_CURVE('',#775,#773,#9577,.F.);
#9575=EDGE_CURVE('',#773,#777,#9578,.T.);
#9576=EDGE_CURVE('',#777,#775,#9579,.T.);
#9577=LINE('',#774,#9580);
#9578=LINE('',#772,#9581);
#9579=LINE('',#776,#9582);
#9580=VECTOR('',#9583,1.0);
#9581=VECTOR('',#9584,1.0);
#9582=VECTOR('',#9585,1.0);
#9583=DIRECTION('',(0,-0.9999999999999909,-1.3435887054242695E-07));
#9584=DIRECTION('',(0.8141894888091005,7.800867445653337E-08,-0.5805992389874187));
#9585=DIRECTION('',(-0.0874127989216426,0.9942200161282184,0.062334277205159834));
#9586=FACE_SURFACE('',(#9591),#9587,.T.);
#9587=PLANE('',#9588);
#9588=AXIS2_PLACEMENT_3D('',#774,#9589,#9590);
#9589=DIRECTION('',(0.5805992389874238,-1.0939358011822016E-07,0.814189488809093));
#9590=DIRECTION('',(0.0874127989216426,-0.9942200161282184,-0.062334277205159834));
#9591=FACE_BOUND('',#9592,.T.);
#9592=EDGE_LOOP('',(#9593,#9594,#9595));
#9593=ORIENTED_EDGE('',*,*,#9596,.T.);
#9594=ORIENTED_EDGE('',*,*,#9597,.T.);
#9595=ORIENTED_EDGE('',*,*,#9598,.T.);
#9596=EDGE_CURVE('',#775,#777,#9599,.F.);
#9597=EDGE_CURVE('',#777,#779,#9600,.T.);
#9598=EDGE_CURVE('',#779,#775,#9601,.T.);
#9599=LINE('',#774,#9602);
#9600=LINE('',#776,#9603);
#9601=LINE('',#778,#9604);
#9602=VECTOR('',#9605,1.0);
#9603=VECTOR('',#9606,1.0);
#9604=VECTOR('',#9607,1.0);
#9605=DIRECTION('',(0.0874127989216426,-0.9942200161282184,-0.062334277205159834));
#9606=DIRECTION('',(0,0.9999999999999909,1.3435887054242695E-07));
#9607=DIRECTION('',(-0.8141894888091005,-7.800867445653337E-08,0.5805992389874187));
#9608=FACE_SURFACE('',(#9613),#9609,.T.);
#9609=PLANE('',#9610);
#9610=AXIS2_PLACEMENT_3D('',#778,#9611,#9612);
#9611=DIRECTION('',(0.5548369195574276,-1.1178108893974481E-07,0.8319591292221103));
#9612=DIRECTION('',(0,-0.9999999999999909,-1.3435887054242695E-07));
#9613=FACE_BOUND('',#9614,.T.);
#9614=EDGE_LOOP('',(#9615,#9616,#9617));
#9615=ORIENTED_EDGE('',*,*,#9618,.T.);
#9616=ORIENTED_EDGE('',*,*,#9619,.T.);
#9617=ORIENTED_EDGE('',*,*,#9620,.T.);
#9618=EDGE_CURVE('',#779,#777,#9621,.F.);
#9619=EDGE_CURVE('',#777,#781,#9622,.T.);
#9620=EDGE_CURVE('',#781,#779,#9623,.T.);
#9621=LINE('',#778,#9624);
#9622=LINE('',#776,#9625);
#9623=LINE('',#780,#9626);
#9624=VECTOR('',#9627,1.0);
#9625=VECTOR('',#9628,1.0);
#9626=VECTOR('',#9629,1.0);
#9627=DIRECTION('',(0,-0.9999999999999909,-1.3435887054242695E-07));
#9628=DIRECTION('',(0.8319591292221179,7.454727381898448E-08,-0.5548369195574226));
#9629=DIRECTION('',(-0.1010809814149284,0.9925917245244796,0.06741145007871117));
#9630=FACE_SURFACE('',(#9635),#9631,.T.);
#9631=PLANE('',#9632);
#9632=AXIS2_PLACEMENT_3D('',#778,#9633,#9634);
#9633=DIRECTION('',(0.554836919557789,-1.1178103577326122E-07,0.8319591292218694));
#9634=DIRECTION('',(0.1010809814149284,-0.9925917245244796,-0.06741145007871117));
#9635=FACE_BOUND('',#9636,.T.);
#9636=EDGE_LOOP('',(#9637,#9638,#9639));
#9637=ORIENTED_EDGE('',*,*,#9640,.T.);
#9638=ORIENTED_EDGE('',*,*,#9641,.T.);
#9639=ORIENTED_EDGE('',*,*,#9642,.T.);
#9640=EDGE_CURVE('',#779,#781,#9643,.F.);
#9641=EDGE_CURVE('',#781,#783,#9644,.T.);
#9642=EDGE_CURVE('',#783,#779,#9645,.T.);
#9643=LINE('',#778,#9646);
#9644=LINE('',#780,#9647);
#9645=LINE('',#782,#9648);
#9646=VECTOR('',#9649,1.0);
#9647=VECTOR('',#9650,1.0);
#9648=VECTOR('',#9651,1.0);
#9649=DIRECTION('',(0.1010809814149284,-0.9925917245244796,-0.06741145007871117));
#9650=DIRECTION('',(0,0.999999999999991,1.3435880664149516E-07));
#9651=DIRECTION('',(-0.8319591292218769,-7.454714330697334E-08,0.5548369195577839));
#9652=FACE_SURFACE('',(#9657),#9653,.T.);
#9653=PLANE('',#9654);
#9654=AXIS2_PLACEMENT_3D('',#782,#9655,#9656);
#9655=DIRECTION('',(0.5349808737755121,-1.135149415714372E-07,0.8448641693753954));
#9656=DIRECTION('',(0,-0.999999999999991,-1.3435880664149516E-07));
#9657=FACE_BOUND('',#9658,.T.);
#9658=EDGE_LOOP('',(#9659,#9660,#9661));
#9659=ORIENTED_EDGE('',*,*,#9662,.T.);
#9660=ORIENTED_EDGE('',*,*,#9663,.T.);
#9661=ORIENTED_EDGE('',*,*,#9664,.T.);
#9662=EDGE_CURVE('',#783,#781,#9665,.F.);
#9663=EDGE_CURVE('',#781,#785,#9666,.T.);
#9664=EDGE_CURVE('',#785,#783,#9667,.T.);
#9665=LINE('',#782,#9668);
#9666=LINE('',#780,#9669);
#9667=LINE('',#784,#9670);
#9668=VECTOR('',#9671,1.0);
#9669=VECTOR('',#9672,1.0);
#9670=VECTOR('',#9673,1.0);
#9671=DIRECTION('',(0,-0.999999999999991,-1.3435880664149516E-07));
#9672=DIRECTION('',(0.844864169375403,7.187941495721253E-08,-0.5349808737755072));
#9673=DIRECTION('',(-0.11518067925665629,0.990663413921843,0.07293429538080379));
#9674=FACE_SURFACE('',(#9679),#9675,.T.);
#9675=PLANE('',#9676);
#9676=AXIS2_PLACEMENT_3D('',#782,#9677,#9678);
#9677=DIRECTION('',(0.5349808737751807,-1.1351499556323477E-07,0.8448641693756053));
#9678=DIRECTION('',(0.11518067925665629,-0.990663413921843,-0.07293429538080379));
#9679=FACE_BOUND('',#9680,.T.);
#9680=EDGE_LOOP('',(#9681,#9682,#9683));
#9681=ORIENTED_EDGE('',*,*,#9684,.T.);
#9682=ORIENTED_EDGE('',*,*,#9685,.T.);
#9683=ORIENTED_EDGE('',*,*,#9686,.T.);
#9684=EDGE_CURVE('',#783,#785,#9687,.F.);
#9685=EDGE_CURVE('',#785,#787,#9688,.T.);
#9686=EDGE_CURVE('',#787,#783,#9689,.T.);
#9687=LINE('',#782,#9690);
#9688=LINE('',#784,#9691);
#9689=LINE('',#786,#9692);
#9690=VECTOR('',#9693,1.0);
#9691=VECTOR('',#9694,1.0);
#9692=VECTOR('',#9695,1.0);
#9693=DIRECTION('',(0.11518067925665629,-0.990663413921843,-0.07293429538080379));
#9694=DIRECTION('',(0,0.999999999999991,1.3435887054242912E-07));
#9695=DIRECTION('',(-0.8448641693756128,-7.187941495723038E-08,0.5349808737751757));
#9696=FACE_SURFACE('',(#9701),#9697,.T.);
#9697=PLANE('',#9698);
#9698=AXIS2_PLACEMENT_3D('',#786,#9699,#9700);
#9699=DIRECTION('',(0.5197034212873249,-1.1478906317589802E-07,0.8543467410262862));
#9700=DIRECTION('',(0,-0.999999999999991,-1.3435887054242912E-07));
#9701=FACE_BOUND('',#9702,.T.);
#9702=EDGE_LOOP('',(#9703,#9704,#9705));
#9703=ORIENTED_EDGE('',*,*,#9706,.T.);
#9704=ORIENTED_EDGE('',*,*,#9707,.T.);
#9705=ORIENTED_EDGE('',*,*,#9708,.T.);
#9706=EDGE_CURVE('',#787,#785,#9709,.F.);
#9707=EDGE_CURVE('',#785,#789,#9710,.T.);
#9708=EDGE_CURVE('',#789,#787,#9711,.T.);
#9709=LINE('',#786,#9712);
#9710=LINE('',#784,#9713);
#9711=LINE('',#788,#9714);
#9712=VECTOR('',#9715,1.0);
#9713=VECTOR('',#9716,1.0);
#9714=VECTOR('',#9717,1.0);
#9715=DIRECTION('',(0,-0.999999999999991,-1.3435887054242912E-07));
#9716=DIRECTION('',(0.8543467410262939,6.982671807309161E-08,-0.5197034212873203));
#9717=DIRECTION('',(-0.12969277365926377,0.9884106913912534,0.07889289957931207));
#9718=FACE_SURFACE('',(#9723),#9719,.T.);
#9719=PLANE('',#9720);
#9720=AXIS2_PLACEMENT_3D('',#786,#9721,#9722);
#9721=DIRECTION('',(0.519703421287325,-1.1478906317195588E-07,0.8543467410262862));
#9722=DIRECTION('',(0.12969277365926377,-0.9884106913912534,-0.07889289957931207));
#9723=FACE_BOUND('',#9724,.T.);
#9724=EDGE_LOOP('',(#9725,#9726,#9727));
#9725=ORIENTED_EDGE('',*,*,#9728,.T.);
#9726=ORIENTED_EDGE('',*,*,#9729,.T.);
#9727=ORIENTED_EDGE('',*,*,#9730,.T.);
#9728=EDGE_CURVE('',#787,#789,#9731,.F.);
#9729=EDGE_CURVE('',#789,#791,#9732,.T.);
#9730=EDGE_CURVE('',#791,#787,#9733,.T.);
#9731=LINE('',#786,#9734);
#9732=LINE('',#788,#9735);
#9733=LINE('',#790,#9736);
#9734=VECTOR('',#9737,1.0);
#9735=VECTOR('',#9738,1.0);
#9736=VECTOR('',#9739,1.0);
#9737=DIRECTION('',(0.12969277365926377,-0.9884106913912534,-0.07889289957931207));
#9738=DIRECTION('',(0,0.9999999999999909,1.3435887054242695E-07));
#9739=DIRECTION('',(-0.8543467410262939,-6.982682208978463E-08,0.5197034212873203));
#9740=FACE_SURFACE('',(#9745),#9741,.T.);
#9741=PLANE('',#9742);
#9742=AXIS2_PLACEMENT_3D('',#790,#9743,#9744);
#9743=DIRECTION('',(0.5079917361998092,-1.1573161771982695E-07,0.8613619424798671));
#9744=DIRECTION('',(0,-0.9999999999999909,-1.3435887054242695E-07));
#9745=FACE_BOUND('',#9746,.T.);
#9746=EDGE_LOOP('',(#9747,#9748,#9749));
#9747=ORIENTED_EDGE('',*,*,#9750,.T.);
#9748=ORIENTED_EDGE('',*,*,#9751,.T.);
#9749=ORIENTED_EDGE('',*,*,#9752,.T.);
#9750=EDGE_CURVE('',#791,#789,#9753,.F.);
#9751=EDGE_CURVE('',#789,#793,#9754,.T.);
#9752=EDGE_CURVE('',#793,#791,#9755,.T.);
#9753=LINE('',#790,#9756);
#9754=LINE('',#788,#9757);
#9755=LINE('',#792,#9758);
#9756=VECTOR('',#9759,1.0);
#9757=VECTOR('',#9760,1.0);
#9758=VECTOR('',#9761,1.0);
#9759=DIRECTION('',(0,-0.9999999999999909,-1.3435887054242695E-07));
#9760=DIRECTION('',(0.861361942479875,6.825324666077264E-08,-0.5079917361998046));
#9761=DIRECTION('',(-0.14459545431057536,0.9858094016806879,0.08527589431183051));
#9762=FACE_SURFACE('',(#9767),#9763,.T.);
#9763=PLANE('',#9764);
#9764=AXIS2_PLACEMENT_3D('',#790,#9765,#9766);
#9765=DIRECTION('',(0.5079917361998093,-1.1573161771976107E-07,0.8613619424798672));
#9766=DIRECTION('',(0.14459545431057536,-0.9858094016806879,-0.08527589431183051));
#9767=FACE_BOUND('',#9768,.T.);
#9768=EDGE_LOOP('',(#9769,#9770,#9771));
#9769=ORIENTED_EDGE('',*,*,#9772,.T.);
#9770=ORIENTED_EDGE('',*,*,#9773,.T.);
#9771=ORIENTED_EDGE('',*,*,#9774,.T.);
#9772=EDGE_CURVE('',#791,#793,#9775,.F.);
#9773=EDGE_CURVE('',#793,#795,#9776,.T.);
#9774=EDGE_CURVE('',#795,#791,#9777,.T.);
#9775=LINE('',#790,#9778);
#9776=LINE('',#792,#9779);
#9777=LINE('',#794,#9780);
#9778=VECTOR('',#9781,1.0);
#9779=VECTOR('',#9782,1.0);
#9780=VECTOR('',#9783,1.0);
#9781=DIRECTION('',(0.14459545431057536,-0.9858094016806879,-0.08527589431183051));
#9782=DIRECTION('',(0,0.999999999999991,1.3435887054242912E-07));
#9783=DIRECTION('',(-0.861361942479875,-6.825315284600345E-08,0.5079917361998046));
#9784=FACE_SURFACE('',(#9789),#9785,.T.);
#9785=PLANE('',#9786);
#9786=AXIS2_PLACEMENT_3D('',#794,#9787,#9788);
#9787=DIRECTION('',(0.5614089513896271,-1.1118713983973497E-07,0.8275385122757654));
#9788=DIRECTION('',(0,-0.999999999999991,-1.3435887054242912E-07));
#9789=FACE_BOUND('',#9790,.T.);
#9790=EDGE_LOOP('',(#9791,#9792,#9793));
#9791=ORIENTED_EDGE('',*,*,#9794,.T.);
#9792=ORIENTED_EDGE('',*,*,#9795,.T.);
#9793=ORIENTED_EDGE('',*,*,#9796,.T.);
#9794=EDGE_CURVE('',#795,#793,#9797,.F.);
#9795=EDGE_CURVE('',#793,#797,#9798,.T.);
#9796=EDGE_CURVE('',#797,#795,#9799,.T.);
#9797=LINE('',#794,#9800);
#9798=LINE('',#792,#9801);
#9799=LINE('',#796,#9802);
#9800=VECTOR('',#9803,1.0);
#9801=VECTOR('',#9804,1.0);
#9802=VECTOR('',#9805,1.0);
#9803=DIRECTION('',(0,-0.999999999999991,-1.3435887054242912E-07));
#9804=DIRECTION('',(0.8275385122757729,7.543017143127681E-08,-0.561408951389622));
#9805=DIRECTION('',(-0.13537503253276062,0.9865288010941935,0.09183967104910198));
#9806=FACE_SURFACE('',(#9811),#9807,.T.);
#9807=PLANE('',#9808);
#9808=AXIS2_PLACEMENT_3D('',#794,#9809,#9810);
#9809=DIRECTION('',(0.5614089513896271,-1.1118713983204138E-07,0.8275385122757652));
#9810=DIRECTION('',(0.13537503253276062,-0.9865288010941935,-0.09183967104910198));
#9811=FACE_BOUND('',#9812,.T.);
#9812=EDGE_LOOP('',(#9813,#9814,#9815));
#9813=ORIENTED_EDGE('',*,*,#9816,.T.);
#9814=ORIENTED_EDGE('',*,*,#9817,.T.);
#9815=ORIENTED_EDGE('',*,*,#9818,.T.);
#9816=EDGE_CURVE('',#795,#797,#9819,.F.);
#9817=EDGE_CURVE('',#797,#799,#9820,.T.);
#9818=EDGE_CURVE('',#799,#795,#9821,.T.);
#9819=LINE('',#794,#9822);
#9820=LINE('',#796,#9823);
#9821=LINE('',#798,#9824);
#9822=VECTOR('',#9825,1.0);
#9823=VECTOR('',#9826,1.0);
#9824=VECTOR('',#9827,1.0);
#9825=DIRECTION('',(0.13537503253276062,-0.9865288010941935,-0.09183967104910198));
#9826=DIRECTION('',(0,0.9999999999999909,1.3435887054242695E-07));
#9827=DIRECTION('',(-0.8275385122757729,-7.543026777127388E-08,0.561408951389622));
#9828=FACE_SURFACE('',(#9833),#9829,.T.);
#9829=PLANE('',#9830);
#9830=AXIS2_PLACEMENT_3D('',#798,#9831,#9832);
#9831=DIRECTION('',(0.5841457794898568,-1.0905221056271874E-07,0.8116487591958578));
#9832=DIRECTION('',(0,-0.9999999999999909,-1.3435887054242695E-07));
#9833=FACE_BOUND('',#9834,.T.);
#9834=EDGE_LOOP('',(#9835,#9836,#9837));
#9835=ORIENTED_EDGE('',*,*,#9838,.T.);
#9836=ORIENTED_EDGE('',*,*,#9839,.T.);
#9837=ORIENTED_EDGE('',*,*,#9840,.T.);
#9838=EDGE_CURVE('',#799,#797,#9841,.F.);
#9839=EDGE_CURVE('',#797,#801,#9842,.T.);
#9840=EDGE_CURVE('',#801,#799,#9843,.T.);
#9841=LINE('',#798,#9844);
#9842=LINE('',#796,#9845);
#9843=LINE('',#800,#9846);
#9844=VECTOR('',#9847,1.0);
#9845=VECTOR('',#9848,1.0);
#9846=VECTOR('',#9849,1.0);
#9847=DIRECTION('',(0,-0.9999999999999909,-1.3435887054242695E-07));
#9848=DIRECTION('',(0.8116487591958652,7.8485247982658E-08,-0.5841457794898517));
#9849=DIRECTION('',(-0.12107004533194343,0.9888122224255527,0.08713456779694663));
#9850=FACE_SURFACE('',(#9855),#9851,.T.);
#9851=PLANE('',#9852);
#9852=AXIS2_PLACEMENT_3D('',#798,#9853,#9854);
#9853=DIRECTION('',(0.584145779490136,-1.0905215870357464E-07,0.811648759195657));
#9854=DIRECTION('',(0.12107004533194343,-0.9888122224255527,-0.08713456779694663));
#9855=FACE_BOUND('',#9856,.T.);
#9856=EDGE_LOOP('',(#9857,#9858,#9859));
#9857=ORIENTED_EDGE('',*,*,#9860,.T.);
#9858=ORIENTED_EDGE('',*,*,#9861,.T.);
#9859=ORIENTED_EDGE('',*,*,#9862,.T.);
#9860=EDGE_CURVE('',#799,#801,#9863,.F.);
#9861=EDGE_CURVE('',#801,#803,#9864,.T.);
#9862=EDGE_CURVE('',#803,#799,#9865,.T.);
#9863=LINE('',#798,#9866);
#9864=LINE('',#800,#9867);
#9865=LINE('',#802,#9868);
#9866=VECTOR('',#9869,1.0);
#9867=VECTOR('',#9870,1.0);
#9868=VECTOR('',#9871,1.0);
#9869=DIRECTION('',(0.12107004533194343,-0.9888122224255527,-0.08713456779694663));
#9870=DIRECTION('',(0,0.999999999999991,1.3435880664149516E-07));
#9871=DIRECTION('',(-0.8116487591956643,-7.848514208348971E-08,0.5841457794901306));
#9872=FACE_SURFACE('',(#9877),#9873,.T.);
#9873=PLANE('',#9874);
#9874=AXIS2_PLACEMENT_3D('',#802,#9875,#9876);
#9875=DIRECTION('',(0.6134347889437766,-1.0610924633806106E-07,0.7897453765065631));
#9876=DIRECTION('',(0,-0.999999999999991,-1.3435880664149516E-07));
#9877=FACE_BOUND('',#9878,.T.);
#9878=EDGE_LOOP('',(#9879,#9880,#9881));
#9879=ORIENTED_EDGE('',*,*,#9882,.T.);
#9880=ORIENTED_EDGE('',*,*,#9883,.T.);
#9881=ORIENTED_EDGE('',*,*,#9884,.T.);
#9882=EDGE_CURVE('',#803,#801,#9885,.F.);
#9883=EDGE_CURVE('',#801,#805,#9886,.T.);
#9884=EDGE_CURVE('',#805,#803,#9887,.T.);
#9885=LINE('',#802,#9888);
#9886=LINE('',#800,#9889);
#9887=LINE('',#804,#9890);
#9888=VECTOR('',#9891,1.0);
#9889=VECTOR('',#9892,1.0);
#9890=VECTOR('',#9893,1.0);
#9891=DIRECTION('',(0,-0.999999999999991,-1.3435880664149516E-07));
#9892=DIRECTION('',(0.7897453765065702,8.242039331374916E-08,-0.613434788943771));
#9893=DIRECTION('',(-0.10719789534863865,0.990744854425635,0.08326610752250796));
#9894=FACE_SURFACE('',(#9899),#9895,.T.);
#9895=PLANE('',#9896);
#9896=AXIS2_PLACEMENT_3D('',#802,#9897,#9898);
#9897=DIRECTION('',(0.6134347889437766,-1.0610924633745171E-07,0.7897453765065631));
#9898=DIRECTION('',(0.10719789534863865,-0.990744854425635,-0.08326610752250796));
#9899=FACE_BOUND('',#9900,.T.);
#9900=EDGE_LOOP('',(#9901,#9902,#9903));
#9901=ORIENTED_EDGE('',*,*,#9904,.T.);
#9902=ORIENTED_EDGE('',*,*,#9905,.T.);
#9903=ORIENTED_EDGE('',*,*,#9906,.T.);
#9904=EDGE_CURVE('',#803,#805,#9907,.F.);
#9905=EDGE_CURVE('',#805,#807,#9908,.T.);
#9906=EDGE_CURVE('',#807,#803,#9909,.T.);
#9907=LINE('',#802,#9910);
#9908=LINE('',#804,#9911);
#9909=LINE('',#806,#9912);
#9910=VECTOR('',#9913,1.0);
#9911=VECTOR('',#9914,1.0);
#9912=VECTOR('',#9915,1.0);
#9913=DIRECTION('',(0.10719789534863865,-0.990744854425635,-0.08326610752250796));
#9914=DIRECTION('',(0,0.999999999999991,1.3435880664149516E-07));
#9915=DIRECTION('',(-0.7897453765065702,-8.242039331374916E-08,0.613434788943771));
#9916=FACE_SURFACE('',(#9921),#9917,.T.);
#9917=PLANE('',#9918);
#9918=AXIS2_PLACEMENT_3D('',#806,#9919,#9920);
#9919=DIRECTION('',(0.650152218744945,-1.0208635642657997E-07,0.7598039829199468));
#9920=DIRECTION('',(0,-0.999999999999991,-1.3435880664149516E-07));
#9921=FACE_BOUND('',#9922,.T.);
#9922=EDGE_LOOP('',(#9923,#9924,#9925));
#9923=ORIENTED_EDGE('',*,*,#9926,.T.);
#9924=ORIENTED_EDGE('',*,*,#9927,.T.);
#9925=ORIENTED_EDGE('',*,*,#9928,.T.);
#9926=EDGE_CURVE('',#807,#805,#9929,.F.);
#9927=EDGE_CURVE('',#805,#809,#9930,.T.);
#9928=EDGE_CURVE('',#809,#807,#9931,.T.);
#9929=LINE('',#806,#9932);
#9930=LINE('',#804,#9933);
#9931=LINE('',#808,#9934);
#9932=VECTOR('',#9935,1.0);
#9933=VECTOR('',#9936,1.0);
#9934=VECTOR('',#9937,1.0);
#9935=DIRECTION('',(0,-0.999999999999991,-1.3435880664149516E-07));
#9936=DIRECTION('',(0.7598039829199537,8.735363422305717E-08,-0.650152218744939));
#9937=DIRECTION('',(-0.0937797365793634,0.9923537402733921,0.080245966705588));
#9938=FACE_SURFACE('',(#9943),#9939,.T.);
#9939=PLANE('',#9940);
#9940=AXIS2_PLACEMENT_3D('',#806,#9941,#9942);
#9941=DIRECTION('',(0.6501522187449448,-1.0208635642854139E-07,0.7598039829199469));
#9942=DIRECTION('',(0.0937797365793634,-0.9923537402733921,-0.080245966705588));
#9943=FACE_BOUND('',#9944,.T.);
#9944=EDGE_LOOP('',(#9945,#9946,#9947));
#9945=ORIENTED_EDGE('',*,*,#9948,.T.);
#9946=ORIENTED_EDGE('',*,*,#9949,.T.);
#9947=ORIENTED_EDGE('',*,*,#9950,.T.);
#9948=EDGE_CURVE('',#807,#809,#9951,.F.);
#9949=EDGE_CURVE('',#809,#811,#9952,.T.);
#9950=EDGE_CURVE('',#811,#807,#9953,.T.);
#9951=LINE('',#806,#9954);
#9952=LINE('',#808,#9955);
#9953=LINE('',#810,#9956);
#9954=VECTOR('',#9957,1.0);
#9955=VECTOR('',#9958,1.0);
#9956=VECTOR('',#9959,1.0);
#9957=DIRECTION('',(0.0937797365793634,-0.9923537402733921,-0.080245966705588));
#9958=DIRECTION('',(0,0.9999999999999909,1.34358806641493E-07));
#9959=DIRECTION('',(-0.7598039829199537,-8.735376266482881E-08,0.650152218744939));
#9960=FACE_SURFACE('',(#9965),#9961,.T.);
#9961=PLANE('',#9962);
#9962=AXIS2_PLACEMENT_3D('',#810,#9963,#9964);
#9963=DIRECTION('',(0.694766168889092,-9.66356483296198E-08,0.719235684992871));
#9964=DIRECTION('',(0,-0.9999999999999909,-1.34358806641493E-07));
#9965=FACE_BOUND('',#9966,.T.);
#9966=EDGE_LOOP('',(#9967,#9968,#9969));
#9967=ORIENTED_EDGE('',*,*,#9970,.T.);
#9968=ORIENTED_EDGE('',*,*,#9971,.T.);
#9969=ORIENTED_EDGE('',*,*,#9972,.T.);
#9970=EDGE_CURVE('',#811,#809,#9973,.F.);
#9971=EDGE_CURVE('',#809,#813,#9974,.T.);
#9972=EDGE_CURVE('',#813,#811,#9975,.T.);
#9973=LINE('',#810,#9976);
#9974=LINE('',#808,#9977);
#9975=LINE('',#812,#9978);
#9976=VECTOR('',#9979,1.0);
#9977=VECTOR('',#9980,1.0);
#9978=VECTOR('',#9981,1.0);
#9979=DIRECTION('',(0,-0.9999999999999909,-1.34358806641493E-07));
#9980=DIRECTION('',(0.7192356849928775,9.334794301497941E-08,-0.6947661688890858));
#9981=DIRECTION('',(-0.08083345511399934,0.9936643891098622,0.07808350881753152));
#9982=FACE_SURFACE('',(#9987),#9983,.T.);
#9983=PLANE('',#9984);
#9984=AXIS2_PLACEMENT_3D('',#810,#9985,#9986);
#9985=DIRECTION('',(0.694766168889092,-9.663564832875928E-08,0.7192356849928708));
#9986=DIRECTION('',(0.08083345511399934,-0.9936643891098622,-0.07808350881753152));
#9987=FACE_BOUND('',#9988,.T.);
#9988=EDGE_LOOP('',(#9989,#9990,#9991));
#9989=ORIENTED_EDGE('',*,*,#9992,.T.);
#9990=ORIENTED_EDGE('',*,*,#9993,.T.);
#9991=ORIENTED_EDGE('',*,*,#9994,.T.);
#9992=EDGE_CURVE('',#811,#813,#9995,.F.);
#9993=EDGE_CURVE('',#813,#815,#9996,.T.);
#9994=EDGE_CURVE('',#815,#811,#9997,.T.);
#9995=LINE('',#810,#9998);
#9996=LINE('',#812,#9999);
#9997=LINE('',#814,#10000);
#9998=VECTOR('',#10001,1.0);
#9999=VECTOR('',#10002,1.0);
#10000=VECTOR('',#10003,1.0);
#10001=DIRECTION('',(0.08083345511399934,-0.9936643891098622,-0.07808350881753152));
#10002=DIRECTION('',(0,0.9999999999999909,1.34358806641493E-07));
#10003=DIRECTION('',(-0.7192356849928775,-9.334794301497941E-08,0.6947661688890858));
#10004=FACE_SURFACE('',(#10009),#10005,.T.);
#10005=PLANE('',#10006);
#10006=AXIS2_PLACEMENT_3D('',#814,#10007,#10008);
#10007=DIRECTION('',(0.7468287273930894,-8.935081390859944E-08,0.6650164298274223));
#10008=DIRECTION('',(0,-0.9999999999999909,-1.34358806641493E-07));
#10009=FACE_BOUND('',#10010,.T.);
#10010=EDGE_LOOP('',(#10011,#10012,#10013));
#10011=ORIENTED_EDGE('',*,*,#10014,.T.);
#10012=ORIENTED_EDGE('',*,*,#10015,.T.);
#10013=ORIENTED_EDGE('',*,*,#10016,.T.);
#10014=EDGE_CURVE('',#815,#813,#10017,.F.);
#10015=EDGE_CURVE('',#813,#817,#10018,.T.);
#10016=EDGE_CURVE('',#817,#815,#10019,.T.);
#10017=LINE('',#814,#10020);
#10018=LINE('',#812,#10021);
#10019=LINE('',#816,#10022);
#10020=VECTOR('',#10023,1.0);
#10021=VECTOR('',#10024,1.0);
#10022=VECTOR('',#10025,1.0);
#10023=DIRECTION('',(0,-0.9999999999999909,-1.34358806641493E-07));
#10024=DIRECTION('',(0.6650164298274283,1.0034317620604899E-07,-0.7468287273930826));
#10025=DIRECTION('',(-0.06837457479585783,0.9947003436679053,0.07678635183700802));
#10026=FACE_SURFACE('',(#10031),#10027,.T.);
#10027=PLANE('',#10028);
#10028=AXIS2_PLACEMENT_3D('',#814,#10029,#10030);
#10029=DIRECTION('',(0.7468287273928158,-8.935085641078636E-08,0.6650164298277293));
#10030=DIRECTION('',(0.06837457479585783,-0.9947003436679053,-0.07678635183700802));
#10031=FACE_BOUND('',#10032,.T.);
#10032=EDGE_LOOP('',(#10033,#10034,#10035));
#10033=ORIENTED_EDGE('',*,*,#10036,.T.);
#10034=ORIENTED_EDGE('',*,*,#10037,.T.);
#10035=ORIENTED_EDGE('',*,*,#10038,.T.);
#10036=EDGE_CURVE('',#815,#817,#10039,.F.);
#10037=EDGE_CURVE('',#817,#819,#10040,.T.);
#10038=EDGE_CURVE('',#819,#815,#10041,.T.);
#10039=LINE('',#814,#10042);
#10040=LINE('',#816,#10043);
#10041=LINE('',#818,#10044);
#10042=VECTOR('',#10045,1.0);
#10043=VECTOR('',#10046,1.0);
#10044=VECTOR('',#10047,1.0);
#10045=DIRECTION('',(0.06837457479585783,-0.9947003436679053,-0.07678635183700802));
#10046=DIRECTION('',(0,0.999999999999991,1.3435887054242912E-07));
#10047=DIRECTION('',(-0.6650164298277352,-1.0034302165317221E-07,0.746828727392809));
#10048=FACE_SURFACE('',(#10053),#10049,.T.);
#10049=PLANE('',#10050);
#10050=AXIS2_PLACEMENT_3D('',#818,#10051,#10052);
#10051=DIRECTION('',(0.8042934553354025,-7.984038194999749E-08,0.5942323095428523));
#10052=DIRECTION('',(0,-0.999999999999991,-1.3435887054242912E-07));
#10053=FACE_BOUND('',#10054,.T.);
#10054=EDGE_LOOP('',(#10055,#10056,#10057));
#10055=ORIENTED_EDGE('',*,*,#10058,.T.);
#10056=ORIENTED_EDGE('',*,*,#10059,.T.);
#10057=ORIENTED_EDGE('',*,*,#10060,.T.);
#10058=EDGE_CURVE('',#819,#817,#10061,.F.);
#10059=EDGE_CURVE('',#817,#821,#10062,.T.);
#10060=EDGE_CURVE('',#821,#819,#10063,.T.);
#10061=LINE('',#818,#10064);
#10062=LINE('',#816,#10065);
#10063=LINE('',#820,#10066);
#10064=VECTOR('',#10067,1.0);
#10065=VECTOR('',#10068,1.0);
#10066=VECTOR('',#10069,1.0);
#10067=DIRECTION('',(0,-0.999999999999991,-1.3435887054242912E-07));
#10068=DIRECTION('',(0.5942323095428578,1.0806389770975152E-07,-0.8042934553353954));
#10069=DIRECTION('',(-0.05641638842770586,0.9954829906200812,0.07635971780247633));
#10070=FACE_SURFACE('',(#10075),#10071,.T.);
#10071=PLANE('',#10072);
#10072=AXIS2_PLACEMENT_3D('',#818,#10073,#10074);
#10073=DIRECTION('',(0.8042934553354026,-7.984038195087193E-08,0.5942323095428524));
#10074=DIRECTION('',(0.05641638842770586,-0.9954829906200812,-0.07635971780247633));
#10075=FACE_BOUND('',#10076,.T.);
#10076=EDGE_LOOP('',(#10077,#10078,#10079));
#10077=ORIENTED_EDGE('',*,*,#10080,.T.);
#10078=ORIENTED_EDGE('',*,*,#10081,.T.);
#10079=ORIENTED_EDGE('',*,*,#10082,.T.);
#10080=EDGE_CURVE('',#819,#821,#10083,.F.);
#10081=EDGE_CURVE('',#821,#823,#10084,.T.);
#10082=EDGE_CURVE('',#823,#819,#10085,.T.);
#10083=LINE('',#818,#10086);
#10084=LINE('',#820,#10087);
#10085=LINE('',#822,#10088);
#10086=VECTOR('',#10089,1.0);
#10087=VECTOR('',#10090,1.0);
#10088=VECTOR('',#10091,1.0);
#10089=DIRECTION('',(0.05641638842770586,-0.9954829906200812,-0.07635971780247633));
#10090=DIRECTION('',(0,0.999999999999991,1.3435887054242912E-07));
#10091=DIRECTION('',(-0.5942323095428578,-1.0806389770975152E-07,0.8042934553353954));
#10092=FACE_SURFACE('',(#10097),#10093,.T.);
#10093=PLANE('',#10094);
#10094=AXIS2_PLACEMENT_3D('',#822,#10095,#10096);
#10095=DIRECTION('',(0.8629673165496476,-6.788612875513139E-08,0.5052597456428681));
#10096=DIRECTION('',(0,-0.999999999999991,-1.3435887054242912E-07));
#10097=FACE_BOUND('',#10098,.T.);
#10098=EDGE_LOOP('',(#10099,#10100,#10101));
#10099=ORIENTED_EDGE('',*,*,#10102,.T.);
#10100=ORIENTED_EDGE('',*,*,#10103,.T.);
#10101=ORIENTED_EDGE('',*,*,#10104,.T.);
#10102=EDGE_CURVE('',#823,#821,#10105,.F.);
#10103=EDGE_CURVE('',#821,#825,#10106,.T.);
#10104=EDGE_CURVE('',#825,#823,#10107,.T.);
#10105=LINE('',#822,#10108);
#10106=LINE('',#820,#10109);
#10107=LINE('',#824,#10110);
#10108=VECTOR('',#10111,1.0);
#10109=VECTOR('',#10112,1.0);
#10110=VECTOR('',#10113,1.0);
#10111=DIRECTION('',(0,-0.999999999999991,-1.3435887054242912E-07));
#10112=DIRECTION('',(0.5052597456428726,1.1594719929622811E-07,-0.8629673165496398));
#10113=DIRECTION('',(-0.04497019583816033,0.9960312480995249,0.07680777496829405));
#10114=FACE_SURFACE('',(#10119),#10115,.T.);
#10115=PLANE('',#10116);
#10116=AXIS2_PLACEMENT_3D('',#822,#10117,#10118);
#10117=DIRECTION('',(0.8629673165496475,-6.78861287514453E-08,0.505259745642868));
#10118=DIRECTION('',(0.04497019583816033,-0.9960312480995249,-0.07680777496829405));
#10119=FACE_BOUND('',#10120,.T.);
#10120=EDGE_LOOP('',(#10121,#10122,#10123));
#10121=ORIENTED_EDGE('',*,*,#10124,.T.);
#10122=ORIENTED_EDGE('',*,*,#10125,.T.);
#10123=ORIENTED_EDGE('',*,*,#10126,.T.);
#10124=EDGE_CURVE('',#823,#825,#10127,.F.);
#10125=EDGE_CURVE('',#825,#827,#10128,.T.);
#10126=EDGE_CURVE('',#827,#823,#10129,.T.);
#10127=LINE('',#822,#10130);
#10128=LINE('',#824,#10131);
#10129=LINE('',#826,#10132);
#10130=VECTOR('',#10133,1.0);
#10131=VECTOR('',#10134,1.0);
#10132=VECTOR('',#10135,1.0);
#10133=DIRECTION('',(0.04497019583816033,-0.9960312480995249,-0.07680777496829405));
#10134=DIRECTION('',(0,0.9999999999999909,1.3435887054242695E-07));
#10135=DIRECTION('',(-0.5052597456428726,-1.1594737807259313E-07,0.8629673165496398));
#10136=FACE_SURFACE('',(#10141),#10137,.T.);
#10137=PLANE('',#10138);
#10138=AXIS2_PLACEMENT_3D('',#826,#10139,#10140);
#10139=DIRECTION('',(0.9167480844777716,-5.367177778428931E-08,0.3994658303363804));
#10140=DIRECTION('',(0,-0.9999999999999909,-1.3435887054242695E-07));
#10141=FACE_BOUND('',#10142,.T.);
#10142=EDGE_LOOP('',(#10143,#10144,#10145));
#10143=ORIENTED_EDGE('',*,*,#10146,.T.);
#10144=ORIENTED_EDGE('',*,*,#10147,.T.);
#10145=ORIENTED_EDGE('',*,*,#10148,.T.);
#10146=EDGE_CURVE('',#827,#825,#10149,.F.);
#10147=EDGE_CURVE('',#825,#829,#10150,.T.);
#10148=EDGE_CURVE('',#829,#827,#10151,.T.);
#10149=LINE('',#826,#10152);
#10150=LINE('',#824,#10153);
#10151=LINE('',#828,#10154);
#10152=VECTOR('',#10155,1.0);
#10153=VECTOR('',#10156,1.0);
#10154=VECTOR('',#10157,1.0);
#10155=DIRECTION('',(0,-0.9999999999999909,-1.3435887054242695E-07));
#10156=DIRECTION('',(0.399465830336384,1.2317322221767897E-07,-0.9167480844777632));
#10157=DIRECTION('',(-0.03404578376665759,0.9963614405262786,0.07813299200794015));
#10158=FACE_SURFACE('',(#10163),#10159,.T.);
#10159=PLANE('',#10160);
#10160=AXIS2_PLACEMENT_3D('',#826,#10161,#10162);
#10161=DIRECTION('',(0.9167480844777717,-5.3671777786028083E-08,0.39946583033638045));
#10162=DIRECTION('',(0.03404578376665759,-0.9963614405262786,-0.07813299200794015));
#10163=FACE_BOUND('',#10164,.T.);
#10164=EDGE_LOOP('',(#10165,#10166,#10167));
#10165=ORIENTED_EDGE('',*,*,#10168,.T.);
#10166=ORIENTED_EDGE('',*,*,#10169,.T.);
#10167=ORIENTED_EDGE('',*,*,#10170,.T.);
#10168=EDGE_CURVE('',#827,#829,#10171,.F.);
#10169=EDGE_CURVE('',#829,#831,#10172,.T.);
#10170=EDGE_CURVE('',#831,#827,#10173,.T.);
#10171=LINE('',#826,#10174);
#10172=LINE('',#828,#10175);
#10173=LINE('',#830,#10176);
#10174=VECTOR('',#10177,1.0);
#10175=VECTOR('',#10178,1.0);
#10176=VECTOR('',#10179,1.0);
#10177=DIRECTION('',(0.03404578376665759,-0.9963614405262786,-0.07813299200794015));
#10178=DIRECTION('',(0,0.9999999999999909,1.3435887054242695E-07));
#10179=DIRECTION('',(-0.399465830336384,-1.2317322221767897E-07,0.9167480844777632));
#10180=FACE_SURFACE('',(#10185),#10181,.T.);
#10181=PLANE('',#10182);
#10182=AXIS2_PLACEMENT_3D('',#830,#10183,#10184);
#10183=DIRECTION('',(0.9592923498335613,-3.794494979736891E-08,0.2824149209068154));
#10184=DIRECTION('',(0,-0.9999999999999909,-1.3435887054242695E-07));
#10185=FACE_BOUND('',#10186,.T.);
#10186=EDGE_LOOP('',(#10187,#10188,#10189));
#10187=ORIENTED_EDGE('',*,*,#10190,.T.);
#10188=ORIENTED_EDGE('',*,*,#10191,.T.);
#10189=ORIENTED_EDGE('',*,*,#10192,.T.);
#10190=EDGE_CURVE('',#831,#829,#10193,.F.);
#10191=EDGE_CURVE('',#829,#833,#10194,.T.);
#10192=EDGE_CURVE('',#833,#831,#10195,.T.);
#10193=LINE('',#830,#10196);
#10194=LINE('',#828,#10197);
#10195=LINE('',#832,#10198);
#10196=VECTOR('',#10199,1.0);
#10197=VECTOR('',#10200,1.0);
#10198=VECTOR('',#10201,1.0);
#10199=DIRECTION('',(0,-0.9999999999999909,-1.3435887054242695E-07));
#10200=DIRECTION('',(0.282414920906818,1.2888949561457453E-07,-0.9592923498335527));
#10201=DIRECTION('',(-0.023650963781417768,0.9964871693104485,0.08033650049547643));
#10202=FACE_SURFACE('',(#10207),#10203,.T.);
#10203=PLANE('',#10204);
#10204=AXIS2_PLACEMENT_3D('',#830,#10205,#10206);
#10205=DIRECTION('',(0.9592923498335613,-3.7944949797719086E-08,0.28241492090681547));
#10206=DIRECTION('',(0.023650963781417768,-0.9964871693104485,-0.08033650049547643));
#10207=FACE_BOUND('',#10208,.T.);
#10208=EDGE_LOOP('',(#10209,#10210,#10211));
#10209=ORIENTED_EDGE('',*,*,#10212,.T.);
#10210=ORIENTED_EDGE('',*,*,#10213,.T.);
#10211=ORIENTED_EDGE('',*,*,#10214,.T.);
#10212=EDGE_CURVE('',#831,#833,#10215,.F.);
#10213=EDGE_CURVE('',#833,#835,#10216,.T.);
#10214=EDGE_CURVE('',#835,#831,#10217,.T.);
#10215=LINE('',#830,#10218);
#10216=LINE('',#832,#10219);
#10217=LINE('',#834,#10220);
#10218=VECTOR('',#10221,1.0);
#10219=VECTOR('',#10222,1.0);
#10220=VECTOR('',#10223,1.0);
#10221=DIRECTION('',(0.023650963781417768,-0.9964871693104485,-0.08033650049547643));
#10222=DIRECTION('',(0,0.999999999999991,1.3435887054242912E-07));
#10223=DIRECTION('',(-0.282414920906818,-1.288893055252509E-07,0.9592923498335527));
#10224=FACE_SURFACE('',(#10229),#10225,.T.);
#10225=PLANE('',#10226);
#10226=AXIS2_PLACEMENT_3D('',#834,#10227,#10228);
#10227=DIRECTION('',(0.9866050335579923,-2.191759638623254E-08,0.16312727472140362));
#10228=DIRECTION('',(0,-0.999999999999991,-1.3435887054242912E-07));
#10229=FACE_BOUND('',#10230,.T.);
#10230=EDGE_LOOP('',(#10231,#10232,#10233));
#10231=ORIENTED_EDGE('',*,*,#10234,.T.);
#10232=ORIENTED_EDGE('',*,*,#10235,.T.);
#10233=ORIENTED_EDGE('',*,*,#10236,.T.);
#10234=EDGE_CURVE('',#835,#833,#10237,.F.);
#10235=EDGE_CURVE('',#833,#837,#10238,.T.);
#10236=EDGE_CURVE('',#837,#835,#10239,.T.);
#10237=LINE('',#834,#10240);
#10238=LINE('',#832,#10241);
#10239=LINE('',#836,#10242);
#10240=VECTOR('',#10243,1.0);
#10241=VECTOR('',#10244,1.0);
#10242=VECTOR('',#10245,1.0);
#10243=DIRECTION('',(0,-0.999999999999991,-1.3435887054242912E-07));
#10244=DIRECTION('',(0.1631272747214051,1.325590458948461E-07,-0.9866050335579833));
#10245=DIRECTION('',(-0.013792490898347571,0.996419185092766,0.08341807222591079));
#10246=FACE_SURFACE('',(#10251),#10247,.T.);
#10247=PLANE('',#10248);
#10248=AXIS2_PLACEMENT_3D('',#834,#10249,#10250);
#10249=DIRECTION('',(0.9866050335580124,-2.1917585963338474E-08,0.16312727472128247));
#10250=DIRECTION('',(0.013792490898347571,-0.996419185092766,-0.08341807222591079));
#10251=FACE_BOUND('',#10252,.T.);
#10252=EDGE_LOOP('',(#10253,#10254,#10255));
#10253=ORIENTED_EDGE('',*,*,#10256,.T.);
#10254=ORIENTED_EDGE('',*,*,#10257,.T.);
#10255=ORIENTED_EDGE('',*,*,#10258,.T.);
#10256=EDGE_CURVE('',#835,#837,#10259,.F.);
#10257=EDGE_CURVE('',#837,#839,#10260,.T.);
#10258=EDGE_CURVE('',#839,#835,#10261,.T.);
#10259=LINE('',#834,#10262);
#10260=LINE('',#836,#10263);
#10261=LINE('',#838,#10264);
#10262=VECTOR('',#10265,1.0);
#10263=VECTOR('',#10266,1.0);
#10264=VECTOR('',#10267,1.0);
#10265=DIRECTION('',(0.013792490898347571,-0.996419185092766,-0.08341807222591079));
#10266=DIRECTION('',(0,0.9999999999999909,1.34358806641493E-07));
#10267=DIRECTION('',(-0.1631272747212839,-1.325592341613022E-07,0.9866050335580034));
#10268=FACE_SURFACE('',(#10273),#10269,.T.);
#10269=PLANE('',#10270);
#10270=AXIS2_PLACEMENT_3D('',#838,#10271,#10272);
#10271=DIRECTION('',(0.9986904660156962,-6.873806382216009E-09,0.05116007319532981));
#10272=DIRECTION('',(0,-0.9999999999999909,-1.34358806641493E-07));
#10273=FACE_BOUND('',#10274,.T.);
#10274=EDGE_LOOP('',(#10275,#10276,#10277));
#10275=ORIENTED_EDGE('',*,*,#10278,.T.);
#10276=ORIENTED_EDGE('',*,*,#10279,.T.);
#10277=ORIENTED_EDGE('',*,*,#10280,.T.);
#10278=EDGE_CURVE('',#839,#837,#10281,.F.);
#10279=EDGE_CURVE('',#837,#841,#10282,.T.);
#10280=EDGE_CURVE('',#841,#839,#10283,.T.);
#10281=LINE('',#838,#10284);
#10282=LINE('',#836,#10285);
#10283=LINE('',#840,#10286);
#10284=VECTOR('',#10287,1.0);
#10285=VECTOR('',#10288,1.0);
#10286=VECTOR('',#10289,1.0);
#10287=DIRECTION('',(0,-0.9999999999999909,-1.34358806641493E-07));
#10288=DIRECTION('',(0.051160073195330266,1.3418301793122004E-07,-0.9986904660156872));
#10289=DIRECTION('',(-0.00447603821251751,0.9961653116031975,0.08737641009119428));
#10290=FACE_SURFACE('',(#10295),#10291,.T.);
#10291=PLANE('',#10292);
#10292=AXIS2_PLACEMENT_3D('',#838,#10293,#10294);
#10293=DIRECTION('',(0.9986904660156942,-6.8738096512295615E-09,0.05116007319536697));
#10294=DIRECTION('',(0.00447603821251751,-0.9961653116031975,-0.08737641009119428));
#10295=FACE_BOUND('',#10296,.T.);
#10296=EDGE_LOOP('',(#10297,#10298,#10299));
#10297=ORIENTED_EDGE('',*,*,#10300,.T.);
#10298=ORIENTED_EDGE('',*,*,#10301,.T.);
#10299=ORIENTED_EDGE('',*,*,#10302,.T.);
#10300=EDGE_CURVE('',#839,#841,#10303,.F.);
#10301=EDGE_CURVE('',#841,#843,#10304,.T.);
#10302=EDGE_CURVE('',#843,#839,#10305,.T.);
#10303=LINE('',#838,#10306);
#10304=LINE('',#840,#10307);
#10305=LINE('',#842,#10308);
#10306=VECTOR('',#10309,1.0);
#10307=VECTOR('',#10310,1.0);
#10308=VECTOR('',#10311,1.0);
#10309=DIRECTION('',(0.00447603821251751,-0.9961653116031975,-0.08737641009119428));
#10310=DIRECTION('',(0,0.999999999999991,1.3435887054242912E-07));
#10311=DIRECTION('',(-0.05116007319536744,-1.3418283603830917E-07,0.9986904660156852));
#10312=FACE_SURFACE('',(#10317),#10313,.T.);
#10313=PLANE('',#10314);
#10314=AXIS2_PLACEMENT_3D('',#842,#10315,#10316);
#10315=DIRECTION('',(0.9977534147924998,9.00116520531752E-09,-0.06699345691861085));
#10316=DIRECTION('',(0,-0.999999999999991,-1.3435887054242912E-07));
#10317=FACE_BOUND('',#10318,.T.);
#10318=EDGE_LOOP('',(#10319,#10320,#10321));
#10319=ORIENTED_EDGE('',*,*,#10322,.T.);
#10320=ORIENTED_EDGE('',*,*,#10323,.T.);
#10321=ORIENTED_EDGE('',*,*,#10324,.T.);
#10322=EDGE_CURVE('',#843,#841,#10325,.F.);
#10323=EDGE_CURVE('',#841,#845,#10326,.T.);
#10324=EDGE_CURVE('',#845,#843,#10327,.T.);
#10325=LINE('',#842,#10328);
#10326=LINE('',#840,#10329);
#10327=LINE('',#844,#10330);
#10328=VECTOR('',#10331,1.0);
#10329=VECTOR('',#10332,1.0);
#10330=VECTOR('',#10333,1.0);
#10331=DIRECTION('',(0,-0.999999999999991,-1.3435887054242912E-07));
#10332=DIRECTION('',(-0.06699345691861144,1.3405696995936906E-07,-0.9977534147924908));
#10333=DIRECTION('',(0.00997394441341648,0.9888553435000956,0.14854504388954187));
#10334=FACE_SURFACE('',(#10339),#10335,.T.);
#10335=PLANE('',#10336);
#10336=AXIS2_PLACEMENT_3D('',#842,#10337,#10338);
#10337=DIRECTION('',(0.9977534147925017,9.001160923926661E-09,-0.06699345691858248));
#10338=DIRECTION('',(-0.00997394441341648,-0.9888553435000956,-0.14854504388954187));
#10339=FACE_BOUND('',#10340,.T.);
#10340=EDGE_LOOP('',(#10341,#10342,#10343));
#10341=ORIENTED_EDGE('',*,*,#10344,.T.);
#10342=ORIENTED_EDGE('',*,*,#10345,.T.);
#10343=ORIENTED_EDGE('',*,*,#10346,.T.);
#10344=EDGE_CURVE('',#843,#845,#10347,.F.);
#10345=EDGE_CURVE('',#845,#847,#10348,.T.);
#10346=EDGE_CURVE('',#847,#843,#10349,.T.);
#10347=LINE('',#842,#10350);
#10348=LINE('',#844,#10351);
#10349=LINE('',#846,#10352);
#10350=VECTOR('',#10353,1.0);
#10351=VECTOR('',#10354,1.0);
#10352=VECTOR('',#10355,1.0);
#10353=DIRECTION('',(-0.00997394441341648,-0.9888553435000956,-0.14854504388954187));
#10354=DIRECTION('',(0,0.9999999999999909,1.34358806641493E-07));
#10355=DIRECTION('',(0.06699345691858308,-1.340570760666536E-07,0.9977534147924928));
#10356=FACE_SURFACE('',(#10361),#10357,.T.);
#10357=PLANE('',#10358);
#10358=AXIS2_PLACEMENT_3D('',#846,#10359,#10360);
#10359=DIRECTION('',(0.9787828647532746,2.7530150190360484E-08,-0.20490022856349413));
#10360=DIRECTION('',(0,-0.9999999999999909,-1.34358806641493E-07));
#10361=FACE_BOUND('',#10362,.T.);
#10362=EDGE_LOOP('',(#10363,#10364,#10365));
#10363=ORIENTED_EDGE('',*,*,#10366,.T.);
#10364=ORIENTED_EDGE('',*,*,#10367,.T.);
#10365=ORIENTED_EDGE('',*,*,#10368,.T.);
#10366=EDGE_CURVE('',#847,#845,#10369,.F.);
#10367=EDGE_CURVE('',#845,#849,#10370,.T.);
#10368=EDGE_CURVE('',#849,#847,#10371,.T.);
#10369=LINE('',#846,#10372);
#10370=LINE('',#844,#10373);
#10371=LINE('',#848,#10374);
#10372=VECTOR('',#10375,1.0);
#10373=VECTOR('',#10376,1.0);
#10374=VECTOR('',#10377,1.0);
#10375=DIRECTION('',(0,-0.9999999999999909,-1.34358806641493E-07));
#10376=DIRECTION('',(-0.204900228563496,1.3150818637475962E-07,-0.9787828647532658));
#10377=DIRECTION('',(0.02921683540843727,0.9897817431897129,0.13956531580965809));
#10378=FACE_SURFACE('',(#10383),#10379,.T.);
#10379=PLANE('',#10380);
#10380=AXIS2_PLACEMENT_3D('',#846,#10381,#10382);
#10381=DIRECTION('',(0.978782864753256,2.753016328294417E-08,-0.20490022856358311));
#10382=DIRECTION('',(-0.02921683540843727,-0.9897817431897129,-0.13956531580965809));
#10383=FACE_BOUND('',#10384,.T.);
#10384=EDGE_LOOP('',(#10385,#10386,#10387));
#10385=ORIENTED_EDGE('',*,*,#10388,.T.);
#10386=ORIENTED_EDGE('',*,*,#10389,.T.);
#10387=ORIENTED_EDGE('',*,*,#10390,.T.);
#10388=EDGE_CURVE('',#847,#849,#10391,.F.);
#10389=EDGE_CURVE('',#849,#851,#10392,.T.);
#10390=EDGE_CURVE('',#851,#847,#10393,.T.);
#10391=LINE('',#846,#10394);
#10392=LINE('',#848,#10395);
#10393=LINE('',#850,#10396);
#10394=VECTOR('',#10397,1.0);
#10395=VECTOR('',#10398,1.0);
#10396=VECTOR('',#10399,1.0);
#10397=DIRECTION('',(-0.02921683540843727,-0.9897817431897129,-0.13956531580965809));
#10398=DIRECTION('',(0,0.999999999999991,1.3435887054242912E-07));
#10399=DIRECTION('',(0.20490022856358492,-1.3150807548391106E-07,0.978782864753247));
#10400=FACE_SURFACE('',(#10405),#10401,.T.);
#10401=PLANE('',#10402);
#10402=AXIS2_PLACEMENT_3D('',#850,#10403,#10404);
#10403=DIRECTION('',(0.9393838333870619,4.606726869178008E-08,-0.34286734106798034));
#10404=DIRECTION('',(0,-0.999999999999991,-1.3435887054242912E-07));
#10405=FACE_BOUND('',#10406,.T.);
#10406=EDGE_LOOP('',(#10407,#10408,#10409));
#10407=ORIENTED_EDGE('',*,*,#10410,.T.);
#10408=ORIENTED_EDGE('',*,*,#10411,.T.);
#10409=ORIENTED_EDGE('',*,*,#10412,.T.);
#10410=EDGE_CURVE('',#851,#849,#10413,.F.);
#10411=EDGE_CURVE('',#849,#853,#10414,.T.);
#10412=EDGE_CURVE('',#853,#851,#10415,.T.);
#10413=LINE('',#850,#10416);
#10414=LINE('',#848,#10417);
#10415=LINE('',#852,#10418);
#10416=VECTOR('',#10419,1.0);
#10417=VECTOR('',#10420,1.0);
#10418=VECTOR('',#10421,1.0);
#10419=DIRECTION('',(0,-0.999999999999991,-1.3435887054242912E-07));
#10420=DIRECTION('',(-0.34286734106798344,1.2621453516312735E-07,-0.9393838333870533));
#10421=DIRECTION('',(0.0473767256950691,0.9904073929268519,0.12980231853958002));
#10422=FACE_SURFACE('',(#10427),#10423,.T.);
#10423=PLANE('',#10424);
#10424=AXIS2_PLACEMENT_3D('',#850,#10425,#10426);
#10425=DIRECTION('',(0.9393838333871157,4.606724678238212E-08,-0.34286734106783284));
#10426=DIRECTION('',(-0.0473767256950691,-0.9904073929268519,-0.12980231853958002));
#10427=FACE_BOUND('',#10428,.T.);
#10428=EDGE_LOOP('',(#10429,#10430,#10431));
#10429=ORIENTED_EDGE('',*,*,#10432,.T.);
#10430=ORIENTED_EDGE('',*,*,#10433,.T.);
#10431=ORIENTED_EDGE('',*,*,#10434,.T.);
#10432=EDGE_CURVE('',#851,#853,#10435,.F.);
#10433=EDGE_CURVE('',#853,#855,#10436,.T.);
#10434=EDGE_CURVE('',#855,#851,#10437,.T.);
#10435=LINE('',#850,#10438);
#10436=LINE('',#852,#10439);
#10437=LINE('',#854,#10440);
#10438=VECTOR('',#10441,1.0);
#10439=VECTOR('',#10442,1.0);
#10440=VECTOR('',#10443,1.0);
#10441=DIRECTION('',(-0.0473767256950691,-0.9904073929268519,-0.12980231853958002));
#10442=DIRECTION('',(0,0.999999999999991,1.3435880664149516E-07));
#10443=DIRECTION('',(0.3428673410678359,-1.2621453516307306E-07,0.9393838333871072));
#10444=FACE_SURFACE('',(#10449),#10445,.T.);
#10445=PLANE('',#10446);
#10446=AXIS2_PLACEMENT_3D('',#854,#10447,#10448);
#10447=DIRECTION('',(0.8798020091759122,6.386615882673453E-08,-0.47534032508301266));
#10448=DIRECTION('',(0,-0.999999999999991,-1.3435880664149516E-07));
#10449=FACE_BOUND('',#10450,.T.);
#10450=EDGE_LOOP('',(#10451,#10452,#10453));
#10451=ORIENTED_EDGE('',*,*,#10454,.T.);
#10452=ORIENTED_EDGE('',*,*,#10455,.T.);
#10453=ORIENTED_EDGE('',*,*,#10456,.T.);
#10454=EDGE_CURVE('',#855,#853,#10457,.F.);
#10455=EDGE_CURVE('',#853,#857,#10458,.T.);
#10456=EDGE_CURVE('',#857,#855,#10459,.T.);
#10457=LINE('',#854,#10460);
#10458=LINE('',#852,#10461);
#10459=LINE('',#856,#10462);
#10460=VECTOR('',#10463,1.0);
#10461=VECTOR('',#10464,1.0);
#10462=VECTOR('',#10465,1.0);
#10463=DIRECTION('',(0,-0.999999999999991,-1.3435880664149516E-07));
#10464=DIRECTION('',(-0.4753403250830169,1.1820912875956431E-07,-0.8798020091759041));
#10465=DIRECTION('',(0.06443806708841952,0.9907688543266892,0.11926781965848152));
#10466=FACE_SURFACE('',(#10471),#10467,.T.);
#10467=PLANE('',#10468);
#10468=AXIS2_PLACEMENT_3D('',#854,#10469,#10470);
#10469=DIRECTION('',(0.8798020091758066,6.386618919913992E-08,-0.47534032508320795));
#10470=DIRECTION('',(-0.06443806708841952,-0.9907688543266892,-0.11926781965848152));
#10471=FACE_BOUND('',#10472,.T.);
#10472=EDGE_LOOP('',(#10473,#10474,#10475));
#10473=ORIENTED_EDGE('',*,*,#10476,.T.);
#10474=ORIENTED_EDGE('',*,*,#10477,.T.);
#10475=ORIENTED_EDGE('',*,*,#10478,.T.);
#10476=EDGE_CURVE('',#855,#857,#10479,.F.);
#10477=EDGE_CURVE('',#857,#859,#10480,.T.);
#10478=EDGE_CURVE('',#859,#855,#10481,.T.);
#10479=LINE('',#854,#10482);
#10480=LINE('',#856,#10483);
#10481=LINE('',#858,#10484);
#10482=VECTOR('',#10485,1.0);
#10483=VECTOR('',#10486,1.0);
#10484=VECTOR('',#10487,1.0);
#10485=DIRECTION('',(-0.06443806708841952,-0.9907688543266892,-0.11926781965848152));
#10486=DIRECTION('',(0,0.9999999999999909,1.3435887054242695E-07));
#10487=DIRECTION('',(0.4753403250832122,-1.182092455162886E-07,0.8798020091757986));
#10488=FACE_SURFACE('',(#10493),#10489,.T.);
#10489=PLANE('',#10490);
#10490=AXIS2_PLACEMENT_3D('',#858,#10491,#10492);
#10491=DIRECTION('',(0.8021039522339304,8.023702623761422E-08,-0.5971844353386163));
#10492=DIRECTION('',(0,-0.9999999999999909,-1.3435887054242695E-07));
#10493=FACE_BOUND('',#10494,.T.);
#10494=EDGE_LOOP('',(#10495,#10496,#10497));
#10495=ORIENTED_EDGE('',*,*,#10498,.T.);
#10496=ORIENTED_EDGE('',*,*,#10499,.T.);
#10497=ORIENTED_EDGE('',*,*,#10500,.T.);
#10498=EDGE_CURVE('',#859,#857,#10501,.F.);
#10499=EDGE_CURVE('',#857,#861,#10502,.T.);
#10500=EDGE_CURVE('',#861,#859,#10503,.T.);
#10501=LINE('',#858,#10504);
#10502=LINE('',#856,#10505);
#10503=LINE('',#860,#10506);
#10504=VECTOR('',#10507,1.0);
#10505=VECTOR('',#10508,1.0);
#10506=VECTOR('',#10509,1.0);
#10507=DIRECTION('',(0,-0.9999999999999909,-1.3435887054242695E-07));
#10508=DIRECTION('',(-0.5971844353386218,1.0776975115896945E-07,-0.8021039522339233));
#10509=DIRECTION('',(0.08038839774499602,0.9908983235403142,0.10797322776034472));
#10510=FACE_SURFACE('',(#10515),#10511,.T.);
#10511=PLANE('',#10512);
#10512=AXIS2_PLACEMENT_3D('',#858,#10513,#10514);
#10513=DIRECTION('',(0.8021039522340982,8.023698807316024E-08,-0.5971844353383912));
#10514=DIRECTION('',(-0.08038839774499602,-0.9908983235403142,-0.10797322776034472));
#10515=FACE_BOUND('',#10516,.T.);
#10516=EDGE_LOOP('',(#10517,#10518,#10519));
#10517=ORIENTED_EDGE('',*,*,#10520,.T.);
#10518=ORIENTED_EDGE('',*,*,#10521,.T.);
#10519=ORIENTED_EDGE('',*,*,#10522,.T.);
#10520=EDGE_CURVE('',#859,#861,#10523,.F.);
#10521=EDGE_CURVE('',#861,#863,#10524,.T.);
#10522=EDGE_CURVE('',#863,#859,#10525,.T.);
#10523=LINE('',#858,#10526);
#10524=LINE('',#860,#10527);
#10525=LINE('',#862,#10528);
#10526=VECTOR('',#10529,1.0);
#10527=VECTOR('',#10530,1.0);
#10528=VECTOR('',#10531,1.0);
#10529=DIRECTION('',(-0.08038839774499602,-0.9908983235403142,-0.10797322776034472));
#10530=DIRECTION('',(0,0.9999999999999909,1.34358806641493E-07));
#10531=DIRECTION('',(0.5971844353383965,-1.077697511589288E-07,0.802103952234091));
#10532=FACE_SURFACE('',(#10537),#10533,.T.);
#10533=PLANE('',#10534);
#10534=AXIS2_PLACEMENT_3D('',#862,#10535,#10536);
#10535=DIRECTION('',(0.7097241102421449,9.46530555741817E-08,-0.7044797281263576));
#10536=DIRECTION('',(0,-0.9999999999999909,-1.34358806641493E-07));
#10537=FACE_BOUND('',#10538,.T.);
#10538=EDGE_LOOP('',(#10539,#10540,#10541));
#10539=ORIENTED_EDGE('',*,*,#10542,.T.);
#10540=ORIENTED_EDGE('',*,*,#10543,.T.);
#10541=ORIENTED_EDGE('',*,*,#10544,.T.);
#10542=EDGE_CURVE('',#863,#861,#10545,.F.);
#10543=EDGE_CURVE('',#861,#865,#10546,.T.);
#10544=EDGE_CURVE('',#865,#863,#10547,.T.);
#10545=LINE('',#862,#10548);
#10546=LINE('',#860,#10549);
#10547=LINE('',#864,#10550);
#10548=VECTOR('',#10551,1.0);
#10549=VECTOR('',#10552,1.0);
#10550=VECTOR('',#10553,1.0);
#10551=DIRECTION('',(0,-0.9999999999999909,-1.34358806641493E-07));
#10552=DIRECTION('',(-0.7044797281263641,9.535772551731893E-08,-0.7097241102421386));
#10553=DIRECTION('',(0.09521943284312691,0.99082339472533,0.09592841119296264));
#10554=FACE_SURFACE('',(#10559),#10555,.T.);
#10555=PLANE('',#10556);
#10556=AXIS2_PLACEMENT_3D('',#862,#10557,#10558);
#10557=DIRECTION('',(0.7097241102419125,9.465310059132499E-08,-0.7044797281265918));
#10558=DIRECTION('',(-0.09521943284312691,-0.99082339472533,-0.09592841119296264));
#10559=FACE_BOUND('',#10560,.T.);
#10560=EDGE_LOOP('',(#10561,#10562,#10563));
#10561=ORIENTED_EDGE('',*,*,#10564,.T.);
#10562=ORIENTED_EDGE('',*,*,#10565,.T.);
#10563=ORIENTED_EDGE('',*,*,#10566,.T.);
#10564=EDGE_CURVE('',#863,#865,#10567,.F.);
#10565=EDGE_CURVE('',#865,#867,#10568,.T.);
#10566=EDGE_CURVE('',#867,#863,#10569,.T.);
#10567=LINE('',#862,#10570);
#10568=LINE('',#864,#10571);
#10569=LINE('',#866,#10572);
#10570=VECTOR('',#10573,1.0);
#10571=VECTOR('',#10574,1.0);
#10572=VECTOR('',#10575,1.0);
#10573=DIRECTION('',(-0.09521943284312691,-0.99082339472533,-0.09592841119296264));
#10574=DIRECTION('',(0,0.9999999999999909,1.3435887054242695E-07));
#10575=DIRECTION('',(0.7044797281265982,-9.535772551735063E-08,0.7097241102419061));
#10576=FACE_SURFACE('',(#10581),#10577,.T.);
#10577=PLANE('',#10578);
#10578=AXIS2_PLACEMENT_3D('',#866,#10579,#10580);
#10579=DIRECTION('',(0.6067520064991565,1.0680068238009094E-07,-0.7948911891631684));
#10580=DIRECTION('',(0,-0.9999999999999909,-1.3435887054242695E-07));
#10581=FACE_BOUND('',#10582,.T.);
#10582=EDGE_LOOP('',(#10583,#10584,#10585));
#10583=ORIENTED_EDGE('',*,*,#10586,.T.);
#10584=ORIENTED_EDGE('',*,*,#10587,.T.);
#10585=ORIENTED_EDGE('',*,*,#10588,.T.);
#10586=EDGE_CURVE('',#867,#865,#10589,.F.);
#10587=EDGE_CURVE('',#865,#869,#10590,.T.);
#10588=EDGE_CURVE('',#869,#867,#10591,.T.);
#10589=LINE('',#866,#10592);
#10590=LINE('',#864,#10593);
#10591=LINE('',#868,#10594);
#10592=VECTOR('',#10595,1.0);
#10593=VECTOR('',#10596,1.0);
#10594=VECTOR('',#10597,1.0);
#10595=DIRECTION('',(0,-0.9999999999999909,-1.3435887054242695E-07));
#10596=DIRECTION('',(-0.7948911891631756,8.15225237773472E-08,-0.6067520064991511));
#10597=DIRECTION('',(0.1089239409315562,0.9905668864479475,0.08314336151947255));
#10598=FACE_SURFACE('',(#10603),#10599,.T.);
#10599=PLANE('',#10600);
#10600=AXIS2_PLACEMENT_3D('',#866,#10601,#10602);
#10601=DIRECTION('',(0.6067520064991565,1.068006823811149E-07,-0.7948911891631684));
#10602=DIRECTION('',(-0.1089239409315562,-0.9905668864479475,-0.08314336151947255));
#10603=FACE_BOUND('',#10604,.T.);
#10604=EDGE_LOOP('',(#10605,#10606,#10607));
#10605=ORIENTED_EDGE('',*,*,#10608,.T.);
#10606=ORIENTED_EDGE('',*,*,#10609,.T.);
#10607=ORIENTED_EDGE('',*,*,#10610,.T.);
#10608=EDGE_CURVE('',#867,#869,#10611,.F.);
#10609=EDGE_CURVE('',#869,#871,#10612,.T.);
#10610=EDGE_CURVE('',#871,#867,#10613,.T.);
#10611=LINE('',#866,#10614);
#10612=LINE('',#868,#10615);
#10613=LINE('',#870,#10616);
#10614=VECTOR('',#10617,1.0);
#10615=VECTOR('',#10618,1.0);
#10616=VECTOR('',#10619,1.0);
#10617=DIRECTION('',(-0.1089239409315562,-0.9905668864479475,-0.08314336151947255));
#10618=DIRECTION('',(0,0.999999999999991,1.3435887054242912E-07));
#10619=DIRECTION('',(0.7948911891631756,-8.152240829506384E-08,0.6067520064991511));
#10620=FACE_SURFACE('',(#10625),#10621,.T.);
#10621=PLANE('',#10622);
#10622=AXIS2_PLACEMENT_3D('',#870,#10623,#10624);
#10623=DIRECTION('',(0.4972113921235681,1.1657371055378738E-07,-0.8676294321555313));
#10624=DIRECTION('',(0,-0.999999999999991,-1.3435887054242912E-07));
#10625=FACE_BOUND('',#10626,.T.);
#10626=EDGE_LOOP('',(#10627,#10628,#10629));
#10627=ORIENTED_EDGE('',*,*,#10630,.T.);
#10628=ORIENTED_EDGE('',*,*,#10631,.T.);
#10629=ORIENTED_EDGE('',*,*,#10632,.T.);
#10630=EDGE_CURVE('',#871,#869,#10633,.F.);
#10631=EDGE_CURVE('',#869,#873,#10634,.T.);
#10632=EDGE_CURVE('',#873,#871,#10635,.T.);
#10633=LINE('',#870,#10636);
#10634=LINE('',#868,#10637);
#10635=LINE('',#872,#10638);
#10636=VECTOR('',#10639,1.0);
#10637=VECTOR('',#10640,1.0);
#10638=VECTOR('',#10641,1.0);
#10639=DIRECTION('',(0,-0.999999999999991,-1.3435887054242912E-07));
#10640=DIRECTION('',(-0.8676294321555391,6.68047726919067E-08,-0.49721139212356363));
#10641=DIRECTION('',(0.12149810776885991,0.9901466067388022,0.06962691270063891));
#10642=FACE_SURFACE('',(#10647),#10643,.T.);
#10643=PLANE('',#10644);
#10644=AXIS2_PLACEMENT_3D('',#870,#10645,#10646);
#10645=DIRECTION('',(0.49721139212390836,1.1657365511698769E-07,-0.8676294321553365));
#10646=DIRECTION('',(-0.12149810776885991,-0.9901466067388022,-0.06962691270063891));
#10647=FACE_BOUND('',#10648,.T.);
#10648=EDGE_LOOP('',(#10649,#10650,#10651));
#10649=ORIENTED_EDGE('',*,*,#10652,.T.);
#10650=ORIENTED_EDGE('',*,*,#10653,.T.);
#10651=ORIENTED_EDGE('',*,*,#10654,.T.);
#10652=EDGE_CURVE('',#871,#873,#10655,.F.);
#10653=EDGE_CURVE('',#873,#875,#10656,.T.);
#10654=EDGE_CURVE('',#875,#871,#10657,.T.);
#10655=LINE('',#870,#10658);
#10656=LINE('',#872,#10659);
#10657=LINE('',#874,#10660);
#10658=VECTOR('',#10661,1.0);
#10659=VECTOR('',#10662,1.0);
#10660=VECTOR('',#10663,1.0);
#10661=DIRECTION('',(-0.12149810776885991,-0.9901466067388022,-0.06962691270063891));
#10662=DIRECTION('',(0,0.999999999999991,1.3435880664149516E-07));
#10663=DIRECTION('',(0.8676294321553443,-6.680477269189169E-08,0.4972113921239038));
#10664=FACE_SURFACE('',(#10669),#10665,.T.);
#10665=PLANE('',#10666);
#10666=AXIS2_PLACEMENT_3D('',#874,#10667,#10668);
#10667=DIRECTION('',(0.38459070445903,1.2402489543604157E-07,-0.9230872060881852));
#10668=DIRECTION('',(0,-0.999999999999991,-1.3435880664149516E-07));
#10669=FACE_BOUND('',#10670,.T.);
#10670=EDGE_LOOP('',(#10671,#10672,#10673));
#10671=ORIENTED_EDGE('',*,*,#10674,.T.);
#10672=ORIENTED_EDGE('',*,*,#10675,.T.);
#10673=ORIENTED_EDGE('',*,*,#10676,.T.);
#10674=EDGE_CURVE('',#875,#873,#10677,.F.);
#10675=EDGE_CURVE('',#873,#877,#10678,.T.);
#10676=EDGE_CURVE('',#877,#875,#10679,.T.);
#10677=LINE('',#874,#10680);
#10678=LINE('',#872,#10681);
#10679=LINE('',#876,#10682);
#10680=VECTOR('',#10683,1.0);
#10681=VECTOR('',#10684,1.0);
#10682=VECTOR('',#10685,1.0);
#10683=DIRECTION('',(0,-0.999999999999991,-1.3435880664149516E-07));
#10684=DIRECTION('',(-0.9230872060881935,5.167316707391299E-08,-0.3845907044590265));
#10685=DIRECTION('',(0.13293835356779815,0.9895755053447337,0.05538694225535323));
#10686=FACE_SURFACE('',(#10691),#10687,.T.);
#10687=PLANE('',#10688);
#10688=AXIS2_PLACEMENT_3D('',#874,#10689,#10690);
#10689=DIRECTION('',(0.38459070445903,1.2402489544001325E-07,-0.9230872060881852));
#10690=DIRECTION('',(-0.13293835356779815,-0.9895755053447337,-0.05538694225535323));
#10691=FACE_BOUND('',#10692,.T.);
#10692=EDGE_LOOP('',(#10693,#10694,#10695));
#10693=ORIENTED_EDGE('',*,*,#10696,.T.);
#10694=ORIENTED_EDGE('',*,*,#10697,.T.);
#10695=ORIENTED_EDGE('',*,*,#10698,.T.);
#10696=EDGE_CURVE('',#875,#877,#10699,.F.);
#10697=EDGE_CURVE('',#877,#879,#10700,.T.);
#10698=EDGE_CURVE('',#879,#875,#10701,.T.);
#10699=LINE('',#874,#10702);
#10700=LINE('',#876,#10703);
#10701=LINE('',#878,#10704);
#10702=VECTOR('',#10705,1.0);
#10703=VECTOR('',#10706,1.0);
#10704=VECTOR('',#10707,1.0);
#10705=DIRECTION('',(-0.13293835356779815,-0.9895755053447337,-0.05538694225535323));
#10706=DIRECTION('',(0,0.999999999999991,1.3435880664149516E-07));
#10707=DIRECTION('',(0.9230872060881935,-5.167316707391299E-08,0.3845907044590265));
#10708=FACE_SURFACE('',(#10713),#10709,.T.);
#10709=PLANE('',#10710);
#10710=AXIS2_PLACEMENT_3D('',#878,#10711,#10712);
#10711=DIRECTION('',(0.2716474722172491,1.2930648906691198E-07,-0.9623968260743393));
#10712=DIRECTION('',(0,-0.999999999999991,-1.3435880664149516E-07));
#10713=FACE_BOUND('',#10714,.T.);
#10714=EDGE_LOOP('',(#10715,#10716,#10717));
#10715=ORIENTED_EDGE('',*,*,#10718,.T.);
#10716=ORIENTED_EDGE('',*,*,#10719,.T.);
#10717=ORIENTED_EDGE('',*,*,#10720,.T.);
#10718=EDGE_CURVE('',#879,#877,#10721,.F.);
#10719=EDGE_CURVE('',#877,#881,#10722,.T.);
#10720=EDGE_CURVE('',#881,#879,#10723,.T.);
#10721=LINE('',#878,#10724);
#10722=LINE('',#876,#10725);
#10723=LINE('',#880,#10726);
#10724=VECTOR('',#10727,1.0);
#10725=VECTOR('',#10728,1.0);
#10726=VECTOR('',#10729,1.0);
#10727=DIRECTION('',(0,-0.999999999999991,-1.3435880664149516E-07));
#10728=DIRECTION('',(-0.9623968260743482,3.64982153668786E-08,-0.2716474722172467));
#10729=DIRECTION('',(0.14324256907635136,0.988861376210149,0.0404319804632051));
#10730=FACE_SURFACE('',(#10735),#10731,.T.);
#10731=PLANE('',#10732);
#10732=AXIS2_PLACEMENT_3D('',#878,#10733,#10734);
#10733=DIRECTION('',(0.2716474722172491,1.29306489073309E-07,-0.9623968260743393));
#10734=DIRECTION('',(-0.14324256907635136,-0.988861376210149,-0.0404319804632051));
#10735=FACE_BOUND('',#10736,.T.);
#10736=EDGE_LOOP('',(#10737,#10738,#10739));
#10737=ORIENTED_EDGE('',*,*,#10740,.T.);
#10738=ORIENTED_EDGE('',*,*,#10741,.T.);
#10739=ORIENTED_EDGE('',*,*,#10742,.T.);
#10740=EDGE_CURVE('',#879,#881,#10743,.F.);
#10741=EDGE_CURVE('',#881,#883,#10744,.T.);
#10742=EDGE_CURVE('',#883,#879,#10745,.T.);
#10743=LINE('',#878,#10746);
#10744=LINE('',#880,#10747);
#10745=LINE('',#882,#10748);
#10746=VECTOR('',#10749,1.0);
#10747=VECTOR('',#10750,1.0);
#10748=VECTOR('',#10751,1.0);
#10749=DIRECTION('',(-0.14324256907635136,-0.988861376210149,-0.0404319804632051));
#10750=DIRECTION('',(0,0.999999999999991,1.3435880664149516E-07));
#10751=DIRECTION('',(0.9623968260743482,-3.64982153668786E-08,0.2716474722172467));
#10752=FACE_SURFACE('',(#10757),#10753,.T.);
#10753=PLANE('',#10754);
#10754=AXIS2_PLACEMENT_3D('',#882,#10755,#10756);
#10755=DIRECTION('',(0.160416807783621,1.3261877469826006E-07,-0.987049364409144));
#10756=DIRECTION('',(0,-0.999999999999991,-1.3435880664149516E-07));
#10757=FACE_BOUND('',#10758,.T.);
#10758=EDGE_LOOP('',(#10759,#10760,#10761));
#10759=ORIENTED_EDGE('',*,*,#10762,.T.);
#10760=ORIENTED_EDGE('',*,*,#10763,.T.);
#10761=ORIENTED_EDGE('',*,*,#10764,.T.);
#10762=EDGE_CURVE('',#883,#881,#10765,.F.);
#10763=EDGE_CURVE('',#881,#885,#10766,.T.);
#10764=EDGE_CURVE('',#885,#883,#10767,.T.);
#10765=LINE('',#882,#10768);
#10766=LINE('',#880,#10769);
#10767=LINE('',#884,#10770);
#10768=VECTOR('',#10771,1.0);
#10769=VECTOR('',#10772,1.0);
#10770=VECTOR('',#10773,1.0);
#10771=DIRECTION('',(0,-0.999999999999991,-1.3435880664149516E-07));
#10772=DIRECTION('',(-0.9870493644091528,2.1553452591501758E-08,-0.16041680778361955));
#10773=DIRECTION('',(0.1524091777319706,0.9880070313807187,0.024769910886479934));
#10774=FACE_SURFACE('',(#10779),#10775,.T.);
#10775=PLANE('',#10776);
#10776=AXIS2_PLACEMENT_3D('',#882,#10777,#10778);
#10777=DIRECTION('',(0.16041680778322265,1.326188377722993E-07,-0.9870493644092087));
#10778=DIRECTION('',(-0.1524091777319706,-0.9880070313807187,-0.024769910886479934));
#10779=FACE_BOUND('',#10780,.T.);
#10780=EDGE_LOOP('',(#10781,#10782,#10783));
#10781=ORIENTED_EDGE('',*,*,#10784,.T.);
#10782=ORIENTED_EDGE('',*,*,#10785,.T.);
#10783=ORIENTED_EDGE('',*,*,#10786,.T.);
#10784=EDGE_CURVE('',#883,#885,#10787,.F.);
#10785=EDGE_CURVE('',#885,#887,#10788,.T.);
#10786=EDGE_CURVE('',#887,#883,#10789,.T.);
#10787=LINE('',#882,#10790);
#10788=LINE('',#884,#10791);
#10789=LINE('',#886,#10792);
#10790=VECTOR('',#10793,1.0);
#10791=VECTOR('',#10794,1.0);
#10792=VECTOR('',#10795,1.0);
#10793=DIRECTION('',(-0.1524091777319706,-0.9880070313807187,-0.024769910886479934));
#10794=DIRECTION('',(0,0.999999999999991,1.3435887054242912E-07));
#10795=DIRECTION('',(0.9870493644092176,-2.155345259150317E-08,0.1604168077832212));
#10796=FACE_SURFACE('',(#10801),#10797,.T.);
#10797=PLANE('',#10798);
#10798=AXIS2_PLACEMENT_3D('',#886,#10799,#10800);
#10799=DIRECTION('',(0.05234210173656474,1.3417469310420215E-07,-0.9986292126639302));
#10800=DIRECTION('',(0,-0.999999999999991,-1.3435887054242912E-07));
#10801=FACE_BOUND('',#10802,.T.);
#10802=EDGE_LOOP('',(#10803,#10804,#10805));
#10803=ORIENTED_EDGE('',*,*,#10806,.T.);
#10804=ORIENTED_EDGE('',*,*,#10807,.T.);
#10805=ORIENTED_EDGE('',*,*,#10808,.T.);
#10806=EDGE_CURVE('',#887,#885,#10809,.F.);
#10807=EDGE_CURVE('',#885,#889,#10810,.T.);
#10808=EDGE_CURVE('',#889,#887,#10811,.T.);
#10809=LINE('',#886,#10812);
#10810=LINE('',#884,#10813);
#10811=LINE('',#888,#10814);
#10812=VECTOR('',#10815,1.0);
#10813=VECTOR('',#10816,1.0);
#10814=VECTOR('',#10817,1.0);
#10815=DIRECTION('',(0,-0.999999999999991,-1.3435887054242912E-07));
#10816=DIRECTION('',(-0.9986292126639392,7.032604343378832E-09,-0.05234210173656426));
#10817=DIRECTION('',(0.16043661546398266,0.9870103226124035,0.008409249373239712));
#10818=FACE_SURFACE('',(#10823),#10819,.T.);
#10819=PLANE('',#10820);
#10820=AXIS2_PLACEMENT_3D('',#886,#10821,#10822);
#10821=DIRECTION('',(0.05234210173656474,1.341746931032837E-07,-0.9986292126639302));
#10822=DIRECTION('',(-0.16043661546398266,-0.9870103226124035,-0.008409249373239712));
#10823=FACE_BOUND('',#10824,.T.);
#10824=EDGE_LOOP('',(#10825,#10826,#10827));
#10825=ORIENTED_EDGE('',*,*,#10828,.T.);
#10826=ORIENTED_EDGE('',*,*,#10829,.T.);
#10827=ORIENTED_EDGE('',*,*,#10830,.T.);
#10828=EDGE_CURVE('',#887,#889,#10831,.F.);
#10829=EDGE_CURVE('',#889,#891,#10832,.T.);
#10830=EDGE_CURVE('',#891,#887,#10833,.T.);
#10831=LINE('',#886,#10834);
#10832=LINE('',#888,#10835);
#10833=LINE('',#890,#10836);
#10834=VECTOR('',#10837,1.0);
#10835=VECTOR('',#10838,1.0);
#10836=VECTOR('',#10839,1.0);
#10837=DIRECTION('',(-0.16043661546398266,-0.9870103226124035,-0.008409249373239712));
#10838=DIRECTION('',(0,0.999999999999991,1.3435887054242912E-07));
#10839=DIRECTION('',(0.9986292126639392,-7.032604343378832E-09,0.05234210173656426));
#10840=FACE_SURFACE('',(#10845),#10841,.T.);
#10841=PLANE('',#10842);
#10842=AXIS2_PLACEMENT_3D('',#890,#10843,#10844);
#10843=DIRECTION('',(-0.01729365315971034,1.3433877765678054E-07,-0.9998504535981235));
#10844=DIRECTION('',(0,-0.999999999999991,-1.3435887054242912E-07));
#10845=FACE_BOUND('',#10846,.T.);
#10846=EDGE_LOOP('',(#10847,#10848,#10849));
#10847=ORIENTED_EDGE('',*,*,#10850,.T.);
#10848=ORIENTED_EDGE('',*,*,#10851,.T.);
#10849=ORIENTED_EDGE('',*,*,#10852,.T.);
#10850=EDGE_CURVE('',#891,#889,#10853,.F.);
#10851=EDGE_CURVE('',#889,#893,#10854,.T.);
#10852=EDGE_CURVE('',#893,#891,#10855,.T.);
#10853=LINE('',#890,#10856);
#10854=LINE('',#888,#10857);
#10855=LINE('',#892,#10858);
#10856=VECTOR('',#10859,1.0);
#10857=VECTOR('',#10860,1.0);
#10858=VECTOR('',#10861,1.0);
#10859=DIRECTION('',(0,-0.999999999999991,-1.3435887054242912E-07));
#10860=DIRECTION('',(-0.9998504535981327,-2.323637147141331E-09,0.01729365315971019));
#10861=DIRECTION('',(0.10519791838933386,0.9944496406400358,-0.0018193948045461018));
#10862=FACE_SURFACE('',(#10867),#10863,.T.);
#10863=PLANE('',#10864);
#10864=AXIS2_PLACEMENT_3D('',#890,#10865,#10866);
#10865=DIRECTION('',(-0.01729365315971034,1.343387776566274E-07,-0.9998504535981235));
#10866=DIRECTION('',(-0.10519791838933386,-0.9944496406400358,0.0018193948045461018));
#10867=FACE_BOUND('',#10868,.T.);
#10868=EDGE_LOOP('',(#10869,#10870,#10871));
#10869=ORIENTED_EDGE('',*,*,#10872,.T.);
#10870=ORIENTED_EDGE('',*,*,#10873,.T.);
#10871=ORIENTED_EDGE('',*,*,#10874,.T.);
#10872=EDGE_CURVE('',#891,#893,#10875,.F.);
#10873=EDGE_CURVE('',#893,#895,#10876,.T.);
#10874=EDGE_CURVE('',#895,#891,#10877,.T.);
#10875=LINE('',#890,#10878);
#10876=LINE('',#892,#10879);
#10877=LINE('',#894,#10880);
#10878=VECTOR('',#10881,1.0);
#10879=VECTOR('',#10882,1.0);
#10880=VECTOR('',#10883,1.0);
#10881=DIRECTION('',(-0.10519791838933386,-0.9944496406400358,0.0018193948045461018));
#10882=DIRECTION('',(0,0.9999999999999909,1.3435887054242695E-07));
#10883=DIRECTION('',(0.9998504535981327,2.3234861537598806E-09,-0.01729365315971019));
#10884=FACE_SURFACE('',(#10889),#10885,.T.);
#10885=PLANE('',#10886);
#10886=AXIS2_PLACEMENT_3D('',#894,#10887,#10888);
#10887=DIRECTION('',(-0.05483267475096414,1.3415673530914375E-07,-0.998495557215773));
#10888=DIRECTION('',(0,-0.9999999999999909,-1.3435887054242695E-07));
#10889=FACE_BOUND('',#10890,.T.);
#10890=EDGE_LOOP('',(#10891,#10892,#10893));
#10891=ORIENTED_EDGE('',*,*,#10894,.T.);
#10892=ORIENTED_EDGE('',*,*,#10895,.T.);
#10893=ORIENTED_EDGE('',*,*,#10896,.T.);
#10894=EDGE_CURVE('',#895,#893,#10897,.F.);
#10895=EDGE_CURVE('',#893,#897,#10898,.T.);
#10896=EDGE_CURVE('',#897,#895,#10899,.T.);
#10897=LINE('',#894,#10900);
#10898=LINE('',#892,#10901);
#10899=LINE('',#896,#10902);
#10900=VECTOR('',#10903,1.0);
#10901=VECTOR('',#10904,1.0);
#10902=VECTOR('',#10905,1.0);
#10903=DIRECTION('',(0,-0.9999999999999909,-1.3435887054242695E-07));
#10904=DIRECTION('',(-0.9984955572157821,-7.367170252686376E-09,0.05483267475096364));
#10905=DIRECTION('',(0.10206790948269016,0.9947616429724272,-0.005604955363853831));
#10906=FACE_SURFACE('',(#10911),#10907,.T.);
#10907=PLANE('',#10908);
#10908=AXIS2_PLACEMENT_3D('',#894,#10909,#10910);
#10909=DIRECTION('',(-0.05483267475034415,1.341566715042992E-07,-0.998495557215807));
#10910=DIRECTION('',(-0.10206790948269016,-0.9947616429724272,0.005604955363853831));
#10911=FACE_BOUND('',#10912,.T.);
#10912=EDGE_LOOP('',(#10913,#10914,#10915));
#10913=ORIENTED_EDGE('',*,*,#10916,.T.);
#10914=ORIENTED_EDGE('',*,*,#10917,.T.);
#10915=ORIENTED_EDGE('',*,*,#10918,.T.);
#10916=EDGE_CURVE('',#895,#897,#10919,.F.);
#10917=EDGE_CURVE('',#897,#899,#10920,.T.);
#10918=EDGE_CURVE('',#899,#895,#10921,.T.);
#10919=LINE('',#894,#10922);
#10920=LINE('',#896,#10923);
#10921=LINE('',#898,#10924);
#10922=VECTOR('',#10925,1.0);
#10923=VECTOR('',#10926,1.0);
#10924=VECTOR('',#10927,1.0);
#10925=DIRECTION('',(-0.10206790948269016,-0.9947616429724272,0.005604955363853831));
#10926=DIRECTION('',(0,0.999999999999991,1.3435880664149516E-07));
#10927=DIRECTION('',(0.9984955572158162,7.3673257142969735E-09,-0.054832674750343674));
#10928=FACE_SURFACE('',(#10933),#10929,.T.);
#10929=PLANE('',#10930);
#10930=AXIS2_PLACEMENT_3D('',#898,#10931,#10932);
#10931=DIRECTION('',(-0.0959680696797258,1.3373866187743057E-07,-0.9953844129791914));
#10932=DIRECTION('',(0,-0.999999999999991,-1.3435880664149516E-07));
#10933=FACE_BOUND('',#10934,.T.);
#10934=EDGE_LOOP('',(#10935,#10936,#10937));
#10935=ORIENTED_EDGE('',*,*,#10938,.T.);
#10936=ORIENTED_EDGE('',*,*,#10939,.T.);
#10937=ORIENTED_EDGE('',*,*,#10940,.T.);
#10938=EDGE_CURVE('',#899,#897,#10941,.F.);
#10939=EDGE_CURVE('',#897,#901,#10942,.T.);
#10940=EDGE_CURVE('',#901,#899,#10943,.T.);
#10941=LINE('',#898,#10944);
#10942=LINE('',#896,#10945);
#10943=LINE('',#900,#10946);
#10944=VECTOR('',#10947,1.0);
#10945=VECTOR('',#10948,1.0);
#10946=VECTOR('',#10949,1.0);
#10947=DIRECTION('',(0,-0.999999999999991,-1.3435880664149516E-07));
#10948=DIRECTION('',(-0.9953844129792002,-1.2894146600747826E-08,0.09596806967972493));
#10949=DIRECTION('',(0.09965630704720024,0.9949755303971651,-0.009608037083290912));
#10950=FACE_SURFACE('',(#10955),#10951,.T.);
#10951=PLANE('',#10952);
#10952=AXIS2_PLACEMENT_3D('',#898,#10953,#10954);
#10953=DIRECTION('',(-0.095968069680355,1.3373872548371266E-07,-0.9953844129791307));
#10954=DIRECTION('',(-0.09965630704720024,-0.9949755303971651,0.009608037083290912));
#10955=FACE_BOUND('',#10956,.T.);
#10956=EDGE_LOOP('',(#10957,#10958,#10959));
#10957=ORIENTED_EDGE('',*,*,#10960,.T.);
#10958=ORIENTED_EDGE('',*,*,#10961,.T.);
#10959=ORIENTED_EDGE('',*,*,#10962,.T.);
#10960=EDGE_CURVE('',#899,#901,#10963,.F.);
#10961=EDGE_CURVE('',#901,#903,#10964,.T.);
#10962=EDGE_CURVE('',#903,#899,#10965,.T.);
#10963=LINE('',#898,#10966);
#10964=LINE('',#900,#10967);
#10965=LINE('',#902,#10968);
#10966=VECTOR('',#10969,1.0);
#10967=VECTOR('',#10970,1.0);
#10968=VECTOR('',#10971,1.0);
#10969=DIRECTION('',(-0.09965630704720024,-0.9949755303971651,0.009608037083290912));
#10970=DIRECTION('',(0,0.999999999999991,1.3435887054242912E-07));
#10971=DIRECTION('',(0.9953844129791396,1.289414660074704E-08,-0.09596806968035414));
#10972=FACE_SURFACE('',(#10977),#10973,.T.);
#10973=PLANE('',#10974);
#10974=AXIS2_PLACEMENT_3D('',#902,#10975,#10976);
#10975=DIRECTION('',(-0.13977001512353457,1.330400031239956E-07,-0.9901839944537325));
#10976=DIRECTION('',(0,-0.999999999999991,-1.3435887054242912E-07));
#10977=FACE_BOUND('',#10978,.T.);
#10978=EDGE_LOOP('',(#10979,#10980,#10981));
#10979=ORIENTED_EDGE('',*,*,#10982,.T.);
#10980=ORIENTED_EDGE('',*,*,#10983,.T.);
#10981=ORIENTED_EDGE('',*,*,#10984,.T.);
#10982=EDGE_CURVE('',#903,#901,#10985,.F.);
#10983=EDGE_CURVE('',#901,#905,#10986,.T.);
#10984=EDGE_CURVE('',#905,#903,#10987,.T.);
#10985=LINE('',#902,#10988);
#10986=LINE('',#900,#10989);
#10987=LINE('',#904,#10990);
#10988=VECTOR('',#10991,1.0);
#10989=VECTOR('',#10992,1.0);
#10990=VECTOR('',#10993,1.0);
#10991=DIRECTION('',(0,-0.999999999999991,-1.3435887054242912E-07));
#10992=DIRECTION('',(-0.9901839944537415,-1.877934050499373E-08,0.13977001512353332));
#10993=DIRECTION('',(0.0979644357211515,0.9950938413659286,-0.013828094931568703));
#10994=FACE_SURFACE('',(#10999),#10995,.T.);
#10995=PLANE('',#10996);
#10996=AXIS2_PLACEMENT_3D('',#902,#10997,#10998);
#10997=DIRECTION('',(-0.13977001512353454,1.3304000312402496E-07,-0.9901839944537325));
#10998=DIRECTION('',(-0.0979644357211515,-0.9950938413659286,0.013828094931568703));
#10999=FACE_BOUND('',#11000,.T.);
#11000=EDGE_LOOP('',(#11001,#11002,#11003));
#11001=ORIENTED_EDGE('',*,*,#11004,.T.);
#11002=ORIENTED_EDGE('',*,*,#11005,.T.);
#11003=ORIENTED_EDGE('',*,*,#11006,.T.);
#11004=EDGE_CURVE('',#903,#905,#11007,.F.);
#11005=EDGE_CURVE('',#905,#907,#11008,.T.);
#11006=EDGE_CURVE('',#907,#903,#11009,.T.);
#11007=LINE('',#902,#11010);
#11008=LINE('',#904,#11011);
#11009=LINE('',#906,#11012);
#11010=VECTOR('',#11013,1.0);
#11011=VECTOR('',#11014,1.0);
#11012=VECTOR('',#11015,1.0);
#11013=DIRECTION('',(-0.0979644357211515,-0.9950938413659286,0.013828094931568703));
#11014=DIRECTION('',(0,0.999999999999991,1.3435887054242912E-07));
#11015=DIRECTION('',(0.9901839944537415,1.877934050499373E-08,-0.13977001512353332));
#11016=FACE_SURFACE('',(#11021),#11017,.T.);
#11017=PLANE('',#11018);
#11018=AXIS2_PLACEMENT_3D('',#906,#11019,#11020);
#11019=DIRECTION('',(-0.18504668360264692,1.320384567532263E-07,-0.9827297313542743));
#11020=DIRECTION('',(0,-0.999999999999991,-1.3435887054242912E-07));
#11021=FACE_BOUND('',#11022,.T.);
#11022=EDGE_LOOP('',(#11023,#11024,#11025));
#11023=ORIENTED_EDGE('',*,*,#11026,.T.);
#11024=ORIENTED_EDGE('',*,*,#11027,.T.);
#11025=ORIENTED_EDGE('',*,*,#11028,.T.);
#11026=EDGE_CURVE('',#907,#905,#11029,.F.);
#11027=EDGE_CURVE('',#905,#909,#11030,.T.);
#11028=EDGE_CURVE('',#909,#907,#11031,.T.);
#11029=LINE('',#906,#11032);
#11030=LINE('',#904,#11033);
#11031=LINE('',#908,#11034);
#11032=VECTOR('',#11035,1.0);
#11033=VECTOR('',#11036,1.0);
#11034=VECTOR('',#11037,1.0);
#11035=DIRECTION('',(0,-0.999999999999991,-1.3435887054242912E-07));
#11036=DIRECTION('',(-0.9827297313542833,-2.4862765678988463E-08,0.18504668360264528));
#11037=DIRECTION('',(0.0969931337877261,0.9951174679446181,-0.018263542633576327));
#11038=FACE_SURFACE('',(#11043),#11039,.T.);
#11039=PLANE('',#11040);
#11040=AXIS2_PLACEMENT_3D('',#906,#11041,#11042);
#11041=DIRECTION('',(-0.18504668360264692,1.32038456752449E-07,-0.9827297313542744));
#11042=DIRECTION('',(-0.0969931337877261,-0.9951174679446181,0.018263542633576327));
#11043=FACE_BOUND('',#11044,.T.);
#11044=EDGE_LOOP('',(#11045,#11046,#11047));
#11045=ORIENTED_EDGE('',*,*,#11048,.T.);
#11046=ORIENTED_EDGE('',*,*,#11049,.T.);
#11047=ORIENTED_EDGE('',*,*,#11050,.T.);
#11048=EDGE_CURVE('',#907,#909,#11051,.F.);
#11049=EDGE_CURVE('',#909,#911,#11052,.T.);
#11050=EDGE_CURVE('',#911,#907,#11053,.T.);
#11051=LINE('',#906,#11054);
#11052=LINE('',#908,#11055);
#11053=LINE('',#910,#11056);
#11054=VECTOR('',#11057,1.0);
#11055=VECTOR('',#11058,1.0);
#11056=VECTOR('',#11059,1.0);
#11057=DIRECTION('',(-0.0969931337877261,-0.9951174679446181,0.018263542633576327));
#11058=DIRECTION('',(0,0.9999999999999909,1.3435887054242695E-07));
#11059=DIRECTION('',(0.9827297313542833,2.486260460898536E-08,-0.18504668360264528));
#11060=FACE_SURFACE('',(#11065),#11061,.T.);
#11061=PLANE('',#11062);
#11062=AXIS2_PLACEMENT_3D('',#910,#11063,#11064);
#11063=DIRECTION('',(-0.23047541167101812,1.3074168108738934E-07,-0.9730781492845565));
#11064=DIRECTION('',(0,-0.9999999999999909,-1.3435887054242695E-07));
#11065=FACE_BOUND('',#11066,.T.);
#11066=EDGE_LOOP('',(#11067,#11068,#11069));
#11067=ORIENTED_EDGE('',*,*,#11070,.T.);
#11068=ORIENTED_EDGE('',*,*,#11071,.T.);
#11069=ORIENTED_EDGE('',*,*,#11072,.T.);
#11070=EDGE_CURVE('',#911,#909,#11073,.F.);
#11071=EDGE_CURVE('',#909,#913,#11074,.T.);
#11072=EDGE_CURVE('',#913,#911,#11075,.T.);
#11073=LINE('',#910,#11076);
#11074=LINE('',#908,#11077);
#11075=LINE('',#912,#11078);
#11076=VECTOR('',#11079,1.0);
#11077=VECTOR('',#11080,1.0);
#11078=VECTOR('',#11081,1.0);
#11079=DIRECTION('',(0,-0.9999999999999909,-1.3435887054242695E-07));
#11080=DIRECTION('',(-0.9730781492845653,-3.096640062140483E-08,0.23047541167101604));
#11081=DIRECTION('',(0.09674277129898724,0.9950456292275092,-0.0229135758148349));
#11082=FACE_SURFACE('',(#11087),#11083,.T.);
#11083=PLANE('',#11084);
#11084=AXIS2_PLACEMENT_3D('',#910,#11085,#11086);
#11085=DIRECTION('',(-0.23047541167101812,1.3074168108588205E-07,-0.9730781492845565));
#11086=DIRECTION('',(-0.09674277129898724,-0.9950456292275092,0.0229135758148349));
#11087=FACE_BOUND('',#11088,.T.);
#11088=EDGE_LOOP('',(#11089,#11090,#11091));
#11089=ORIENTED_EDGE('',*,*,#11092,.T.);
#11090=ORIENTED_EDGE('',*,*,#11093,.T.);
#11091=ORIENTED_EDGE('',*,*,#11094,.T.);
#11092=EDGE_CURVE('',#911,#913,#11095,.F.);
#11093=EDGE_CURVE('',#913,#915,#11096,.T.);
#11094=EDGE_CURVE('',#915,#911,#11097,.T.);
#11095=LINE('',#910,#11098);
#11096=LINE('',#912,#11099);
#11097=LINE('',#914,#11100);
#11098=VECTOR('',#11101,1.0);
#11099=VECTOR('',#11102,1.0);
#11100=VECTOR('',#11103,1.0);
#11101=DIRECTION('',(-0.09674277129898724,-0.9950456292275092,0.0229135758148349));
#11102=DIRECTION('',(0,0.9999999999999909,1.3435887054242695E-07));
#11103=DIRECTION('',(0.9730781492845653,3.096640062140483E-08,-0.23047541167101604));
#11104=FACE_SURFACE('',(#11109),#11105,.T.);
#11105=PLANE('',#11106);
#11106=AXIS2_PLACEMENT_3D('',#914,#11107,#11108);
#11107=DIRECTION('',(-0.27473281203942557,1.2918882306044866E-07,-0.9615206092377286));
#11108=DIRECTION('',(0,-0.9999999999999909,-1.3435887054242695E-07));
#11109=FACE_BOUND('',#11110,.T.);
#11110=EDGE_LOOP('',(#11111,#11112,#11113));
#11111=ORIENTED_EDGE('',*,*,#11114,.T.);
#11112=ORIENTED_EDGE('',*,*,#11115,.T.);
#11113=ORIENTED_EDGE('',*,*,#11116,.T.);
#11114=EDGE_CURVE('',#915,#913,#11117,.F.);
#11115=EDGE_CURVE('',#913,#917,#11118,.T.);
#11116=EDGE_CURVE('',#917,#915,#11119,.T.);
#11117=LINE('',#914,#11120);
#11118=LINE('',#912,#11121);
#11119=LINE('',#916,#11122);
#11120=VECTOR('',#11123,1.0);
#11121=VECTOR('',#11124,1.0);
#11122=VECTOR('',#11125,1.0);
#11123=DIRECTION('',(0,-0.9999999999999909,-1.3435887054242695E-07));
#11124=DIRECTION('',(-0.9615206092377373,-3.691274707162017E-08,0.27473281203942307));
#11125=DIRECTION('',(0.09721296813905812,0.9948759305640983,-0.027776277825043213));
#11126=FACE_SURFACE('',(#11131),#11127,.T.);
#11127=PLANE('',#11128);
#11128=AXIS2_PLACEMENT_3D('',#914,#11129,#11130);
#11129=DIRECTION('',(-0.27473281203942557,1.2918882306205586E-07,-0.9615206092377286));
#11130=DIRECTION('',(-0.09721296813905812,-0.9948759305640983,0.027776277825043213));
#11131=FACE_BOUND('',#11132,.T.);
#11132=EDGE_LOOP('',(#11133,#11134,#11135));
#11133=ORIENTED_EDGE('',*,*,#11136,.T.);
#11134=ORIENTED_EDGE('',*,*,#11137,.T.);
#11135=ORIENTED_EDGE('',*,*,#11138,.T.);
#11136=EDGE_CURVE('',#915,#917,#11139,.F.);
#11137=EDGE_CURVE('',#917,#919,#11140,.T.);
#11138=EDGE_CURVE('',#919,#915,#11141,.T.);
#11139=LINE('',#914,#11142);
#11140=LINE('',#916,#11143);
#11141=LINE('',#918,#11144);
#11142=VECTOR('',#11145,1.0);
#11143=VECTOR('',#11146,1.0);
#11144=VECTOR('',#11147,1.0);
#11145=DIRECTION('',(-0.09721296813905812,-0.9948759305640983,0.027776277825043213));
#11146=DIRECTION('',(0,0.9999999999999909,1.3435887054242695E-07));
#11147=DIRECTION('',(0.9615206092377373,3.691274707162017E-08,-0.27473281203942307));
#11148=FACE_SURFACE('',(#11153),#11149,.T.);
#11149=PLANE('',#11150);
#11150=AXIS2_PLACEMENT_3D('',#918,#11151,#11152);
#11151=DIRECTION('',(-0.31665846597917524,1.2744471237721752E-07,-0.9485396227484116));
#11152=DIRECTION('',(0,-0.9999999999999909,-1.3435887054242695E-07));
#11153=FACE_BOUND('',#11154,.T.);
#11154=EDGE_LOOP('',(#11155,#11156,#11157));
#11155=ORIENTED_EDGE('',*,*,#11158,.T.);
#11156=ORIENTED_EDGE('',*,*,#11159,.T.);
#11157=ORIENTED_EDGE('',*,*,#11160,.T.);
#11158=EDGE_CURVE('',#919,#917,#11161,.F.);
#11159=EDGE_CURVE('',#917,#921,#11162,.T.);
#11160=EDGE_CURVE('',#921,#919,#11163,.T.);
#11161=LINE('',#918,#11164);
#11162=LINE('',#916,#11165);
#11163=LINE('',#920,#11166);
#11164=VECTOR('',#11167,1.0);
#11165=VECTOR('',#11168,1.0);
#11166=VECTOR('',#11169,1.0);
#11167=DIRECTION('',(0,-0.9999999999999909,-1.3435887054242695E-07));
#11168=DIRECTION('',(-0.9485396227484202,-4.254590054743692E-08,0.31665846597917235));
#11169=DIRECTION('',(0.09840274798615145,0.9946043174548446,-0.03285043209695596));
#11170=FACE_SURFACE('',(#11175),#11171,.T.);
#11171=PLANE('',#11172);
#11172=AXIS2_PLACEMENT_3D('',#918,#11173,#11174);
#11173=DIRECTION('',(-0.31665846597917524,1.274447123760318E-07,-0.9485396227484116));
#11174=DIRECTION('',(-0.09840274798615145,-0.9946043174548446,0.03285043209695596));
#11175=FACE_BOUND('',#11176,.T.);
#11176=EDGE_LOOP('',(#11177,#11178,#11179));
#11177=ORIENTED_EDGE('',*,*,#11180,.T.);
#11178=ORIENTED_EDGE('',*,*,#11181,.T.);
#11179=ORIENTED_EDGE('',*,*,#11182,.T.);
#11180=EDGE_CURVE('',#919,#921,#11183,.F.);
#11181=EDGE_CURVE('',#921,#923,#11184,.T.);
#11182=EDGE_CURVE('',#923,#919,#11185,.T.);
#11183=LINE('',#918,#11186);
#11184=LINE('',#920,#11187);
#11185=LINE('',#922,#11188);
#11186=VECTOR('',#11189,1.0);
#11187=VECTOR('',#11190,1.0);
#11188=VECTOR('',#11191,1.0);
#11189=DIRECTION('',(-0.09840274798615145,-0.9946043174548446,0.03285043209695596));
#11190=DIRECTION('',(0,0.9999999999999909,1.3435887054242695E-07));
#11191=DIRECTION('',(0.9485396227484202,4.254590054743692E-08,-0.31665846597917235));
#11192=FACE_SURFACE('',(#11197),#11193,.T.);
#11193=PLANE('',#11194);
#11194=AXIS2_PLACEMENT_3D('',#922,#11195,#11196);
#11195=DIRECTION('',(-0.35534562011757054,1.2558993670312417E-07,-0.9347349839731277));
#11196=DIRECTION('',(0,-0.9999999999999909,-1.3435887054242695E-07));
#11197=FACE_BOUND('',#11198,.T.);
#11198=EDGE_LOOP('',(#11199,#11200,#11201));
#11199=ORIENTED_EDGE('',*,*,#11202,.T.);
#11200=ORIENTED_EDGE('',*,*,#11203,.T.);
#11201=ORIENTED_EDGE('',*,*,#11204,.T.);
#11202=EDGE_CURVE('',#923,#921,#11205,.F.);
#11203=EDGE_CURVE('',#921,#925,#11206,.T.);
#11204=EDGE_CURVE('',#925,#923,#11207,.T.);
#11205=LINE('',#922,#11208);
#11206=LINE('',#920,#11209);
#11207=LINE('',#924,#11210);
#11208=VECTOR('',#11211,1.0);
#11209=VECTOR('',#11212,1.0);
#11210=VECTOR('',#11213,1.0);
#11211=DIRECTION('',(0,-0.9999999999999909,-1.3435887054242695E-07));
#11212=DIRECTION('',(-0.9347349839731363,-4.774371423313084E-08,0.3553456201175673));
#11213=DIRECTION('',(0.10031065452511559,0.9942251252920152,-0.03813361806620984));
#11214=FACE_SURFACE('',(#11219),#11215,.T.);
#11215=PLANE('',#11216);
#11216=AXIS2_PLACEMENT_3D('',#922,#11217,#11218);
#11217=DIRECTION('',(-0.35534562011705334,1.2558987697319737E-07,-0.9347349839733246));
#11218=DIRECTION('',(-0.10031065452511559,-0.9942251252920152,0.03813361806620984));
#11219=FACE_BOUND('',#11220,.T.);
#11220=EDGE_LOOP('',(#11221,#11222,#11223));
#11221=ORIENTED_EDGE('',*,*,#11224,.T.);
#11222=ORIENTED_EDGE('',*,*,#11225,.T.);
#11223=ORIENTED_EDGE('',*,*,#11226,.T.);
#11224=EDGE_CURVE('',#923,#925,#11227,.F.);
#11225=EDGE_CURVE('',#925,#927,#11228,.T.);
#11226=EDGE_CURVE('',#927,#923,#11229,.T.);
#11227=LINE('',#922,#11230);
#11228=LINE('',#924,#11231);
#11229=LINE('',#926,#11232);
#11230=VECTOR('',#11233,1.0);
#11231=VECTOR('',#11234,1.0);
#11232=VECTOR('',#11235,1.0);
#11233=DIRECTION('',(-0.10031065452511559,-0.9942251252920152,0.03813361806620984));
#11234=DIRECTION('',(0,0.999999999999991,1.3435880664149516E-07));
#11235=DIRECTION('',(0.934734983973333,4.774386223711577E-08,-0.3553456201170501));
#11236=FACE_SURFACE('',(#11241),#11237,.T.);
#11237=PLANE('',#11238);
#11238=AXIS2_PLACEMENT_3D('',#926,#11239,#11240);
#11239=DIRECTION('',(-0.39020863538893585,1.2370770889943815E-07,-0.9207264636513328));
#11240=DIRECTION('',(0,-0.999999999999991,-1.3435880664149516E-07));
#11241=FACE_BOUND('',#11242,.T.);
#11242=EDGE_LOOP('',(#11243,#11244,#11245));
#11243=ORIENTED_EDGE('',*,*,#11246,.T.);
#11244=ORIENTED_EDGE('',*,*,#11247,.T.);
#11245=ORIENTED_EDGE('',*,*,#11248,.T.);
#11246=EDGE_CURVE('',#927,#925,#11249,.F.);
#11247=EDGE_CURVE('',#925,#929,#11250,.T.);
#11248=EDGE_CURVE('',#929,#927,#11251,.T.);
#11249=LINE('',#926,#11252);
#11250=LINE('',#924,#11253);
#11251=LINE('',#928,#11254);
#11252=VECTOR('',#11255,1.0);
#11253=VECTOR('',#11256,1.0);
#11254=VECTOR('',#11257,1.0);
#11255=DIRECTION('',(0,-0.999999999999991,-1.3435880664149516E-07));
#11256=DIRECTION('',(-0.9207264636513411,-5.242810603078706E-08,0.39020863538893236));
#11257=DIRECTION('',(0.10293443838516457,0.9937310736958402,-0.043624013635191264));
#11258=FACE_SURFACE('',(#11263),#11259,.T.);
#11259=PLANE('',#11260);
#11260=AXIS2_PLACEMENT_3D('',#926,#11261,#11262);
#11261=DIRECTION('',(-0.39020863538941736,1.2370776773543367E-07,-0.9207264636511288));
#11262=DIRECTION('',(-0.10293443838516457,-0.9937310736958402,0.043624013635191264));
#11263=FACE_BOUND('',#11264,.T.);
#11264=EDGE_LOOP('',(#11265,#11266,#11267));
#11265=ORIENTED_EDGE('',*,*,#11268,.T.);
#11266=ORIENTED_EDGE('',*,*,#11269,.T.);
#11267=ORIENTED_EDGE('',*,*,#11270,.T.);
#11268=EDGE_CURVE('',#927,#929,#11271,.F.);
#11269=EDGE_CURVE('',#929,#931,#11272,.T.);
#11270=EDGE_CURVE('',#931,#927,#11273,.T.);
#11271=LINE('',#926,#11274);
#11272=LINE('',#928,#11275);
#11273=LINE('',#930,#11276);
#11274=VECTOR('',#11277,1.0);
#11275=VECTOR('',#11278,1.0);
#11276=VECTOR('',#11279,1.0);
#11277=DIRECTION('',(-0.10293443838516457,-0.9937310736958402,0.043624013635191264));
#11278=DIRECTION('',(0,0.9999999999999909,1.3435887054242695E-07));
#11279=DIRECTION('',(0.9207264636511371,5.242796403153914E-08,-0.3902086353894139));
#11280=FACE_SURFACE('',(#11285),#11281,.T.);
#11281=PLANE('',#11282);
#11282=AXIS2_PLACEMENT_3D('',#930,#11283,#11284);
#11283=DIRECTION('',(-0.4209616440763165,1.2187403453653414E-07,-0.9070784388444859));
#11284=DIRECTION('',(0,-0.9999999999999909,-1.3435887054242695E-07));
#11285=FACE_BOUND('',#11286,.T.);
#11286=EDGE_LOOP('',(#11287,#11288,#11289));
#11287=ORIENTED_EDGE('',*,*,#11290,.T.);
#11288=ORIENTED_EDGE('',*,*,#11291,.T.);
#11289=ORIENTED_EDGE('',*,*,#11292,.T.);
#11290=EDGE_CURVE('',#931,#929,#11293,.F.);
#11291=EDGE_CURVE('',#929,#933,#11294,.T.);
#11292=EDGE_CURVE('',#933,#931,#11295,.T.);
#11293=LINE('',#930,#11296);
#11294=LINE('',#928,#11297);
#11295=LINE('',#932,#11298);
#11296=VECTOR('',#11299,1.0);
#11297=VECTOR('',#11300,1.0);
#11298=VECTOR('',#11301,1.0);
#11299=DIRECTION('',(0,-0.9999999999999909,-1.3435887054242695E-07));
#11300=DIRECTION('',(-0.9070784388444941,-5.6559934692406206E-08,0.4209616440763127));
#11301=DIRECTION('',(0.10627111948971403,0.9931133436771847,-0.0493187162517932));
#11302=FACE_SURFACE('',(#11307),#11303,.T.);
#11303=PLANE('',#11304);
#11304=AXIS2_PLACEMENT_3D('',#930,#11305,#11306);
#11305=DIRECTION('',(-0.4209616440763165,1.2187403453294158E-07,-0.9070784388444859));
#11306=DIRECTION('',(-0.10627111948971403,-0.9931133436771847,0.0493187162517932));
#11307=FACE_BOUND('',#11308,.T.);
#11308=EDGE_LOOP('',(#11309,#11310,#11311));
#11309=ORIENTED_EDGE('',*,*,#11312,.T.);
#11310=ORIENTED_EDGE('',*,*,#11313,.T.);
#11311=ORIENTED_EDGE('',*,*,#11314,.T.);
#11312=EDGE_CURVE('',#931,#933,#11315,.F.);
#11313=EDGE_CURVE('',#933,#935,#11316,.T.);
#11314=EDGE_CURVE('',#935,#931,#11317,.T.);
#11315=LINE('',#930,#11318);
#11316=LINE('',#932,#11319);
#11317=LINE('',#934,#11320);
#11318=VECTOR('',#11321,1.0);
#11319=VECTOR('',#11322,1.0);
#11320=VECTOR('',#11323,1.0);
#11321=DIRECTION('',(-0.10627111948971403,-0.9931133436771847,0.0493187162517932));
#11322=DIRECTION('',(0,0.9999999999999909,1.3435887054242695E-07));
#11323=DIRECTION('',(0.9070784388444941,5.6559934692406206E-08,-0.4209616440763127));
#11324=FACE_SURFACE('',(#11329),#11325,.T.);
#11325=PLANE('',#11326);
#11326=AXIS2_PLACEMENT_3D('',#934,#11327,#11328);
#11327=DIRECTION('',(-0.4475784631944265,1.2014970305805914E-07,-0.8942446641073688));
#11328=DIRECTION('',(0,-0.9999999999999909,-1.3435887054242695E-07));
#11329=FACE_BOUND('',#11330,.T.);
#11330=EDGE_LOOP('',(#11331,#11332,#11333));
#11331=ORIENTED_EDGE('',*,*,#11334,.T.);
#11332=ORIENTED_EDGE('',*,*,#11335,.T.);
#11333=ORIENTED_EDGE('',*,*,#11336,.T.);
#11334=EDGE_CURVE('',#935,#933,#11337,.F.);
#11335=EDGE_CURVE('',#933,#937,#11338,.T.);
#11336=EDGE_CURVE('',#937,#935,#11339,.T.);
#11337=LINE('',#934,#11340);
#11338=LINE('',#932,#11341);
#11339=LINE('',#936,#11342);
#11340=VECTOR('',#11343,1.0);
#11341=VECTOR('',#11344,1.0);
#11342=VECTOR('',#11345,1.0);
#11343=DIRECTION('',(0,-0.9999999999999909,-1.3435887054242695E-07));
#11344=DIRECTION('',(-0.8942446641073769,-6.013611596570304E-08,0.4475784631944225));
#11345=DIRECTION('',(0.1103169460401158,0.9923615864755709,-0.055214609516595604));
#11346=FACE_SURFACE('',(#11351),#11347,.T.);
#11347=PLANE('',#11348);
#11348=AXIS2_PLACEMENT_3D('',#934,#11349,#11350);
#11349=DIRECTION('',(-0.4475784631944265,1.2014970305577866E-07,-0.8942446641073688));
#11350=DIRECTION('',(-0.1103169460401158,-0.9923615864755709,0.055214609516595604));
#11351=FACE_BOUND('',#11352,.T.);
#11352=EDGE_LOOP('',(#11353,#11354,#11355));
#11353=ORIENTED_EDGE('',*,*,#11356,.T.);
#11354=ORIENTED_EDGE('',*,*,#11357,.T.);
#11355=ORIENTED_EDGE('',*,*,#11358,.T.);
#11356=EDGE_CURVE('',#935,#937,#11359,.F.);
#11357=EDGE_CURVE('',#937,#939,#11360,.T.);
#11358=EDGE_CURVE('',#939,#935,#11361,.T.);
#11359=LINE('',#934,#11362);
#11360=LINE('',#936,#11363);
#11361=LINE('',#938,#11364);
#11362=VECTOR('',#11365,1.0);
#11363=VECTOR('',#11366,1.0);
#11364=VECTOR('',#11367,1.0);
#11365=DIRECTION('',(-0.1103169460401158,-0.9923615864755709,0.055214609516595604));
#11366=DIRECTION('',(0,0.9999999999999909,1.3435887054242695E-07));
#11367=DIRECTION('',(0.8942446641073769,6.013611596570304E-08,-0.4475784631944225));
#11368=FACE_SURFACE('',(#11373),#11369,.T.);
#11369=PLANE('',#11370);
#11370=AXIS2_PLACEMENT_3D('',#938,#11371,#11372);
#11371=DIRECTION('',(-1,-0,0));
#11372=DIRECTION('',(0,-0.9999999999999909,-1.3435887054242695E-07));
#11373=FACE_BOUND('',#11374,.T.);
#11374=EDGE_LOOP('',(#11375,#11376,#11377));
#11375=ORIENTED_EDGE('',*,*,#11378,.T.);
#11376=ORIENTED_EDGE('',*,*,#11379,.T.);
#11377=ORIENTED_EDGE('',*,*,#11380,.T.);
#11378=EDGE_CURVE('',#939,#937,#11381,.F.);
#11379=EDGE_CURVE('',#937,#941,#11382,.T.);
#11380=EDGE_CURVE('',#941,#939,#11383,.T.);
#11381=LINE('',#938,#11384);
#11382=LINE('',#936,#11385);
#11383=LINE('',#940,#11386);
#11384=VECTOR('',#11387,1.0);
#11385=VECTOR('',#11388,1.0);
#11386=VECTOR('',#11389,1.0);
#11387=DIRECTION('',(0,-0.9999999999999909,-1.3435887054242695E-07));
#11388=DIRECTION('',(0,-1.343588314255036E-07,0.999999999999991));
#11389=DIRECTION('',(0,0.7994702265042218,-0.6007057157488085));
#11390=FACE_SURFACE('',(#11395),#11391,.T.);
#11391=PLANE('',#11392);
#11392=AXIS2_PLACEMENT_3D('',#938,#11393,#11394);
#11393=DIRECTION('',(-1,0,0));
#11394=DIRECTION('',(0,-0.7994702265042218,0.6007057157488085));
#11395=FACE_BOUND('',#11396,.T.);
#11396=EDGE_LOOP('',(#11397,#11398,#11399));
#11397=ORIENTED_EDGE('',*,*,#11400,.T.);
#11398=ORIENTED_EDGE('',*,*,#11401,.T.);
#11399=ORIENTED_EDGE('',*,*,#11402,.T.);
#11400=EDGE_CURVE('',#939,#941,#11403,.F.);
#11401=EDGE_CURVE('',#941,#943,#11404,.T.);
#11402=EDGE_CURVE('',#943,#939,#11405,.T.);
#11403=LINE('',#938,#11406);
#11404=LINE('',#940,#11407);
#11405=LINE('',#942,#11408);
#11406=VECTOR('',#11409,1.0);
#11407=VECTOR('',#11410,1.0);
#11408=VECTOR('',#11411,1.0);
#11409=DIRECTION('',(0,-0.7994702265042218,0.6007057157488085));
#11410=DIRECTION('',(0,0.999999999999991,1.3435887054242912E-07));
#11411=DIRECTION('',(0,1.3435885268669627E-07,-0.999999999999991));
#11412=FACE_SURFACE('',(#11417),#11413,.T.);
#11413=PLANE('',#11414);
#11414=AXIS2_PLACEMENT_3D('',#942,#11415,#11416);
#11415=DIRECTION('',(0.5535379730113577,-1.1189728372915428E-07,0.8328239384374497));
#11416=DIRECTION('',(0,-0.999999999999991,-1.3435887054242912E-07));
#11417=FACE_BOUND('',#11418,.T.);
#11418=EDGE_LOOP('',(#11419,#11420,#11421));
#11419=ORIENTED_EDGE('',*,*,#11422,.T.);
#11420=ORIENTED_EDGE('',*,*,#11423,.T.);
#11421=ORIENTED_EDGE('',*,*,#11424,.T.);
#11422=EDGE_CURVE('',#943,#941,#11425,.F.);
#11423=EDGE_CURVE('',#941,#945,#11426,.T.);
#11424=EDGE_CURVE('',#945,#943,#11427,.T.);
#11425=LINE('',#942,#11428);
#11426=LINE('',#940,#11429);
#11427=LINE('',#944,#11430);
#11428=VECTOR('',#11431,1.0);
#11429=VECTOR('',#11432,1.0);
#11430=VECTOR('',#11433,1.0);
#11431=DIRECTION('',(0,-0.999999999999991,-1.3435887054242912E-07));
#11432=DIRECTION('',(0.8328239384374572,7.437265270712234E-08,-0.5535379730113527));
#11433=DIRECTION('',(-0.11160432950980037,0.9909803603470972,0.07417815743873094));
#11434=FACE_SURFACE('',(#11439),#11435,.T.);
#11435=PLANE('',#11436);
#11436=AXIS2_PLACEMENT_3D('',#942,#11437,#11438);
#11437=DIRECTION('',(0.5535379730116854,-1.1189723050836615E-07,0.8328239384372318));
#11438=DIRECTION('',(0.11160432950980037,-0.9909803603470972,-0.07417815743873094));
#11439=FACE_BOUND('',#11440,.T.);
#11440=EDGE_LOOP('',(#11441,#11442,#11443));
#11441=ORIENTED_EDGE('',*,*,#11444,.T.);
#11442=ORIENTED_EDGE('',*,*,#11445,.T.);
#11443=ORIENTED_EDGE('',*,*,#11446,.T.);
#11444=EDGE_CURVE('',#943,#945,#11447,.F.);
#11445=EDGE_CURVE('',#945,#947,#11448,.T.);
#11446=EDGE_CURVE('',#947,#943,#11449,.T.);
#11447=LINE('',#942,#11450);
#11448=LINE('',#944,#11451);
#11449=LINE('',#946,#11452);
#11450=VECTOR('',#11453,1.0);
#11451=VECTOR('',#11454,1.0);
#11452=VECTOR('',#11455,1.0);
#11453=DIRECTION('',(0.11160432950980037,-0.9909803603470972,-0.07417815743873094));
#11454=DIRECTION('',(0,0.9999999999999909,1.34358806641493E-07));
#11455=DIRECTION('',(-0.8328239384372393,-7.43727708436909E-08,0.5535379730116805));
#11456=FACE_SURFACE('',(#11461),#11457,.T.);
#11457=PLANE('',#11458);
#11458=AXIS2_PLACEMENT_3D('',#946,#11459,#11460);
#11459=DIRECTION('',(0.5238678745042685,-1.1444676919673958E-07,0.8517995363126039));
#11460=DIRECTION('',(0,-0.9999999999999909,-1.34358806641493E-07));
#11461=FACE_BOUND('',#11462,.T.);
#11462=EDGE_LOOP('',(#11463,#11464,#11465));
#11463=ORIENTED_EDGE('',*,*,#11466,.T.);
#11464=ORIENTED_EDGE('',*,*,#11467,.T.);
#11465=ORIENTED_EDGE('',*,*,#11468,.T.);
#11466=EDGE_CURVE('',#947,#945,#11469,.F.);
#11467=EDGE_CURVE('',#945,#949,#11470,.T.);
#11468=EDGE_CURVE('',#949,#947,#11471,.T.);
#11469=LINE('',#946,#11472);
#11470=LINE('',#944,#11473);
#11471=LINE('',#948,#11474);
#11472=VECTOR('',#11475,1.0);
#11473=VECTOR('',#11476,1.0);
#11474=VECTOR('',#11477,1.0);
#11475=DIRECTION('',(0,-0.9999999999999909,-1.34358806641493E-07));
#11476=DIRECTION('',(0.8517995363126115,7.038630456650994E-08,-0.5238678745042638));
#11477=DIRECTION('',(-0.10974105728148865,0.991666116655978,0.06749232121651384));
#11478=FACE_SURFACE('',(#11483),#11479,.T.);
#11479=PLANE('',#11480);
#11480=AXIS2_PLACEMENT_3D('',#946,#11481,#11482);
#11481=DIRECTION('',(0.5238678745039116,-1.1444682362777339E-07,0.8517995363128232));
#11482=DIRECTION('',(0.10974105728148865,-0.991666116655978,-0.06749232121651384));
#11483=FACE_BOUND('',#11484,.T.);
#11484=EDGE_LOOP('',(#11485,#11486,#11487));
#11485=ORIENTED_EDGE('',*,*,#11488,.T.);
#11486=ORIENTED_EDGE('',*,*,#11489,.T.);
#11487=ORIENTED_EDGE('',*,*,#11490,.T.);
#11488=EDGE_CURVE('',#947,#949,#11491,.F.);
#11489=EDGE_CURVE('',#949,#951,#11492,.T.);
#11490=EDGE_CURVE('',#951,#947,#11493,.T.);
#11491=LINE('',#946,#11494);
#11492=LINE('',#948,#11495);
#11493=LINE('',#950,#11496);
#11494=VECTOR('',#11497,1.0);
#11495=VECTOR('',#11498,1.0);
#11496=VECTOR('',#11499,1.0);
#11497=DIRECTION('',(0.10974105728148865,-0.991666116655978,-0.06749232121651384));
#11498=DIRECTION('',(0,0.999999999999991,1.3435887054242912E-07));
#11499=DIRECTION('',(-0.851799536312831,-7.038618160168721E-08,0.5238678745039069));
#11500=FACE_SURFACE('',(#11505),#11501,.T.);
#11501=PLANE('',#11502);
#11502=AXIS2_PLACEMENT_3D('',#950,#11503,#11504);
#11503=DIRECTION('',(0.492428886998438,-1.169396033413647E-07,0.8703526821062056));
#11504=DIRECTION('',(0,-0.999999999999991,-1.3435887054242912E-07));
#11505=FACE_BOUND('',#11506,.T.);
#11506=EDGE_LOOP('',(#11507,#11508,#11509));
#11507=ORIENTED_EDGE('',*,*,#11510,.T.);
#11508=ORIENTED_EDGE('',*,*,#11511,.T.);
#11509=ORIENTED_EDGE('',*,*,#11512,.T.);
#11510=EDGE_CURVE('',#951,#949,#11513,.F.);
#11511=EDGE_CURVE('',#949,#953,#11514,.T.);
#11512=EDGE_CURVE('',#953,#951,#11515,.T.);
#11513=LINE('',#950,#11516);
#11514=LINE('',#948,#11517);
#11515=LINE('',#952,#11518);
#11516=VECTOR('',#11519,1.0);
#11517=VECTOR('',#11520,1.0);
#11518=VECTOR('',#11521,1.0);
#11519=DIRECTION('',(0,-0.999999999999991,-1.3435887054242912E-07));
#11520=DIRECTION('',(0.8703526821062135,6.616214970133806E-08,-0.49242888699843357));
#11521=DIRECTION('',(-0.10754982952029357,0.9923357999637025,0.06084976812243816));
#11522=FACE_SURFACE('',(#11527),#11523,.T.);
#11523=PLANE('',#11524);
#11524=AXIS2_PLACEMENT_3D('',#950,#11525,#11526);
#11525=DIRECTION('',(0.4924288869988268,-1.1693954772224457E-07,0.8703526821059858));
#11526=DIRECTION('',(0.10754982952029357,-0.9923357999637025,-0.06084976812243816));
#11527=FACE_BOUND('',#11528,.T.);
#11528=EDGE_LOOP('',(#11529,#11530,#11531));
#11529=ORIENTED_EDGE('',*,*,#11532,.T.);
#11530=ORIENTED_EDGE('',*,*,#11533,.T.);
#11531=ORIENTED_EDGE('',*,*,#11534,.T.);
#11532=EDGE_CURVE('',#951,#953,#11535,.F.);
#11533=EDGE_CURVE('',#953,#955,#11536,.T.);
#11534=EDGE_CURVE('',#955,#951,#11537,.T.);
#11535=LINE('',#950,#11538);
#11536=LINE('',#952,#11539);
#11537=LINE('',#954,#11540);
#11538=VECTOR('',#11541,1.0);
#11539=VECTOR('',#11542,1.0);
#11540=VECTOR('',#11543,1.0);
#11541=DIRECTION('',(0.10754982952029357,-0.9923357999637025,-0.06084976812243816));
#11542=DIRECTION('',(0,0.9999999999999909,1.34358806641493E-07));
#11543=DIRECTION('',(-0.8703526821059936,-6.616227799091309E-08,0.4924288869988223));
#11544=FACE_SURFACE('',(#11549),#11545,.T.);
#11545=PLANE('',#11546);
#11546=AXIS2_PLACEMENT_3D('',#954,#11547,#11548);
#11547=DIRECTION('',(0.45892425675565696,-1.1937449373000675E-07,0.8884753944602256));
#11548=DIRECTION('',(0,-0.9999999999999909,-1.34358806641493E-07));
#11549=FACE_BOUND('',#11550,.T.);
#11550=EDGE_LOOP('',(#11551,#11552,#11553));
#11551=ORIENTED_EDGE('',*,*,#11554,.T.);
#11552=ORIENTED_EDGE('',*,*,#11555,.T.);
#11553=ORIENTED_EDGE('',*,*,#11556,.T.);
#11554=EDGE_CURVE('',#955,#953,#11557,.F.);
#11555=EDGE_CURVE('',#953,#957,#11558,.T.);
#11556=EDGE_CURVE('',#957,#955,#11559,.T.);
#11557=LINE('',#954,#11560);
#11558=LINE('',#952,#11561);
#11559=LINE('',#956,#11562);
#11560=VECTOR('',#11563,1.0);
#11561=VECTOR('',#11564,1.0);
#11562=VECTOR('',#11565,1.0);
#11563=DIRECTION('',(0,-0.9999999999999909,-1.34358806641493E-07));
#11564=DIRECTION('',(0.8884753944602336,6.166057344785784E-08,-0.45892425675565285));
#11565=DIRECTION('',(-0.1050298558852458,0.9929881849027308,0.05425121211830009));
#11566=FACE_SURFACE('',(#11571),#11567,.T.);
#11567=PLANE('',#11568);
#11568=AXIS2_PLACEMENT_3D('',#954,#11569,#11570);
#11569=DIRECTION('',(0.4589242567552333,-1.1937455050715026E-07,0.8884753944604445));
#11570=DIRECTION('',(0.1050298558852458,-0.9929881849027308,-0.05425121211830009));
#11571=FACE_BOUND('',#11572,.T.);
#11572=EDGE_LOOP('',(#11573,#11574,#11575));
#11573=ORIENTED_EDGE('',*,*,#11576,.T.);
#11574=ORIENTED_EDGE('',*,*,#11577,.T.);
#11575=ORIENTED_EDGE('',*,*,#11578,.T.);
#11576=EDGE_CURVE('',#955,#957,#11579,.F.);
#11577=EDGE_CURVE('',#957,#959,#11580,.T.);
#11578=EDGE_CURVE('',#959,#955,#11581,.T.);
#11579=LINE('',#954,#11582);
#11580=LINE('',#956,#11583);
#11581=LINE('',#958,#11584);
#11582=VECTOR('',#11585,1.0);
#11583=VECTOR('',#11586,1.0);
#11584=VECTOR('',#11587,1.0);
#11585=DIRECTION('',(0.1050298558852458,-0.9929881849027308,-0.05425121211830009));
#11586=DIRECTION('',(0,0.999999999999991,1.3435887054242912E-07));
#11587=DIRECTION('',(-0.8884753944604524,-6.166043925670473E-08,0.4589242567552291));
#11588=FACE_SURFACE('',(#11593),#11589,.T.);
#11589=PLANE('',#11590);
#11590=AXIS2_PLACEMENT_3D('',#958,#11591,#11592);
#11591=DIRECTION('',(0.4229767901205278,-1.217480163034445E-07,0.9061405161559217));
#11592=DIRECTION('',(0,-0.999999999999991,-1.3435887054242912E-07));
#11593=FACE_BOUND('',#11594,.T.);
#11594=EDGE_LOOP('',(#11595,#11596,#11597));
#11595=ORIENTED_EDGE('',*,*,#11598,.T.);
#11596=ORIENTED_EDGE('',*,*,#11599,.T.);
#11597=ORIENTED_EDGE('',*,*,#11600,.T.);
#11598=EDGE_CURVE('',#959,#957,#11601,.F.);
#11599=EDGE_CURVE('',#957,#961,#11602,.T.);
#11600=EDGE_CURVE('',#961,#959,#11603,.T.);
#11601=LINE('',#958,#11604);
#11602=LINE('',#956,#11605);
#11603=LINE('',#960,#11606);
#11604=VECTOR('',#11607,1.0);
#11605=VECTOR('',#11608,1.0);
#11606=VECTOR('',#11609,1.0);
#11607=DIRECTION('',(0,-0.999999999999991,-1.3435887054242912E-07));
#11608=DIRECTION('',(0.9061405161559298,5.68306292229162E-08,-0.42297679012052397));
#11609=DIRECTION('',(-0.10218051857903433,0.9936217317262248,0.04769691671688667));
#11610=FACE_SURFACE('',(#11615),#11611,.T.);
#11611=PLANE('',#11612);
#11612=AXIS2_PLACEMENT_3D('',#958,#11613,#11614);
#11613=DIRECTION('',(0.42297679012099015,-1.2174795839997986E-07,0.9061405161557058));
#11614=DIRECTION('',(0.10218051857903433,-0.9936217317262248,-0.04769691671688667));
#11615=FACE_BOUND('',#11616,.T.);
#11616=EDGE_LOOP('',(#11617,#11618,#11619));
#11617=ORIENTED_EDGE('',*,*,#11620,.T.);
#11618=ORIENTED_EDGE('',*,*,#11621,.T.);
#11619=ORIENTED_EDGE('',*,*,#11622,.T.);
#11620=EDGE_CURVE('',#959,#961,#11623,.F.);
#11621=EDGE_CURVE('',#961,#963,#11624,.T.);
#11622=EDGE_CURVE('',#963,#959,#11625,.T.);
#11623=LINE('',#958,#11626);
#11624=LINE('',#960,#11627);
#11625=LINE('',#962,#11628);
#11626=VECTOR('',#11629,1.0);
#11627=VECTOR('',#11630,1.0);
#11628=VECTOR('',#11631,1.0);
#11629=DIRECTION('',(0.10218051857903433,-0.9936217317262248,-0.04769691671688667));
#11630=DIRECTION('',(0,0.9999999999999909,1.34358806641493E-07));
#11631=DIRECTION('',(-0.9061405161557141,-5.6830769988246545E-08,0.4229767901209863));
#11632=FACE_SURFACE('',(#11637),#11633,.T.);
#11633=PLANE('',#11634);
#11634=AXIS2_PLACEMENT_3D('',#962,#11635,#11636);
#11635=DIRECTION('',(0.3841139251194244,-1.240515654745318E-07,0.9232857047140577));
#11636=DIRECTION('',(0,-0.9999999999999909,-1.34358806641493E-07));
#11637=FACE_BOUND('',#11638,.T.);
#11638=EDGE_LOOP('',(#11639,#11640,#11641));
#11639=ORIENTED_EDGE('',*,*,#11642,.T.);
#11640=ORIENTED_EDGE('',*,*,#11643,.T.);
#11641=ORIENTED_EDGE('',*,*,#11644,.T.);
#11642=EDGE_CURVE('',#963,#961,#11645,.F.);
#11643=EDGE_CURVE('',#961,#965,#11646,.T.);
#11644=EDGE_CURVE('',#965,#963,#11647,.T.);
#11645=LINE('',#962,#11648);
#11646=LINE('',#960,#11649);
#11647=LINE('',#964,#11650);
#11648=VECTOR('',#11651,1.0);
#11649=VECTOR('',#11652,1.0);
#11650=VECTOR('',#11653,1.0);
#11651=DIRECTION('',(0,-0.9999999999999909,-1.34358806641493E-07));
#11652=DIRECTION('',(0.9232857047140658,5.160910246943337E-08,-0.3841139251194209));
#11653=DIRECTION('',(-0.09900114751063897,0.9942345606038397,0.0411875137932192));
#11654=FACE_SURFACE('',(#11659),#11655,.T.);
#11655=PLANE('',#11656);
#11656=AXIS2_PLACEMENT_3D('',#962,#11657,#11658);
#11657=DIRECTION('',(0.3841139251189193,-1.2405162447330212E-07,0.9232857047142677));
#11658=DIRECTION('',(0.09900114751063897,-0.9942345606038397,-0.0411875137932192));
#11659=FACE_BOUND('',#11660,.T.);
#11660=EDGE_LOOP('',(#11661,#11662,#11663));
#11661=ORIENTED_EDGE('',*,*,#11664,.T.);
#11662=ORIENTED_EDGE('',*,*,#11665,.T.);
#11663=ORIENTED_EDGE('',*,*,#11666,.T.);
#11664=EDGE_CURVE('',#963,#965,#11667,.F.);
#11665=EDGE_CURVE('',#965,#967,#11668,.T.);
#11666=EDGE_CURVE('',#967,#963,#11669,.T.);
#11667=LINE('',#962,#11670);
#11668=LINE('',#964,#11671);
#11669=LINE('',#966,#11672);
#11670=VECTOR('',#11673,1.0);
#11671=VECTOR('',#11674,1.0);
#11672=VECTOR('',#11675,1.0);
#11673=DIRECTION('',(0.09900114751063897,-0.9942345606038397,-0.0411875137932192));
#11674=DIRECTION('',(0,0.9999999999999909,1.3435887054242695E-07));
#11675=DIRECTION('',(-0.9232857047142761,-5.1609102469445117E-08,0.3841139251189158));
#11676=FACE_SURFACE('',(#11681),#11677,.T.);
#11677=PLANE('',#11678);
#11678=AXIS2_PLACEMENT_3D('',#966,#11679,#11680);
#11679=DIRECTION('',(0.3417366602498812,-1.2626989574812504E-07,0.9397957517680324));
#11680=DIRECTION('',(0,-0.9999999999999909,-1.3435887054242695E-07));
#11681=FACE_BOUND('',#11682,.T.);
#11682=EDGE_LOOP('',(#11683,#11684,#11685));
#11683=ORIENTED_EDGE('',*,*,#11686,.T.);
#11684=ORIENTED_EDGE('',*,*,#11687,.T.);
#11685=ORIENTED_EDGE('',*,*,#11688,.T.);
#11686=EDGE_CURVE('',#967,#965,#11689,.F.);
#11687=EDGE_CURVE('',#965,#969,#11690,.T.);
#11688=EDGE_CURVE('',#969,#967,#11691,.T.);
#11689=LINE('',#966,#11692);
#11690=LINE('',#964,#11693);
#11691=LINE('',#968,#11694);
#11692=VECTOR('',#11695,1.0);
#11693=VECTOR('',#11696,1.0);
#11694=VECTOR('',#11697,1.0);
#11695=DIRECTION('',(0,-0.9999999999999909,-1.3435887054242695E-07));
#11696=DIRECTION('',(0.939795751768041,4.591537675803227E-08,-0.34173666024987814));
#11697=DIRECTION('',(-0.09549110574443988,0.9948244728343977,0.03472343550783608));
#11698=FACE_SURFACE('',(#11703),#11699,.T.);
#11699=PLANE('',#11700);
#11700=AXIS2_PLACEMENT_3D('',#966,#11701,#11702);
#11701=DIRECTION('',(0.3417366602504338,-1.262698356966605E-07,0.9397957517678316));
#11702=DIRECTION('',(0.09549110574443988,-0.9948244728343977,-0.03472343550783608));
#11703=FACE_BOUND('',#11704,.T.);
#11704=EDGE_LOOP('',(#11705,#11706,#11707));
#11705=ORIENTED_EDGE('',*,*,#11708,.T.);
#11706=ORIENTED_EDGE('',*,*,#11709,.T.);
#11707=ORIENTED_EDGE('',*,*,#11710,.T.);
#11708=EDGE_CURVE('',#967,#969,#11711,.F.);
#11709=EDGE_CURVE('',#969,#971,#11712,.T.);
#11710=EDGE_CURVE('',#971,#967,#11713,.T.);
#11711=LINE('',#966,#11714);
#11712=LINE('',#968,#11715);
#11713=LINE('',#970,#11716);
#11714=VECTOR('',#11717,1.0);
#11715=VECTOR('',#11718,1.0);
#11716=VECTOR('',#11719,1.0);
#11717=DIRECTION('',(0.09549110574443988,-0.9948244728343977,-0.03472343550783608));
#11718=DIRECTION('',(0,0.9999999999999909,1.34358806641493E-07));
#11719=DIRECTION('',(-0.93979575176784,-4.591537675802245E-08,0.3417366602504307));
#11720=FACE_SURFACE('',(#11725),#11721,.T.);
#11721=PLANE('',#11722);
#11722=AXIS2_PLACEMENT_3D('',#970,#11723,#11724);
#11723=DIRECTION('',(0.29508381206932166,-1.283759934023999E-07,0.9554713725981647));
#11724=DIRECTION('',(0,-0.9999999999999909,-1.34358806641493E-07));
#11725=FACE_BOUND('',#11726,.T.);
#11726=EDGE_LOOP('',(#11727,#11728,#11729));
#11727=ORIENTED_EDGE('',*,*,#11730,.T.);
#11728=ORIENTED_EDGE('',*,*,#11731,.T.);
#11729=ORIENTED_EDGE('',*,*,#11732,.T.);
#11730=EDGE_CURVE('',#971,#969,#11733,.F.);
#11731=EDGE_CURVE('',#969,#973,#11734,.T.);
#11732=EDGE_CURVE('',#973,#971,#11735,.T.);
#11733=LINE('',#970,#11736);
#11734=LINE('',#968,#11737);
#11735=LINE('',#972,#11738);
#11736=VECTOR('',#11739,1.0);
#11737=VECTOR('',#11740,1.0);
#11738=VECTOR('',#11741,1.0);
#11739=DIRECTION('',(0,-0.9999999999999909,-1.34358806641493E-07));
#11740=DIRECTION('',(0.9554713725981734,3.9647172632411983E-08,-0.295083812069319));
#11741=DIRECTION('',(-0.09164994493365317,0.9953889284949009,0.028304922247400728));
#11742=FACE_SURFACE('',(#11747),#11743,.T.);
#11743=PLANE('',#11744);
#11744=AXIS2_PLACEMENT_3D('',#970,#11745,#11746);
#11745=DIRECTION('',(0.29508381206871626,-1.2837605445960407E-07,0.9554713725983517));
#11746=DIRECTION('',(0.09164994493365317,-0.9953889284949009,-0.028304922247400728));
#11747=FACE_BOUND('',#11748,.T.);
#11748=EDGE_LOOP('',(#11749,#11750,#11751));
#11749=ORIENTED_EDGE('',*,*,#11752,.T.);
#11750=ORIENTED_EDGE('',*,*,#11753,.T.);
#11751=ORIENTED_EDGE('',*,*,#11754,.T.);
#11752=EDGE_CURVE('',#971,#973,#11755,.F.);
#11753=EDGE_CURVE('',#973,#975,#11756,.T.);
#11754=EDGE_CURVE('',#975,#971,#11757,.T.);
#11755=LINE('',#970,#11758);
#11756=LINE('',#972,#11759);
#11757=LINE('',#974,#11760);
#11758=VECTOR('',#11761,1.0);
#11759=VECTOR('',#11762,1.0);
#11760=VECTOR('',#11763,1.0);
#11761=DIRECTION('',(0.09164994493365317,-0.9953889284949009,-0.028304922247400728));
#11762=DIRECTION('',(0,0.999999999999991,1.3435887054242912E-07));
#11763=DIRECTION('',(-0.9554713725983602,-3.964700685495524E-08,0.2950838120687136));
#11764=FACE_SURFACE('',(#11769),#11765,.T.);
#11765=PLANE('',#11766);
#11766=AXIS2_PLACEMENT_3D('',#974,#11767,#11768);
#11767=DIRECTION('',(0.24319547122909346,-1.3032505449768928E-07,0.9699773001331745));
#11768=DIRECTION('',(0,-0.999999999999991,-1.3435887054242912E-07));
#11769=FACE_BOUND('',#11770,.T.);
#11770=EDGE_LOOP('',(#11771,#11772,#11773));
#11771=ORIENTED_EDGE('',*,*,#11774,.T.);
#11772=ORIENTED_EDGE('',*,*,#11775,.T.);
#11773=ORIENTED_EDGE('',*,*,#11776,.T.);
#11774=EDGE_CURVE('',#975,#973,#11777,.F.);
#11775=EDGE_CURVE('',#973,#977,#11778,.T.);
#11776=EDGE_CURVE('',#977,#975,#11779,.T.);
#11777=LINE('',#974,#11780);
#11778=LINE('',#972,#11781);
#11779=LINE('',#976,#11782);
#11780=VECTOR('',#11783,1.0);
#11781=VECTOR('',#11784,1.0);
#11782=VECTOR('',#11785,1.0);
#11783=DIRECTION('',(0,-0.999999999999991,-1.3435887054242912E-07));
#11784=DIRECTION('',(0.9699773001331831,3.267534170257694E-08,-0.2431954712290913));
#11785=DIRECTION('',(-0.08747698627476247,0.9959250661377744,0.021932612948632364));
#11786=FACE_SURFACE('',(#11791),#11787,.T.);
#11787=PLANE('',#11788);
#11788=AXIS2_PLACEMENT_3D('',#974,#11789,#11790);
#11789=DIRECTION('',(0.2431954712297574,-1.303249925161361E-07,0.9699773001330079));
#11790=DIRECTION('',(0.08747698627476247,-0.9959250661377744,-0.021932612948632364));
#11791=FACE_BOUND('',#11792,.T.);
#11792=EDGE_LOOP('',(#11793,#11794,#11795));
#11793=ORIENTED_EDGE('',*,*,#11796,.T.);
#11794=ORIENTED_EDGE('',*,*,#11797,.T.);
#11795=ORIENTED_EDGE('',*,*,#11798,.T.);
#11796=EDGE_CURVE('',#975,#977,#11799,.F.);
#11797=EDGE_CURVE('',#977,#979,#11800,.T.);
#11798=EDGE_CURVE('',#979,#975,#11801,.T.);
#11799=LINE('',#974,#11802);
#11800=LINE('',#976,#11803);
#11801=LINE('',#978,#11804);
#11802=VECTOR('',#11805,1.0);
#11803=VECTOR('',#11806,1.0);
#11804=VECTOR('',#11807,1.0);
#11805=DIRECTION('',(0.08747698627476247,-0.9959250661377744,-0.021932612948632364));
#11806=DIRECTION('',(0,0.9999999999999909,1.34358806641493E-07));
#11807=DIRECTION('',(-0.9699773001330166,-3.267551812006065E-08,0.2431954712297552));
#11808=FACE_SURFACE('',(#11813),#11809,.T.);
#11809=PLANE('',#11810);
#11810=AXIS2_PLACEMENT_3D('',#978,#11811,#11812);
#11811=DIRECTION('',(0.18485743561528625,-1.3204317931586613E-07,0.9827653476276639));
#11812=DIRECTION('',(0,-0.9999999999999909,-1.34358806641493E-07));
#11813=FACE_BOUND('',#11814,.T.);
#11814=EDGE_LOOP('',(#11815,#11816,#11817));
#11815=ORIENTED_EDGE('',*,*,#11818,.T.);
#11816=ORIENTED_EDGE('',*,*,#11819,.T.);
#11817=ORIENTED_EDGE('',*,*,#11820,.T.);
#11818=EDGE_CURVE('',#979,#977,#11821,.F.);
#11819=EDGE_CURVE('',#977,#981,#11822,.T.);
#11820=EDGE_CURVE('',#981,#979,#11823,.T.);
#11821=LINE('',#978,#11824);
#11822=LINE('',#976,#11825);
#11823=LINE('',#980,#11826);
#11824=VECTOR('',#11827,1.0);
#11825=VECTOR('',#11828,1.0);
#11826=VECTOR('',#11829,1.0);
#11827=DIRECTION('',(0,-0.9999999999999909,-1.34358806641493E-07));
#11828=DIRECTION('',(0.9827653476276726,2.483727119850079E-08,-0.18485743561528456));
#11829=DIRECTION('',(-0.08297191340549494,0.9964296665314589,0.015607089473595893));
#11830=FACE_SURFACE('',(#11835),#11831,.T.);
#11831=PLANE('',#11832);
#11832=AXIS2_PLACEMENT_3D('',#978,#11833,#11834);
#11833=DIRECTION('',(0.1848574356145578,-1.3204324211424565E-07,0.9827653476278008));
#11834=DIRECTION('',(0.08297191340549494,-0.9964296665314589,-0.015607089473595893));
#11835=FACE_BOUND('',#11836,.T.);
#11836=EDGE_LOOP('',(#11837,#11838,#11839));
#11837=ORIENTED_EDGE('',*,*,#11840,.T.);
#11838=ORIENTED_EDGE('',*,*,#11841,.T.);
#11839=ORIENTED_EDGE('',*,*,#11842,.T.);
#11840=EDGE_CURVE('',#979,#981,#11843,.F.);
#11841=EDGE_CURVE('',#981,#983,#11844,.T.);
#11842=EDGE_CURVE('',#983,#979,#11845,.T.);
#11843=LINE('',#978,#11846);
#11844=LINE('',#980,#11847);
#11845=LINE('',#982,#11848);
#11846=VECTOR('',#11849,1.0);
#11847=VECTOR('',#11850,1.0);
#11848=VECTOR('',#11851,1.0);
#11849=DIRECTION('',(0.08297191340549494,-0.9964296665314589,-0.015607089473595893));
#11850=DIRECTION('',(0,0.9999999999999909,1.3435887054242695E-07));
#11851=DIRECTION('',(-0.9827653476278096,-2.4837271198504252E-08,0.18485743561455614));
#11852=FACE_SURFACE('',(#11857),#11853,.T.);
#11853=PLANE('',#11854);
#11854=AXIS2_PLACEMENT_3D('',#982,#11855,#11856);
#11855=DIRECTION('',(0.11855316341018814,-1.3341133232609425E-07,0.9929477062994906));
#11856=DIRECTION('',(0,-0.9999999999999909,-1.3435887054242695E-07));
#11857=FACE_BOUND('',#11858,.T.);
#11858=EDGE_LOOP('',(#11859,#11860,#11861));
#11859=ORIENTED_EDGE('',*,*,#11862,.T.);
#11860=ORIENTED_EDGE('',*,*,#11863,.T.);
#11861=ORIENTED_EDGE('',*,*,#11864,.T.);
#11862=EDGE_CURVE('',#983,#981,#11865,.F.);
#11863=EDGE_CURVE('',#981,#985,#11866,.T.);
#11864=EDGE_CURVE('',#985,#983,#11867,.T.);
#11865=LINE('',#982,#11868);
#11866=LINE('',#980,#11869);
#11867=LINE('',#984,#11870);
#11868=VECTOR('',#11871,1.0);
#11869=VECTOR('',#11872,1.0);
#11870=VECTOR('',#11873,1.0);
#11871=DIRECTION('',(0,-0.9999999999999909,-1.3435887054242695E-07));
#11872=DIRECTION('',(0.9929477062994996,1.5928666874513038E-08,-0.11855316341018707));
#11873=DIRECTION('',(-0.07813438691577132,0.9968991861225049,0.009329002603924611));
#11874=FACE_SURFACE('',(#11879),#11875,.T.);
#11875=PLANE('',#11876);
#11876=AXIS2_PLACEMENT_3D('',#982,#11877,#11878);
#11877=DIRECTION('',(0.11855316341018814,-1.3341133232638542E-07,0.9929477062994906));
#11878=DIRECTION('',(0.07813438691577132,-0.9968991861225049,-0.009329002603924611));
#11879=FACE_BOUND('',#11880,.T.);
#11880=EDGE_LOOP('',(#11881,#11882,#11883));
#11881=ORIENTED_EDGE('',*,*,#11884,.T.);
#11882=ORIENTED_EDGE('',*,*,#11885,.T.);
#11883=ORIENTED_EDGE('',*,*,#11886,.T.);
#11884=EDGE_CURVE('',#983,#985,#11887,.F.);
#11885=EDGE_CURVE('',#985,#987,#11888,.T.);
#11886=EDGE_CURVE('',#987,#983,#11889,.T.);
#11887=LINE('',#982,#11890);
#11888=LINE('',#984,#11891);
#11889=LINE('',#986,#11892);
#11890=VECTOR('',#11893,1.0);
#11891=VECTOR('',#11894,1.0);
#11892=VECTOR('',#11895,1.0);
#11893=DIRECTION('',(0.07813438691577132,-0.9968991861225049,-0.009329002603924611));
#11894=DIRECTION('',(0,0.9999999999999909,1.3435887054242695E-07));
#11895=DIRECTION('',(-0.9929477062994996,-1.5928666874513038E-08,0.11855316341018707));
#11896=FACE_SURFACE('',(#11901),#11897,.T.);
#11897=PLANE('',#11898);
#11898=AXIS2_PLACEMENT_3D('',#986,#11899,#11900);
#11899=DIRECTION('',(0.04243393982888801,-1.3423785011144434E-07,0.9990992747222772));
#11900=DIRECTION('',(0,-0.9999999999999909,-1.3435887054242695E-07));
#11901=FACE_BOUND('',#11902,.T.);
#11902=EDGE_LOOP('',(#11903,#11904,#11905));
#11903=ORIENTED_EDGE('',*,*,#11906,.T.);
#11904=ORIENTED_EDGE('',*,*,#11907,.T.);
#11905=ORIENTED_EDGE('',*,*,#11908,.T.);
#11906=EDGE_CURVE('',#987,#985,#11909,.F.);
#11907=EDGE_CURVE('',#985,#989,#11910,.T.);
#11908=EDGE_CURVE('',#989,#987,#11911,.T.);
#11909=LINE('',#986,#11912);
#11910=LINE('',#984,#11913);
#11911=LINE('',#988,#11914);
#11912=VECTOR('',#11915,1.0);
#11913=VECTOR('',#11916,1.0);
#11914=VECTOR('',#11917,1.0);
#11915=DIRECTION('',(0,-0.9999999999999909,-1.3435887054242695E-07));
#11916=DIRECTION('',(0.9990992747222863,5.7015267500067995E-09,-0.042433939828887636));
#11917=DIRECTION('',(-0.07296412075247104,0.9973297512775984,0.0030990804091419488));
#11918=FACE_SURFACE('',(#11923),#11919,.T.);
#11919=PLANE('',#11920);
#11920=AXIS2_PLACEMENT_3D('',#986,#11921,#11922);
#11921=DIRECTION('',(0.04243393982888801,-1.3423785011147827E-07,0.9990992747222771));
#11922=DIRECTION('',(0.07296412075247104,-0.9973297512775984,-0.0030990804091419488));
#11923=FACE_BOUND('',#11924,.T.);
#11924=EDGE_LOOP('',(#11925,#11926,#11927));
#11925=ORIENTED_EDGE('',*,*,#11928,.T.);
#11926=ORIENTED_EDGE('',*,*,#11929,.T.);
#11927=ORIENTED_EDGE('',*,*,#11930,.T.);
#11928=EDGE_CURVE('',#987,#989,#11931,.F.);
#11929=EDGE_CURVE('',#989,#991,#11932,.T.);
#11930=EDGE_CURVE('',#991,#987,#11933,.T.);
#11931=LINE('',#986,#11934);
#11932=LINE('',#988,#11935);
#11933=LINE('',#990,#11936);
#11934=VECTOR('',#11937,1.0);
#11935=VECTOR('',#11938,1.0);
#11936=VECTOR('',#11939,1.0);
#11937=DIRECTION('',(0.07296412075247104,-0.9973297512775984,-0.0030990804091419488));
#11938=DIRECTION('',(0,0.999999999999991,1.3435887054242912E-07));
#11939=DIRECTION('',(-0.9990992747222863,-5.701308584905782E-09,0.042433939828887636));
#11940=FACE_SURFACE('',(#11945),#11941,.T.);
#11941=PLANE('',#11942);
#11942=AXIS2_PLACEMENT_3D('',#990,#11943,#11944);
#11943=DIRECTION('',(-0.09130652519752014,-1.3379763135402142E-07,0.9958228348739232));
#11944=DIRECTION('',(0,-0.999999999999991,-1.3435887054242912E-07));
#11945=FACE_BOUND('',#11946,.T.);
#11946=EDGE_LOOP('',(#11947,#11948,#11949));
#11947=ORIENTED_EDGE('',*,*,#11950,.T.);
#11948=ORIENTED_EDGE('',*,*,#11951,.T.);
#11949=ORIENTED_EDGE('',*,*,#11952,.T.);
#11950=EDGE_CURVE('',#991,#989,#11953,.F.);
#11951=EDGE_CURVE('',#989,#993,#11954,.T.);
#11952=EDGE_CURVE('',#993,#991,#11955,.T.);
#11953=LINE('',#990,#11956);
#11954=LINE('',#988,#11957);
#11955=LINE('',#992,#11958);
#11956=VECTOR('',#11959,1.0);
#11957=VECTOR('',#11960,1.0);
#11958=VECTOR('',#11961,1.0);
#11959=DIRECTION('',(0,-0.999999999999991,-1.3435887054242912E-07));
#11960=DIRECTION('',(0.9958228348739322,-1.2267854414638456E-08,0.09130652519751932));
#11961=DIRECTION('',(-0.06918719277964307,0.997583525829166,-0.0063436069804194755));
#11962=FACE_SURFACE('',(#11967),#11963,.T.);
#11963=PLANE('',#11964);
#11964=AXIS2_PLACEMENT_3D('',#990,#11965,#11966);
#11965=DIRECTION('',(-0.09130652519661026,-1.337975677192045E-07,0.9958228348740066));
#11966=DIRECTION('',(0.06918719277964307,-0.997583525829166,0.0063436069804194755));
#11967=FACE_BOUND('',#11968,.T.);
#11968=EDGE_LOOP('',(#11969,#11970,#11971));
#11969=ORIENTED_EDGE('',*,*,#11972,.T.);
#11970=ORIENTED_EDGE('',*,*,#11973,.T.);
#11971=ORIENTED_EDGE('',*,*,#11974,.T.);
#11972=EDGE_CURVE('',#991,#993,#11975,.F.);
#11973=EDGE_CURVE('',#993,#995,#11976,.T.);
#11974=EDGE_CURVE('',#995,#991,#11977,.T.);
#11975=LINE('',#990,#11978);
#11976=LINE('',#992,#11979);
#11977=LINE('',#994,#11980);
#11978=VECTOR('',#11981,1.0);
#11979=VECTOR('',#11982,1.0);
#11980=VECTOR('',#11983,1.0);
#11981=DIRECTION('',(0.06918719277964307,-0.997583525829166,0.0063436069804194755));
#11982=DIRECTION('',(0,0.999999999999991,1.3435880664149516E-07));
#11983=DIRECTION('',(-0.9958228348740156,1.2267854414639483E-08,-0.09130652519660945));
#11984=FACE_SURFACE('',(#11989),#11985,.T.);
#11985=PLANE('',#11986);
#11986=AXIS2_PLACEMENT_3D('',#994,#11987,#11988);
#11987=DIRECTION('',(-0.16622329152365775,-1.3248962556384843E-07,0.9860881387355918));
#11988=DIRECTION('',(0,-0.999999999999991,-1.3435880664149516E-07));
#11989=FACE_BOUND('',#11990,.T.);
#11990=EDGE_LOOP('',(#11991,#11992,#11993));
#11991=ORIENTED_EDGE('',*,*,#11994,.T.);
#11992=ORIENTED_EDGE('',*,*,#11995,.T.);
#11993=ORIENTED_EDGE('',*,*,#11996,.T.);
#11994=EDGE_CURVE('',#995,#993,#11997,.F.);
#11995=EDGE_CURVE('',#993,#997,#11998,.T.);
#11996=EDGE_CURVE('',#997,#995,#11999,.T.);
#11997=LINE('',#994,#12000);
#11998=LINE('',#992,#12001);
#11999=LINE('',#996,#12002);
#12000=VECTOR('',#12003,1.0);
#12001=VECTOR('',#12004,1.0);
#12002=VECTOR('',#12005,1.0);
#12003=DIRECTION('',(0,-0.999999999999991,-1.3435880664149516E-07));
#12004=DIRECTION('',(0.9860881387356005,-2.2333562677932735E-08,0.16622329152365625));
#12005=DIRECTION('',(-0.06659352310798332,0.9977170402589979,-0.01122542902929772));
#12006=FACE_SURFACE('',(#12011),#12007,.T.);
#12007=PLANE('',#12008);
#12008=AXIS2_PLACEMENT_3D('',#994,#12009,#12010);
#12009=DIRECTION('',(-0.16622329152457577,-1.3248968857511946E-07,0.986088138735437));
#12010=DIRECTION('',(0.06659352310798332,-0.9977170402589979,0.01122542902929772));
#12011=FACE_BOUND('',#12012,.T.);
#12012=EDGE_LOOP('',(#12013,#12014,#12015));
#12013=ORIENTED_EDGE('',*,*,#12016,.T.);
#12014=ORIENTED_EDGE('',*,*,#12017,.T.);
#12015=ORIENTED_EDGE('',*,*,#12018,.T.);
#12016=EDGE_CURVE('',#995,#997,#12019,.F.);
#12017=EDGE_CURVE('',#997,#999,#12020,.T.);
#12018=EDGE_CURVE('',#999,#995,#12021,.T.);
#12019=LINE('',#994,#12022);
#12020=LINE('',#996,#12023);
#12021=LINE('',#998,#12024);
#12022=VECTOR('',#12025,1.0);
#12023=VECTOR('',#12026,1.0);
#12024=VECTOR('',#12027,1.0);
#12025=DIRECTION('',(0.06659352310798332,-0.9977170402589979,0.01122542902929772));
#12026=DIRECTION('',(0,0.999999999999991,1.3435887054242912E-07));
#12027=DIRECTION('',(-0.9860881387354459,2.2333562677929234E-08,-0.16622329152457424));
#12028=FACE_SURFACE('',(#12033),#12029,.T.);
#12029=PLANE('',#12030);
#12030=AXIS2_PLACEMENT_3D('',#998,#12031,#12032);
#12031=DIRECTION('',(-0.24643855896886815,-1.302150302440085E-07,0.9691584166963266));
#12032=DIRECTION('',(0,-0.999999999999991,-1.3435887054242912E-07));
#12033=FACE_BOUND('',#12034,.T.);
#12034=EDGE_LOOP('',(#12035,#12036,#12037));
#12035=ORIENTED_EDGE('',*,*,#12038,.T.);
#12036=ORIENTED_EDGE('',*,*,#12039,.T.);
#12037=ORIENTED_EDGE('',*,*,#12040,.T.);
#12038=EDGE_CURVE('',#999,#997,#12041,.F.);
#12039=EDGE_CURVE('',#997,#1001,#12042,.T.);
#12040=EDGE_CURVE('',#1001,#999,#12043,.T.);
#12041=LINE('',#998,#12044);
#12042=LINE('',#996,#12045);
#12043=LINE('',#1000,#12046);
#12044=VECTOR('',#12047,1.0);
#12045=VECTOR('',#12048,1.0);
#12046=VECTOR('',#12049,1.0);
#12047=DIRECTION('',(0,-0.999999999999991,-1.3435887054242912E-07));
#12048=DIRECTION('',(0.9691584166963354,-3.311139527425929E-08,0.24643855896886593));
#12049=DIRECTION('',(-0.06334882462020928,0.9978614383442329,-0.016108267592036204));
#12050=FACE_SURFACE('',(#12055),#12051,.T.);
#12051=PLANE('',#12052);
#12052=AXIS2_PLACEMENT_3D('',#998,#12053,#12054);
#12053=DIRECTION('',(-0.24643855896886818,-1.3021503024513997E-07,0.9691584166963267));
#12054=DIRECTION('',(0.06334882462020928,-0.9978614383442329,0.016108267592036204));
#12055=FACE_BOUND('',#12056,.T.);
#12056=EDGE_LOOP('',(#12057,#12058,#12059));
#12057=ORIENTED_EDGE('',*,*,#12060,.T.);
#12058=ORIENTED_EDGE('',*,*,#12061,.T.);
#12059=ORIENTED_EDGE('',*,*,#12062,.T.);
#12060=EDGE_CURVE('',#999,#1001,#12063,.F.);
#12061=EDGE_CURVE('',#1001,#1003,#12064,.T.);
#12062=EDGE_CURVE('',#1003,#999,#12065,.T.);
#12063=LINE('',#998,#12066);
#12064=LINE('',#1000,#12067);
#12065=LINE('',#1002,#12068);
#12066=VECTOR('',#12069,1.0);
#12067=VECTOR('',#12070,1.0);
#12068=VECTOR('',#12071,1.0);
#12069=DIRECTION('',(0.06334882462020928,-0.9978614383442329,0.016108267592036204));
#12070=DIRECTION('',(0,0.9999999999999909,1.3435887054242695E-07));
#12071=DIRECTION('',(-0.9691584166963354,3.311115139567585E-08,-0.24643855896886593));
#12072=FACE_SURFACE('',(#12077),#12073,.T.);
#12073=PLANE('',#12074);
#12074=AXIS2_PLACEMENT_3D('',#1002,#12075,#12076);
#12075=DIRECTION('',(-0.33295667289676634,-1.2669263910663268E-07,0.9429421265239452));
#12076=DIRECTION('',(0,-0.9999999999999909,-1.3435887054242695E-07));
#12077=FACE_BOUND('',#12078,.T.);
#12078=EDGE_LOOP('',(#12079,#12080,#12081));
#12079=ORIENTED_EDGE('',*,*,#12082,.T.);
#12080=ORIENTED_EDGE('',*,*,#12083,.T.);
#12081=ORIENTED_EDGE('',*,*,#12084,.T.);
#12082=EDGE_CURVE('',#1003,#1001,#12085,.F.);
#12083=EDGE_CURVE('',#1001,#1005,#12086,.T.);
#12084=EDGE_CURVE('',#1005,#1003,#12087,.T.);
#12085=LINE('',#1002,#12088);
#12086=LINE('',#1000,#12089);
#12087=LINE('',#1004,#12090);
#12088=VECTOR('',#12091,1.0);
#12089=VECTOR('',#12092,1.0);
#12090=VECTOR('',#12093,1.0);
#12091=DIRECTION('',(0,-0.9999999999999909,-1.3435887054242695E-07));
#12092=DIRECTION('',(0.9429421265239536,-4.473558983372632E-08,0.3329566728967633));
#12093=DIRECTION('',(-0.059452678544150775,0.9980103603656658,-0.02099284679884574));
#12094=FACE_SURFACE('',(#12099),#12095,.T.);
#12095=PLANE('',#12096);
#12096=AXIS2_PLACEMENT_3D('',#1002,#12097,#12098);
#12097=DIRECTION('',(-0.33295667289676634,-1.266926391067907E-07,0.9429421265239452));
#12098=DIRECTION('',(0.059452678544150775,-0.9980103603656658,0.02099284679884574));
#12099=FACE_BOUND('',#12100,.T.);
#12100=EDGE_LOOP('',(#12101,#12102,#12103));
#12101=ORIENTED_EDGE('',*,*,#12104,.T.);
#12102=ORIENTED_EDGE('',*,*,#12105,.T.);
#12103=ORIENTED_EDGE('',*,*,#12106,.T.);
#12104=EDGE_CURVE('',#1003,#1005,#12107,.F.);
#12105=EDGE_CURVE('',#1005,#1007,#12108,.T.);
#12106=EDGE_CURVE('',#1007,#1003,#12109,.T.);
#12107=LINE('',#1002,#12110);
#12108=LINE('',#1004,#12111);
#12109=LINE('',#1006,#12112);
#12110=VECTOR('',#12113,1.0);
#12111=VECTOR('',#12114,1.0);
#12112=VECTOR('',#12115,1.0);
#12113=DIRECTION('',(0.059452678544150775,-0.9980103603656658,0.02099284679884574));
#12114=DIRECTION('',(0,0.9999999999999909,1.3435887054242695E-07));
#12115=DIRECTION('',(-0.9429421265239536,4.473558983372632E-08,-0.3329566728967633));
#12116=FACE_SURFACE('',(#12121),#12117,.T.);
#12117=PLANE('',#12118);
#12118=AXIS2_PLACEMENT_3D('',#1006,#12119,#12120);
#12119=DIRECTION('',(-0.42635652485651676,-1.2153501530234207E-07,0.9045552021365306));
#12120=DIRECTION('',(0,-0.9999999999999909,-1.3435887054242695E-07));
#12121=FACE_BOUND('',#12122,.T.);
#12122=EDGE_LOOP('',(#12123,#12124,#12125));
#12123=ORIENTED_EDGE('',*,*,#12126,.T.);
#12124=ORIENTED_EDGE('',*,*,#12127,.T.);
#12125=ORIENTED_EDGE('',*,*,#12128,.T.);
#12126=EDGE_CURVE('',#1007,#1005,#12129,.F.);
#12127=EDGE_CURVE('',#1005,#1009,#12130,.T.);
#12128=EDGE_CURVE('',#1009,#1007,#12131,.T.);
#12129=LINE('',#1006,#12132);
#12130=LINE('',#1004,#12133);
#12131=LINE('',#1008,#12134);
#12132=VECTOR('',#12135,1.0);
#12133=VECTOR('',#12136,1.0);
#12134=VECTOR('',#12137,1.0);
#12135=DIRECTION('',(0,-0.9999999999999909,-1.3435887054242695E-07));
#12136=DIRECTION('',(0.9045552021365387,-5.728463782601134E-08,0.4263565248565128));
#12137=DIRECTION('',(-0.05490409034894796,0.998156220456373,-0.025878570810674448));
#12138=FACE_SURFACE('',(#12143),#12139,.T.);
#12139=PLANE('',#12140);
#12140=AXIS2_PLACEMENT_3D('',#1006,#12141,#12142);
#12141=DIRECTION('',(-0.4263565248556569,-1.215349574983374E-07,0.9045552021369359));
#12142=DIRECTION('',(0.05490409034894796,-0.998156220456373,0.025878570810674448));
#12143=FACE_BOUND('',#12144,.T.);
#12144=EDGE_LOOP('',(#12145,#12146,#12147));
#12145=ORIENTED_EDGE('',*,*,#12148,.T.);
#12146=ORIENTED_EDGE('',*,*,#12149,.T.);
#12147=ORIENTED_EDGE('',*,*,#12150,.T.);
#12148=EDGE_CURVE('',#1007,#1009,#12151,.F.);
#12149=EDGE_CURVE('',#1009,#1011,#12152,.T.);
#12150=EDGE_CURVE('',#1011,#1007,#12153,.T.);
#12151=LINE('',#1006,#12154);
#12152=LINE('',#1008,#12155);
#12153=LINE('',#1010,#12156);
#12154=VECTOR('',#12157,1.0);
#12155=VECTOR('',#12158,1.0);
#12156=VECTOR('',#12159,1.0);
#12157=DIRECTION('',(0.05490409034894796,-0.998156220456373,0.025878570810674448));
#12158=DIRECTION('',(0,0.999999999999991,1.3435880664149516E-07));
#12159=DIRECTION('',(-0.9045552021369441,5.728490053573523E-08,-0.426356524855653));
#12160=FACE_SURFACE('',(#12165),#12161,.T.);
#12161=PLANE('',#12162);
#12162=AXIS2_PLACEMENT_3D('',#1010,#12163,#12164);
#12163=DIRECTION('',(-0.5263238449317854,-1.1424316958747242E-07,0.8502841938176958));
#12164=DIRECTION('',(0,-0.999999999999991,-1.3435880664149516E-07));
#12165=FACE_BOUND('',#12166,.T.);
#12166=EDGE_LOOP('',(#12167,#12168,#12169));
#12167=ORIENTED_EDGE('',*,*,#12170,.T.);
#12168=ORIENTED_EDGE('',*,*,#12171,.T.);
#12169=ORIENTED_EDGE('',*,*,#12172,.T.);
#12170=EDGE_CURVE('',#1011,#1009,#12173,.F.);
#12171=EDGE_CURVE('',#1009,#1013,#12174,.T.);
#12172=EDGE_CURVE('',#1013,#1011,#12175,.T.);
#12173=LINE('',#1010,#12176);
#12174=LINE('',#1008,#12177);
#12175=LINE('',#1012,#12178);
#12176=VECTOR('',#12179,1.0);
#12177=VECTOR('',#12180,1.0);
#12178=VECTOR('',#12181,1.0);
#12179=DIRECTION('',(0,-0.999999999999991,-1.3435880664149516E-07));
#12180=DIRECTION('',(0.8502841938177035,-7.071636293985417E-08,0.5263238449317806));
#12181=DIRECTION('',(-0.04970248936943289,0.9982901087785907,-0.030765585730014883));
#12182=FACE_SURFACE('',(#12187),#12183,.T.);
#12183=PLANE('',#12184);
#12184=AXIS2_PLACEMENT_3D('',#1010,#12185,#12186);
#12185=DIRECTION('',(-0.5263238449325744,-1.1424322392129024E-07,0.8502841938172074));
#12186=DIRECTION('',(0.04970248936943289,-0.9982901087785907,0.030765585730014883));
#12187=FACE_BOUND('',#12188,.T.);
#12188=EDGE_LOOP('',(#12189,#12190,#12191));
#12189=ORIENTED_EDGE('',*,*,#12192,.T.);
#12190=ORIENTED_EDGE('',*,*,#12193,.T.);
#12191=ORIENTED_EDGE('',*,*,#12194,.T.);
#12192=EDGE_CURVE('',#1011,#1013,#12195,.F.);
#12193=EDGE_CURVE('',#1013,#1015,#12196,.T.);
#12194=EDGE_CURVE('',#1015,#1011,#12197,.T.);
#12195=LINE('',#1010,#12198);
#12196=LINE('',#1012,#12199);
#12197=LINE('',#1014,#12200);
#12198=VECTOR('',#12201,1.0);
#12199=VECTOR('',#12202,1.0);
#12200=VECTOR('',#12203,1.0);
#12201=DIRECTION('',(0.04970248936943289,-0.9982901087785907,0.030765585730014883));
#12202=DIRECTION('',(0,0.999999999999991,1.3435887054242912E-07));
#12203=DIRECTION('',(-0.850284193817215,7.071636293981353E-08,-0.5263238449325696));
#12204=FACE_SURFACE('',(#12209),#12205,.T.);
#12205=PLANE('',#12206);
#12206=AXIS2_PLACEMENT_3D('',#1014,#12207,#12208);
#12207=DIRECTION('',(-0.6308818607035835,-1.0424621357958598E-07,0.7758789066827202));
#12208=DIRECTION('',(0,-0.999999999999991,-1.3435887054242912E-07));
#12209=FACE_BOUND('',#12210,.T.);
#12210=EDGE_LOOP('',(#12211,#12212,#12213));
#12211=ORIENTED_EDGE('',*,*,#12214,.T.);
#12212=ORIENTED_EDGE('',*,*,#12215,.T.);
#12213=ORIENTED_EDGE('',*,*,#12216,.T.);
#12214=EDGE_CURVE('',#1015,#1013,#12217,.F.);
#12215=EDGE_CURVE('',#1013,#1017,#12218,.T.);
#12216=EDGE_CURVE('',#1017,#1015,#12219,.T.);
#12217=LINE('',#1014,#12220);
#12218=LINE('',#1012,#12221);
#12219=LINE('',#1016,#12222);
#12220=VECTOR('',#12223,1.0);
#12221=VECTOR('',#12224,1.0);
#12222=VECTOR('',#12225,1.0);
#12223=DIRECTION('',(0,-0.999999999999991,-1.3435887054242912E-07));
#12224=DIRECTION('',(0.7758789066827273,-8.476461228185453E-08,0.630881860703578));
#12225=DIRECTION('',(-0.043847238545698004,0.9984018686310652,-0.035652887483537885));
#12226=FACE_SURFACE('',(#12231),#12227,.T.);
#12227=PLANE('',#12228);
#12228=AXIS2_PLACEMENT_3D('',#1014,#12229,#12230);
#12229=DIRECTION('',(-0.6308818607035837,-1.0424621358281776E-07,0.7758789066827203));
#12230=DIRECTION('',(0.043847238545698004,-0.9984018686310652,0.035652887483537885));
#12231=FACE_BOUND('',#12232,.T.);
#12232=EDGE_LOOP('',(#12233,#12234,#12235));
#12233=ORIENTED_EDGE('',*,*,#12236,.T.);
#12234=ORIENTED_EDGE('',*,*,#12237,.T.);
#12235=ORIENTED_EDGE('',*,*,#12238,.T.);
#12236=EDGE_CURVE('',#1015,#1017,#12239,.F.);
#12237=EDGE_CURVE('',#1017,#1019,#12240,.T.);
#12238=EDGE_CURVE('',#1019,#1015,#12241,.T.);
#12239=LINE('',#1014,#12242);
#12240=LINE('',#1016,#12243);
#12241=LINE('',#1018,#12244);
#12242=VECTOR('',#12245,1.0);
#12243=VECTOR('',#12246,1.0);
#12244=VECTOR('',#12247,1.0);
#12245=DIRECTION('',(0.043847238545698004,-0.9984018686310652,0.035652887483537885));
#12246=DIRECTION('',(0,0.9999999999999909,1.3435887054242695E-07));
#12247=DIRECTION('',(-0.7758789066827273,8.476433005112688E-08,-0.630881860703578));
#12248=FACE_SURFACE('',(#12253),#12249,.T.);
#12249=PLANE('',#12250);
#12250=AXIS2_PLACEMENT_3D('',#1018,#12251,#12252);
#12251=DIRECTION('',(-0.735559031092751,-9.102284573604891E-08,0.6774606348548121));
#12252=DIRECTION('',(0,-0.9999999999999909,-1.3435887054242695E-07));
#12253=FACE_BOUND('',#12254,.T.);
#12254=EDGE_LOOP('',(#12255,#12256,#12257));
#12255=ORIENTED_EDGE('',*,*,#12258,.T.);
#12256=ORIENTED_EDGE('',*,*,#12259,.T.);
#12257=ORIENTED_EDGE('',*,*,#12260,.T.);
#12258=EDGE_CURVE('',#1019,#1017,#12261,.F.);
#12259=EDGE_CURVE('',#1017,#1021,#12262,.T.);
#12260=EDGE_CURVE('',#1021,#1019,#12263,.T.);
#12261=LINE('',#1018,#12264);
#12262=LINE('',#1016,#12265);
#12263=LINE('',#1020,#12266);
#12264=VECTOR('',#12267,1.0);
#12265=VECTOR('',#12268,1.0);
#12266=VECTOR('',#12269,1.0);
#12267=DIRECTION('',(0,-0.9999999999999909,-1.3435887054242695E-07));
#12268=DIRECTION('',(0.6774606348548182,-9.882887888808814E-08,0.7355590310927446));
#12269=DIRECTION('',(-0.037338196118839144,0.9984800224653861,-0.04054015106179169));
#12270=FACE_SURFACE('',(#12275),#12271,.T.);
#12271=PLANE('',#12272);
#12272=AXIS2_PLACEMENT_3D('',#1018,#12273,#12274);
#12273=DIRECTION('',(-0.735559031092751,-9.102284573588445E-08,0.677460634854812));
#12274=DIRECTION('',(0.037338196118839144,-0.9984800224653861,0.04054015106179169));
#12275=FACE_BOUND('',#12276,.T.);
#12276=EDGE_LOOP('',(#12277,#12278,#12279));
#12277=ORIENTED_EDGE('',*,*,#12280,.T.);
#12278=ORIENTED_EDGE('',*,*,#12281,.T.);
#12279=ORIENTED_EDGE('',*,*,#12282,.T.);
#12280=EDGE_CURVE('',#1019,#1021,#12283,.F.);
#12281=EDGE_CURVE('',#1021,#1023,#12284,.T.);
#12282=EDGE_CURVE('',#1023,#1019,#12285,.T.);
#12283=LINE('',#1018,#12286);
#12284=LINE('',#1020,#12287);
#12285=LINE('',#1022,#12288);
#12286=VECTOR('',#12289,1.0);
#12287=VECTOR('',#12290,1.0);
#12288=VECTOR('',#12291,1.0);
#12289=DIRECTION('',(0.037338196118839144,-0.9984800224653861,0.04054015106179169));
#12290=DIRECTION('',(0,0.9999999999999909,1.3435887054242695E-07));
#12291=DIRECTION('',(-0.6774606348548182,9.882887888808814E-08,-0.7355590310927446));
#12292=FACE_SURFACE('',(#12297),#12293,.T.);
#12293=PLANE('',#12294);
#12294=AXIS2_PLACEMENT_3D('',#1022,#12295,#12296);
#12295=DIRECTION('',(-0.8329674022202882,-7.43437276052087E-08,0.5533220642974388));
#12296=DIRECTION('',(0,-0.9999999999999909,-1.3435887054242695E-07));
#12297=FACE_BOUND('',#12298,.T.);
#12298=EDGE_LOOP('',(#12299,#12300,#12301));
#12299=ORIENTED_EDGE('',*,*,#12302,.T.);
#12300=ORIENTED_EDGE('',*,*,#12303,.T.);
#12301=ORIENTED_EDGE('',*,*,#12304,.T.);
#12302=EDGE_CURVE('',#1023,#1021,#12305,.F.);
#12303=EDGE_CURVE('',#1021,#1025,#12306,.T.);
#12304=EDGE_CURVE('',#1025,#1023,#12307,.T.);
#12305=LINE('',#1022,#12308);
#12306=LINE('',#1020,#12309);
#12307=LINE('',#1024,#12310);
#12308=VECTOR('',#12311,1.0);
#12309=VECTOR('',#12312,1.0);
#12310=VECTOR('',#12313,1.0);
#12311=DIRECTION('',(0,-0.9999999999999909,-1.3435887054242695E-07));
#12312=DIRECTION('',(0.5533220642974438,-1.1191650524476285E-07,0.8329674022202808));
#12313=DIRECTION('',(-0.030175482622330628,0.9985118594079732,-0.04542583923431093));
#12314=FACE_SURFACE('',(#12319),#12315,.T.);
#12315=PLANE('',#12316);
#12316=AXIS2_PLACEMENT_3D('',#1022,#12317,#12318);
#12317=DIRECTION('',(-0.8329674022202882,-7.4343727604617E-08,0.5533220642974388));
#12318=DIRECTION('',(0.030175482622330628,-0.9985118594079732,0.04542583923431093));
#12319=FACE_BOUND('',#12320,.T.);
#12320=EDGE_LOOP('',(#12321,#12322,#12323));
#12321=ORIENTED_EDGE('',*,*,#12324,.T.);
#12322=ORIENTED_EDGE('',*,*,#12325,.T.);
#12323=ORIENTED_EDGE('',*,*,#12326,.T.);
#12324=EDGE_CURVE('',#1023,#1025,#12327,.F.);
#12325=EDGE_CURVE('',#1025,#1027,#12328,.T.);
#12326=EDGE_CURVE('',#1027,#1023,#12329,.T.);
#12327=LINE('',#1022,#12330);
#12328=LINE('',#1024,#12331);
#12329=LINE('',#1026,#12332);
#12330=VECTOR('',#12333,1.0);
#12331=VECTOR('',#12334,1.0);
#12332=VECTOR('',#12335,1.0);
#12333=DIRECTION('',(0.030175482622330628,-0.9985118594079732,0.04542583923431093));
#12334=DIRECTION('',(0,0.999999999999991,1.3435887054242912E-07));
#12335=DIRECTION('',(-0.5533220642974438,1.1191679774363966E-07,-0.8329674022202808));
#12336=FACE_SURFACE('',(#12341),#12337,.T.);
#12337=PLANE('',#12338);
#12338=AXIS2_PLACEMENT_3D('',#1026,#12339,#12340);
#12339=DIRECTION('',(-0.9138113817137209,-5.4568356039838815E-08,0.4061388415929428));
#12340=DIRECTION('',(0,-0.999999999999991,-1.3435887054242912E-07));
#12341=FACE_BOUND('',#12342,.T.);
#12342=EDGE_LOOP('',(#12343,#12344,#12345));
#12343=ORIENTED_EDGE('',*,*,#12346,.T.);
#12344=ORIENTED_EDGE('',*,*,#12347,.T.);
#12345=ORIENTED_EDGE('',*,*,#12348,.T.);
#12346=EDGE_CURVE('',#1027,#1025,#12349,.F.);
#12347=EDGE_CURVE('',#1025,#1029,#12350,.T.);
#12348=EDGE_CURVE('',#1029,#1027,#12351,.T.);
#12349=LINE('',#1026,#12352);
#12350=LINE('',#1024,#12353);
#12351=LINE('',#1028,#12354);
#12352=VECTOR('',#12355,1.0);
#12353=VECTOR('',#12356,1.0);
#12354=VECTOR('',#12357,1.0);
#12355=DIRECTION('',(0,-0.999999999999991,-1.3435887054242912E-07));
#12356=DIRECTION('',(0.4061388415929464,-1.2277856520759766E-07,0.9138113817137126));
#12357=DIRECTION('',(-0.022359602737714472,0.9984833804858331,-0.0503089162971582));
#12358=FACE_SURFACE('',(#12363),#12359,.T.);
#12359=PLANE('',#12360);
#12360=AXIS2_PLACEMENT_3D('',#1026,#12361,#12362);
#12361=DIRECTION('',(-0.9138113817137209,-5.456835603833575E-08,0.4061388415929428));
#12362=DIRECTION('',(0.022359602737714472,-0.9984833804858331,0.0503089162971582));
#12363=FACE_BOUND('',#12364,.T.);
#12364=EDGE_LOOP('',(#12365,#12366,#12367));
#12365=ORIENTED_EDGE('',*,*,#12368,.T.);
#12366=ORIENTED_EDGE('',*,*,#12369,.T.);
#12367=ORIENTED_EDGE('',*,*,#12370,.T.);
#12368=EDGE_CURVE('',#1027,#1029,#12371,.F.);
#12369=EDGE_CURVE('',#1029,#1031,#12372,.T.);
#12370=EDGE_CURVE('',#1031,#1027,#12373,.T.);
#12371=LINE('',#1026,#12374);
#12372=LINE('',#1028,#12375);
#12373=LINE('',#1030,#12376);
#12374=VECTOR('',#12377,1.0);
#12375=VECTOR('',#12378,1.0);
#12376=VECTOR('',#12379,1.0);
#12377=DIRECTION('',(0.022359602737714472,-0.9984833804858331,0.0503089162971582));
#12378=DIRECTION('',(0,0.999999999999991,1.3435887054242912E-07));
#12379=DIRECTION('',(-0.4061388415929464,1.2277856520759766E-07,-0.9138113817137126));
#12380=FACE_SURFACE('',(#12385),#12381,.T.);
#12381=PLANE('',#12382);
#12382=AXIS2_PLACEMENT_3D('',#1030,#12383,#12384);
#12383=DIRECTION('',(-0.9697483844791037,-3.279789770095105E-08,0.24410667913878842));
#12384=DIRECTION('',(0,-0.999999999999991,-1.3435887054242912E-07));
#12385=FACE_BOUND('',#12386,.T.);
#12386=EDGE_LOOP('',(#12387,#12388,#12389));
#12387=ORIENTED_EDGE('',*,*,#12390,.T.);
#12388=ORIENTED_EDGE('',*,*,#12391,.T.);
#12389=ORIENTED_EDGE('',*,*,#12392,.T.);
#12390=EDGE_CURVE('',#1031,#1029,#12393,.F.);
#12391=EDGE_CURVE('',#1029,#1033,#12394,.T.);
#12392=EDGE_CURVE('',#1033,#1031,#12395,.T.);
#12393=LINE('',#1030,#12396);
#12394=LINE('',#1028,#12397);
#12395=LINE('',#1032,#12398);
#12396=VECTOR('',#12399,1.0);
#12397=VECTOR('',#12400,1.0);
#12398=VECTOR('',#12401,1.0);
#12399=DIRECTION('',(0,-0.999999999999991,-1.3435887054242912E-07));
#12400=DIRECTION('',(0.24410667913879058,-1.3029443643836293E-07,0.9697483844790948));
#12401=DIRECTION('',(-0.01389193306146604,0.9983793616277286,-0.05518753909738365));
#12402=FACE_SURFACE('',(#12407),#12403,.T.);
#12403=PLANE('',#12404);
#12404=AXIS2_PLACEMENT_3D('',#1030,#12405,#12406);
#12405=DIRECTION('',(-0.9697483844791037,-3.279789769916831E-08,0.2441066791387884));
#12406=DIRECTION('',(0.01389193306146604,-0.9983793616277286,0.05518753909738365));
#12407=FACE_BOUND('',#12408,.T.);
#12408=EDGE_LOOP('',(#12409,#12410,#12411));
#12409=ORIENTED_EDGE('',*,*,#12412,.T.);
#12410=ORIENTED_EDGE('',*,*,#12413,.T.);
#12411=ORIENTED_EDGE('',*,*,#12414,.T.);
#12412=EDGE_CURVE('',#1031,#1033,#12415,.F.);
#12413=EDGE_CURVE('',#1033,#1035,#12416,.T.);
#12414=EDGE_CURVE('',#1035,#1031,#12417,.T.);
#12415=LINE('',#1030,#12418);
#12416=LINE('',#1032,#12419);
#12417=LINE('',#1034,#12420);
#12418=VECTOR('',#12421,1.0);
#12419=VECTOR('',#12422,1.0);
#12420=VECTOR('',#12423,1.0);
#12421=DIRECTION('',(0.01389193306146604,-0.9983793616277286,0.05518753909738365));
#12422=DIRECTION('',(0,0.9999999999999909,1.3435887054242695E-07));
#12423=DIRECTION('',(-0.24410667913879058,1.3029415617922198E-07,-0.9697483844790948));
#12424=FACE_SURFACE('',(#12429),#12425,.T.);
#12425=PLANE('',#12426);
#12426=AXIS2_PLACEMENT_3D('',#1034,#12427,#12428);
#12427=DIRECTION('',(-0.9968552298687543,-1.0647167524512162E-08,0.07924424700451746));
#12428=DIRECTION('',(0,-0.9999999999999909,-1.3435887054242695E-07));
#12429=FACE_BOUND('',#12430,.T.);
#12430=EDGE_LOOP('',(#12431,#12432,#12433));
#12431=ORIENTED_EDGE('',*,*,#12434,.T.);
#12432=ORIENTED_EDGE('',*,*,#12435,.T.);
#12433=ORIENTED_EDGE('',*,*,#12436,.T.);
#12434=EDGE_CURVE('',#1035,#1033,#12437,.F.);
#12435=EDGE_CURVE('',#1033,#1037,#12438,.T.);
#12436=EDGE_CURVE('',#1037,#1035,#12439,.T.);
#12437=LINE('',#1034,#12440);
#12438=LINE('',#1032,#12441);
#12439=LINE('',#1036,#12442);
#12440=VECTOR('',#12443,1.0);
#12441=VECTOR('',#12444,1.0);
#12442=VECTOR('',#12445,1.0);
#12443=DIRECTION('',(0,-0.9999999999999909,-1.3435887054242695E-07));
#12444=DIRECTION('',(0.07924424700451818,-1.3393616686178967E-07,0.9968552298687453));
#12445=DIRECTION('',(-0.004774403643732546,0.9981833740599217,-0.06005961055649004));
#12446=FACE_SURFACE('',(#12451),#12447,.T.);
#12447=PLANE('',#12448);
#12448=AXIS2_PLACEMENT_3D('',#1034,#12449,#12450);
#12449=DIRECTION('',(-0.9968552298687542,-1.0647167524906238E-08,0.07924424700451747));
#12450=DIRECTION('',(0.004774403643732546,-0.9981833740599217,0.06005961055649004));
#12451=FACE_BOUND('',#12452,.T.);
#12452=EDGE_LOOP('',(#12453,#12454,#12455));
#12453=ORIENTED_EDGE('',*,*,#12456,.T.);
#12454=ORIENTED_EDGE('',*,*,#12457,.T.);
#12455=ORIENTED_EDGE('',*,*,#12458,.T.);
#12456=EDGE_CURVE('',#1035,#1037,#12459,.F.);
#12457=EDGE_CURVE('',#1037,#1039,#12460,.T.);
#12458=EDGE_CURVE('',#1039,#1035,#12461,.T.);
#12459=LINE('',#1034,#12462);
#12460=LINE('',#1036,#12463);
#12461=LINE('',#1038,#12464);
#12462=VECTOR('',#12465,1.0);
#12463=VECTOR('',#12466,1.0);
#12464=VECTOR('',#12467,1.0);
#12465=DIRECTION('',(0.004774403643732546,-0.9981833740599217,0.06005961055649004));
#12466=DIRECTION('',(0,0.999999999999991,1.3435887054242912E-07));
#12467=DIRECTION('',(-0.07924424700451818,1.339364315326645E-07,-0.9968552298687453));
#12468=FACE_SURFACE('',(#12473),#12469,.T.);
#12469=PLANE('',#12470);
#12470=AXIS2_PLACEMENT_3D('',#1038,#12471,#12472);
#12471=DIRECTION('',(-0.9639257520431096,3.576247110070491E-08,-0.26617126920109957));
#12472=DIRECTION('',(0,-0.999999999999991,-1.3435887054242912E-07));
#12473=FACE_BOUND('',#12474,.T.);
#12474=EDGE_LOOP('',(#12475,#12476,#12477));
#12475=ORIENTED_EDGE('',*,*,#12478,.T.);
#12476=ORIENTED_EDGE('',*,*,#12479,.T.);
#12477=ORIENTED_EDGE('',*,*,#12480,.T.);
#12478=EDGE_CURVE('',#1039,#1037,#12481,.F.);
#12479=EDGE_CURVE('',#1037,#1041,#12482,.T.);
#12480=EDGE_CURVE('',#1041,#1039,#12483,.T.);
#12481=LINE('',#1038,#12484);
#12482=LINE('',#1036,#12485);
#12483=LINE('',#1040,#12486);
#12484=VECTOR('',#12487,1.0);
#12485=VECTOR('',#12488,1.0);
#12486=VECTOR('',#12489,1.0);
#12487=DIRECTION('',(0,-0.999999999999991,-1.3435887054242912E-07));
#12488=DIRECTION('',(-0.266171269201102,-1.2951204083334647E-07,0.9639257520431009));
#12489=DIRECTION('',(0.032103980483413584,0.9926994987940634,-0.11626280372989549));
#12490=FACE_SURFACE('',(#12495),#12491,.T.);
#12491=PLANE('',#12492);
#12492=AXIS2_PLACEMENT_3D('',#1038,#12493,#12494);
#12493=DIRECTION('',(-0.9639257520430724,3.576245409284008E-08,-0.2661712692012345));
#12494=DIRECTION('',(-0.032103980483413584,-0.9926994987940634,0.11626280372989549));
#12495=FACE_BOUND('',#12496,.T.);
#12496=EDGE_LOOP('',(#12497,#12498,#12499));
#12497=ORIENTED_EDGE('',*,*,#12500,.T.);
#12498=ORIENTED_EDGE('',*,*,#12501,.T.);
#12499=ORIENTED_EDGE('',*,*,#12502,.T.);
#12500=EDGE_CURVE('',#1039,#1041,#12503,.F.);
#12501=EDGE_CURVE('',#1041,#1043,#12504,.T.);
#12502=EDGE_CURVE('',#1043,#1039,#12505,.T.);
#12503=LINE('',#1038,#12506);
#12504=LINE('',#1040,#12507);
#12505=LINE('',#1042,#12508);
#12506=VECTOR('',#12509,1.0);
#12507=VECTOR('',#12510,1.0);
#12508=VECTOR('',#12511,1.0);
#12509=DIRECTION('',(-0.032103980483413584,-0.9926994987940634,0.11626280372989549));
#12510=DIRECTION('',(0,0.9999999999999909,1.34358806641493E-07));
#12511=DIRECTION('',(0.2661712692012369,1.29511909351109E-07,-0.9639257520430636));
#12512=FACE_SURFACE('',(#12517),#12513,.T.);
#12513=PLANE('',#12514);
#12514=AXIS2_PLACEMENT_3D('',#1042,#12515,#12516);
#12515=DIRECTION('',(-0.7783300263673606,8.435789872927989E-08,-0.6278553735176412));
#12516=DIRECTION('',(0,-0.9999999999999909,-1.34358806641493E-07));
#12517=FACE_BOUND('',#12518,.T.);
#12518=EDGE_LOOP('',(#12519,#12520,#12521));
#12519=ORIENTED_EDGE('',*,*,#12522,.T.);
#12520=ORIENTED_EDGE('',*,*,#12523,.T.);
#12521=ORIENTED_EDGE('',*,*,#12524,.T.);
#12522=EDGE_CURVE('',#1043,#1041,#12525,.F.);
#12523=EDGE_CURVE('',#1041,#1045,#12526,.T.);
#12524=EDGE_CURVE('',#1045,#1043,#12527,.T.);
#12525=LINE('',#1042,#12528);
#12526=LINE('',#1040,#12529);
#12527=LINE('',#1044,#12530);
#12528=VECTOR('',#12531,1.0);
#12529=VECTOR('',#12532,1.0);
#12530=VECTOR('',#12533,1.0);
#12531=DIRECTION('',(0,-0.9999999999999909,-1.34358806641493E-07));
#12532=DIRECTION('',(-0.6278553735176469,-1.0457551097960724E-07,0.7783300263673535));
#12533=DIRECTION('',(0.0885181512090652,0.9900117556446905,-0.10973267786692675));
#12534=FACE_SURFACE('',(#12539),#12535,.T.);
#12535=PLANE('',#12536);
#12536=AXIS2_PLACEMENT_3D('',#1042,#12537,#12538);
#12537=DIRECTION('',(-0.7783300263675376,8.43579388458394E-08,-0.6278553735174218));
#12538=DIRECTION('',(-0.0885181512090652,-0.9900117556446905,0.10973267786692675));
#12539=FACE_BOUND('',#12540,.T.);
#12540=EDGE_LOOP('',(#12541,#12542,#12543));
#12541=ORIENTED_EDGE('',*,*,#12544,.T.);
#12542=ORIENTED_EDGE('',*,*,#12545,.T.);
#12543=ORIENTED_EDGE('',*,*,#12546,.T.);
#12544=EDGE_CURVE('',#1043,#1045,#12547,.F.);
#12545=EDGE_CURVE('',#1045,#1047,#12548,.T.);
#12546=EDGE_CURVE('',#1047,#1043,#12549,.T.);
#12547=LINE('',#1042,#12550);
#12548=LINE('',#1044,#12551);
#12549=LINE('',#1046,#12552);
#12550=VECTOR('',#12553,1.0);
#12551=VECTOR('',#12554,1.0);
#12552=VECTOR('',#12555,1.0);
#12553=DIRECTION('',(-0.0885181512090652,-0.9900117556446905,0.10973267786692675));
#12554=DIRECTION('',(0,0.9999999999999909,1.3435887054242695E-07));
#12555=DIRECTION('',(0.6278553735174276,1.0457551097957071E-07,-0.7783300263675305));
#12556=FACE_SURFACE('',(#12561),#12557,.T.);
#12557=PLANE('',#12558);
#12558=AXIS2_PLACEMENT_3D('',#1046,#12559,#12560);
#12559=DIRECTION('',(-0.6235912597286857,1.0503512252208356E-07,-0.7817505617458678));
#12560=DIRECTION('',(0,-0.9999999999999909,-1.3435887054242695E-07));
#12561=FACE_BOUND('',#12562,.T.);
#12562=EDGE_LOOP('',(#12563,#12564,#12565));
#12563=ORIENTED_EDGE('',*,*,#12566,.T.);
#12564=ORIENTED_EDGE('',*,*,#12567,.T.);
#12565=ORIENTED_EDGE('',*,*,#12568,.T.);
#12566=EDGE_CURVE('',#1047,#1045,#12569,.F.);
#12567=EDGE_CURVE('',#1045,#1049,#12570,.T.);
#12568=EDGE_CURVE('',#1049,#1047,#12571,.T.);
#12569=LINE('',#1046,#12572);
#12570=LINE('',#1044,#12573);
#12571=LINE('',#1048,#12574);
#12572=VECTOR('',#12575,1.0);
#12573=VECTOR('',#12576,1.0);
#12574=VECTOR('',#12577,1.0);
#12575=DIRECTION('',(0,-0.9999999999999909,-1.3435887054242695E-07));
#12576=DIRECTION('',(-0.7817505617458748,-8.378497218492254E-08,0.6235912597286801));
#12577=DIRECTION('',(0.13309597613793514,0.9854002657512334,-0.10616862716117537));
#12578=FACE_SURFACE('',(#12583),#12579,.T.);
#12579=PLANE('',#12580);
#12580=AXIS2_PLACEMENT_3D('',#1046,#12581,#12582);
#12581=DIRECTION('',(-0.6235912597284596,1.0503507256364756E-07,-0.781750561746048));
#12582=DIRECTION('',(-0.13309597613793514,-0.9854002657512334,0.10616862716117537));
#12583=FACE_BOUND('',#12584,.T.);
#12584=EDGE_LOOP('',(#12585,#12586,#12587));
#12585=ORIENTED_EDGE('',*,*,#12588,.T.);
#12586=ORIENTED_EDGE('',*,*,#12589,.T.);
#12587=ORIENTED_EDGE('',*,*,#12590,.T.);
#12588=EDGE_CURVE('',#1047,#1049,#12591,.F.);
#12589=EDGE_CURVE('',#1049,#1051,#12592,.T.);
#12590=EDGE_CURVE('',#1051,#1047,#12593,.T.);
#12591=LINE('',#1046,#12594);
#12592=LINE('',#1048,#12595);
#12593=LINE('',#1050,#12596);
#12594=VECTOR('',#12597,1.0);
#12595=VECTOR('',#12598,1.0);
#12596=VECTOR('',#12599,1.0);
#12597=DIRECTION('',(-0.13309597613793514,-0.9854002657512334,0.10616862716117537));
#12598=DIRECTION('',(0,0.999999999999991,1.3435880664149516E-07));
#12599=DIRECTION('',(0.7817505617460551,8.37850646469155E-08,-0.6235912597284541));
#12600=FACE_SURFACE('',(#12605),#12601,.T.);
#12601=PLANE('',#12602);
#12602=AXIS2_PLACEMENT_3D('',#1050,#12603,#12604);
#12603=DIRECTION('',(-0.537160046032619,1.1332901198599281E-07,-0.8434803405807524));
#12604=DIRECTION('',(0,-0.999999999999991,-1.3435880664149516E-07));
#12605=FACE_BOUND('',#12606,.T.);
#12606=EDGE_LOOP('',(#12607,#12608,#12609));
#12607=ORIENTED_EDGE('',*,*,#12610,.T.);
#12608=ORIENTED_EDGE('',*,*,#12611,.T.);
#12609=ORIENTED_EDGE('',*,*,#12612,.T.);
#12610=EDGE_CURVE('',#1051,#1049,#12613,.F.);
#12611=EDGE_CURVE('',#1049,#1053,#12614,.T.);
#12612=EDGE_CURVE('',#1053,#1051,#12615,.T.);
#12613=LINE('',#1050,#12616);
#12614=LINE('',#1048,#12617);
#12615=LINE('',#1052,#12618);
#12616=VECTOR('',#12619,1.0);
#12617=VECTOR('',#12620,1.0);
#12618=VECTOR('',#12621,1.0);
#12619=DIRECTION('',(0,-0.999999999999991,-1.3435880664149516E-07));
#12620=DIRECTION('',(-0.8434803405807599,-7.217220578791585E-08,0.5371600460326141));
#12621=DIRECTION('',(0.1659992853665967,0.980443108609213,-0.10571446466062293));
#12622=FACE_SURFACE('',(#12627),#12623,.T.);
#12623=PLANE('',#12624);
#12624=AXIS2_PLACEMENT_3D('',#1050,#12625,#12626);
#12625=DIRECTION('',(-0.537160046032619,1.1332901199119767E-07,-0.8434803405807524));
#12626=DIRECTION('',(-0.1659992853665967,-0.980443108609213,0.10571446466062293));
#12627=FACE_BOUND('',#12628,.T.);
#12628=EDGE_LOOP('',(#12629,#12630,#12631));
#12629=ORIENTED_EDGE('',*,*,#12632,.T.);
#12630=ORIENTED_EDGE('',*,*,#12633,.T.);
#12631=ORIENTED_EDGE('',*,*,#12634,.T.);
#12632=EDGE_CURVE('',#1051,#1053,#12635,.F.);
#12633=EDGE_CURVE('',#1053,#1055,#12636,.T.);
#12634=EDGE_CURVE('',#1055,#1051,#12637,.T.);
#12635=LINE('',#1050,#12638);
#12636=LINE('',#1052,#12639);
#12637=LINE('',#1054,#12640);
#12638=VECTOR('',#12641,1.0);
#12639=VECTOR('',#12642,1.0);
#12640=VECTOR('',#12643,1.0);
#12641=DIRECTION('',(-0.1659992853665967,-0.980443108609213,0.10571446466062293));
#12642=DIRECTION('',(0,0.999999999999991,1.3435880664149516E-07));
#12643=DIRECTION('',(0.8434803405807599,7.217220578791585E-08,-0.5371600460326141));
#12644=FACE_SURFACE('',(#12649),#12645,.T.);
#12645=PLANE('',#12646);
#12646=AXIS2_PLACEMENT_3D('',#1054,#12647,#12648);
#12647=DIRECTION('',(-0.5005169623482949,1.163180102711797E-07,-0.8657267296333307));
#12648=DIRECTION('',(0,-0.999999999999991,-1.3435880664149516E-07));
#12649=FACE_BOUND('',#12650,.T.);
#12650=EDGE_LOOP('',(#12651,#12652,#12653));
#12651=ORIENTED_EDGE('',*,*,#12654,.T.);
#12652=ORIENTED_EDGE('',*,*,#12655,.T.);
#12653=ORIENTED_EDGE('',*,*,#12656,.T.);
#12654=EDGE_CURVE('',#1055,#1053,#12657,.F.);
#12655=EDGE_CURVE('',#1053,#1057,#12658,.T.);
#12656=EDGE_CURVE('',#1057,#1055,#12659,.T.);
#12657=LINE('',#1054,#12660);
#12658=LINE('',#1052,#12661);
#12659=LINE('',#1056,#12662);
#12660=VECTOR('',#12663,1.0);
#12661=VECTOR('',#12664,1.0);
#12662=VECTOR('',#12665,1.0);
#12663=DIRECTION('',(0,-0.999999999999991,-1.3435880664149516E-07));
#12664=DIRECTION('',(-0.8657267296333384,-6.724887585832163E-08,0.5005169623482904));
#12665=DIRECTION('',(0.18757478158802654,0.9762454892240803,-0.10844559042137321));
#12666=FACE_SURFACE('',(#12671),#12667,.T.);
#12667=PLANE('',#12668);
#12668=AXIS2_PLACEMENT_3D('',#1054,#12669,#12670);
#12669=DIRECTION('',(-0.5005169623485106,1.1631806559771325E-07,-0.865726729633206));
#12670=DIRECTION('',(-0.18757478158802654,-0.9762454892240803,0.10844559042137321));
#12671=FACE_BOUND('',#12672,.T.);
#12672=EDGE_LOOP('',(#12673,#12674,#12675));
#12673=ORIENTED_EDGE('',*,*,#12676,.T.);
#12674=ORIENTED_EDGE('',*,*,#12677,.T.);
#12675=ORIENTED_EDGE('',*,*,#12678,.T.);
#12676=EDGE_CURVE('',#1055,#1057,#12679,.F.);
#12677=EDGE_CURVE('',#1057,#1059,#12680,.T.);
#12678=EDGE_CURVE('',#1059,#1055,#12681,.T.);
#12679=LINE('',#1054,#12682);
#12680=LINE('',#1056,#12683);
#12681=LINE('',#1058,#12684);
#12682=VECTOR('',#12685,1.0);
#12683=VECTOR('',#12686,1.0);
#12684=VECTOR('',#12687,1.0);
#12685=DIRECTION('',(-0.18757478158802654,-0.9762454892240803,0.10844559042137321));
#12686=DIRECTION('',(0,0.999999999999991,1.3435887054242912E-07));
#12687=DIRECTION('',(0.8657267296332138,6.724887585831194E-08,-0.5005169623485062));
#12688=FACE_SURFACE('',(#12693),#12689,.T.);
#12689=PLANE('',#12690);
#12690=AXIS2_PLACEMENT_3D('',#1058,#12691,#12692);
#12691=DIRECTION('',(-0.5000127861820522,1.1635720324524151E-07,-0.8660180215529282));
#12692=DIRECTION('',(0,-0.999999999999991,-1.3435887054242912E-07));
#12693=FACE_BOUND('',#12694,.T.);
#12694=EDGE_LOOP('',(#12695,#12696,#12697));
#12695=ORIENTED_EDGE('',*,*,#12698,.T.);
#12696=ORIENTED_EDGE('',*,*,#12699,.T.);
#12697=ORIENTED_EDGE('',*,*,#12700,.T.);
#12698=EDGE_CURVE('',#1059,#1057,#12701,.F.);
#12699=EDGE_CURVE('',#1057,#1061,#12702,.T.);
#12700=EDGE_CURVE('',#1061,#1059,#12703,.T.);
#12701=LINE('',#1058,#12704);
#12702=LINE('',#1056,#12705);
#12703=LINE('',#1060,#12706);
#12704=VECTOR('',#12707,1.0);
#12705=VECTOR('',#12708,1.0);
#12706=VECTOR('',#12709,1.0);
#12707=DIRECTION('',(0,-0.999999999999991,-1.3435887054242912E-07));
#12708=DIRECTION('',(-0.866018021552936,-6.71811675485575E-08,0.5000127861820477));
#12709=DIRECTION('',(0.19815311655695397,0.9734712428084051,-0.11440752520627871));
#12710=FACE_SURFACE('',(#12715),#12711,.T.);
#12711=PLANE('',#12712);
#12712=AXIS2_PLACEMENT_3D('',#1058,#12713,#12714);
#12713=DIRECTION('',(-0.5000127861818483,1.163571479167471E-07,-0.8660180215530457));
#12714=DIRECTION('',(-0.19815311655695397,-0.9734712428084051,0.11440752520627871));
#12715=FACE_BOUND('',#12716,.T.);
#12716=EDGE_LOOP('',(#12717,#12718,#12719));
#12717=ORIENTED_EDGE('',*,*,#12720,.T.);
#12718=ORIENTED_EDGE('',*,*,#12721,.T.);
#12719=ORIENTED_EDGE('',*,*,#12722,.T.);
#12720=EDGE_CURVE('',#1059,#1061,#12723,.F.);
#12721=EDGE_CURVE('',#1061,#1063,#12724,.T.);
#12722=EDGE_CURVE('',#1063,#1059,#12725,.T.);
#12723=LINE('',#1058,#12726);
#12724=LINE('',#1060,#12727);
#12725=LINE('',#1062,#12728);
#12726=VECTOR('',#12729,1.0);
#12727=VECTOR('',#12730,1.0);
#12728=VECTOR('',#12731,1.0);
#12729=DIRECTION('',(-0.19815311655695397,-0.9734712428084051,0.11440752520627871));
#12730=DIRECTION('',(0,0.9999999999999909,1.34358806641493E-07));
#12731=DIRECTION('',(0.8660180215530537,6.718109958183965E-08,-0.5000127861818439));
#12732=FACE_SURFACE('',(#12737),#12733,.T.);
#12733=PLANE('',#12734);
#12734=AXIS2_PLACEMENT_3D('',#1062,#12735,#12736);
#12735=DIRECTION('',(-0.5297750074651523,1.1395483920450003E-07,-0.8481382207313174));
#12736=DIRECTION('',(0,-0.9999999999999909,-1.34358806641493E-07));
#12737=FACE_BOUND('',#12738,.T.);
#12738=EDGE_LOOP('',(#12739,#12740,#12741));
#12739=ORIENTED_EDGE('',*,*,#12742,.T.);
#12740=ORIENTED_EDGE('',*,*,#12743,.T.);
#12741=ORIENTED_EDGE('',*,*,#12744,.T.);
#12742=EDGE_CURVE('',#1063,#1061,#12745,.F.);
#12743=EDGE_CURVE('',#1061,#1065,#12746,.T.);
#12744=EDGE_CURVE('',#1065,#1063,#12747,.T.);
#12745=LINE('',#1062,#12748);
#12746=LINE('',#1060,#12749);
#12747=LINE('',#1064,#12750);
#12748=VECTOR('',#12751,1.0);
#12749=VECTOR('',#12752,1.0);
#12750=VECTOR('',#12753,1.0);
#12751=DIRECTION('',(0,-0.9999999999999909,-1.34358806641493E-07));
#12752=DIRECTION('',(-0.848138220731325,-7.117995093772479E-08,0.5297750074651475));
#12753=DIRECTION('',(0.1979324287281173,0.9723873446116277,-0.12363496955528566));
#12754=FACE_SURFACE('',(#12759),#12755,.T.);
#12755=PLANE('',#12756);
#12756=AXIS2_PLACEMENT_3D('',#1062,#12757,#12758);
#12757=DIRECTION('',(-0.5297750074653439,1.139548933999626E-07,-0.8481382207311977));
#12758=DIRECTION('',(-0.1979324287281173,-0.9723873446116277,0.12363496955528566));
#12759=FACE_BOUND('',#12760,.T.);
#12760=EDGE_LOOP('',(#12761,#12762,#12763));
#12761=ORIENTED_EDGE('',*,*,#12764,.T.);
#12762=ORIENTED_EDGE('',*,*,#12765,.T.);
#12763=ORIENTED_EDGE('',*,*,#12766,.T.);
#12764=EDGE_CURVE('',#1063,#1065,#12767,.F.);
#12765=EDGE_CURVE('',#1065,#1067,#12768,.T.);
#12766=EDGE_CURVE('',#1067,#1063,#12769,.T.);
#12767=LINE('',#1062,#12770);
#12768=LINE('',#1064,#12771);
#12769=LINE('',#1066,#12772);
#12770=VECTOR('',#12773,1.0);
#12771=VECTOR('',#12774,1.0);
#12772=VECTOR('',#12775,1.0);
#12773=DIRECTION('',(-0.1979324287281173,-0.9723873446116277,0.12363496955528566));
#12774=DIRECTION('',(0,0.999999999999991,1.3435887054242912E-07));
#12775=DIRECTION('',(0.8481382207312054,7.118001750122033E-08,-0.529775007465339));
#12776=FACE_SURFACE('',(#12781),#12777,.T.);
#12777=PLANE('',#12778);
#12778=AXIS2_PLACEMENT_3D('',#1066,#12779,#12780);
#12779=DIRECTION('',(-0.5887459906445708,1.086047075959754E-07,-0.8083181047705977));
#12780=DIRECTION('',(0,-0.999999999999991,-1.3435887054242912E-07));
#12781=FACE_BOUND('',#12782,.T.);
#12782=EDGE_LOOP('',(#12783,#12784,#12785));
#12783=ORIENTED_EDGE('',*,*,#12786,.T.);
#12784=ORIENTED_EDGE('',*,*,#12787,.T.);
#12785=ORIENTED_EDGE('',*,*,#12788,.T.);
#12786=EDGE_CURVE('',#1067,#1065,#12789,.F.);
#12787=EDGE_CURVE('',#1065,#1069,#12790,.T.);
#12788=EDGE_CURVE('',#1069,#1067,#12791,.T.);
#12789=LINE('',#1066,#12792);
#12790=LINE('',#1064,#12793);
#12791=LINE('',#1068,#12794);
#12792=VECTOR('',#12795,1.0);
#12793=VECTOR('',#12796,1.0);
#12794=VECTOR('',#12797,1.0);
#12795=DIRECTION('',(0,-0.999999999999991,-1.3435887054242912E-07));
#12796=DIRECTION('',(-0.8083181047706051,-7.910326135445082E-08,0.5887459906445656));
#12797=DIRECTION('',(0.18693045584900173,0.972892351893814,-0.13615240101668388));
#12798=FACE_SURFACE('',(#12803),#12799,.T.);
#12799=PLANE('',#12800);
#12800=AXIS2_PLACEMENT_3D('',#1066,#12801,#12802);
#12801=DIRECTION('',(-0.5887459906443951,1.0860465593710254E-07,-0.8083181047707257));
#12802=DIRECTION('',(-0.18693045584900173,-0.972892351893814,0.13615240101668388));
#12803=FACE_BOUND('',#12804,.T.);
#12804=EDGE_LOOP('',(#12805,#12806,#12807));
#12805=ORIENTED_EDGE('',*,*,#12808,.T.);
#12806=ORIENTED_EDGE('',*,*,#12809,.T.);
#12807=ORIENTED_EDGE('',*,*,#12810,.T.);
#12808=EDGE_CURVE('',#1067,#1069,#12811,.F.);
#12809=EDGE_CURVE('',#1069,#1071,#12812,.T.);
#12810=EDGE_CURVE('',#1071,#1067,#12813,.T.);
#12811=LINE('',#1066,#12814);
#12812=LINE('',#1068,#12815);
#12813=LINE('',#1070,#12816);
#12814=VECTOR('',#12817,1.0);
#12815=VECTOR('',#12818,1.0);
#12816=VECTOR('',#12819,1.0);
#12817=DIRECTION('',(-0.18693045584900173,-0.972892351893814,0.13615240101668388));
#12818=DIRECTION('',(0,0.9999999999999909,1.34358806641493E-07));
#12819=DIRECTION('',(0.8083181047707331,7.910319414750559E-08,-0.5887459906443899));
#12820=FACE_SURFACE('',(#12825),#12821,.T.);
#12821=PLANE('',#12822);
#12822=AXIS2_PLACEMENT_3D('',#1070,#12823,#12824);
#12823=DIRECTION('',(-0.6774337967347305,9.88321546318983E-08,-0.7355837484892921));
#12824=DIRECTION('',(0,-0.9999999999999909,-1.34358806641493E-07));
#12825=FACE_BOUND('',#12826,.T.);
#12826=EDGE_LOOP('',(#12827,#12828,#12829));
#12827=ORIENTED_EDGE('',*,*,#12830,.T.);
#12828=ORIENTED_EDGE('',*,*,#12831,.T.);
#12829=ORIENTED_EDGE('',*,*,#12832,.T.);
#12830=EDGE_CURVE('',#1071,#1069,#12833,.F.);
#12831=EDGE_CURVE('',#1069,#1073,#12834,.T.);
#12832=EDGE_CURVE('',#1073,#1071,#12835,.T.);
#12833=LINE('',#1070,#12836);
#12834=LINE('',#1068,#12837);
#12835=LINE('',#1072,#12838);
#12836=VECTOR('',#12839,1.0);
#12837=VECTOR('',#12840,1.0);
#12838=VECTOR('',#12841,1.0);
#12839=DIRECTION('',(0,-0.9999999999999909,-1.34358806641493E-07));
#12840=DIRECTION('',(-0.7355837484892987,-9.101919155579878E-08,0.6774337967347244));
#12841=DIRECTION('',(0.1649962280031976,0.9745186640482255,-0.15195268397227676));
#12842=FACE_SURFACE('',(#12847),#12843,.T.);
#12843=PLANE('',#12844);
#12844=AXIS2_PLACEMENT_3D('',#1070,#12845,#12846);
#12845=DIRECTION('',(-0.6774337967347305,9.883215463156405E-08,-0.735583748489292));
#12846=DIRECTION('',(-0.1649962280031976,-0.9745186640482255,0.15195268397227676));
#12847=FACE_BOUND('',#12848,.T.);
#12848=EDGE_LOOP('',(#12849,#12850,#12851));
#12849=ORIENTED_EDGE('',*,*,#12852,.T.);
#12850=ORIENTED_EDGE('',*,*,#12853,.T.);
#12851=ORIENTED_EDGE('',*,*,#12854,.T.);
#12852=EDGE_CURVE('',#1071,#1073,#12855,.F.);
#12853=EDGE_CURVE('',#1073,#1075,#12856,.T.);
#12854=EDGE_CURVE('',#1075,#1071,#12857,.T.);
#12855=LINE('',#1070,#12858);
#12856=LINE('',#1072,#12859);
#12857=LINE('',#1074,#12860);
#12858=VECTOR('',#12861,1.0);
#12859=VECTOR('',#12862,1.0);
#12860=VECTOR('',#12863,1.0);
#12861=DIRECTION('',(-0.1649962280031976,-0.9745186640482255,0.15195268397227676));
#12862=DIRECTION('',(0,0.999999999999991,1.3435880664149516E-07));
#12863=DIRECTION('',(0.7355837484892987,9.101926096155272E-08,-0.6774337967347244));
#12864=FACE_SURFACE('',(#12869),#12865,.T.);
#12865=PLANE('',#12866);
#12866=AXIS2_PLACEMENT_3D('',#1074,#12867,#12868);
#12867=DIRECTION('',(-0.7917780470117068,8.206755620443988E-08,-0.6108089097830192));
#12868=DIRECTION('',(0,-0.999999999999991,-1.3435880664149516E-07));
#12869=FACE_BOUND('',#12870,.T.);
#12870=EDGE_LOOP('',(#12871,#12872,#12873));
#12871=ORIENTED_EDGE('',*,*,#12874,.T.);
#12872=ORIENTED_EDGE('',*,*,#12875,.T.);
#12873=ORIENTED_EDGE('',*,*,#12876,.T.);
#12874=EDGE_CURVE('',#1075,#1073,#12877,.F.);
#12875=EDGE_CURVE('',#1073,#1077,#12878,.T.);
#12876=EDGE_CURVE('',#1077,#1075,#12879,.T.);
#12877=LINE('',#1074,#12880);
#12878=LINE('',#1072,#12881);
#12879=LINE('',#1076,#12882);
#12880=VECTOR('',#12883,1.0);
#12881=VECTOR('',#12884,1.0);
#12882=VECTOR('',#12885,1.0);
#12883=DIRECTION('',(0,-0.999999999999991,-1.3435880664149516E-07));
#12884=DIRECTION('',(-0.6108089097830247,-1.0638239931304908E-07,0.7917780470116997));
#12885=DIRECTION('',(0.1318820124372868,0.9764124735424384,-0.17095559746971786));
#12886=FACE_SURFACE('',(#12891),#12887,.T.);
#12887=PLANE('',#12888);
#12888=AXIS2_PLACEMENT_3D('',#1074,#12889,#12890);
#12889=DIRECTION('',(-0.7917780470118148,8.206759524169156E-08,-0.6108089097828795));
#12890=DIRECTION('',(-0.1318820124372868,-0.9764124735424384,0.17095559746971786));
#12891=FACE_BOUND('',#12892,.T.);
#12892=EDGE_LOOP('',(#12893,#12894,#12895));
#12893=ORIENTED_EDGE('',*,*,#12896,.T.);
#12894=ORIENTED_EDGE('',*,*,#12897,.T.);
#12895=ORIENTED_EDGE('',*,*,#12898,.T.);
#12896=EDGE_CURVE('',#1075,#1077,#12899,.F.);
#12897=EDGE_CURVE('',#1077,#1079,#12900,.T.);
#12898=EDGE_CURVE('',#1079,#1075,#12901,.T.);
#12899=LINE('',#1074,#12902);
#12900=LINE('',#1076,#12903);
#12901=LINE('',#1078,#12904);
#12902=VECTOR('',#12905,1.0);
#12903=VECTOR('',#12906,1.0);
#12904=VECTOR('',#12907,1.0);
#12905=DIRECTION('',(-0.1318820124372868,-0.9764124735424384,0.17095559746971786));
#12906=DIRECTION('',(0,0.9999999999999909,1.3435887054242695E-07));
#12907=DIRECTION('',(0.610808909782885,1.0638232706926813E-07,-0.7917780470118077));
#12908=FACE_SURFACE('',(#12913),#12909,.T.);
#12909=PLANE('',#12910);
#12910=AXIS2_PLACEMENT_3D('',#1078,#12911,#12912);
#12911=DIRECTION('',(-0.9109346741217631,5.542983622741441E-08,-0.4125506265692419));
#12912=DIRECTION('',(0,-0.9999999999999909,-1.3435887054242695E-07));
#12913=FACE_BOUND('',#12914,.T.);
#12914=EDGE_LOOP('',(#12915,#12916,#12917));
#12915=ORIENTED_EDGE('',*,*,#12918,.T.);
#12916=ORIENTED_EDGE('',*,*,#12919,.T.);
#12917=ORIENTED_EDGE('',*,*,#12920,.T.);
#12918=EDGE_CURVE('',#1079,#1077,#12921,.F.);
#12919=EDGE_CURVE('',#1077,#1081,#12922,.T.);
#12920=EDGE_CURVE('',#1081,#1079,#12923,.T.);
#12921=LINE('',#1078,#12924);
#12922=LINE('',#1076,#12925);
#12923=LINE('',#1080,#12926);
#12924=VECTOR('',#12927,1.0);
#12925=VECTOR('',#12928,1.0);
#12926=VECTOR('',#12929,1.0);
#12927=DIRECTION('',(0,-0.9999999999999909,-1.3435887054242695E-07));
#12928=DIRECTION('',(-0.4125506265692456,-1.2239215295661214E-07,0.910934674121755));
#12929=DIRECTION('',(0.0873824902454289,0.9773108148018195,-0.19294525562944365));
#12930=FACE_SURFACE('',(#12935),#12931,.T.);
#12931=PLANE('',#12932);
#12932=AXIS2_PLACEMENT_3D('',#1078,#12933,#12934);
#12933=DIRECTION('',(-0.9109346741217632,5.5429836231602526E-08,-0.4125506265692419));
#12934=DIRECTION('',(-0.0873824902454289,-0.9773108148018195,0.19294525562944365));
#12935=FACE_BOUND('',#12936,.T.);
#12936=EDGE_LOOP('',(#12937,#12938,#12939));
#12937=ORIENTED_EDGE('',*,*,#12940,.T.);
#12938=ORIENTED_EDGE('',*,*,#12941,.T.);
#12939=ORIENTED_EDGE('',*,*,#12942,.T.);
#12940=EDGE_CURVE('',#1079,#1081,#12943,.F.);
#12941=EDGE_CURVE('',#1081,#1083,#12944,.T.);
#12942=EDGE_CURVE('',#1083,#1079,#12945,.T.);
#12943=LINE('',#1078,#12946);
#12944=LINE('',#1080,#12947);
#12945=LINE('',#1082,#12948);
#12946=VECTOR('',#12949,1.0);
#12947=VECTOR('',#12950,1.0);
#12948=VECTOR('',#12951,1.0);
#12949=DIRECTION('',(-0.0873824902454289,-0.9773108148018195,0.19294525562944365));
#12950=DIRECTION('',(0,0.9999999999999909,1.3435887054242695E-07));
#12951=DIRECTION('',(0.4125506265692456,1.2239215295661214E-07,-0.910934674121755));
#12952=FACE_SURFACE('',(#12957),#12953,.T.);
#12953=PLANE('',#12954);
#12954=AXIS2_PLACEMENT_3D('',#1082,#12955,#12956);
#12955=DIRECTION('',(-0.9896419825509607,1.92882191433073E-08,-0.14355746714331316));
#12956=DIRECTION('',(0,-0.9999999999999909,-1.3435887054242695E-07));
#12957=FACE_BOUND('',#12958,.T.);
#12958=EDGE_LOOP('',(#12959,#12960,#12961));
#12959=ORIENTED_EDGE('',*,*,#12962,.T.);
#12960=ORIENTED_EDGE('',*,*,#12963,.T.);
#12961=ORIENTED_EDGE('',*,*,#12964,.T.);
#12962=EDGE_CURVE('',#1083,#1081,#12965,.F.);
#12963=EDGE_CURVE('',#1081,#1085,#12966,.T.);
#12964=EDGE_CURVE('',#1085,#1083,#12967,.T.);
#12965=LINE('',#1082,#12968);
#12966=LINE('',#1080,#12969);
#12967=LINE('',#1084,#12970);
#12968=VECTOR('',#12971,1.0);
#12969=VECTOR('',#12972,1.0);
#12970=VECTOR('',#12973,1.0);
#12971=DIRECTION('',(0,-0.9999999999999909,-1.3435887054242695E-07));
#12972=DIRECTION('',(-0.14355746714331444,-1.3296710486460344E-07,0.9896419825509519));
#12973=DIRECTION('',(0.03154954856821496,0.9755518626738362,-0.21749296360744763));
#12974=FACE_SURFACE('',(#12979),#12975,.T.);
#12975=PLANE('',#12976);
#12976=AXIS2_PLACEMENT_3D('',#1082,#12977,#12978);
#12977=DIRECTION('',(-0.9896419825509609,1.9288219144549902E-08,-0.14355746714331316));
#12978=DIRECTION('',(-0.03154954856821496,-0.9755518626738362,0.21749296360744763));
#12979=FACE_BOUND('',#12980,.T.);
#12980=EDGE_LOOP('',(#12981,#12982,#12983));
#12981=ORIENTED_EDGE('',*,*,#12984,.T.);
#12982=ORIENTED_EDGE('',*,*,#12985,.T.);
#12983=ORIENTED_EDGE('',*,*,#12986,.T.);
#12984=EDGE_CURVE('',#1083,#1085,#12987,.F.);
#12985=EDGE_CURVE('',#1085,#1087,#12988,.T.);
#12986=EDGE_CURVE('',#1087,#1083,#12989,.T.);
#12987=LINE('',#1082,#12990);
#12988=LINE('',#1084,#12991);
#12989=LINE('',#1086,#12992);
#12990=VECTOR('',#12993,1.0);
#12991=VECTOR('',#12994,1.0);
#12992=VECTOR('',#12995,1.0);
#12993=DIRECTION('',(-0.03154954856821496,-0.9755518626738362,0.21749296360744763));
#12994=DIRECTION('',(0,0.999999999999991,1.3435887054242912E-07));
#12995=DIRECTION('',(0.14355746714331444,1.3296717577831256E-07,-0.9896419825509519));
#12996=FACE_SURFACE('',(#13001),#12997,.T.);
#12997=PLANE('',#12998);
#12998=AXIS2_PLACEMENT_3D('',#1086,#12999,#13000);
#12999=DIRECTION('',(-0.9978959130082438,-8.711333078178371E-09,0.06483630774067385));
#13000=DIRECTION('',(0,-0.999999999999991,-1.3435887054242912E-07));
#13001=FACE_BOUND('',#13002,.T.);
#13002=EDGE_LOOP('',(#13003,#13004,#13005));
#13003=ORIENTED_EDGE('',*,*,#13006,.T.);
#13004=ORIENTED_EDGE('',*,*,#13007,.T.);
#13005=ORIENTED_EDGE('',*,*,#13008,.T.);
#13006=EDGE_CURVE('',#1087,#1085,#13009,.F.);
#13007=EDGE_CURVE('',#1085,#1089,#13010,.T.);
#13008=EDGE_CURVE('',#1089,#1087,#13011,.T.);
#13009=LINE('',#1086,#13012);
#13010=LINE('',#1084,#13013);
#13011=LINE('',#1088,#13014);
#13012=VECTOR('',#13015,1.0);
#13013=VECTOR('',#13016,1.0);
#13014=VECTOR('',#13017,1.0);
#13015=DIRECTION('',(0,-0.999999999999991,-1.3435887054242912E-07));
#13016=DIRECTION('',(0.06483630774067445,-1.3407622210508463E-07,0.9978959130082349));
#13017=DIRECTION('',(-0.009244218874863453,0.9897836154733193,-0.1422776825716461));
#13018=FACE_SURFACE('',(#13023),#13019,.T.);
#13019=PLANE('',#13020);
#13020=AXIS2_PLACEMENT_3D('',#1086,#13021,#13022);
#13021=DIRECTION('',(-0.9978959130082439,-8.711333078897765E-09,0.06483630774067385));
#13022=DIRECTION('',(0.009244218874863453,-0.9897836154733193,0.1422776825716461));
#13023=FACE_BOUND('',#13024,.T.);
#13024=EDGE_LOOP('',(#13025,#13026,#13027));
#13025=ORIENTED_EDGE('',*,*,#13028,.T.);
#13026=ORIENTED_EDGE('',*,*,#13029,.T.);
#13027=ORIENTED_EDGE('',*,*,#13030,.T.);
#13028=EDGE_CURVE('',#1087,#1089,#13031,.F.);
#13029=EDGE_CURVE('',#1089,#1091,#13032,.T.);
#13030=EDGE_CURVE('',#1091,#1087,#13033,.T.);
#13031=LINE('',#1086,#13034);
#13032=LINE('',#1088,#13035);
#13033=LINE('',#1090,#13036);
#13034=VECTOR('',#13037,1.0);
#13035=VECTOR('',#13038,1.0);
#13036=VECTOR('',#13039,1.0);
#13037=DIRECTION('',(0.009244218874863453,-0.9897836154733193,0.1422776825716461));
#13038=DIRECTION('',(0,0.9999999999999909,1.3435887054242695E-07));
#13039=DIRECTION('',(-0.06483630774067445,1.3407611120406945E-07,-0.9978959130082349));
#13040=FACE_SURFACE('',(#13045),#13041,.T.);
#13041=PLANE('',#13042);
#13042=AXIS2_PLACEMENT_3D('',#1090,#13043,#13044);
#13043=DIRECTION('',(-0.9793743339662526,-2.7147778831748295E-08,0.20205423521460392));
#13044=DIRECTION('',(0,-0.9999999999999909,-1.3435887054242695E-07));
#13045=FACE_BOUND('',#13046,.T.);
#13046=EDGE_LOOP('',(#13047,#13048,#13049));
#13047=ORIENTED_EDGE('',*,*,#13050,.T.);
#13048=ORIENTED_EDGE('',*,*,#13051,.T.);
#13049=ORIENTED_EDGE('',*,*,#13052,.T.);
#13050=EDGE_CURVE('',#1091,#1089,#13053,.F.);
#13051=EDGE_CURVE('',#1089,#1093,#13054,.T.);
#13052=EDGE_CURVE('',#1093,#1091,#13055,.T.);
#13053=LINE('',#1090,#13056);
#13054=LINE('',#1088,#13057);
#13055=LINE('',#1092,#13058);
#13056=VECTOR('',#13059,1.0);
#13057=VECTOR('',#13060,1.0);
#13058=VECTOR('',#13061,1.0);
#13059=DIRECTION('',(0,-0.9999999999999909,-1.3435887054242695E-07));
#13060=DIRECTION('',(0.20205423521460572,-1.3158755488797153E-07,0.9793743339662437));
#13061=DIRECTION('',(-0.02729555444310223,0.9908333175662134,-0.1323037773775747));
#13062=FACE_SURFACE('',(#13067),#13063,.T.);
#13063=PLANE('',#13064);
#13064=AXIS2_PLACEMENT_3D('',#1090,#13065,#13066);
#13065=DIRECTION('',(-0.9793743339662525,-2.7147778832467145E-08,0.2020542352146039));
#13066=DIRECTION('',(0.02729555444310223,-0.9908333175662134,0.1323037773775747));
#13067=FACE_BOUND('',#13068,.T.);
#13068=EDGE_LOOP('',(#13069,#13070,#13071));
#13069=ORIENTED_EDGE('',*,*,#13072,.T.);
#13070=ORIENTED_EDGE('',*,*,#13073,.T.);
#13071=ORIENTED_EDGE('',*,*,#13074,.T.);
#13072=EDGE_CURVE('',#1091,#1093,#13075,.F.);
#13073=EDGE_CURVE('',#1093,#1095,#13076,.T.);
#13074=EDGE_CURVE('',#1095,#1091,#13077,.T.);
#13075=LINE('',#1090,#13078);
#13076=LINE('',#1092,#13079);
#13077=LINE('',#1094,#13080);
#13078=VECTOR('',#13081,1.0);
#13079=VECTOR('',#13082,1.0);
#13080=VECTOR('',#13083,1.0);
#13081=DIRECTION('',(0.02729555444310223,-0.9908333175662134,0.1323037773775747));
#13082=DIRECTION('',(0,0.999999999999991,1.3435887054242912E-07));
#13083=DIRECTION('',(-0.20205423521460572,1.3158767205997232E-07,-0.9793743339662437));
#13084=FACE_SURFACE('',(#13089),#13085,.T.);
#13085=PLANE('',#13086);
#13086=AXIS2_PLACEMENT_3D('',#1094,#13087,#13088);
#13087=DIRECTION('',(-0.9388867185445593,-4.624985378159243E-08,0.34422627694675956));
#13088=DIRECTION('',(0,-0.999999999999991,-1.3435887054242912E-07));
#13089=FACE_BOUND('',#13090,.T.);
#13090=EDGE_LOOP('',(#13091,#13092,#13093));
#13091=ORIENTED_EDGE('',*,*,#13094,.T.);
#13092=ORIENTED_EDGE('',*,*,#13095,.T.);
#13093=ORIENTED_EDGE('',*,*,#13096,.T.);
#13094=EDGE_CURVE('',#1095,#1093,#13097,.F.);
#13095=EDGE_CURVE('',#1093,#1097,#13098,.T.);
#13096=EDGE_CURVE('',#1097,#1095,#13099,.T.);
#13097=LINE('',#1094,#13100);
#13098=LINE('',#1092,#13101);
#13099=LINE('',#1096,#13102);
#13100=VECTOR('',#13103,1.0);
#13101=VECTOR('',#13104,1.0);
#13102=VECTOR('',#13105,1.0);
#13103=DIRECTION('',(0,-0.999999999999991,-1.3435887054242912E-07));
#13104=DIRECTION('',(0.34422627694676267,-1.2614775125243365E-07,0.9388867185445509));
#13105=DIRECTION('',(-0.04466892190012045,0.9915446416350164,-0.12183559028940484));
#13106=FACE_SURFACE('',(#13111),#13107,.T.);
#13107=PLANE('',#13108);
#13108=AXIS2_PLACEMENT_3D('',#1094,#13109,#13110);
#13109=DIRECTION('',(-0.9388867185445016,-4.624983179129447E-08,0.34422627694691743));
#13110=DIRECTION('',(0.04466892190012045,-0.9915446416350164,0.12183559028940484));
#13111=FACE_BOUND('',#13112,.T.);
#13112=EDGE_LOOP('',(#13113,#13114,#13115));
#13113=ORIENTED_EDGE('',*,*,#13116,.T.);
#13114=ORIENTED_EDGE('',*,*,#13117,.T.);
#13115=ORIENTED_EDGE('',*,*,#13118,.T.);
#13116=EDGE_CURVE('',#1095,#1097,#13119,.F.);
#13117=EDGE_CURVE('',#1097,#1099,#13120,.T.);
#13118=EDGE_CURVE('',#1099,#1095,#13121,.T.);
#13119=LINE('',#1094,#13122);
#13120=LINE('',#1096,#13123);
#13121=LINE('',#1098,#13124);
#13122=VECTOR('',#13125,1.0);
#13123=VECTOR('',#13126,1.0);
#13124=VECTOR('',#13127,1.0);
#13125=DIRECTION('',(0.04466892190012045,-0.9915446416350164,0.12183559028940484));
#13126=DIRECTION('',(0,0.999999999999991,1.3435880664149516E-07));
#13127=DIRECTION('',(-0.3442262769469205,1.261477512524915E-07,-0.9388867185444931));
#13128=FACE_SURFACE('',(#13133),#13129,.T.);
#13129=PLANE('',#13130);
#13130=AXIS2_PLACEMENT_3D('',#1098,#13131,#13132);
#13131=DIRECTION('',(-0.8750154488839984,-6.50424258335233E-08,0.48409499503127545));
#13132=DIRECTION('',(0,-0.999999999999991,-1.3435880664149516E-07));
#13133=FACE_BOUND('',#13134,.T.);
#13134=EDGE_LOOP('',(#13135,#13136,#13137));
#13135=ORIENTED_EDGE('',*,*,#13138,.T.);
#13136=ORIENTED_EDGE('',*,*,#13139,.T.);
#13137=ORIENTED_EDGE('',*,*,#13140,.T.);
#13138=EDGE_CURVE('',#1099,#1097,#13141,.F.);
#13139=EDGE_CURVE('',#1097,#1101,#13142,.T.);
#13140=EDGE_CURVE('',#1101,#1099,#13143,.T.);
#13141=LINE('',#1098,#13144);
#13142=LINE('',#1096,#13145);
#13143=LINE('',#1100,#13146);
#13144=VECTOR('',#13147,1.0);
#13145=VECTOR('',#13148,1.0);
#13146=VECTOR('',#13149,1.0);
#13147=DIRECTION('',(0,-0.999999999999991,-1.3435880664149516E-07));
#13148=DIRECTION('',(0.48409499503127984,-1.1756604922175022E-07,0.8750154488839904));
#13149=DIRECTION('',(-0.061346405671653254,0.9919380438120255,-0.11088523684215512));
#13150=FACE_SURFACE('',(#13155),#13151,.T.);
#13151=PLANE('',#13152);
#13152=AXIS2_PLACEMENT_3D('',#1098,#13153,#13154);
#13153=DIRECTION('',(-0.8750154488841156,-6.504245676680979E-08,0.4840949950310637));
#13154=DIRECTION('',(0.061346405671653254,-0.9919380438120255,0.11088523684215512));
#13155=FACE_BOUND('',#13156,.T.);
#13156=EDGE_LOOP('',(#13157,#13158,#13159));
#13157=ORIENTED_EDGE('',*,*,#13160,.T.);
#13158=ORIENTED_EDGE('',*,*,#13161,.T.);
#13159=ORIENTED_EDGE('',*,*,#13162,.T.);
#13160=EDGE_CURVE('',#1099,#1101,#13163,.F.);
#13161=EDGE_CURVE('',#1101,#1103,#13164,.T.);
#13162=EDGE_CURVE('',#1103,#1099,#13165,.T.);
#13163=LINE('',#1098,#13166);
#13164=LINE('',#1100,#13167);
#13165=LINE('',#1102,#13168);
#13166=VECTOR('',#13169,1.0);
#13167=VECTOR('',#13170,1.0);
#13168=VECTOR('',#13171,1.0);
#13169=DIRECTION('',(0.061346405671653254,-0.9919380438120255,0.11088523684215512));
#13170=DIRECTION('',(0,0.999999999999991,1.3435887054242912E-07));
#13171=DIRECTION('',(-0.484094995031068,1.1756604922169878E-07,-0.8750154488841078));
#13172=FACE_SURFACE('',(#13177),#13173,.T.);
#13173=PLANE('',#13174);
#13174=AXIS2_PLACEMENT_3D('',#1102,#13175,#13176);
#13175=DIRECTION('',(-0.7895403704964166,-8.245585422113647E-08,0.6136986258387536));
#13176=DIRECTION('',(0,-0.999999999999991,-1.3435887054242912E-07));
#13177=FACE_BOUND('',#13178,.T.);
#13178=EDGE_LOOP('',(#13179,#13180,#13181));
#13179=ORIENTED_EDGE('',*,*,#13182,.T.);
#13180=ORIENTED_EDGE('',*,*,#13183,.T.);
#13181=ORIENTED_EDGE('',*,*,#13184,.T.);
#13182=EDGE_CURVE('',#1103,#1101,#13185,.F.);
#13183=EDGE_CURVE('',#1101,#1105,#13186,.T.);
#13184=EDGE_CURVE('',#1105,#1103,#13187,.T.);
#13185=LINE('',#1102,#13188);
#13186=LINE('',#1100,#13189);
#13187=LINE('',#1104,#13190);
#13188=VECTOR('',#13191,1.0);
#13189=VECTOR('',#13192,1.0);
#13190=VECTOR('',#13193,1.0);
#13191=DIRECTION('',(0,-0.999999999999991,-1.3435887054242912E-07));
#13192=DIRECTION('',(0.6136986258387592,-1.0608178669820389E-07,0.7895403704964093));
#13193=DIRECTION('',(-0.07731267600519466,0.9920330177140168,-0.09946477715320687));
#13194=FACE_SURFACE('',(#13199),#13195,.T.);
#13195=PLANE('',#13196);
#13196=AXIS2_PLACEMENT_3D('',#1102,#13197,#13198);
#13197=DIRECTION('',(-0.7895403704964165,-8.245585421951279E-08,0.6136986258387536));
#13198=DIRECTION('',(0.07731267600519466,-0.9920330177140168,0.09946477715320687));
#13199=FACE_BOUND('',#13200,.T.);
#13200=EDGE_LOOP('',(#13201,#13202,#13203));
#13201=ORIENTED_EDGE('',*,*,#13204,.T.);
#13202=ORIENTED_EDGE('',*,*,#13205,.T.);
#13203=ORIENTED_EDGE('',*,*,#13206,.T.);
#13204=EDGE_CURVE('',#1103,#1105,#13207,.F.);
#13205=EDGE_CURVE('',#1105,#1107,#13208,.T.);
#13206=EDGE_CURVE('',#1107,#1103,#13209,.T.);
#13207=LINE('',#1102,#13210);
#13208=LINE('',#1104,#13211);
#13209=LINE('',#1106,#13212);
#13210=VECTOR('',#13213,1.0);
#13211=VECTOR('',#13214,1.0);
#13212=VECTOR('',#13215,1.0);
#13213=DIRECTION('',(0.07731267600519466,-0.9920330177140168,0.09946477715320687));
#13214=DIRECTION('',(0,0.9999999999999909,1.3435887054242695E-07));
#13215=DIRECTION('',(-0.6136986258387592,1.0608166089903245E-07,-0.7895403704964093));
#13216=FACE_SURFACE('',(#13221),#13217,.T.);
#13217=PLANE('',#13218);
#13218=AXIS2_PLACEMENT_3D('',#1106,#13219,#13220);
#13219=DIRECTION('',(-0.6873416250518273,-9.758945388254921E-08,0.7263342828691922));
#13220=DIRECTION('',(0,-0.9999999999999909,-1.3435887054242695E-07));
#13221=FACE_BOUND('',#13222,.T.);
#13222=EDGE_LOOP('',(#13223,#13224,#13225));
#13223=ORIENTED_EDGE('',*,*,#13226,.T.);
#13224=ORIENTED_EDGE('',*,*,#13227,.T.);
#13225=ORIENTED_EDGE('',*,*,#13228,.T.);
#13226=EDGE_CURVE('',#1107,#1105,#13229,.F.);
#13227=EDGE_CURVE('',#1105,#1109,#13230,.T.);
#13228=EDGE_CURVE('',#1109,#1107,#13231,.T.);
#13229=LINE('',#1106,#13232);
#13230=LINE('',#1104,#13233);
#13231=LINE('',#1108,#13234);
#13232=VECTOR('',#13235,1.0);
#13233=VECTOR('',#13236,1.0);
#13234=VECTOR('',#13237,1.0);
#13235=DIRECTION('',(0,-0.9999999999999909,-1.3435887054242695E-07));
#13236=DIRECTION('',(0.7263342828691988,-9.235046432263328E-08,0.6873416250518212));
#13237=DIRECTION('',(-0.09255483009271738,0.9918479227238655,-0.08758596699735285));
#13238=FACE_SURFACE('',(#13243),#13239,.T.);
#13239=PLANE('',#13240);
#13240=AXIS2_PLACEMENT_3D('',#1106,#13241,#13242);
#13241=DIRECTION('',(-0.6873416250518274,-9.758945388595995E-08,0.7263342828691922));
#13242=DIRECTION('',(0.09255483009271738,-0.9918479227238655,0.08758596699735285));
#13243=FACE_BOUND('',#13244,.T.);
#13244=EDGE_LOOP('',(#13245,#13246,#13247));
#13245=ORIENTED_EDGE('',*,*,#13248,.T.);
#13246=ORIENTED_EDGE('',*,*,#13249,.T.);
#13247=ORIENTED_EDGE('',*,*,#13250,.T.);
#13248=EDGE_CURVE('',#1107,#1109,#13251,.F.);
#13249=EDGE_CURVE('',#1109,#1111,#13252,.T.);
#13250=EDGE_CURVE('',#1111,#1107,#13253,.T.);
#13251=LINE('',#1106,#13254);
#13252=LINE('',#1108,#13255);
#13253=LINE('',#1110,#13256);
#13254=VECTOR('',#13257,1.0);
#13255=VECTOR('',#13258,1.0);
#13256=VECTOR('',#13259,1.0);
#13257=DIRECTION('',(0.09255483009271738,-0.9918479227238655,0.08758596699735285));
#13258=DIRECTION('',(0,0.9999999999999909,1.3435887054242695E-07));
#13259=DIRECTION('',(-0.7263342828691988,9.235046432263328E-08,-0.6873416250518212));
#13260=FACE_SURFACE('',(#13265),#13261,.T.);
#13261=PLANE('',#13262);
#13262=AXIS2_PLACEMENT_3D('',#1110,#13263,#13264);
#13263=DIRECTION('',(-0.5750871447289317,-1.0991793810103059E-07,0.8180921561581632));
#13264=DIRECTION('',(0,-0.9999999999999909,-1.3435887054242695E-07));
#13265=FACE_BOUND('',#13266,.T.);
#13266=EDGE_LOOP('',(#13267,#13268,#13269));
#13267=ORIENTED_EDGE('',*,*,#13270,.T.);
#13268=ORIENTED_EDGE('',*,*,#13271,.T.);
#13269=ORIENTED_EDGE('',*,*,#13272,.T.);
#13270=EDGE_CURVE('',#1111,#1109,#13273,.F.);
#13271=EDGE_CURVE('',#1109,#1113,#13274,.T.);
#13272=EDGE_CURVE('',#1113,#1111,#13275,.T.);
#13273=LINE('',#1110,#13276);
#13274=LINE('',#1108,#13277);
#13275=LINE('',#1112,#13278);
#13276=VECTOR('',#13279,1.0);
#13277=VECTOR('',#13280,1.0);
#13278=VECTOR('',#13281,1.0);
#13279=DIRECTION('',(0,-0.9999999999999909,-1.3435887054242695E-07));
#13280=DIRECTION('',(0.8180921561581707,-7.726804313565849E-08,0.5750871447289266));
#13281=DIRECTION('',(-0.1070621904175739,0.9913997945696168,-0.07526044585512819));
#13282=FACE_SURFACE('',(#13287),#13283,.T.);
#13283=PLANE('',#13284);
#13284=AXIS2_PLACEMENT_3D('',#1110,#13285,#13286);
#13285=DIRECTION('',(-0.5750871447289319,-1.0991793809807925E-07,0.8180921561581632));
#13286=DIRECTION('',(0.1070621904175739,-0.9913997945696168,0.07526044585512819));
#13287=FACE_BOUND('',#13288,.T.);
#13288=EDGE_LOOP('',(#13289,#13290,#13291));
#13289=ORIENTED_EDGE('',*,*,#13292,.T.);
#13290=ORIENTED_EDGE('',*,*,#13293,.T.);
#13291=ORIENTED_EDGE('',*,*,#13294,.T.);
#13292=EDGE_CURVE('',#1111,#1113,#13295,.F.);
#13293=EDGE_CURVE('',#1113,#1115,#13296,.T.);
#13294=EDGE_CURVE('',#1115,#1111,#13297,.T.);
#13295=LINE('',#1110,#13298);
#13296=LINE('',#1112,#13299);
#13297=LINE('',#1114,#13300);
#13298=VECTOR('',#13301,1.0);
#13299=VECTOR('',#13302,1.0);
#13300=VECTOR('',#13303,1.0);
#13301=DIRECTION('',(0.1070621904175739,-0.9913997945696168,0.07526044585512819));
#13302=DIRECTION('',(0,0.9999999999999909,1.3435887054242695E-07));
#13303=DIRECTION('',(-0.8180921561581707,7.726804313565849E-08,-0.5750871447289266));
#13304=FACE_SURFACE('',(#13309),#13305,.T.);
#13305=PLANE('',#13306);
#13306=AXIS2_PLACEMENT_3D('',#1114,#13307,#13308);
#13307=DIRECTION('',(-0.45944280909315605,-1.193385370023208E-07,0.8882073548291387));
#13308=DIRECTION('',(0,-0.9999999999999909,-1.3435887054242695E-07));
#13309=FACE_BOUND('',#13310,.T.);
#13310=EDGE_LOOP('',(#13311,#13312,#13313));
#13311=ORIENTED_EDGE('',*,*,#13314,.T.);
#13312=ORIENTED_EDGE('',*,*,#13315,.T.);
#13313=ORIENTED_EDGE('',*,*,#13316,.T.);
#13314=EDGE_CURVE('',#1115,#1113,#13317,.F.);
#13315=EDGE_CURVE('',#1113,#1117,#13318,.T.);
#13316=EDGE_CURVE('',#1117,#1115,#13319,.T.);
#13317=LINE('',#1114,#13320);
#13318=LINE('',#1112,#13321);
#13319=LINE('',#1116,#13322);
#13320=VECTOR('',#13323,1.0);
#13321=VECTOR('',#13324,1.0);
#13322=VECTOR('',#13325,1.0);
#13323=DIRECTION('',(0,-0.9999999999999909,-1.3435887054242695E-07));
#13324=DIRECTION('',(0.8882073548291467,-6.173020338055476E-08,0.4594428090931519));
#13325=DIRECTION('',(-0.1208260009657875,0.9907042391646494,-0.062499503932500124));
#13326=FACE_SURFACE('',(#13331),#13327,.T.);
#13327=PLANE('',#13328);
#13328=AXIS2_PLACEMENT_3D('',#1114,#13329,#13330);
#13329=DIRECTION('',(-0.45944280909278884,-1.1933848024179837E-07,0.8882073548293286));
#13330=DIRECTION('',(0.1208260009657875,-0.9907042391646494,0.062499503932500124));
#13331=FACE_BOUND('',#13332,.T.);
#13332=EDGE_LOOP('',(#13333,#13334,#13335));
#13333=ORIENTED_EDGE('',*,*,#13336,.T.);
#13334=ORIENTED_EDGE('',*,*,#13337,.T.);
#13335=ORIENTED_EDGE('',*,*,#13338,.T.);
#13336=EDGE_CURVE('',#1115,#1117,#13339,.F.);
#13337=EDGE_CURVE('',#1117,#1119,#13340,.T.);
#13338=EDGE_CURVE('',#1119,#1115,#13341,.T.);
#13339=LINE('',#1114,#13342);
#13340=LINE('',#1116,#13343);
#13341=LINE('',#1118,#13344);
#13342=VECTOR('',#13345,1.0);
#13343=VECTOR('',#13346,1.0);
#13344=VECTOR('',#13347,1.0);
#13345=DIRECTION('',(0.1208260009657875,-0.9907042391646494,0.062499503932500124));
#13346=DIRECTION('',(0,0.9999999999999909,1.34358806641493E-07));
#13347=DIRECTION('',(-0.8882073548293365,6.173020338056795E-08,-0.45944280909278473));
#13348=FACE_SURFACE('',(#13353),#13349,.T.);
#13349=PLANE('',#13350);
#13350=AXIS2_PLACEMENT_3D('',#1118,#13351,#13352);
#13351=DIRECTION('',(-0.3457372904810277,-1.2607308067646745E-07,0.9383313519065755));
#13352=DIRECTION('',(0,-0.9999999999999909,-1.34358806641493E-07));
#13353=FACE_BOUND('',#13354,.T.);
#13354=EDGE_LOOP('',(#13355,#13356,#13357));
#13355=ORIENTED_EDGE('',*,*,#13358,.T.);
#13356=ORIENTED_EDGE('',*,*,#13359,.T.);
#13357=ORIENTED_EDGE('',*,*,#13360,.T.);
#13358=EDGE_CURVE('',#1119,#1117,#13361,.F.);
#13359=EDGE_CURVE('',#1117,#1121,#13362,.T.);
#13360=EDGE_CURVE('',#1121,#1119,#13363,.T.);
#13361=LINE('',#1118,#13364);
#13362=LINE('',#1116,#13365);
#13363=LINE('',#1120,#13366);
#13364=VECTOR('',#13367,1.0);
#13365=VECTOR('',#13368,1.0);
#13366=VECTOR('',#13369,1.0);
#13367=DIRECTION('',(0,-0.9999999999999909,-1.34358806641493E-07));
#13368=DIRECTION('',(0.9383313519065838,-4.645278429859594E-08,0.34573729048102453));
#13369=DIRECTION('',(-0.1338393378873412,0.9897752949272052,-0.049314269594533014));
#13370=FACE_SURFACE('',(#13375),#13371,.T.);
#13371=PLANE('',#13372);
#13372=AXIS2_PLACEMENT_3D('',#1118,#13373,#13374);
#13373=DIRECTION('',(-0.3457372904814181,-1.2607314063768796E-07,0.9383313519064317));
#13374=DIRECTION('',(0.1338393378873412,-0.9897752949272052,0.049314269594533014));
#13375=FACE_BOUND('',#13376,.T.);
#13376=EDGE_LOOP('',(#13377,#13378,#13379));
#13377=ORIENTED_EDGE('',*,*,#13380,.T.);
#13378=ORIENTED_EDGE('',*,*,#13381,.T.);
#13379=ORIENTED_EDGE('',*,*,#13382,.T.);
#13380=EDGE_CURVE('',#1119,#1121,#13383,.F.);
#13381=EDGE_CURVE('',#1121,#1123,#13384,.T.);
#13382=EDGE_CURVE('',#1123,#1119,#13385,.T.);
#13383=LINE('',#1118,#13386);
#13384=LINE('',#1120,#13387);
#13385=LINE('',#1122,#13388);
#13386=VECTOR('',#13389,1.0);
#13387=VECTOR('',#13390,1.0);
#13388=VECTOR('',#13391,1.0);
#13389=DIRECTION('',(0.1338393378873412,-0.9897752949272052,0.049314269594533014));
#13390=DIRECTION('',(0,0.999999999999991,1.3435887054242912E-07));
#13391=DIRECTION('',(-0.9383313519064402,4.6452895153839635E-08,-0.345737290481415));
#13392=FACE_SURFACE('',(#13397),#13393,.T.);
#13393=PLANE('',#13394);
#13394=AXIS2_PLACEMENT_3D('',#1122,#13395,#13396);
#13395=DIRECTION('',(-0.23747427374190208,-1.3051537759816775E-07,0.971393828120572));
#13396=DIRECTION('',(0,-0.999999999999991,-1.3435887054242912E-07));
#13397=FACE_BOUND('',#13398,.T.);
#13398=EDGE_LOOP('',(#13399,#13400,#13401));
#13399=ORIENTED_EDGE('',*,*,#13402,.T.);
#13400=ORIENTED_EDGE('',*,*,#13403,.T.);
#13401=ORIENTED_EDGE('',*,*,#13404,.T.);
#13402=EDGE_CURVE('',#1123,#1121,#13405,.F.);
#13403=EDGE_CURVE('',#1121,#1125,#13406,.T.);
#13404=EDGE_CURVE('',#1125,#1123,#13407,.T.);
#13405=LINE('',#1122,#13408);
#13406=LINE('',#1120,#13409);
#13407=LINE('',#1124,#13410);
#13408=VECTOR('',#13411,1.0);
#13409=VECTOR('',#13412,1.0);
#13410=VECTOR('',#13413,1.0);
#13411=DIRECTION('',(0,-0.999999999999991,-1.3435887054242912E-07));
#13412=DIRECTION('',(0.9713938281205806,-3.190681258182948E-08,0.23747427374189992));
#13413=DIRECTION('',(-0.1460966061193881,0.9886253926952544,-0.03571574720694609));
#13414=FACE_SURFACE('',(#13419),#13415,.T.);
#13415=PLANE('',#13416);
#13416=AXIS2_PLACEMENT_3D('',#1122,#13417,#13418);
#13417=DIRECTION('',(-0.23747427374190208,-1.305153776013669E-07,0.971393828120572));
#13418=DIRECTION('',(0.1460966061193881,-0.9886253926952544,0.03571574720694609));
#13419=FACE_BOUND('',#13420,.T.);
#13420=EDGE_LOOP('',(#13421,#13422,#13423));
#13421=ORIENTED_EDGE('',*,*,#13424,.T.);
#13422=ORIENTED_EDGE('',*,*,#13425,.T.);
#13423=ORIENTED_EDGE('',*,*,#13426,.T.);
#13424=EDGE_CURVE('',#1123,#1125,#13427,.F.);
#13425=EDGE_CURVE('',#1125,#1127,#13428,.T.);
#13426=EDGE_CURVE('',#1127,#1123,#13429,.T.);
#13427=LINE('',#1122,#13430);
#13428=LINE('',#1124,#13431);
#13429=LINE('',#1126,#13432);
#13430=VECTOR('',#13433,1.0);
#13431=VECTOR('',#13434,1.0);
#13432=VECTOR('',#13435,1.0);
#13433=DIRECTION('',(0.1460966061193881,-0.9886253926952544,0.03571574720694609));
#13434=DIRECTION('',(0,0.999999999999991,1.3435887054242912E-07));
#13435=DIRECTION('',(-0.9713938281205806,3.190681258182948E-08,-0.23747427374189992));
#13436=FACE_SURFACE('',(#13441),#13437,.T.);
#13437=PLANE('',#13438);
#13438=AXIS2_PLACEMENT_3D('',#1126,#13439,#13440);
#13439=DIRECTION('',(-0.13650054967785813,-1.3310127085890718E-07,0.9906399951231653));
#13440=DIRECTION('',(0,-0.999999999999991,-1.3435887054242912E-07));
#13441=FACE_BOUND('',#13442,.T.);
#13442=EDGE_LOOP('',(#13443,#13444,#13445));
#13443=ORIENTED_EDGE('',*,*,#13446,.T.);
#13444=ORIENTED_EDGE('',*,*,#13447,.T.);
#13445=ORIENTED_EDGE('',*,*,#13448,.T.);
#13446=EDGE_CURVE('',#1127,#1125,#13449,.F.);
#13447=EDGE_CURVE('',#1125,#1129,#13450,.T.);
#13448=EDGE_CURVE('',#1129,#1127,#13451,.T.);
#13449=LINE('',#1126,#13452);
#13450=LINE('',#1124,#13453);
#13451=LINE('',#1128,#13454);
#13452=VECTOR('',#13455,1.0);
#13453=VECTOR('',#13456,1.0);
#13454=VECTOR('',#13457,1.0);
#13455=DIRECTION('',(0,-0.999999999999991,-1.3435887054242912E-07));
#13456=DIRECTION('',(0.9906399951231741,-1.8340091510022417E-08,0.13650054967785688));
#13457=DIRECTION('',(-0.15759374713516144,0.9872652533206985,-0.021714751887045018));
#13458=FACE_SURFACE('',(#13463),#13459,.T.);
#13459=PLANE('',#13460);
#13460=AXIS2_PLACEMENT_3D('',#1126,#13461,#13462);
#13461=DIRECTION('',(-0.13650054967746894,-1.3310120755768613E-07,0.9906399951232189));
#13462=DIRECTION('',(0.15759374713516144,-0.9872652533206985,0.021714751887045018));
#13463=FACE_BOUND('',#13464,.T.);
#13464=EDGE_LOOP('',(#13465,#13466,#13467));
#13465=ORIENTED_EDGE('',*,*,#13468,.T.);
#13466=ORIENTED_EDGE('',*,*,#13469,.T.);
#13467=ORIENTED_EDGE('',*,*,#13470,.T.);
#13468=EDGE_CURVE('',#1127,#1129,#13471,.F.);
#13469=EDGE_CURVE('',#1129,#1131,#13472,.T.);
#13470=EDGE_CURVE('',#1131,#1127,#13473,.T.);
#13471=LINE('',#1126,#13474);
#13472=LINE('',#1128,#13475);
#13473=LINE('',#1130,#13476);
#13474=VECTOR('',#13477,1.0);
#13475=VECTOR('',#13478,1.0);
#13476=VECTOR('',#13479,1.0);
#13477=DIRECTION('',(0.15759374713516144,-0.9872652533206985,0.021714751887045018));
#13478=DIRECTION('',(0,0.9999999999999909,1.34358806641493E-07));
#13479=DIRECTION('',(-0.9906399951232279,1.833999236796279E-08,-0.1365005496774677));
#13480=FACE_SURFACE('',(#13485),#13481,.T.);
#13481=PLANE('',#13482);
#13482=AXIS2_PLACEMENT_3D('',#1130,#13483,#13484);
#13483=DIRECTION('',(-0.04345807199909421,-1.342318713892631E-07,0.9990552517143902));
#13484=DIRECTION('',(0,-0.9999999999999909,-1.34358806641493E-07));
#13485=FACE_BOUND('',#13486,.T.);
#13486=EDGE_LOOP('',(#13487,#13488,#13489));
#13487=ORIENTED_EDGE('',*,*,#13490,.T.);
#13488=ORIENTED_EDGE('',*,*,#13491,.T.);
#13489=ORIENTED_EDGE('',*,*,#13492,.T.);
#13490=EDGE_CURVE('',#1131,#1129,#13493,.F.);
#13491=EDGE_CURVE('',#1129,#1133,#13494,.T.);
#13492=EDGE_CURVE('',#1133,#1131,#13495,.T.);
#13493=LINE('',#1130,#13496);
#13494=LINE('',#1128,#13497);
#13495=LINE('',#1132,#13498);
#13496=VECTOR('',#13499,1.0);
#13497=VECTOR('',#13500,1.0);
#13498=VECTOR('',#13501,1.0);
#13499=DIRECTION('',(0,-0.9999999999999909,-1.34358806641493E-07));
#13500=DIRECTION('',(0.9990552517143991,-5.838939697739766E-09,0.043458071999093816));
#13501=DIRECTION('',(-0.16832765492629229,0.9857039054346477,-0.007321980462835165));
#13502=FACE_SURFACE('',(#13507),#13503,.T.);
#13503=PLANE('',#13504);
#13504=AXIS2_PLACEMENT_3D('',#1130,#13505,#13506);
#13505=DIRECTION('',(-0.04345807199946733,-1.3423193522931885E-07,0.9990552517143738));
#13506=DIRECTION('',(0.16832765492629229,-0.9857039054346477,0.007321980462835165));
#13507=FACE_BOUND('',#13508,.T.);
#13508=EDGE_LOOP('',(#13509,#13510,#13511));
#13509=ORIENTED_EDGE('',*,*,#13512,.T.);
#13510=ORIENTED_EDGE('',*,*,#13513,.T.);
#13511=ORIENTED_EDGE('',*,*,#13514,.T.);
#13512=EDGE_CURVE('',#1131,#1133,#13515,.F.);
#13513=EDGE_CURVE('',#1133,#1135,#13516,.T.);
#13514=EDGE_CURVE('',#1135,#1131,#13517,.T.);
#13515=LINE('',#1130,#13518);
#13516=LINE('',#1132,#13519);
#13517=LINE('',#1134,#13520);
#13518=VECTOR('',#13521,1.0);
#13519=VECTOR('',#13522,1.0);
#13520=VECTOR('',#13523,1.0);
#13521=DIRECTION('',(0.16832765492629229,-0.9857039054346477,0.007321980462835165));
#13522=DIRECTION('',(0,0.999999999999991,1.3435887054242912E-07));
#13523=DIRECTION('',(-0.9990552517143829,5.839033158159003E-09,-0.04345807199946695));
#13524=FACE_SURFACE('',(#13529),#13525,.T.);
#13525=PLANE('',#13526);
#13526=AXIS2_PLACEMENT_3D('',#1134,#13527,#13528);
#13527=DIRECTION('',(0.02380806821374457,-1.3432078622113928E-07,0.9997165477713729));
#13528=DIRECTION('',(0,-0.999999999999991,-1.3435887054242912E-07));
#13529=FACE_BOUND('',#13530,.T.);
#13530=EDGE_LOOP('',(#13531,#13532,#13533));
#13531=ORIENTED_EDGE('',*,*,#13534,.T.);
#13532=ORIENTED_EDGE('',*,*,#13535,.T.);
#13533=ORIENTED_EDGE('',*,*,#13536,.T.);
#13534=EDGE_CURVE('',#1135,#1133,#13537,.F.);
#13535=EDGE_CURVE('',#1133,#1137,#13538,.T.);
#13536=EDGE_CURVE('',#1137,#1135,#13539,.T.);
#13537=LINE('',#1134,#13540);
#13538=LINE('',#1132,#13541);
#13539=LINE('',#1136,#13542);
#13540=VECTOR('',#13543,1.0);
#13541=VECTOR('',#13544,1.0);
#13542=VECTOR('',#13545,1.0);
#13543=DIRECTION('',(0,-0.999999999999991,-1.3435887054242912E-07));
#13544=DIRECTION('',(0.9997165477713817,3.198843764946554E-09,-0.023808068213744347));
#13545=DIRECTION('',(-0.0820806818380859,0.9966237706128181,0.001954870451906519));
#13546=FACE_SURFACE('',(#13551),#13547,.T.);
#13547=PLANE('',#13548);
#13548=AXIS2_PLACEMENT_3D('',#1134,#13549,#13550);
#13549=DIRECTION('',(0.023808068213744562,-1.3432078622129196E-07,0.9997165477713729));
#13550=DIRECTION('',(0.0820806818380859,-0.9966237706128181,-0.001954870451906519));
#13551=FACE_BOUND('',#13552,.T.);
#13552=EDGE_LOOP('',(#13553,#13554,#13555));
#13553=ORIENTED_EDGE('',*,*,#13556,.T.);
#13554=ORIENTED_EDGE('',*,*,#13557,.T.);
#13555=ORIENTED_EDGE('',*,*,#13558,.T.);
#13556=EDGE_CURVE('',#1135,#1137,#13559,.F.);
#13557=EDGE_CURVE('',#1137,#1139,#13560,.T.);
#13558=EDGE_CURVE('',#1139,#1135,#13561,.T.);
#13559=LINE('',#1134,#13562);
#13560=LINE('',#1136,#13563);
#13561=LINE('',#1138,#13564);
#13562=VECTOR('',#13565,1.0);
#13563=VECTOR('',#13566,1.0);
#13564=VECTOR('',#13567,1.0);
#13565=DIRECTION('',(0.0820806818380859,-0.9966237706128181,-0.001954870451906519));
#13566=DIRECTION('',(0,0.999999999999991,1.3435887054242912E-07));
#13567=DIRECTION('',(-0.9997165477713817,-3.198843764946554E-09,0.023808068213744347));
#13568=FACE_SURFACE('',(#13573),#13569,.T.);
#13569=PLANE('',#13570);
#13570=AXIS2_PLACEMENT_3D('',#1138,#13571,#13572);
#13571=DIRECTION('',(0.0711267875537203,-1.3401857750897975E-07,0.9974672827177191));
#13572=DIRECTION('',(0,-0.999999999999991,-1.3435887054242912E-07));
#13573=FACE_BOUND('',#13574,.T.);
#13574=EDGE_LOOP('',(#13575,#13576,#13577));
#13575=ORIENTED_EDGE('',*,*,#13578,.T.);
#13576=ORIENTED_EDGE('',*,*,#13579,.T.);
#13577=ORIENTED_EDGE('',*,*,#13580,.T.);
#13578=EDGE_CURVE('',#1139,#1137,#13581,.F.);
#13579=EDGE_CURVE('',#1137,#1141,#13582,.T.);
#13580=EDGE_CURVE('',#1141,#1139,#13583,.T.);
#13581=LINE('',#1138,#13584);
#13582=LINE('',#1136,#13585);
#13583=LINE('',#1140,#13586);
#13584=VECTOR('',#13587,1.0);
#13585=VECTOR('',#13588,1.0);
#13586=VECTOR('',#13589,1.0);
#13587=DIRECTION('',(0,-0.999999999999991,-1.3435887054242912E-07));
#13588=DIRECTION('',(0.9974672827177279,9.556457019664798E-09,-0.07112678755371965));
#13589=DIRECTION('',(-0.0824830148547858,0.9965751135248855,0.005881782325692697));
#13590=FACE_SURFACE('',(#13595),#13591,.T.);
#13591=PLANE('',#13592);
#13592=AXIS2_PLACEMENT_3D('',#1138,#13593,#13594);
#13593=DIRECTION('',(0.07112678755448652,-1.3401851376971216E-07,0.9974672827176645));
#13594=DIRECTION('',(0.0824830148547858,-0.9965751135248855,-0.005881782325692697));
#13595=FACE_BOUND('',#13596,.T.);
#13596=EDGE_LOOP('',(#13597,#13598,#13599));
#13597=ORIENTED_EDGE('',*,*,#13600,.T.);
#13598=ORIENTED_EDGE('',*,*,#13601,.T.);
#13599=ORIENTED_EDGE('',*,*,#13602,.T.);
#13600=EDGE_CURVE('',#1139,#1141,#13603,.F.);
#13601=EDGE_CURVE('',#1141,#1143,#13604,.T.);
#13602=EDGE_CURVE('',#1143,#1139,#13605,.T.);
#13603=LINE('',#1138,#13606);
#13604=LINE('',#1140,#13607);
#13605=LINE('',#1142,#13608);
#13606=VECTOR('',#13609,1.0);
#13607=VECTOR('',#13610,1.0);
#13608=VECTOR('',#13611,1.0);
#13609=DIRECTION('',(0.0824830148547858,-0.9965751135248855,-0.005881782325692697));
#13610=DIRECTION('',(0,0.9999999999999909,1.34358806641493E-07));
#13611=DIRECTION('',(-0.9974672827176734,-9.556649546549857E-09,0.07112678755448587));
#13612=FACE_SURFACE('',(#13617),#13613,.T.);
#13613=PLANE('',#13614);
#13614=AXIS2_PLACEMENT_3D('',#1142,#13615,#13616);
#13615=DIRECTION('',(0.11772211374817676,-1.3342455301453504E-07,0.9930465769210645));
#13616=DIRECTION('',(0,-0.9999999999999909,-1.34358806641493E-07));
#13617=FACE_BOUND('',#13618,.T.);
#13618=EDGE_LOOP('',(#13619,#13620,#13621));
#13619=ORIENTED_EDGE('',*,*,#13622,.T.);
#13620=ORIENTED_EDGE('',*,*,#13623,.T.);
#13621=ORIENTED_EDGE('',*,*,#13624,.T.);
#13622=EDGE_CURVE('',#1143,#1141,#13625,.F.);
#13623=EDGE_CURVE('',#1141,#1145,#13626,.T.);
#13624=EDGE_CURVE('',#1145,#1143,#13627,.T.);
#13625=LINE('',#1142,#13628);
#13626=LINE('',#1140,#13629);
#13627=LINE('',#1144,#13630);
#13628=VECTOR('',#13631,1.0);
#13629=VECTOR('',#13632,1.0);
#13630=VECTOR('',#13633,1.0);
#13631=DIRECTION('',(0,-0.9999999999999909,-1.34358806641493E-07));
#13632=DIRECTION('',(0.9930465769210733,1.58169666552253E-08,-0.11772211374817568));
#13633=DIRECTION('',(-0.0829645601405538,0.9965039633262202,0.009835285243429184));
#13634=FACE_SURFACE('',(#13639),#13635,.T.);
#13635=PLANE('',#13636);
#13636=AXIS2_PLACEMENT_3D('',#1142,#13637,#13638);
#13637=DIRECTION('',(0.11772211374742511,-1.3342461647127865E-07,0.9930465769211536));
#13638=DIRECTION('',(0.0829645601405538,-0.9965039633262202,-0.009835285243429184));
#13639=FACE_BOUND('',#13640,.T.);
#13640=EDGE_LOOP('',(#13641,#13642,#13643));
#13641=ORIENTED_EDGE('',*,*,#13644,.T.);
#13642=ORIENTED_EDGE('',*,*,#13645,.T.);
#13643=ORIENTED_EDGE('',*,*,#13646,.T.);
#13644=EDGE_CURVE('',#1143,#1145,#13647,.F.);
#13645=EDGE_CURVE('',#1145,#1147,#13648,.T.);
#13646=EDGE_CURVE('',#1147,#1143,#13649,.T.);
#13647=LINE('',#1142,#13650);
#13648=LINE('',#1144,#13651);
#13649=LINE('',#1146,#13652);
#13650=VECTOR('',#13653,1.0);
#13651=VECTOR('',#13654,1.0);
#13652=VECTOR('',#13655,1.0);
#13653=DIRECTION('',(0.0829645601405538,-0.9965039633262202,-0.009835285243429184));
#13654=DIRECTION('',(0,0.9999999999999909,1.3435887054242695E-07));
#13655=DIRECTION('',(-0.9930465769211626,-1.5816966655226718E-08,0.11772211374742407));
#13656=FACE_SURFACE('',(#13661),#13657,.T.);
#13657=PLANE('',#13658);
#13658=AXIS2_PLACEMENT_3D('',#1146,#13659,#13660);
#13659=DIRECTION('',(0.16317993615670948,-1.3255796790370525E-07,0.986596324965725));
#13660=DIRECTION('',(0,-0.9999999999999909,-1.3435887054242695E-07));
#13661=FACE_BOUND('',#13662,.T.);
#13662=EDGE_LOOP('',(#13663,#13664,#13665));
#13663=ORIENTED_EDGE('',*,*,#13666,.T.);
#13664=ORIENTED_EDGE('',*,*,#13667,.T.);
#13665=ORIENTED_EDGE('',*,*,#13668,.T.);
#13666=EDGE_CURVE('',#1147,#1145,#13669,.F.);
#13667=EDGE_CURVE('',#1145,#1149,#13670,.T.);
#13668=EDGE_CURVE('',#1149,#1147,#13671,.T.);
#13669=LINE('',#1146,#13672);
#13670=LINE('',#1144,#13673);
#13671=LINE('',#1148,#13674);
#13672=VECTOR('',#13675,1.0);
#13673=VECTOR('',#13676,1.0);
#13674=VECTOR('',#13677,1.0);
#13675=DIRECTION('',(0,-0.9999999999999909,-1.3435887054242695E-07));
#13676=DIRECTION('',(0.9865963249657341,2.192472675204427E-08,-0.16317993615670803));
#13677=DIRECTION('',(-0.08352546261181423,0.9964098771752091,0.013814983285081156));
#13678=FACE_SURFACE('',(#13683),#13679,.T.);
#13679=PLANE('',#13680);
#13680=AXIS2_PLACEMENT_3D('',#1146,#13681,#13682);
#13681=DIRECTION('',(0.1631799361567095,-1.325579679027894E-07,0.986596324965725));
#13682=DIRECTION('',(0.08352546261181423,-0.9964098771752091,-0.013814983285081156));
#13683=FACE_BOUND('',#13684,.T.);
#13684=EDGE_LOOP('',(#13685,#13686,#13687));
#13685=ORIENTED_EDGE('',*,*,#13688,.T.);
#13686=ORIENTED_EDGE('',*,*,#13689,.T.);
#13687=ORIENTED_EDGE('',*,*,#13690,.T.);
#13688=EDGE_CURVE('',#1147,#1149,#13691,.F.);
#13689=EDGE_CURVE('',#1149,#1151,#13692,.T.);
#13690=EDGE_CURVE('',#1151,#1147,#13693,.T.);
#13691=LINE('',#1146,#13694);
#13692=LINE('',#1148,#13695);
#13693=LINE('',#1150,#13696);
#13694=VECTOR('',#13697,1.0);
#13695=VECTOR('',#13698,1.0);
#13696=VECTOR('',#13699,1.0);
#13697=DIRECTION('',(0.08352546261181423,-0.9964098771752091,-0.013814983285081156));
#13698=DIRECTION('',(0,0.999999999999991,1.3435887054242912E-07));
#13699=DIRECTION('',(-0.9865963249657341,-2.1924538731267374E-08,0.16317993615670803));
#13700=FACE_SURFACE('',(#13705),#13701,.T.);
#13701=PLANE('',#13702);
#13702=AXIS2_PLACEMENT_3D('',#1150,#13703,#13704);
#13703=DIRECTION('',(0.20713921476050956,-1.3144482506633713E-07,0.9783114768356663));
#13704=DIRECTION('',(0,-0.999999999999991,-1.3435887054242912E-07));
#13705=FACE_BOUND('',#13706,.T.);
#13706=EDGE_LOOP('',(#13707,#13708,#13709));
#13707=ORIENTED_EDGE('',*,*,#13710,.T.);
#13708=ORIENTED_EDGE('',*,*,#13711,.T.);
#13709=ORIENTED_EDGE('',*,*,#13712,.T.);
#13710=EDGE_CURVE('',#1151,#1149,#13713,.F.);
#13711=EDGE_CURVE('',#1149,#1153,#13714,.T.);
#13712=EDGE_CURVE('',#1153,#1151,#13715,.T.);
#13713=LINE('',#1150,#13716);
#13714=LINE('',#1148,#13717);
#13715=LINE('',#1152,#13718);
#13716=VECTOR('',#13719,1.0);
#13717=VECTOR('',#13720,1.0);
#13718=VECTOR('',#13721,1.0);
#13719=DIRECTION('',(0,-0.999999999999991,-1.3435887054242912E-07));
#13720=DIRECTION('',(0.978311476835675,2.7831039192406524E-08,-0.20713921476050765));
#13721=DIRECTION('',(-0.08416539196137503,0.9962924337250738,0.017820586358410793));
#13722=FACE_SURFACE('',(#13727),#13723,.T.);
#13723=PLANE('',#13724);
#13724=AXIS2_PLACEMENT_3D('',#1150,#13725,#13726);
#13725=DIRECTION('',(0.20713921476050956,-1.314448250650658E-07,0.9783114768356663));
#13726=DIRECTION('',(0.08416539196137503,-0.9962924337250738,-0.017820586358410793));
#13727=FACE_BOUND('',#13728,.T.);
#13728=EDGE_LOOP('',(#13729,#13730,#13731));
#13729=ORIENTED_EDGE('',*,*,#13732,.T.);
#13730=ORIENTED_EDGE('',*,*,#13733,.T.);
#13731=ORIENTED_EDGE('',*,*,#13734,.T.);
#13732=EDGE_CURVE('',#1151,#1153,#13735,.F.);
#13733=EDGE_CURVE('',#1153,#1155,#13736,.T.);
#13734=EDGE_CURVE('',#1155,#1151,#13737,.T.);
#13735=LINE('',#1150,#13738);
#13736=LINE('',#1152,#13739);
#13737=LINE('',#1154,#13740);
#13738=VECTOR('',#13741,1.0);
#13739=VECTOR('',#13742,1.0);
#13740=VECTOR('',#13743,1.0);
#13741=DIRECTION('',(0.08416539196137503,-0.9962924337250738,-0.017820586358410793));
#13742=DIRECTION('',(0,0.999999999999991,1.3435887054242912E-07));
#13743=DIRECTION('',(-0.978311476835675,-2.7831039192406524E-08,0.20713921476050765));
#13744=FACE_SURFACE('',(#13749),#13745,.T.);
#13745=PLANE('',#13746);
#13746=AXIS2_PLACEMENT_3D('',#1154,#13747,#13748);
#13747=DIRECTION('',(0.2493005840870698,-1.3011664446486638E-07,0.9684261555605719));
#13748=DIRECTION('',(0,-0.999999999999991,-1.3435887054242912E-07));
#13749=FACE_BOUND('',#13750,.T.);
#13750=EDGE_LOOP('',(#13751,#13752,#13753));
#13751=ORIENTED_EDGE('',*,*,#13754,.T.);
#13752=ORIENTED_EDGE('',*,*,#13755,.T.);
#13753=ORIENTED_EDGE('',*,*,#13756,.T.);
#13754=EDGE_CURVE('',#1155,#1153,#13757,.F.);
#13755=EDGE_CURVE('',#1153,#1157,#13758,.T.);
#13756=EDGE_CURVE('',#1157,#1155,#13759,.T.);
#13757=LINE('',#1154,#13760);
#13758=LINE('',#1152,#13761);
#13759=LINE('',#1156,#13762);
#13760=VECTOR('',#13763,1.0);
#13761=VECTOR('',#13764,1.0);
#13762=VECTOR('',#13765,1.0);
#13763=DIRECTION('',(0,-0.999999999999991,-1.3435887054242912E-07));
#13764=DIRECTION('',(0.9684261555605805,3.349568658562113E-08,-0.2493005840870675));
#13765=DIRECTION('',(-0.08488435022586482,0.9961511663585728,0.021851792814039744));
#13766=FACE_SURFACE('',(#13771),#13767,.T.);
#13767=PLANE('',#13768);
#13768=AXIS2_PLACEMENT_3D('',#1154,#13769,#13770);
#13769=DIRECTION('',(0.2493005840877508,-1.3011658258214043E-07,0.9684261555603965));
#13770=DIRECTION('',(0.08488435022586482,-0.9961511663585728,-0.021851792814039744));
#13771=FACE_BOUND('',#13772,.T.);
#13772=EDGE_LOOP('',(#13773,#13774,#13775));
#13773=ORIENTED_EDGE('',*,*,#13776,.T.);
#13774=ORIENTED_EDGE('',*,*,#13777,.T.);
#13775=ORIENTED_EDGE('',*,*,#13778,.T.);
#13776=EDGE_CURVE('',#1155,#1157,#13779,.F.);
#13777=EDGE_CURVE('',#1157,#1159,#13780,.T.);
#13778=EDGE_CURVE('',#1159,#1155,#13781,.T.);
#13779=LINE('',#1154,#13782);
#13780=LINE('',#1156,#13783);
#13781=LINE('',#1158,#13784);
#13782=VECTOR('',#13785,1.0);
#13783=VECTOR('',#13786,1.0);
#13784=VECTOR('',#13787,1.0);
#13785=DIRECTION('',(0.08488435022586482,-0.9961511663585728,-0.021851792814039744));
#13786=DIRECTION('',(0,0.999999999999991,1.3435880664149516E-07));
#13787=DIRECTION('',(-0.9684261555604052,-3.349568658561507E-08,0.2493005840877486));
#13788=FACE_SURFACE('',(#13793),#13789,.T.);
#13789=PLANE('',#13790);
#13790=AXIS2_PLACEMENT_3D('',#1158,#13791,#13792);
#13791=DIRECTION('',(0.28943245712491084,-1.2860804006305278E-07,0.9571984395947478));
#13792=DIRECTION('',(0,-0.999999999999991,-1.3435880664149516E-07));
#13793=FACE_BOUND('',#13794,.T.);
#13794=EDGE_LOOP('',(#13795,#13796,#13797));
#13795=ORIENTED_EDGE('',*,*,#13798,.T.);
#13796=ORIENTED_EDGE('',*,*,#13799,.T.);
#13797=ORIENTED_EDGE('',*,*,#13800,.T.);
#13798=EDGE_CURVE('',#1159,#1157,#13801,.F.);
#13799=EDGE_CURVE('',#1157,#1161,#13802,.T.);
#13800=EDGE_CURVE('',#1161,#1159,#13803,.T.);
#13801=LINE('',#1158,#13804);
#13802=LINE('',#1156,#13805);
#13803=LINE('',#1160,#13806);
#13804=VECTOR('',#13807,1.0);
#13805=VECTOR('',#13808,1.0);
#13806=VECTOR('',#13809,1.0);
#13807=DIRECTION('',(0,-0.999999999999991,-1.3435880664149516E-07));
#13808=DIRECTION('',(0.9571984395947566,3.888773725911821E-08,-0.2894324571249082));
#13809=DIRECTION('',(-0.08568232503004199,0.9959855921298268,0.02590828916089189));
#13810=FACE_SURFACE('',(#13815),#13811,.T.);
#13811=PLANE('',#13812);
#13812=AXIS2_PLACEMENT_3D('',#1158,#13813,#13814);
#13813=DIRECTION('',(0.2894324571242594,-1.286081012284991E-07,0.9571984395949448));
#13814=DIRECTION('',(0.08568232503004199,-0.9959855921298268,-0.02590828916089189));
#13815=FACE_BOUND('',#13816,.T.);
#13816=EDGE_LOOP('',(#13817,#13818,#13819));
#13817=ORIENTED_EDGE('',*,*,#13820,.T.);
#13818=ORIENTED_EDGE('',*,*,#13821,.T.);
#13819=ORIENTED_EDGE('',*,*,#13822,.T.);
#13820=EDGE_CURVE('',#1159,#1161,#13823,.F.);
#13821=EDGE_CURVE('',#1161,#1163,#13824,.T.);
#13822=EDGE_CURVE('',#1163,#1159,#13825,.T.);
#13823=LINE('',#1158,#13826);
#13824=LINE('',#1160,#13827);
#13825=LINE('',#1162,#13828);
#13826=VECTOR('',#13829,1.0);
#13827=VECTOR('',#13830,1.0);
#13828=VECTOR('',#13831,1.0);
#13829=DIRECTION('',(0.08568232503004199,-0.9959855921298268,-0.02590828916089189));
#13830=DIRECTION('',(0,0.9999999999999909,1.3435887054242695E-07));
#13831=DIRECTION('',(-0.9571984395949534,-3.88879150096999E-08,0.28943245712425675));
#13832=FACE_SURFACE('',(#13837),#13833,.T.);
#13833=PLANE('',#13834);
#13834=AXIS2_PLACEMENT_3D('',#1162,#13835,#13836);
#13835=DIRECTION('',(0.3273728310454092,-1.2695505828799063E-07,0.9448952478943355));
#13836=DIRECTION('',(0,-0.9999999999999909,-1.3435887054242695E-07));
#13837=FACE_BOUND('',#13838,.T.);
#13838=EDGE_LOOP('',(#13839,#13840,#13841));
#13839=ORIENTED_EDGE('',*,*,#13842,.T.);
#13840=ORIENTED_EDGE('',*,*,#13843,.T.);
#13841=ORIENTED_EDGE('',*,*,#13844,.T.);
#13842=EDGE_CURVE('',#1163,#1161,#13845,.F.);
#13843=EDGE_CURVE('',#1161,#1165,#13846,.T.);
#13844=EDGE_CURVE('',#1165,#1163,#13847,.T.);
#13845=LINE('',#1162,#13848);
#13846=LINE('',#1160,#13849);
#13847=LINE('',#1164,#13850);
#13848=VECTOR('',#13851,1.0);
#13849=VECTOR('',#13852,1.0);
#13850=VECTOR('',#13853,1.0);
#13851=DIRECTION('',(0,-0.9999999999999909,-1.3435887054242695E-07));
#13852=DIRECTION('',(0.9448952478943442,4.398559336194171E-08,-0.3273728310454062));
#13853=DIRECTION('',(-0.08655894332463669,0.9957952421027163,0.02998975051771801));
#13854=FACE_SURFACE('',(#13859),#13855,.T.);
#13855=PLANE('',#13856);
#13856=AXIS2_PLACEMENT_3D('',#1162,#13857,#13858);
#13857=DIRECTION('',(0.32737283104540915,-1.269550582865172E-07,0.9448952478943357));
#13858=DIRECTION('',(0.08655894332463669,-0.9957952421027163,-0.02998975051771801));
#13859=FACE_BOUND('',#13860,.T.);
#13860=EDGE_LOOP('',(#13861,#13862,#13863));
#13861=ORIENTED_EDGE('',*,*,#13864,.T.);
#13862=ORIENTED_EDGE('',*,*,#13865,.T.);
#13863=ORIENTED_EDGE('',*,*,#13866,.T.);
#13864=EDGE_CURVE('',#1163,#1165,#13867,.F.);
#13865=EDGE_CURVE('',#1165,#1167,#13868,.T.);
#13866=EDGE_CURVE('',#1167,#1163,#13869,.T.);
#13867=LINE('',#1162,#13870);
#13868=LINE('',#1164,#13871);
#13869=LINE('',#1166,#13872);
#13870=VECTOR('',#13873,1.0);
#13871=VECTOR('',#13874,1.0);
#13872=VECTOR('',#13875,1.0);
#13873=DIRECTION('',(0.08655894332463669,-0.9957952421027163,-0.02998975051771801));
#13874=DIRECTION('',(0,0.999999999999991,1.3435887054242912E-07));
#13875=DIRECTION('',(-0.9448952478943442,-4.39854197062662E-08,0.3273728310454062));
#13876=FACE_SURFACE('',(#13881),#13877,.T.);
#13877=PLANE('',#13878);
#13878=AXIS2_PLACEMENT_3D('',#1166,#13879,#13880);
#13879=DIRECTION('',(0.3630230592573496,-1.2519292930585064E-07,0.931780155641565));
#13880=DIRECTION('',(0,-0.999999999999991,-1.3435887054242912E-07));
#13881=FACE_BOUND('',#13882,.T.);
#13882=EDGE_LOOP('',(#13883,#13884,#13885));
#13883=ORIENTED_EDGE('',*,*,#13886,.T.);
#13884=ORIENTED_EDGE('',*,*,#13887,.T.);
#13885=ORIENTED_EDGE('',*,*,#13888,.T.);
#13886=EDGE_CURVE('',#1167,#1165,#13889,.F.);
#13887=EDGE_CURVE('',#1165,#1169,#13890,.T.);
#13888=EDGE_CURVE('',#1169,#1167,#13891,.T.);
#13889=LINE('',#1166,#13892);
#13890=LINE('',#1164,#13893);
#13891=LINE('',#1168,#13894);
#13892=VECTOR('',#13895,1.0);
#13893=VECTOR('',#13896,1.0);
#13894=VECTOR('',#13897,1.0);
#13895=DIRECTION('',(0,-0.999999999999991,-1.3435887054242912E-07));
#13896=DIRECTION('',(0.9317801556415733,4.8775304798109055E-08,-0.3630230592573463));
#13897=DIRECTION('',(-0.08751427815094094,0.9955795924599296,0.03409583841233885));
#13898=FACE_SURFACE('',(#13903),#13899,.T.);
#13899=PLANE('',#13900);
#13900=AXIS2_PLACEMENT_3D('',#1166,#13901,#13902);
#13901=DIRECTION('',(0.3630230592573496,-1.2519292930525777E-07,0.931780155641565));
#13902=DIRECTION('',(0.08751427815094094,-0.9955795924599296,-0.03409583841233885));
#13903=FACE_BOUND('',#13904,.T.);
#13904=EDGE_LOOP('',(#13905,#13906,#13907));
#13905=ORIENTED_EDGE('',*,*,#13908,.T.);
#13906=ORIENTED_EDGE('',*,*,#13909,.T.);
#13907=ORIENTED_EDGE('',*,*,#13910,.T.);
#13908=EDGE_CURVE('',#1167,#1169,#13911,.F.);
#13909=EDGE_CURVE('',#1169,#1171,#13912,.T.);
#13910=EDGE_CURVE('',#1171,#1167,#13913,.T.);
#13911=LINE('',#1166,#13914);
#13912=LINE('',#1168,#13915);
#13913=LINE('',#1170,#13916);
#13914=VECTOR('',#13917,1.0);
#13915=VECTOR('',#13918,1.0);
#13916=VECTOR('',#13919,1.0);
#13917=DIRECTION('',(0.08751427815094094,-0.9955795924599296,-0.03409583841233885));
#13918=DIRECTION('',(0,0.999999999999991,1.3435887054242912E-07));
#13919=DIRECTION('',(-0.9317801556415733,-4.8775304798109055E-08,0.3630230592573463));
#13920=FACE_SURFACE('',(#13925),#13921,.T.);
#13921=PLANE('',#13922);
#13922=AXIS2_PLACEMENT_3D('',#1170,#13923,#13924);
#13923=DIRECTION('',(0.39634350751281255,-1.233551873962833E-07,0.9181022949826594));
#13924=DIRECTION('',(0,-0.999999999999991,-1.3435887054242912E-07));
#13925=FACE_BOUND('',#13926,.T.);
#13926=EDGE_LOOP('',(#13927,#13928,#13929));
#13927=ORIENTED_EDGE('',*,*,#13930,.T.);
#13928=ORIENTED_EDGE('',*,*,#13931,.T.);
#13929=ORIENTED_EDGE('',*,*,#13932,.T.);
#13930=EDGE_CURVE('',#1171,#1169,#13933,.F.);
#13931=EDGE_CURVE('',#1169,#1173,#13934,.T.);
#13932=EDGE_CURVE('',#1173,#1171,#13935,.T.);
#13933=LINE('',#1170,#13936);
#13934=LINE('',#1168,#13937);
#13935=LINE('',#1172,#13938);
#13936=VECTOR('',#13939,1.0);
#13937=VECTOR('',#13940,1.0);
#13938=VECTOR('',#13941,1.0);
#13939=DIRECTION('',(0,-0.999999999999991,-1.3435887054242912E-07));
#13940=DIRECTION('',(0.9181022949826675,5.3252239407354965E-08,-0.3963435075128089));
#13941=DIRECTION('',(-0.08854804108592657,0.9953381344474224,0.038226202199145715));
#13942=FACE_SURFACE('',(#13947),#13943,.T.);
#13943=PLANE('',#13944);
#13944=AXIS2_PLACEMENT_3D('',#1170,#13945,#13946);
#13945=DIRECTION('',(0.39634350751281244,-1.2335518739489796E-07,0.9181022949826594));
#13946=DIRECTION('',(0.08854804108592657,-0.9953381344474224,-0.038226202199145715));
#13947=FACE_BOUND('',#13948,.T.);
#13948=EDGE_LOOP('',(#13949,#13950,#13951));
#13949=ORIENTED_EDGE('',*,*,#13952,.T.);
#13950=ORIENTED_EDGE('',*,*,#13953,.T.);
#13951=ORIENTED_EDGE('',*,*,#13954,.T.);
#13952=EDGE_CURVE('',#1171,#1173,#13955,.F.);
#13953=EDGE_CURVE('',#1173,#1175,#13956,.T.);
#13954=EDGE_CURVE('',#1175,#1171,#13957,.T.);
#13955=LINE('',#1170,#13958);
#13956=LINE('',#1172,#13959);
#13957=LINE('',#1174,#13960);
#13958=VECTOR('',#13961,1.0);
#13959=VECTOR('',#13962,1.0);
#13960=VECTOR('',#13963,1.0);
#13961=DIRECTION('',(0.08854804108592657,-0.9953381344474224,-0.038226202199145715));
#13962=DIRECTION('',(0,0.999999999999991,1.3435887054242912E-07));
#13963=DIRECTION('',(-0.9181022949826675,-5.3252239407354965E-08,0.3963435075128089));
#13964=FACE_SURFACE('',(#13969),#13965,.T.);
#13965=PLANE('',#13966);
#13966=AXIS2_PLACEMENT_3D('',#1174,#13967,#13968);
#13967=DIRECTION('',(0.4273433221532265,-1.2147243376076929E-07,0.9040894231275074));
#13968=DIRECTION('',(0,-0.999999999999991,-1.3435887054242912E-07));
#13969=FACE_BOUND('',#13970,.T.);
#13970=EDGE_LOOP('',(#13971,#13972,#13973));
#13971=ORIENTED_EDGE('',*,*,#13974,.T.);
#13972=ORIENTED_EDGE('',*,*,#13975,.T.);
#13973=ORIENTED_EDGE('',*,*,#13976,.T.);
#13974=EDGE_CURVE('',#1175,#1173,#13977,.F.);
#13975=EDGE_CURVE('',#1173,#1177,#13978,.T.);
#13976=EDGE_CURVE('',#1177,#1175,#13979,.T.);
#13977=LINE('',#1174,#13980);
#13978=LINE('',#1172,#13981);
#13979=LINE('',#1176,#13982);
#13980=VECTOR('',#13983,1.0);
#13981=VECTOR('',#13984,1.0);
#13982=VECTOR('',#13985,1.0);
#13983=DIRECTION('',(0,-0.999999999999991,-1.3435887054242912E-07));
#13984=DIRECTION('',(0.9040894231275155,5.74172860385599E-08,-0.4273433221532226));
#13985=DIRECTION('',(-0.08966004298908098,0.9950703351085257,0.042380477559869116));
#13986=FACE_SURFACE('',(#13991),#13987,.T.);
#13987=PLANE('',#13988);
#13988=AXIS2_PLACEMENT_3D('',#1174,#13989,#13990);
#13989=DIRECTION('',(0.4273433221532265,-1.2147243376254731E-07,0.9040894231275073));
#13990=DIRECTION('',(0.08966004298908098,-0.9950703351085257,-0.042380477559869116));
#13991=FACE_BOUND('',#13992,.T.);
#13992=EDGE_LOOP('',(#13993,#13994,#13995));
#13993=ORIENTED_EDGE('',*,*,#13996,.T.);
#13994=ORIENTED_EDGE('',*,*,#13997,.T.);
#13995=ORIENTED_EDGE('',*,*,#13998,.T.);
#13996=EDGE_CURVE('',#1175,#1177,#13999,.F.);
#13997=EDGE_CURVE('',#1177,#1179,#14000,.T.);
#13998=EDGE_CURVE('',#1179,#1175,#14001,.T.);
#13999=LINE('',#1174,#14002);
#14000=LINE('',#1176,#14003);
#14001=LINE('',#1178,#14004);
#14002=VECTOR('',#14005,1.0);
#14003=VECTOR('',#14006,1.0);
#14004=VECTOR('',#14007,1.0);
#14005=DIRECTION('',(0.08966004298908098,-0.9950703351085257,-0.042380477559869116));
#14006=DIRECTION('',(0,0.9999999999999909,1.3435887054242695E-07));
#14007=DIRECTION('',(-0.9040894231275155,-5.741744633114829E-08,0.4273433221532226));
#14008=FACE_SURFACE('',(#14013),#14009,.T.);
#14009=PLANE('',#14010);
#14010=AXIS2_PLACEMENT_3D('',#1178,#14011,#14012);
#14011=DIRECTION('',(0.45607129945512564,-1.195717685273427E-07,0.8899432396581811));
#14012=DIRECTION('',(0,-0.9999999999999909,-1.3435887054242695E-07));
#14013=FACE_BOUND('',#14014,.T.);
#14014=EDGE_LOOP('',(#14015,#14016,#14017));
#14015=ORIENTED_EDGE('',*,*,#14018,.T.);
#14016=ORIENTED_EDGE('',*,*,#14019,.T.);
#14017=ORIENTED_EDGE('',*,*,#14020,.T.);
#14018=EDGE_CURVE('',#1179,#1177,#14021,.F.);
#14019=EDGE_CURVE('',#1177,#1181,#14022,.T.);
#14020=EDGE_CURVE('',#1181,#1179,#14023,.T.);
#14021=LINE('',#1178,#14024);
#14022=LINE('',#1176,#14025);
#14023=LINE('',#1180,#14026);
#14024=VECTOR('',#14027,1.0);
#14025=VECTOR('',#14028,1.0);
#14026=VECTOR('',#14029,1.0);
#14027=DIRECTION('',(0,-0.9999999999999909,-1.3435887054242695E-07));
#14028=DIRECTION('',(0.8899432396581891,6.127731983906957E-08,-0.4560712994551215));
#14029=DIRECTION('',(-0.09085007822968819,0.9947756477007647,0.046558286342859));
#14030=FACE_SURFACE('',(#14035),#14031,.T.);
#14031=PLANE('',#14032);
#14032=AXIS2_PLACEMENT_3D('',#1178,#14033,#14034);
#14033=DIRECTION('',(0.45607129945512564,-1.195717685305693E-07,0.8899432396581812));
#14034=DIRECTION('',(0.09085007822968819,-0.9947756477007647,-0.046558286342859));
#14035=FACE_BOUND('',#14036,.T.);
#14036=EDGE_LOOP('',(#14037,#14038,#14039));
#14037=ORIENTED_EDGE('',*,*,#14040,.T.);
#14038=ORIENTED_EDGE('',*,*,#14041,.T.);
#14039=ORIENTED_EDGE('',*,*,#14042,.T.);
#14040=EDGE_CURVE('',#1179,#1181,#14043,.F.);
#14041=EDGE_CURVE('',#1181,#1183,#14044,.T.);
#14042=EDGE_CURVE('',#1183,#1179,#14045,.T.);
#14043=LINE('',#1178,#14046);
#14044=LINE('',#1180,#14047);
#14045=LINE('',#1182,#14048);
#14046=VECTOR('',#14049,1.0);
#14047=VECTOR('',#14050,1.0);
#14048=VECTOR('',#14051,1.0);
#14049=DIRECTION('',(0.09085007822968819,-0.9947756477007647,-0.046558286342859));
#14050=DIRECTION('',(0,0.999999999999991,1.3435887054242912E-07));
#14051=DIRECTION('',(-0.8899432396581891,-6.127716416747824E-08,0.4560712994551215));
#14052=FACE_SURFACE('',(#14057),#14053,.T.);
#14053=PLANE('',#14054);
#14054=AXIS2_PLACEMENT_3D('',#1182,#14055,#14056);
#14055=DIRECTION('',(1,0,0));
#14056=DIRECTION('',(0,-0.999999999999991,-1.3435887054242912E-07));
#14057=FACE_BOUND('',#14058,.T.);
#14058=EDGE_LOOP('',(#14059,#14060,#14061));
#14059=ORIENTED_EDGE('',*,*,#14062,.T.);
#14060=ORIENTED_EDGE('',*,*,#14063,.T.);
#14061=ORIENTED_EDGE('',*,*,#14064,.T.);
#14062=EDGE_CURVE('',#1183,#1181,#14065,.F.);
#14063=EDGE_CURVE('',#1181,#1185,#14066,.T.);
#14064=EDGE_CURVE('',#1185,#1183,#14067,.T.);
#14065=LINE('',#1182,#14068);
#14066=LINE('',#1180,#14069);
#14067=LINE('',#1184,#14070);
#14068=VECTOR('',#14071,1.0);
#14069=VECTOR('',#14072,1.0);
#14070=VECTOR('',#14073,1.0);
#14071=DIRECTION('',(0,-0.999999999999991,-1.3435887054242912E-07));
#14072=DIRECTION('',(0,1.3435883420716237E-07,-0.9999999999999909));
#14073=DIRECTION('',(0,0.8235551262307086,0.5672362418420756));
#14074=FACE_SURFACE('',(#14079),#14075,.T.);
#14075=PLANE('',#14076);
#14076=AXIS2_PLACEMENT_3D('',#1182,#14077,#14078);
#14077=DIRECTION('',(1,0,0));
#14078=DIRECTION('',(0,-0.8235551262307086,-0.5672362418420756));
#14079=FACE_BOUND('',#14080,.T.);
#14080=EDGE_LOOP('',(#14081,#14082,#14083));
#14081=ORIENTED_EDGE('',*,*,#14084,.T.);
#14082=ORIENTED_EDGE('',*,*,#14085,.T.);
#14083=ORIENTED_EDGE('',*,*,#14086,.T.);
#14084=EDGE_CURVE('',#1183,#1185,#14087,.F.);
#14085=EDGE_CURVE('',#1185,#1187,#14088,.T.);
#14086=EDGE_CURVE('',#1187,#1183,#14089,.T.);
#14087=LINE('',#1182,#14090);
#14088=LINE('',#1184,#14091);
#14089=LINE('',#1186,#14092);
#14090=VECTOR('',#14093,1.0);
#14091=VECTOR('',#14094,1.0);
#14092=VECTOR('',#14095,1.0);
#14093=DIRECTION('',(0,-0.8235551262307086,-0.5672362418420756));
#14094=DIRECTION('',(0,0.9999999999999909,1.34358806641493E-07));
#14095=DIRECTION('',(0,-1.3435885740117074E-07,0.9999999999999909));
#14096=FACE_SURFACE('',(#14101),#14097,.T.);
#14097=PLANE('',#14098);
#14098=AXIS2_PLACEMENT_3D('',#1186,#14099,#14100);
#14099=DIRECTION('',(-0.5342770104252939,1.1357476972931251E-07,-0.8453094558391012));
#14100=DIRECTION('',(0,-0.9999999999999909,-1.34358806641493E-07));
#14101=FACE_BOUND('',#14102,.T.);
#14102=EDGE_LOOP('',(#14103,#14104,#14105));
#14103=ORIENTED_EDGE('',*,*,#14106,.T.);
#14104=ORIENTED_EDGE('',*,*,#14107,.T.);
#14105=ORIENTED_EDGE('',*,*,#14108,.T.);
#14106=EDGE_CURVE('',#1187,#1185,#14109,.F.);
#14107=EDGE_CURVE('',#1185,#1189,#14110,.T.);
#14108=EDGE_CURVE('',#1189,#1187,#14111,.T.);
#14109=LINE('',#1186,#14112);
#14110=LINE('',#1184,#14113);
#14111=LINE('',#1188,#14114);
#14112=VECTOR('',#14115,1.0);
#14113=VECTOR('',#14116,1.0);
#14114=VECTOR('',#14117,1.0);
#14115=DIRECTION('',(0,-0.9999999999999909,-1.34358806641493E-07));
#14116=DIRECTION('',(-0.845309455839109,-7.178476461283394E-08,0.5342770104252891));
#14117=DIRECTION('',(0.09665858601412823,0.993440880866947,-0.061092830774597456));
#14118=FACE_SURFACE('',(#14123),#14119,.T.);
#14119=PLANE('',#14120);
#14120=AXIS2_PLACEMENT_3D('',#1186,#14121,#14122);
#14121=DIRECTION('',(-0.5342770104256906,1.1357482374504157E-07,-0.8453094558388504));
#14122=DIRECTION('',(-0.09665858601412823,-0.993440880866947,0.061092830774597456));
#14123=FACE_BOUND('',#14124,.T.);
#14124=EDGE_LOOP('',(#14125,#14126,#14127));
#14125=ORIENTED_EDGE('',*,*,#14128,.T.);
#14126=ORIENTED_EDGE('',*,*,#14129,.T.);
#14127=ORIENTED_EDGE('',*,*,#14130,.T.);
#14128=EDGE_CURVE('',#1187,#1189,#14131,.F.);
#14129=EDGE_CURVE('',#1189,#1191,#14132,.T.);
#14130=EDGE_CURVE('',#1191,#1187,#14133,.T.);
#14131=LINE('',#1186,#14134);
#14132=LINE('',#1188,#14135);
#14133=LINE('',#1190,#14136);
#14134=VECTOR('',#14137,1.0);
#14135=VECTOR('',#14138,1.0);
#14136=VECTOR('',#14139,1.0);
#14137=DIRECTION('',(-0.09665858601412823,-0.993440880866947,0.061092830774597456));
#14138=DIRECTION('',(0,0.999999999999991,1.3435887054242912E-07));
#14139=DIRECTION('',(0.8453094558388582,7.178490340484262E-08,-0.5342770104256858));
#14140=FACE_SURFACE('',(#14145),#14141,.T.);
#14141=PLANE('',#14142);
#14142=AXIS2_PLACEMENT_3D('',#1192,#14143,#14144);
#14143=DIRECTION('',(3.436873722900012E-13,0.9999999999999909,1.3435936851220694E-07));
#14144=DIRECTION('',(0.861361942479875,6.825315284600345E-08,-0.5079917361998046));
#14145=FACE_BOUND('',#14146,.T.);
#14146=EDGE_LOOP('',(#14147,#14148,#14149));
#14147=ORIENTED_EDGE('',*,*,#14150,.T.);
#14148=ORIENTED_EDGE('',*,*,#14151,.T.);
#14149=ORIENTED_EDGE('',*,*,#14152,.T.);
#14150=EDGE_CURVE('',#1193,#1195,#14153,.F.);
#14151=EDGE_CURVE('',#1195,#1197,#14154,.T.);
#14152=EDGE_CURVE('',#1197,#1193,#14155,.T.);
#14153=LINE('',#1192,#14156);
#14154=LINE('',#1194,#14157);
#14155=LINE('',#1196,#14158);
#14156=VECTOR('',#14159,1.0);
#14157=VECTOR('',#14160,1.0);
#14158=VECTOR('',#14161,1.0);
#14159=DIRECTION('',(0.861361942479875,6.825315284600345E-08,-0.5079917361998046));
#14160=DIRECTION('',(0.8275385122757729,7.543026777127388E-08,-0.561408951389622));
#14161=DIRECTION('',(-0.8450971199283696,-7.182994926085345E-08,0.534612811190276));
#14162=FACE_SURFACE('',(#14167),#14163,.T.);
#14163=PLANE('',#14164);
#14164=AXIS2_PLACEMENT_3D('',#1196,#14165,#14166);
#14165=DIRECTION('',(2.2777094276548557E-13,0.9999999999999909,1.3435914408556993E-07));
#14166=DIRECTION('',(0.8116487591956643,7.848514208348971E-08,-0.5841457794901306));
#14167=FACE_BOUND('',#14168,.T.);
#14168=EDGE_LOOP('',(#14169,#14170,#14171));
#14169=ORIENTED_EDGE('',*,*,#14172,.T.);
#14170=ORIENTED_EDGE('',*,*,#14173,.T.);
#14171=ORIENTED_EDGE('',*,*,#14174,.T.);
#14172=EDGE_CURVE('',#1197,#1199,#14175,.F.);
#14173=EDGE_CURVE('',#1199,#1201,#14176,.T.);
#14174=EDGE_CURVE('',#1201,#1197,#14177,.T.);
#14175=LINE('',#1196,#14178);
#14176=LINE('',#1198,#14179);
#14177=LINE('',#1200,#14180);
#14178=VECTOR('',#14181,1.0);
#14179=VECTOR('',#14182,1.0);
#14180=VECTOR('',#14183,1.0);
#14181=DIRECTION('',(0.8116487591956643,7.848514208348971E-08,-0.5841457794901306));
#14182=DIRECTION('',(0.7897453765065702,8.242039331374916E-08,-0.613434788943771));
#14183=DIRECTION('',(-0.8013576083464486,-8.037151949339067E-08,0.5981855761762008));
#14184=FACE_SURFACE('',(#14189),#14185,.T.);
#14185=PLANE('',#14186);
#14186=AXIS2_PLACEMENT_3D('',#1200,#14187,#14188);
#14187=DIRECTION('',(-1.107589680879079E-12,0.9999999999999909,1.3435764517177828E-07));
#14188=DIRECTION('',(0.7598039829199537,8.735376266482881E-08,-0.650152218744939));
#14189=FACE_BOUND('',#14190,.T.);
#14190=EDGE_LOOP('',(#14191,#14192,#14193));
#14191=ORIENTED_EDGE('',*,*,#14194,.T.);
#14192=ORIENTED_EDGE('',*,*,#14195,.T.);
#14193=ORIENTED_EDGE('',*,*,#14196,.T.);
#14194=EDGE_CURVE('',#1201,#1203,#14197,.F.);
#14195=EDGE_CURVE('',#1203,#1205,#14198,.T.);
#14196=EDGE_CURVE('',#1205,#1201,#14199,.T.);
#14197=LINE('',#1200,#14200);
#14198=LINE('',#1202,#14201);
#14199=LINE('',#1204,#14202);
#14200=VECTOR('',#14203,1.0);
#14201=VECTOR('',#14204,1.0);
#14202=VECTOR('',#14205,1.0);
#14203=DIRECTION('',(0.7598039829199537,8.735376266482881E-08,-0.650152218744939));
#14204=DIRECTION('',(0.7192356849928775,9.334794301497941E-08,-0.6947661688890858));
#14205=DIRECTION('',(-0.7408187088572256,-9.024952593189419E-08,0.6717050249976585));
#14206=FACE_SURFACE('',(#14211),#14207,.T.);
#14207=PLANE('',#14208);
#14208=AXIS2_PLACEMENT_3D('',#1204,#14209,#14210);
#14209=DIRECTION('',(-1.3615210919573244E-13,0.999999999999991,1.3435869219985736E-07));
#14210=DIRECTION('',(0.6650164298277352,1.0034302165317221E-07,-0.746828727392809));
#14211=FACE_BOUND('',#14212,.T.);
#14212=EDGE_LOOP('',(#14213,#14214,#14215));
#14213=ORIENTED_EDGE('',*,*,#14216,.T.);
#14214=ORIENTED_EDGE('',*,*,#14217,.T.);
#14215=ORIENTED_EDGE('',*,*,#14218,.T.);
#14216=EDGE_CURVE('',#1205,#1207,#14219,.F.);
#14217=EDGE_CURVE('',#1207,#1209,#14220,.T.);
#14218=EDGE_CURVE('',#1209,#1205,#14221,.T.);
#14219=LINE('',#1204,#14222);
#14220=LINE('',#1206,#14223);
#14221=LINE('',#1208,#14224);
#14222=VECTOR('',#14225,1.0);
#14223=VECTOR('',#14226,1.0);
#14224=VECTOR('',#14227,1.0);
#14225=DIRECTION('',(0.6650164298277352,1.0034302165317221E-07,-0.746828727392809));
#14226=DIRECTION('',(0.5942323095428578,1.0806389770975152E-07,-0.8042934553353954));
#14227=DIRECTION('',(-0.631703556597385,-1.0415629406929872E-07,0.7752100467500428));
#14228=FACE_SURFACE('',(#14233),#14229,.T.);
#14229=PLANE('',#14230);
#14230=AXIS2_PLACEMENT_3D('',#1208,#14231,#14232);
#14231=DIRECTION('',(-6.052193561974708E-13,0.9999999999999909,1.343585904773307E-07));
#14232=DIRECTION('',(0.5052597456428726,1.1594737807259313E-07,-0.8629673165496398));
#14233=FACE_BOUND('',#14234,.T.);
#14234=EDGE_LOOP('',(#14235,#14236,#14237));
#14235=ORIENTED_EDGE('',*,*,#14238,.T.);
#14236=ORIENTED_EDGE('',*,*,#14239,.T.);
#14237=ORIENTED_EDGE('',*,*,#14240,.T.);
#14238=EDGE_CURVE('',#1209,#1211,#14241,.F.);
#14239=EDGE_CURVE('',#1211,#1213,#14242,.T.);
#14240=EDGE_CURVE('',#1213,#1209,#14243,.T.);
#14241=LINE('',#1208,#14244);
#14242=LINE('',#1210,#14245);
#14243=LINE('',#1212,#14246);
#14244=VECTOR('',#14247,1.0);
#14245=VECTOR('',#14248,1.0);
#14246=VECTOR('',#14249,1.0);
#14247=DIRECTION('',(0.5052597456428726,1.1594737807259313E-07,-0.8629673165496398));
#14248=DIRECTION('',(0.399465830336384,1.2317322221767897E-07,-0.9167480844777632));
#14249=DIRECTION('',(-0.45431808624938813,-1.1969221918000444E-07,0.8908395346563147));
#14250=FACE_SURFACE('',(#14255),#14251,.T.);
#14251=PLANE('',#14252);
#14252=AXIS2_PLACEMENT_3D('',#1212,#14253,#14254);
#14253=DIRECTION('',(1.8144606484280187E-12,0.999999999999991,1.3435926803583287E-07));
#14254=DIRECTION('',(0.282414920906818,1.288893055252509E-07,-0.9592923498335527));
#14255=FACE_BOUND('',#14256,.T.);
#14256=EDGE_LOOP('',(#14257,#14258,#14259));
#14257=ORIENTED_EDGE('',*,*,#14260,.T.);
#14258=ORIENTED_EDGE('',*,*,#14261,.T.);
#14259=ORIENTED_EDGE('',*,*,#14262,.T.);
#14260=EDGE_CURVE('',#1213,#1215,#14263,.F.);
#14261=EDGE_CURVE('',#1215,#1217,#14264,.T.);
#14262=EDGE_CURVE('',#1217,#1213,#14265,.T.);
#14263=LINE('',#1212,#14266);
#14264=LINE('',#1214,#14267);
#14265=LINE('',#1216,#14268);
#14266=VECTOR('',#14269,1.0);
#14267=VECTOR('',#14270,1.0);
#14268=VECTOR('',#14271,1.0);
#14269=DIRECTION('',(0.282414920906818,1.288893055252509E-07,-0.9592923498335527));
#14270=DIRECTION('',(0.1631272747212839,1.325592341613022E-07,-0.9866050335580034));
#14271=DIRECTION('',(-0.222901397215957,-1.309785182030462E-07,0.9748409958137567));
#14272=FACE_SURFACE('',(#14277),#14273,.T.);
#14273=PLANE('',#14274);
#14274=AXIS2_PLACEMENT_3D('',#1216,#14275,#14276);
#14275=DIRECTION('',(1.194615596771937E-12,0.999999999999991,1.3435884462806305E-07));
#14276=DIRECTION('',(0.05116007319536744,1.3418283603830917E-07,-0.9986904660156852));
#14277=FACE_BOUND('',#14278,.T.);
#14278=EDGE_LOOP('',(#14279,#14280,#14281));
#14279=ORIENTED_EDGE('',*,*,#14282,.T.);
#14280=ORIENTED_EDGE('',*,*,#14283,.T.);
#14281=ORIENTED_EDGE('',*,*,#14284,.T.);
#14282=EDGE_CURVE('',#1217,#1219,#14285,.F.);
#14283=EDGE_CURVE('',#1219,#1221,#14286,.T.);
#14284=EDGE_CURVE('',#1221,#1217,#14287,.T.);
#14285=LINE('',#1216,#14288);
#14286=LINE('',#1218,#14289);
#14287=LINE('',#1220,#14290);
#14288=VECTOR('',#14291,1.0);
#14289=VECTOR('',#14292,1.0);
#14290=VECTOR('',#14293,1.0);
#14291=DIRECTION('',(0.05116007319536744,1.3418283603830917E-07,-0.9986904660156852));
#14292=DIRECTION('',(-0.06699345691858308,1.340570760666536E-07,-0.9977534147924928));
#14293=DIRECTION('',(0.023500612348550425,-1.3432176580876852E-07,0.9997238224725993));
#14294=FACE_SURFACE('',(#14299),#14295,.T.);
#14295=PLANE('',#14296);
#14296=AXIS2_PLACEMENT_3D('',#1220,#14297,#14298);
#14297=DIRECTION('',(4.488138888398742E-13,0.999999999999991,1.343586900195632E-07));
#14298=DIRECTION('',(-0.20490022856358492,1.3150807548391106E-07,-0.978782864753247));
#14299=FACE_BOUND('',#14300,.T.);
#14300=EDGE_LOOP('',(#14301,#14302,#14303));
#14301=ORIENTED_EDGE('',*,*,#14304,.T.);
#14302=ORIENTED_EDGE('',*,*,#14305,.T.);
#14303=ORIENTED_EDGE('',*,*,#14306,.T.);
#14304=EDGE_CURVE('',#1221,#1223,#14307,.F.);
#14305=EDGE_CURVE('',#1223,#1225,#14308,.T.);
#14306=EDGE_CURVE('',#1225,#1221,#14309,.T.);
#14307=LINE('',#1220,#14310);
#14308=LINE('',#1222,#14311);
#14309=LINE('',#1224,#14312);
#14310=VECTOR('',#14313,1.0);
#14311=VECTOR('',#14314,1.0);
#14312=VECTOR('',#14315,1.0);
#14313=DIRECTION('',(-0.20490022856358492,1.3150807548391106E-07,-0.978782864753247));
#14314=DIRECTION('',(-0.3428673410678359,1.2621453516307306E-07,-0.9393838333871072));
#14315=DIRECTION('',(0.2734823601912806,-1.2923665890447622E-07,0.9618770184717951));
#14316=FACE_SURFACE('',(#14321),#14317,.T.);
#14317=PLANE('',#14318);
#14318=AXIS2_PLACEMENT_3D('',#1224,#14319,#14320);
#14319=DIRECTION('',(-4.122702950035452E-13,0.999999999999991,1.3435914018396327E-07));
#14320=DIRECTION('',(-0.4753403250832122,1.182092455162886E-07,-0.8798020091757986));
#14321=FACE_BOUND('',#14322,.T.);
#14322=EDGE_LOOP('',(#14323,#14324,#14325));
#14323=ORIENTED_EDGE('',*,*,#14326,.T.);
#14324=ORIENTED_EDGE('',*,*,#14327,.T.);
#14325=ORIENTED_EDGE('',*,*,#14328,.T.);
#14326=EDGE_CURVE('',#1225,#1227,#14329,.F.);
#14327=EDGE_CURVE('',#1227,#1229,#14330,.T.);
#14328=EDGE_CURVE('',#1229,#1225,#14331,.T.);
#14329=LINE('',#1224,#14332);
#14330=LINE('',#1226,#14333);
#14331=LINE('',#1228,#14334);
#14332=VECTOR('',#14335,1.0);
#14333=VECTOR('',#14336,1.0);
#14334=VECTOR('',#14337,1.0);
#14335=DIRECTION('',(-0.4753403250832122,1.182092455162886E-07,-0.8798020091757986));
#14336=DIRECTION('',(-0.5971844353383965,1.077697511589288E-07,-0.802103952234091));
#14337=DIRECTION('',(0.5374490292407723,-1.1330433556060369E-07,0.8432962355946685));
#14338=FACE_SURFACE('',(#14343),#14339,.T.);
#14339=PLANE('',#14340);
#14340=AXIS2_PLACEMENT_3D('',#1228,#14341,#14342);
#14341=DIRECTION('',(-5.310614589483365E-13,0.9999999999999909,1.343593915766503E-07));
#14342=DIRECTION('',(-0.7044797281265982,9.535772551735063E-08,-0.7097241102419061));
#14343=FACE_BOUND('',#14344,.T.);
#14344=EDGE_LOOP('',(#14345,#14346,#14347));
#14345=ORIENTED_EDGE('',*,*,#14348,.T.);
#14346=ORIENTED_EDGE('',*,*,#14349,.T.);
#14347=ORIENTED_EDGE('',*,*,#14350,.T.);
#14348=EDGE_CURVE('',#1229,#1231,#14351,.F.);
#14349=EDGE_CURVE('',#1231,#1233,#14352,.T.);
#14350=EDGE_CURVE('',#1233,#1229,#14353,.T.);
#14351=LINE('',#1228,#14354);
#14352=LINE('',#1230,#14355);
#14353=LINE('',#1232,#14356);
#14354=VECTOR('',#14357,1.0);
#14355=VECTOR('',#14358,1.0);
#14356=VECTOR('',#14359,1.0);
#14357=DIRECTION('',(-0.7044797281265982,9.535772551735063E-08,-0.7097241102419061));
#14358=DIRECTION('',(-0.7948911891631756,8.152240829506384E-08,-0.6067520064991511));
#14359=DIRECTION('',(0.7517679482475724,-8.859991148524971E-08,0.6594277458430359));
#14360=FACE_SURFACE('',(#14365),#14361,.T.);
#14361=PLANE('',#14362);
#14362=AXIS2_PLACEMENT_3D('',#1232,#14363,#14364);
#14363=DIRECTION('',(-5.790316112426837E-14,0.9999999999999911,1.3435899496391727E-07));
#14364=DIRECTION('',(-0.8676294321553443,6.680477269189169E-08,-0.4972113921239038));
#14365=FACE_BOUND('',#14366,.T.);
#14366=EDGE_LOOP('',(#14367,#14368,#14369));
#14367=ORIENTED_EDGE('',*,*,#14370,.T.);
#14368=ORIENTED_EDGE('',*,*,#14371,.T.);
#14369=ORIENTED_EDGE('',*,*,#14372,.T.);
#14370=EDGE_CURVE('',#1233,#1235,#14373,.F.);
#14371=EDGE_CURVE('',#1235,#1237,#14374,.T.);
#14372=EDGE_CURVE('',#1237,#1233,#14375,.T.);
#14373=LINE('',#1232,#14376);
#14374=LINE('',#1234,#14377);
#14375=LINE('',#1236,#14378);
#14376=VECTOR('',#14379,1.0);
#14377=VECTOR('',#14380,1.0);
#14378=VECTOR('',#14381,1.0);
#14379=DIRECTION('',(-0.8676294321553443,6.680477269189169E-08,-0.4972113921239038));
#14380=DIRECTION('',(-0.9230872060881935,5.167316707391299E-08,-0.3845907044590265));
#14381=DIRECTION('',(0.8975242726022091,-5.924756968916609E-08,0.44096505540674324));
#14382=FACE_SURFACE('',(#14387),#14383,.T.);
#14383=PLANE('',#14384);
#14384=AXIS2_PLACEMENT_3D('',#1236,#14385,#14386);
#14385=DIRECTION('',(1.2057775236412555E-13,0.999999999999991,1.3435832487350815E-07));
#14386=DIRECTION('',(-0.9623968260743482,3.64982153668786E-08,-0.2716474722172467));
#14387=FACE_BOUND('',#14388,.T.);
#14388=EDGE_LOOP('',(#14389,#14390,#14391));
#14389=ORIENTED_EDGE('',*,*,#14392,.T.);
#14390=ORIENTED_EDGE('',*,*,#14393,.T.);
#14391=ORIENTED_EDGE('',*,*,#14394,.T.);
#14392=EDGE_CURVE('',#1237,#1239,#14395,.F.);
#14393=EDGE_CURVE('',#1239,#1241,#14396,.T.);
#14394=EDGE_CURVE('',#1241,#1237,#14397,.T.);
#14395=LINE('',#1236,#14398);
#14396=LINE('',#1238,#14399);
#14397=LINE('',#1240,#14400);
#14398=VECTOR('',#14401,1.0);
#14399=VECTOR('',#14402,1.0);
#14400=VECTOR('',#14403,1.0);
#14401=DIRECTION('',(-0.9623968260743482,3.64982153668786E-08,-0.2716474722172467));
#14402=DIRECTION('',(-0.9870493644092176,2.155345259150317E-08,-0.1604168077832212));
#14403=DIRECTION('',(0.9765399689189281,-2.8932332008247206E-08,0.21533622338988434));
#14404=FACE_SURFACE('',(#14409),#14405,.T.);
#14405=PLANE('',#14406);
#14406=AXIS2_PLACEMENT_3D('',#1240,#14407,#14408);
#14407=DIRECTION('',(4.70040494805047E-14,0.999999999999991,1.3435756628872926E-07));
#14408=DIRECTION('',(-0.9986292126639392,7.032604343378832E-09,-0.05234210173656426));
#14409=FACE_BOUND('',#14410,.T.);
#14410=EDGE_LOOP('',(#14411,#14412,#14413));
#14411=ORIENTED_EDGE('',*,*,#14414,.T.);
#14412=ORIENTED_EDGE('',*,*,#14415,.T.);
#14413=ORIENTED_EDGE('',*,*,#14416,.T.);
#14414=EDGE_CURVE('',#1241,#1243,#14417,.F.);
#14415=EDGE_CURVE('',#1243,#1245,#14418,.T.);
#14416=EDGE_CURVE('',#1245,#1241,#14419,.T.);
#14417=LINE('',#1240,#14420);
#14418=LINE('',#1242,#14421);
#14419=LINE('',#1244,#14422);
#14420=VECTOR('',#14423,1.0);
#14421=VECTOR('',#14424,1.0);
#14422=VECTOR('',#14425,1.0);
#14423=DIRECTION('',(-0.9986292126639392,7.032604343378832E-09,-0.05234210173656426));
#14424=DIRECTION('',(-0.9998504535981327,-2.3234861537598806E-09,0.01729365315971019));
#14425=DIRECTION('',(0.9996893405875357,-3.348819551418132E-09,0.02492433179962852));
#14426=FACE_SURFACE('',(#14431),#14427,.T.);
#14427=PLANE('',#14428);
#14428=AXIS2_PLACEMENT_3D('',#1244,#14429,#14430);
#14429=DIRECTION('',(-1.8137782721161344E-13,0.999999999999991,1.343568345495691E-07));
#14430=DIRECTION('',(-0.9984955572158162,-7.3673257142969735E-09,0.054832674750343674));
#14431=FACE_BOUND('',#14432,.T.);
#14432=EDGE_LOOP('',(#14433,#14434,#14435));
#14433=ORIENTED_EDGE('',*,*,#14436,.T.);
#14434=ORIENTED_EDGE('',*,*,#14437,.T.);
#14435=ORIENTED_EDGE('',*,*,#14438,.T.);
#14436=EDGE_CURVE('',#1245,#1247,#14439,.F.);
#14437=EDGE_CURVE('',#1247,#1249,#14440,.T.);
#14438=EDGE_CURVE('',#1249,#1245,#14441,.T.);
#14439=LINE('',#1244,#14442);
#14440=LINE('',#1246,#14443);
#14441=LINE('',#1248,#14444);
#14442=VECTOR('',#14445,1.0);
#14443=VECTOR('',#14446,1.0);
#14444=VECTOR('',#14447,1.0);
#14445=DIRECTION('',(-0.9984955572158162,-7.3673257142969735E-09,0.054832674750343674));
#14446=DIRECTION('',(-0.9953844129791396,-1.289414660074704E-08,0.09596806968035414));
#14447=DIRECTION('',(0.9971684439624331,1.0103863388625368E-08,-0.07520036147213587));
#14448=FACE_SURFACE('',(#14453),#14449,.T.);
#14449=PLANE('',#14450);
#14450=AXIS2_PLACEMENT_3D('',#1248,#14451,#14452);
#14451=DIRECTION('',(-1.7566520069021387E-13,0.9999999999999909,1.343576198909746E-07));
#14452=DIRECTION('',(-0.9901839944537415,-1.877934050499373E-08,0.13977001512353332));
#14453=FACE_BOUND('',#14454,.T.);
#14454=EDGE_LOOP('',(#14455,#14456,#14457));
#14455=ORIENTED_EDGE('',*,*,#14458,.T.);
#14456=ORIENTED_EDGE('',*,*,#14459,.T.);
#14457=ORIENTED_EDGE('',*,*,#14460,.T.);
#14458=EDGE_CURVE('',#1249,#1251,#14461,.F.);
#14459=EDGE_CURVE('',#1251,#1253,#14462,.T.);
#14460=EDGE_CURVE('',#1253,#1249,#14463,.T.);
#14461=LINE('',#1248,#14464);
#14462=LINE('',#1250,#14465);
#14463=LINE('',#1252,#14466);
#14464=VECTOR('',#14467,1.0);
#14465=VECTOR('',#14468,1.0);
#14466=VECTOR('',#14469,1.0);
#14467=DIRECTION('',(-0.9901839944537415,-1.877934050499373E-08,0.13977001512353332));
#14468=DIRECTION('',(-0.9827297313542833,-2.486260460898536E-08,0.18504668360264528));
#14469=DIRECTION('',(0.9867211257607478,2.1823019219177057E-08,-0.16242358196223317));
#14470=FACE_SURFACE('',(#14475),#14471,.T.);
#14471=PLANE('',#14472);
#14472=AXIS2_PLACEMENT_3D('',#1252,#14473,#14474);
#14473=DIRECTION('',(-1.256125870642986E-13,0.999999999999991,1.343582734749275E-07));
#14474=DIRECTION('',(-0.9730781492845653,-3.096640062140483E-08,0.23047541167101604));
#14475=FACE_BOUND('',#14476,.T.);
#14476=EDGE_LOOP('',(#14477,#14478,#14479));
#14477=ORIENTED_EDGE('',*,*,#14480,.T.);
#14478=ORIENTED_EDGE('',*,*,#14481,.T.);
#14479=ORIENTED_EDGE('',*,*,#14482,.T.);
#14480=EDGE_CURVE('',#1253,#1255,#14483,.F.);
#14481=EDGE_CURVE('',#1255,#1257,#14484,.T.);
#14482=EDGE_CURVE('',#1257,#1253,#14485,.T.);
#14483=LINE('',#1252,#14486);
#14484=LINE('',#1254,#14487);
#14485=LINE('',#1256,#14488);
#14486=VECTOR('',#14489,1.0);
#14487=VECTOR('',#14490,1.0);
#14488=VECTOR('',#14491,1.0);
#14489=DIRECTION('',(-0.9730781492845653,-3.096640062140483E-08,0.23047541167101604));
#14490=DIRECTION('',(-0.9615206092377373,-3.691274707162017E-08,0.27473281203942307));
#14491=DIRECTION('',(0.9675034075118908,3.3973682733526874E-08,-0.25285797684249345));
#14492=FACE_SURFACE('',(#14497),#14493,.T.);
#14493=PLANE('',#14494);
#14494=AXIS2_PLACEMENT_3D('',#1256,#14495,#14496);
#14495=DIRECTION('',(-3.013420955303728E-14,0.999999999999991,1.3435886462843916E-07));
#14496=DIRECTION('',(-0.9485396227484202,-4.254590054743692E-08,0.31665846597917235));
#14497=FACE_BOUND('',#14498,.T.);
#14498=EDGE_LOOP('',(#14499,#14500,#14501));
#14499=ORIENTED_EDGE('',*,*,#14502,.T.);
#14500=ORIENTED_EDGE('',*,*,#14503,.T.);
#14501=ORIENTED_EDGE('',*,*,#14504,.T.);
#14502=EDGE_CURVE('',#1257,#1259,#14505,.F.);
#14503=EDGE_CURVE('',#1259,#1261,#14506,.T.);
#14504=EDGE_CURVE('',#1261,#1257,#14507,.T.);
#14505=LINE('',#1256,#14508);
#14506=LINE('',#1258,#14509);
#14507=LINE('',#1260,#14510);
#14508=VECTOR('',#14511,1.0);
#14509=VECTOR('',#14512,1.0);
#14510=VECTOR('',#14513,1.0);
#14511=DIRECTION('',(-0.9485396227484202,-4.254590054743692E-08,0.31665846597917235));
#14512=DIRECTION('',(-0.934734983973333,-4.774386223711577E-08,0.3553456201170501));
#14513=DIRECTION('',(0.9417177083823701,4.5198909142898357E-08,-0.3364041582963197));
#14514=FACE_SURFACE('',(#14519),#14515,.T.);
#14515=PLANE('',#14516);
#14516=AXIS2_PLACEMENT_3D('',#1260,#14517,#14518);
#14517=DIRECTION('',(3.8642932739609537E-13,0.9999999999999909,1.3435971188829545E-07));
#14518=DIRECTION('',(-0.9207264636511371,-5.242796403153914E-08,0.3902086353894139));
#14519=FACE_BOUND('',#14520,.T.);
#14520=EDGE_LOOP('',(#14521,#14522,#14523));
#14521=ORIENTED_EDGE('',*,*,#14524,.T.);
#14522=ORIENTED_EDGE('',*,*,#14525,.T.);
#14523=ORIENTED_EDGE('',*,*,#14526,.T.);
#14524=EDGE_CURVE('',#1261,#1263,#14527,.F.);
#14525=EDGE_CURVE('',#1263,#1265,#14528,.T.);
#14526=EDGE_CURVE('',#1265,#1261,#14529,.T.);
#14527=LINE('',#1260,#14530);
#14528=LINE('',#1262,#14531);
#14529=LINE('',#1264,#14532);
#14530=VECTOR('',#14533,1.0);
#14531=VECTOR('',#14534,1.0);
#14532=VECTOR('',#14535,1.0);
#14533=DIRECTION('',(-0.9207264636511371,-5.242796403153914E-08,0.3902086353894139));
#14534=DIRECTION('',(-0.9070784388444941,-5.6559934692406206E-08,0.4209616440763127));
#14535=DIRECTION('',(0.9138698082142018,5.45506783147202E-08,-0.40600735662612714));
#14536=FACE_SURFACE('',(#14541),#14537,.T.);
#14537=PLANE('',#14538);
#14538=AXIS2_PLACEMENT_3D('',#1264,#14539,#14540);
#14539=DIRECTION('',(1.4354432679993112E-14,0.999999999999991,1.3435885268669627E-07));
#14540=DIRECTION('',(-0.8942446641073769,-6.013611596570304E-08,0.4475784631944225));
#14541=FACE_BOUND('',#14542,.T.);
#14542=EDGE_LOOP('',(#14543,#14544,#14545));
#14543=ORIENTED_EDGE('',*,*,#14546,.T.);
#14544=ORIENTED_EDGE('',*,*,#14547,.T.);
#14545=ORIENTED_EDGE('',*,*,#14548,.T.);
#14546=EDGE_CURVE('',#1265,#1267,#14549,.F.);
#14547=EDGE_CURVE('',#1267,#1269,#14550,.T.);
#14548=EDGE_CURVE('',#1269,#1265,#14551,.T.);
#14549=LINE('',#1264,#14552);
#14550=LINE('',#1266,#14553);
#14551=LINE('',#1268,#14554);
#14552=VECTOR('',#14555,1.0);
#14553=VECTOR('',#14556,1.0);
#14554=VECTOR('',#14557,1.0);
#14555=DIRECTION('',(-0.8942446641073769,-6.013611596570304E-08,0.4475784631944225));
#14556=DIRECTION('',(0,-1.3435885268669627E-07,0.999999999999991));
#14557=DIRECTION('',(0.1364603412731444,1.3310199549173265E-07,-0.9906455346185128));
#14558=FACE_SURFACE('',(#14563),#14559,.T.);
#14559=PLANE('',#14560);
#14560=AXIS2_PLACEMENT_3D('',#1264,#14561,#14562);
#14561=DIRECTION('',(-5.94334399170853E-14,0.9999999999999909,1.3435884252249736E-07));
#14562=DIRECTION('',(-0.1364603412731444,-1.3310199549173265E-07,0.9906455346185128));
#14563=FACE_BOUND('',#14564,.T.);
#14564=EDGE_LOOP('',(#14565,#14566,#14567));
#14565=ORIENTED_EDGE('',*,*,#14568,.T.);
#14566=ORIENTED_EDGE('',*,*,#14569,.T.);
#14567=ORIENTED_EDGE('',*,*,#14570,.T.);
#14568=EDGE_CURVE('',#1265,#1269,#14571,.F.);
#14569=EDGE_CURVE('',#1269,#1271,#14572,.T.);
#14570=EDGE_CURVE('',#1271,#1265,#14573,.T.);
#14571=LINE('',#1264,#14574);
#14572=LINE('',#1268,#14575);
#14573=LINE('',#1270,#14576);
#14574=VECTOR('',#14577,1.0);
#14575=VECTOR('',#14578,1.0);
#14576=VECTOR('',#14579,1.0);
#14577=DIRECTION('',(-0.1364603412731444,-1.3310199549173265E-07,0.9906455346185128));
#14578=DIRECTION('',(0.8328239384372393,7.43727708436909E-08,-0.5535379730116805));
#14579=DIRECTION('',(-0.0019859404653726686,1.34358577451286E-07,-0.9999980280182806));
#14580=FACE_SURFACE('',(#14585),#14581,.T.);
#14581=PLANE('',#14582);
#14582=AXIS2_PLACEMENT_3D('',#1256,#14583,#14584);
#14583=DIRECTION('',(-1.948954371857217E-13,0.999999999999991,1.3435840340178086E-07));
#14584=DIRECTION('',(-0.9417177083823701,-4.5198909142898357E-08,0.3364041582963197));
#14585=FACE_BOUND('',#14586,.T.);
#14586=EDGE_LOOP('',(#14587,#14588,#14589));
#14587=ORIENTED_EDGE('',*,*,#14590,.T.);
#14588=ORIENTED_EDGE('',*,*,#14591,.T.);
#14589=ORIENTED_EDGE('',*,*,#14592,.T.);
#14590=EDGE_CURVE('',#1257,#1261,#14593,.F.);
#14591=EDGE_CURVE('',#1261,#1265,#14594,.T.);
#14592=EDGE_CURVE('',#1265,#1257,#14595,.T.);
#14593=LINE('',#1256,#14596);
#14594=LINE('',#1260,#14597);
#14595=LINE('',#1264,#14598);
#14596=VECTOR('',#14599,1.0);
#14597=VECTOR('',#14600,1.0);
#14598=VECTOR('',#14601,1.0);
#14599=DIRECTION('',(-0.9417177083823701,-4.5198909142898357E-08,0.3364041582963197));
#14600=DIRECTION('',(-0.9138698082142018,-5.45506783147202E-08,0.40600735662612714));
#14601=DIRECTION('',(0.9278708724734313,5.0102651777895167E-08,-0.3729016546160542));
#14602=FACE_SURFACE('',(#14607),#14603,.T.);
#14603=PLANE('',#14604);
#14604=AXIS2_PLACEMENT_3D('',#1248,#14605,#14606);
#14605=DIRECTION('',(2.981618513929411E-14,0.9999999999999911,1.34358868187693E-07));
#14606=DIRECTION('',(-0.9867211257607478,-2.1823019219177057E-08,0.16242358196223317));
#14607=FACE_BOUND('',#14608,.T.);
#14608=EDGE_LOOP('',(#14609,#14610,#14611));
#14609=ORIENTED_EDGE('',*,*,#14612,.T.);
#14610=ORIENTED_EDGE('',*,*,#14613,.T.);
#14611=ORIENTED_EDGE('',*,*,#14614,.T.);
#14612=EDGE_CURVE('',#1249,#1253,#14615,.F.);
#14613=EDGE_CURVE('',#1253,#1257,#14616,.T.);
#14614=EDGE_CURVE('',#1257,#1249,#14617,.T.);
#14615=LINE('',#1248,#14618);
#14616=LINE('',#1252,#14619);
#14617=LINE('',#1256,#14620);
#14618=VECTOR('',#14621,1.0);
#14619=VECTOR('',#14622,1.0);
#14620=VECTOR('',#14623,1.0);
#14621=DIRECTION('',(-0.9867211257607478,-2.1823019219177057E-08,0.16242358196223317));
#14622=DIRECTION('',(-0.9675034075118908,-3.3973682733526874E-08,0.25285797684249345));
#14623=DIRECTION('',(0.9780873763109121,2.7972791610637008E-08,-0.20819482294532543));
#14624=FACE_SURFACE('',(#14629),#14625,.T.);
#14625=PLANE('',#14626);
#14626=AXIS2_PLACEMENT_3D('',#1240,#14627,#14628);
#14627=DIRECTION('',(3.970932480521488E-15,0.999999999999991,1.343592923028388E-07));
#14628=DIRECTION('',(-0.9996893405875357,3.348819551418132E-09,-0.02492433179962852));
#14629=FACE_BOUND('',#14630,.T.);
#14630=EDGE_LOOP('',(#14631,#14632,#14633));
#14631=ORIENTED_EDGE('',*,*,#14634,.T.);
#14632=ORIENTED_EDGE('',*,*,#14635,.T.);
#14633=ORIENTED_EDGE('',*,*,#14636,.T.);
#14634=EDGE_CURVE('',#1241,#1245,#14637,.F.);
#14635=EDGE_CURVE('',#1245,#1249,#14638,.T.);
#14636=EDGE_CURVE('',#1249,#1241,#14639,.T.);
#14637=LINE('',#1240,#14640);
#14638=LINE('',#1244,#14641);
#14639=LINE('',#1248,#14642);
#14640=VECTOR('',#14643,1.0);
#14641=VECTOR('',#14644,1.0);
#14642=VECTOR('',#14645,1.0);
#14643=DIRECTION('',(-0.9996893405875357,3.348819551418132E-09,-0.02492433179962852));
#14644=DIRECTION('',(-0.9971684439624331,-1.0103863388625368E-08,0.07520036147213587));
#14645=DIRECTION('',(0.9998333688418759,2.4526863628228643E-09,-0.018254713098409345));
#14646=FACE_SURFACE('',(#14651),#14647,.T.);
#14647=PLANE('',#14648);
#14648=AXIS2_PLACEMENT_3D('',#1232,#14649,#14650);
#14649=DIRECTION('',(-2.1690746737858385E-15,0.9999999999999909,1.3435888152478017E-07));
#14650=DIRECTION('',(-0.8975242726022091,5.924756968916609E-08,-0.44096505540674324));
#14651=FACE_BOUND('',#14652,.T.);
#14652=EDGE_LOOP('',(#14653,#14654,#14655));
#14653=ORIENTED_EDGE('',*,*,#14656,.T.);
#14654=ORIENTED_EDGE('',*,*,#14657,.T.);
#14655=ORIENTED_EDGE('',*,*,#14658,.T.);
#14656=EDGE_CURVE('',#1233,#1237,#14659,.F.);
#14657=EDGE_CURVE('',#1237,#1241,#14660,.T.);
#14658=EDGE_CURVE('',#1241,#1233,#14661,.T.);
#14659=LINE('',#1232,#14662);
#14660=LINE('',#1236,#14663);
#14661=LINE('',#1240,#14664);
#14662=VECTOR('',#14665,1.0);
#14663=VECTOR('',#14666,1.0);
#14664=VECTOR('',#14667,1.0);
#14665=DIRECTION('',(-0.8975242726022091,5.924756968916609E-08,-0.44096505540674324));
#14666=DIRECTION('',(-0.9765399689189281,2.8932332008247206E-08,-0.21533622338988434));
#14667=DIRECTION('',(0.9451276522365938,-4.3895215418018875E-08,0.32670127177245983));
#14668=FACE_SURFACE('',(#14673),#14669,.T.);
#14669=PLANE('',#14670);
#14670=AXIS2_PLACEMENT_3D('',#1224,#14671,#14672);
#14671=DIRECTION('',(-1.8158706095828153E-13,0.999999999999991,1.3435899316506872E-07));
#14672=DIRECTION('',(-0.5374490292407723,1.1330433556060369E-07,-0.8432962355946685));
#14673=FACE_BOUND('',#14674,.T.);
#14674=EDGE_LOOP('',(#14675,#14676,#14677));
#14675=ORIENTED_EDGE('',*,*,#14678,.T.);
#14676=ORIENTED_EDGE('',*,*,#14679,.T.);
#14677=ORIENTED_EDGE('',*,*,#14680,.T.);
#14678=EDGE_CURVE('',#1225,#1229,#14681,.F.);
#14679=EDGE_CURVE('',#1229,#1233,#14682,.T.);
#14680=EDGE_CURVE('',#1233,#1225,#14683,.T.);
#14681=LINE('',#1224,#14684);
#14682=LINE('',#1228,#14685);
#14683=LINE('',#1232,#14686);
#14684=VECTOR('',#14687,1.0);
#14685=VECTOR('',#14688,1.0);
#14686=VECTOR('',#14689,1.0);
#14687=DIRECTION('',(-0.5374490292407723,1.1330433556060369E-07,-0.8432962355946685));
#14688=DIRECTION('',(-0.7517679482475724,8.859991148524971E-08,-0.6594277458430359));
#14689=DIRECTION('',(0.6515559854245927,-1.0192468809916716E-07,0.7586005522390408));
#14690=FACE_SURFACE('',(#14695),#14691,.T.);
#14691=PLANE('',#14692);
#14692=AXIS2_PLACEMENT_3D('',#1216,#14693,#14694);
#14693=DIRECTION('',(-2.1119610971449567E-13,0.9999999999999909,1.3435887767462571E-07));
#14694=DIRECTION('',(-0.023500612348550425,1.3432176580876852E-07,-0.9997238224725993));
#14695=FACE_BOUND('',#14696,.T.);
#14696=EDGE_LOOP('',(#14697,#14698,#14699));
#14697=ORIENTED_EDGE('',*,*,#14700,.T.);
#14698=ORIENTED_EDGE('',*,*,#14701,.T.);
#14699=ORIENTED_EDGE('',*,*,#14702,.T.);
#14700=EDGE_CURVE('',#1217,#1221,#14703,.F.);
#14701=EDGE_CURVE('',#1221,#1225,#14704,.T.);
#14702=EDGE_CURVE('',#1225,#1217,#14705,.T.);
#14703=LINE('',#1216,#14706);
#14704=LINE('',#1220,#14707);
#14705=LINE('',#1224,#14708);
#14706=VECTOR('',#14709,1.0);
#14707=VECTOR('',#14710,1.0);
#14708=VECTOR('',#14711,1.0);
#14709=DIRECTION('',(-0.023500612348550425,1.3432176580876852E-07,-0.9997238224725993));
#14710=DIRECTION('',(-0.2734823601912806,1.2923665890447622E-07,-0.9618770184717951));
#14711=DIRECTION('',(0.1605329891961313,-1.326162730022297E-07,0.9870304754057684));
#14712=FACE_SURFACE('',(#14717),#14713,.T.);
#14713=PLANE('',#14714);
#14714=AXIS2_PLACEMENT_3D('',#1208,#14715,#14716);
#14715=DIRECTION('',(-1.6343672516261206E-13,0.999999999999991,1.3435881578147544E-07));
#14716=DIRECTION('',(0.45431808624938813,1.1969221918000444E-07,-0.8908395346563147));
#14717=FACE_BOUND('',#14718,.T.);
#14718=EDGE_LOOP('',(#14719,#14720,#14721));
#14719=ORIENTED_EDGE('',*,*,#14722,.T.);
#14720=ORIENTED_EDGE('',*,*,#14723,.T.);
#14721=ORIENTED_EDGE('',*,*,#14724,.T.);
#14722=EDGE_CURVE('',#1209,#1213,#14725,.F.);
#14723=EDGE_CURVE('',#1213,#1217,#14726,.T.);
#14724=EDGE_CURVE('',#1217,#1209,#14727,.T.);
#14725=LINE('',#1208,#14728);
#14726=LINE('',#1212,#14729);
#14727=LINE('',#1216,#14730);
#14728=VECTOR('',#14731,1.0);
#14729=VECTOR('',#14732,1.0);
#14730=VECTOR('',#14733,1.0);
#14731=DIRECTION('',(0.45431808624938813,1.1969221918000444E-07,-0.8908395346563147));
#14732=DIRECTION('',(0.222901397215957,1.309785182030462E-07,-0.9748409958137567));
#14733=DIRECTION('',(-0.3432463732436464,-1.2619595618853204E-07,0.9392454031056353));
#14734=FACE_SURFACE('',(#14739),#14735,.T.);
#14735=PLANE('',#14736);
#14736=AXIS2_PLACEMENT_3D('',#1200,#14737,#14738);
#14737=DIRECTION('',(-2.207440575894335E-13,0.999999999999991,1.343586232675277E-07));
#14738=DIRECTION('',(0.7408187088572256,9.024952593189419E-08,-0.6717050249976585));
#14739=FACE_BOUND('',#14740,.T.);
#14740=EDGE_LOOP('',(#14741,#14742,#14743));
#14741=ORIENTED_EDGE('',*,*,#14744,.T.);
#14742=ORIENTED_EDGE('',*,*,#14745,.T.);
#14743=ORIENTED_EDGE('',*,*,#14746,.T.);
#14744=EDGE_CURVE('',#1201,#1205,#14747,.F.);
#14745=EDGE_CURVE('',#1205,#1209,#14748,.T.);
#14746=EDGE_CURVE('',#1209,#1201,#14749,.T.);
#14747=LINE('',#1200,#14750);
#14748=LINE('',#1204,#14751);
#14749=LINE('',#1208,#14752);
#14750=VECTOR('',#14753,1.0);
#14751=VECTOR('',#14754,1.0);
#14752=VECTOR('',#14755,1.0);
#14753=DIRECTION('',(0.7408187088572256,9.024952593189419E-08,-0.6717050249976585));
#14754=DIRECTION('',(0.631703556597385,1.0415629406929872E-07,-0.7752100467500428));
#14755=DIRECTION('',(-0.6930698057552673,-9.685531781075101E-08,0.7208704768197589));
#14756=FACE_SURFACE('',(#14761),#14757,.T.);
#14757=PLANE('',#14758);
#14758=AXIS2_PLACEMENT_3D('',#1192,#14759,#14760);
#14759=DIRECTION('',(5.694137546757415E-14,0.999999999999991,1.343589152342258E-07));
#14760=DIRECTION('',(0.8450971199283696,7.182994926085345E-08,-0.534612811190276));
#14761=FACE_BOUND('',#14762,.T.);
#14762=EDGE_LOOP('',(#14763,#14764,#14765));
#14763=ORIENTED_EDGE('',*,*,#14766,.T.);
#14764=ORIENTED_EDGE('',*,*,#14767,.T.);
#14765=ORIENTED_EDGE('',*,*,#14768,.T.);
#14766=EDGE_CURVE('',#1193,#1197,#14769,.F.);
#14767=EDGE_CURVE('',#1197,#1201,#14770,.T.);
#14768=EDGE_CURVE('',#1201,#1193,#14771,.T.);
#14769=LINE('',#1192,#14772);
#14770=LINE('',#1196,#14773);
#14771=LINE('',#1200,#14774);
#14772=VECTOR('',#14775,1.0);
#14773=VECTOR('',#14776,1.0);
#14774=VECTOR('',#14777,1.0);
#14775=DIRECTION('',(0.8450971199283696,7.182994926085345E-08,-0.534612811190276));
#14776=DIRECTION('',(0.8013576083464486,8.037151949339067E-08,-0.5981855761762008));
#14777=DIRECTION('',(-0.8255258412642239,-7.582733079171023E-08,0.5643643197483249));
#14778=FACE_SURFACE('',(#14783),#14779,.T.);
#14779=PLANE('',#14780);
#14780=AXIS2_PLACEMENT_3D('',#1272,#14781,#14782);
#14781=DIRECTION('',(-8.226215982431129E-13,0.9999999999999909,1.3435762865047357E-07));
#14782=DIRECTION('',(0.8543467410262939,6.982682208978463E-08,-0.5197034212873203));
#14783=FACE_BOUND('',#14784,.T.);
#14784=EDGE_LOOP('',(#14785,#14786,#14787));
#14785=ORIENTED_EDGE('',*,*,#14788,.T.);
#14786=ORIENTED_EDGE('',*,*,#14789,.T.);
#14787=ORIENTED_EDGE('',*,*,#14790,.T.);
#14788=EDGE_CURVE('',#1273,#1193,#14791,.F.);
#14789=EDGE_CURVE('',#1193,#1201,#14792,.T.);
#14790=EDGE_CURVE('',#1201,#1273,#14793,.T.);
#14791=LINE('',#1272,#14794);
#14792=LINE('',#1192,#14795);
#14793=LINE('',#1200,#14796);
#14794=VECTOR('',#14797,1.0);
#14795=VECTOR('',#14798,1.0);
#14796=VECTOR('',#14799,1.0);
#14797=DIRECTION('',(0.8543467410262939,6.982682208978463E-08,-0.5197034212873203));
#14798=DIRECTION('',(0.8255258412642239,7.582733079171023E-08,-0.5643643197483249));
#14799=DIRECTION('',(-0.8314098919499667,-7.465779018852064E-08,0.5556596004459377));
#14800=FACE_SURFACE('',(#14805),#14801,.T.);
#14801=PLANE('',#14802);
#14802=AXIS2_PLACEMENT_3D('',#1200,#14803,#14804);
#14803=DIRECTION('',(6.713381267148962E-14,0.999999999999991,1.3435890004326755E-07));
#14804=DIRECTION('',(0.6930698057552673,9.685531781075101E-08,-0.7208704768197589));
#14805=FACE_BOUND('',#14806,.T.);
#14806=EDGE_LOOP('',(#14807,#14808,#14809));
#14807=ORIENTED_EDGE('',*,*,#14810,.T.);
#14808=ORIENTED_EDGE('',*,*,#14811,.T.);
#14809=ORIENTED_EDGE('',*,*,#14812,.T.);
#14810=EDGE_CURVE('',#1201,#1209,#14813,.F.);
#14811=EDGE_CURVE('',#1209,#1217,#14814,.T.);
#14812=EDGE_CURVE('',#1217,#1201,#14815,.T.);
#14813=LINE('',#1200,#14816);
#14814=LINE('',#1208,#14817);
#14815=LINE('',#1216,#14818);
#14816=VECTOR('',#14819,1.0);
#14817=VECTOR('',#14820,1.0);
#14818=VECTOR('',#14821,1.0);
#14819=DIRECTION('',(0.6930698057552673,9.685531781075101E-08,-0.7208704768197589));
#14820=DIRECTION('',(0.3432463732436464,1.2619595618853204E-07,-0.9392454031056353));
#14821=DIRECTION('',(-0.5510586440518436,-1.1211796657954682E-07,0.8344665186906728));
#14822=FACE_SURFACE('',(#14827),#14823,.T.);
#14823=PLANE('',#14824);
#14824=AXIS2_PLACEMENT_3D('',#1216,#14825,#14826);
#14825=DIRECTION('',(-8.795410647244946E-15,0.999999999999991,1.3435884475569356E-07));
#14826=DIRECTION('',(-0.1605329891961313,1.326162730022297E-07,-0.9870304754057684));
#14827=FACE_BOUND('',#14828,.T.);
#14828=EDGE_LOOP('',(#14829,#14830,#14831));
#14829=ORIENTED_EDGE('',*,*,#14832,.T.);
#14830=ORIENTED_EDGE('',*,*,#14833,.T.);
#14831=ORIENTED_EDGE('',*,*,#14834,.T.);
#14832=EDGE_CURVE('',#1217,#1225,#14835,.F.);
#14833=EDGE_CURVE('',#1225,#1233,#14836,.T.);
#14834=EDGE_CURVE('',#1233,#1217,#14837,.T.);
#14835=LINE('',#1216,#14838);
#14836=LINE('',#1224,#14839);
#14837=LINE('',#1232,#14840);
#14838=VECTOR('',#14841,1.0);
#14839=VECTOR('',#14842,1.0);
#14840=VECTOR('',#14843,1.0);
#14841=DIRECTION('',(-0.1605329891961313,1.326162730022297E-07,-0.9870304754057684));
#14842=DIRECTION('',(-0.6515559854245927,1.0192468809916716E-07,-0.7586005522390408));
#14843=DIRECTION('',(0.42755792484174904,-1.214587734065983E-07,0.9039879539601191));
#14844=FACE_SURFACE('',(#14849),#14845,.T.);
#14845=PLANE('',#14846);
#14846=AXIS2_PLACEMENT_3D('',#1232,#14847,#14848);
#14847=DIRECTION('',(-3.460729420418483E-15,0.999999999999991,1.343588852614617E-07));
#14848=DIRECTION('',(-0.9451276522365938,4.3895215418018875E-08,-0.32670127177245983));
#14849=FACE_BOUND('',#14850,.T.);
#14850=EDGE_LOOP('',(#14851,#14852,#14853));
#14851=ORIENTED_EDGE('',*,*,#14854,.T.);
#14852=ORIENTED_EDGE('',*,*,#14855,.T.);
#14853=ORIENTED_EDGE('',*,*,#14856,.T.);
#14854=EDGE_CURVE('',#1233,#1241,#14857,.F.);
#14855=EDGE_CURVE('',#1241,#1249,#14858,.T.);
#14856=EDGE_CURVE('',#1249,#1233,#14859,.T.);
#14857=LINE('',#1232,#14860);
#14858=LINE('',#1240,#14861);
#14859=LINE('',#1248,#14862);
#14860=VECTOR('',#14863,1.0);
#14861=VECTOR('',#14864,1.0);
#14862=VECTOR('',#14865,1.0);
#14863=DIRECTION('',(-0.9451276522365938,4.3895215418018875E-08,-0.32670127177245983));
#14864=DIRECTION('',(-0.9998333688418759,-2.4526863628228643E-09,0.018254713098409345));
#14865=DIRECTION('',(0.9843931787981436,-2.3644896624537513E-08,0.17598315128354097));
#14866=FACE_SURFACE('',(#14871),#14867,.T.);
#14867=PLANE('',#14868);
#14868=AXIS2_PLACEMENT_3D('',#1248,#14869,#14870);
#14869=DIRECTION('',(7.251514470295994E-14,0.9999999999999909,1.3435906878496396E-07));
#14870=DIRECTION('',(-0.9780873763109121,-2.7972791610637008E-08,0.20819482294532543));
#14871=FACE_BOUND('',#14872,.T.);
#14872=EDGE_LOOP('',(#14873,#14874,#14875));
#14873=ORIENTED_EDGE('',*,*,#14876,.T.);
#14874=ORIENTED_EDGE('',*,*,#14877,.T.);
#14875=ORIENTED_EDGE('',*,*,#14878,.T.);
#14876=EDGE_CURVE('',#1249,#1257,#14879,.F.);
#14877=EDGE_CURVE('',#1257,#1265,#14880,.T.);
#14878=EDGE_CURVE('',#1265,#1249,#14881,.T.);
#14879=LINE('',#1248,#14882);
#14880=LINE('',#1256,#14883);
#14881=LINE('',#1264,#14884);
#14882=VECTOR('',#14885,1.0);
#14883=VECTOR('',#14886,1.0);
#14884=VECTOR('',#14887,1.0);
#14885=DIRECTION('',(-0.9780873763109121,-2.7972791610637008E-08,0.20819482294532543));
#14886=DIRECTION('',(-0.9278708724734313,-5.0102651777895167E-08,0.3729016546160542));
#14887=DIRECTION('',(0.9552430837530406,3.97462980996291E-08,-0.29582199198501125));
#14888=FACE_SURFACE('',(#14893),#14889,.T.);
#14889=PLANE('',#14890);
#14890=AXIS2_PLACEMENT_3D('',#1264,#14891,#14892);
#14891=DIRECTION('',(1.1677402215501731E-13,0.9999999999999909,1.3435884217255912E-07));
#14892=DIRECTION('',(0.0019859404653726686,-1.34358577451286E-07,0.9999980280182806));
#14893=FACE_BOUND('',#14894,.T.);
#14894=EDGE_LOOP('',(#14895,#14896,#14897));
#14895=ORIENTED_EDGE('',*,*,#14898,.T.);
#14896=ORIENTED_EDGE('',*,*,#14899,.T.);
#14897=ORIENTED_EDGE('',*,*,#14900,.T.);
#14898=EDGE_CURVE('',#1265,#1271,#14901,.F.);
#14899=EDGE_CURVE('',#1271,#1275,#14902,.T.);
#14900=EDGE_CURVE('',#1275,#1265,#14903,.T.);
#14901=LINE('',#1264,#14904);
#14902=LINE('',#1270,#14905);
#14903=LINE('',#1274,#14906);
#14904=VECTOR('',#14907,1.0);
#14905=VECTOR('',#14908,1.0);
#14906=VECTOR('',#14909,1.0);
#14907=DIRECTION('',(0.0019859404653726686,-1.34358577451286E-07,0.9999980280182806));
#14908=DIRECTION('',(0.851799536312831,7.038618160168721E-08,-0.5238678745039069));
#14909=DIRECTION('',(-0.1664685573111218,1.324841208850317E-07,-0.9860467633062522));
#14910=FACE_SURFACE('',(#14915),#14911,.T.);
#14911=PLANE('',#14912);
#14912=AXIS2_PLACEMENT_3D('',#1264,#14913,#14914);
#14913=DIRECTION('',(-9.771878044761615E-14,0.999999999999991,1.3435887838413519E-07));
#14914=DIRECTION('',(0.1664685573111218,-1.324841208850317E-07,0.9860467633062522));
#14915=FACE_BOUND('',#14916,.T.);
#14916=EDGE_LOOP('',(#14917,#14918,#14919));
#14917=ORIENTED_EDGE('',*,*,#14920,.T.);
#14918=ORIENTED_EDGE('',*,*,#14921,.T.);
#14919=ORIENTED_EDGE('',*,*,#14922,.T.);
#14920=EDGE_CURVE('',#1265,#1275,#14923,.F.);
#14921=EDGE_CURVE('',#1275,#1277,#14924,.T.);
#14922=EDGE_CURVE('',#1277,#1265,#14925,.T.);
#14923=LINE('',#1264,#14926);
#14924=LINE('',#1274,#14927);
#14925=LINE('',#1276,#14928);
#14926=VECTOR('',#14929,1.0);
#14927=VECTOR('',#14930,1.0);
#14928=VECTOR('',#14931,1.0);
#14929=DIRECTION('',(0.1664685573111218,-1.324841208850317E-07,0.9860467633062522));
#14930=DIRECTION('',(0.8703526821059936,6.616227799091309E-08,-0.4924288869988223));
#14931=DIRECTION('',(-0.34353455644193226,1.2618176840668137E-07,-0.93914003669859));
#14932=FACE_SURFACE('',(#14937),#14933,.T.);
#14933=PLANE('',#14934);
#14934=AXIS2_PLACEMENT_3D('',#1232,#14935,#14936);
#14935=DIRECTION('',(3.5451352917623917E-15,0.9999999999999909,1.343588460729065E-07));
#14936=DIRECTION('',(-0.9843931787981436,2.3644896624537513E-08,-0.17598315128354097));
#14937=FACE_BOUND('',#14938,.T.);
#14938=EDGE_LOOP('',(#14939,#14940,#14941));
#14939=ORIENTED_EDGE('',*,*,#14942,.T.);
#14940=ORIENTED_EDGE('',*,*,#14943,.T.);
#14941=ORIENTED_EDGE('',*,*,#14944,.T.);
#14942=EDGE_CURVE('',#1233,#1249,#14945,.F.);
#14943=EDGE_CURVE('',#1249,#1265,#14946,.T.);
#14944=EDGE_CURVE('',#1265,#1233,#14947,.T.);
#14945=LINE('',#1232,#14948);
#14946=LINE('',#1248,#14949);
#14947=LINE('',#1264,#14950);
#14948=VECTOR('',#14951,1.0);
#14949=VECTOR('',#14952,1.0);
#14950=VECTOR('',#14953,1.0);
#14951=DIRECTION('',(-0.9843931787981436,2.3644896624537513E-08,-0.17598315128354097));
#14952=DIRECTION('',(-0.9552430837530406,-3.97462980996291E-08,0.29582199198501125));
#14953=DIRECTION('',(0.9993785495255145,4.736054775069517E-09,-0.03524932266411201));
#14954=FACE_SURFACE('',(#14959),#14955,.T.);
#14955=PLANE('',#14956);
#14956=AXIS2_PLACEMENT_3D('',#1200,#14957,#14958);
#14957=DIRECTION('',(-1.3335978626222293E-14,0.9999999999999909,1.343588469032397E-07));
#14958=DIRECTION('',(0.5510586440518436,1.1211796657954682E-07,-0.8344665186906728));
#14959=FACE_BOUND('',#14960,.T.);
#14960=EDGE_LOOP('',(#14961,#14962,#14963));
#14961=ORIENTED_EDGE('',*,*,#14964,.T.);
#14962=ORIENTED_EDGE('',*,*,#14965,.T.);
#14963=ORIENTED_EDGE('',*,*,#14966,.T.);
#14964=EDGE_CURVE('',#1201,#1217,#14967,.F.);
#14965=EDGE_CURVE('',#1217,#1233,#14968,.T.);
#14966=EDGE_CURVE('',#1233,#1201,#14969,.T.);
#14967=LINE('',#1200,#14970);
#14968=LINE('',#1216,#14971);
#14969=LINE('',#1232,#14972);
#14970=VECTOR('',#14973,1.0);
#14971=VECTOR('',#14974,1.0);
#14972=VECTOR('',#14975,1.0);
#14973=DIRECTION('',(0.5510586440518436,1.1211796657954682E-07,-0.8344665186906728));
#14974=DIRECTION('',(-0.42755792484174904,1.214587734065983E-07,-0.9039879539601191));
#14975=DIRECTION('',(0.010954407466513239,-1.3435078504877578E-07,0.9999399986784405));
#14976=FACE_SURFACE('',(#14981),#14977,.T.);
#14977=PLANE('',#14978);
#14978=AXIS2_PLACEMENT_3D('',#1278,#14979,#14980);
#14979=DIRECTION('',(1.148734843081428E-13,0.9999999999999909,1.3435903138460193E-07));
#14980=DIRECTION('',(0.8448641693756128,7.187941495723038E-08,-0.5349808737751757));
#14981=FACE_BOUND('',#14982,.T.);
#14982=EDGE_LOOP('',(#14983,#14984,#14985));
#14983=ORIENTED_EDGE('',*,*,#14986,.T.);
#14984=ORIENTED_EDGE('',*,*,#14987,.T.);
#14985=ORIENTED_EDGE('',*,*,#14988,.T.);
#14986=EDGE_CURVE('',#1279,#1273,#14989,.F.);
#14987=EDGE_CURVE('',#1273,#1201,#14990,.T.);
#14988=EDGE_CURVE('',#1201,#1279,#14991,.T.);
#14989=LINE('',#1278,#14992);
#14990=LINE('',#1272,#14993);
#14991=LINE('',#1200,#14994);
#14992=VECTOR('',#14995,1.0);
#14993=VECTOR('',#14996,1.0);
#14994=VECTOR('',#14997,1.0);
#14995=DIRECTION('',(0.8448641693756128,7.187941495723038E-08,-0.5349808737751757));
#14996=DIRECTION('',(0.8314098919499667,7.465779018852064E-08,-0.5556596004459377));
#14997=DIRECTION('',(-0.8334673578717632,-7.424249897159889E-08,0.5525686956046791));
#14998=FACE_SURFACE('',(#15003),#14999,.T.);
#14999=PLANE('',#15000);
#15000=AXIS2_PLACEMENT_3D('',#1264,#15001,#15002);
#15001=DIRECTION('',(8.779285312963141E-14,0.999999999999991,1.3435881052454637E-07));
#15002=DIRECTION('',(0.34353455644193226,-1.2618176840668137E-07,0.93914003669859));
#15003=FACE_BOUND('',#15004,.T.);
#15004=EDGE_LOOP('',(#15005,#15006,#15007));
#15005=ORIENTED_EDGE('',*,*,#15008,.T.);
#15006=ORIENTED_EDGE('',*,*,#15009,.T.);
#15007=ORIENTED_EDGE('',*,*,#15010,.T.);
#15008=EDGE_CURVE('',#1265,#1277,#15011,.F.);
#15009=EDGE_CURVE('',#1277,#1281,#15012,.T.);
#15010=EDGE_CURVE('',#1281,#1265,#15013,.T.);
#15011=LINE('',#1264,#15014);
#15012=LINE('',#1276,#15015);
#15013=LINE('',#1280,#15016);
#15014=VECTOR('',#15017,1.0);
#15015=VECTOR('',#15018,1.0);
#15016=VECTOR('',#15019,1.0);
#15017=DIRECTION('',(0.34353455644193226,-1.2618176840668137E-07,0.93914003669859));
#15018=DIRECTION('',(0.8884753944604524,6.166043925670473E-08,-0.4589242567552291));
#15019=DIRECTION('',(-0.5114694829562435,1.154547645154066E-07,-0.8593014418726759));
#15020=FACE_SURFACE('',(#15025),#15021,.T.);
#15021=PLANE('',#15022);
#15022=AXIS2_PLACEMENT_3D('',#1264,#15023,#15024);
#15023=DIRECTION('',(-7.72821045988911E-14,0.999999999999991,1.3435890877970947E-07));
#15024=DIRECTION('',(0.5114694829562435,-1.154547645154066E-07,0.8593014418726759));
#15025=FACE_BOUND('',#15026,.T.);
#15026=EDGE_LOOP('',(#15027,#15028,#15029));
#15027=ORIENTED_EDGE('',*,*,#15030,.T.);
#15028=ORIENTED_EDGE('',*,*,#15031,.T.);
#15029=ORIENTED_EDGE('',*,*,#15032,.T.);
#15030=EDGE_CURVE('',#1265,#1281,#15033,.F.);
#15031=EDGE_CURVE('',#1281,#1283,#15034,.T.);
#15032=EDGE_CURVE('',#1283,#1265,#15035,.T.);
#15033=LINE('',#1264,#15036);
#15034=LINE('',#1280,#15037);
#15035=LINE('',#1282,#15038);
#15036=VECTOR('',#15039,1.0);
#15037=VECTOR('',#15040,1.0);
#15038=VECTOR('',#15041,1.0);
#15039=DIRECTION('',(0.5114694829562435,-1.154547645154066E-07,0.8593014418726759));
#15040=DIRECTION('',(0.9061405161557141,5.6830769988246545E-08,-0.4229767901209863));
#15041=DIRECTION('',(-0.6511459633142597,1.0197198268678949E-07,-0.7589525245096259));
#15042=FACE_SURFACE('',(#15047),#15043,.T.);
#15043=PLANE('',#15044);
#15044=AXIS2_PLACEMENT_3D('',#1284,#15045,#15046);
#15045=DIRECTION('',(-6.476720804480593E-14,0.999999999999991,1.3435885740117077E-07));
#15046=DIRECTION('',(0,1.3435885740117074E-07,-0.9999999999999909));
#15047=FACE_BOUND('',#15048,.T.);
#15048=EDGE_LOOP('',(#15049,#15050,#15051));
#15049=ORIENTED_EDGE('',*,*,#15052,.T.);
#15050=ORIENTED_EDGE('',*,*,#15053,.T.);
#15051=ORIENTED_EDGE('',*,*,#15054,.T.);
#15052=EDGE_CURVE('',#1285,#1287,#15055,.F.);
#15053=EDGE_CURVE('',#1287,#1289,#15056,.T.);
#15054=EDGE_CURVE('',#1289,#1285,#15057,.T.);
#15055=LINE('',#1284,#15058);
#15056=LINE('',#1286,#15059);
#15057=LINE('',#1288,#15060);
#15058=VECTOR('',#15061,1.0);
#15059=VECTOR('',#15062,1.0);
#15060=VECTOR('',#15063,1.0);
#15061=DIRECTION('',(0,1.3435885740117074E-07,-0.9999999999999909));
#15062=DIRECTION('',(-0.8453094558388582,-7.178490340484262E-08,0.5342770104256858));
#15063=DIRECTION('',(0.15327879418983972,-1.327711268002064E-07,0.988182984700552));
#15064=FACE_SURFACE('',(#15069),#15065,.T.);
#15065=PLANE('',#15066);
#15066=AXIS2_PLACEMENT_3D('',#1290,#15067,#15068);
#15067=DIRECTION('',(-1.9505373509244373E-12,0.999999999999991,1.343549317248323E-07));
#15068=DIRECTION('',(0.9040894231275155,5.741744633114829E-08,-0.4273433221532226));
#15069=FACE_BOUND('',#15070,.T.);
#15070=EDGE_LOOP('',(#15071,#15072,#15073));
#15071=ORIENTED_EDGE('',*,*,#15074,.T.);
#15072=ORIENTED_EDGE('',*,*,#15075,.T.);
#15073=ORIENTED_EDGE('',*,*,#15076,.T.);
#15074=EDGE_CURVE('',#1291,#1293,#15077,.F.);
#15075=EDGE_CURVE('',#1293,#1285,#15078,.T.);
#15076=EDGE_CURVE('',#1285,#1291,#15079,.T.);
#15077=LINE('',#1290,#15080);
#15078=LINE('',#1292,#15081);
#15079=LINE('',#1284,#15082);
#15080=VECTOR('',#15083,1.0);
#15081=VECTOR('',#15084,1.0);
#15082=VECTOR('',#15085,1.0);
#15083=DIRECTION('',(0.9040894231275155,5.741744633114829E-08,-0.4273433221532226));
#15084=DIRECTION('',(0.8899432396581891,6.127716416747824E-08,-0.4560712994551215));
#15085=DIRECTION('',(-0.8970278475300433,-5.938313994043367E-08,0.44197402724098395));
#15086=FACE_SURFACE('',(#15091),#15087,.T.);
#15087=PLANE('',#15088);
#15088=AXIS2_PLACEMENT_3D('',#1294,#15089,#15090);
#15089=DIRECTION('',(4.298002896309281E-13,0.999999999999991,1.3435979900910995E-07));
#15090=DIRECTION('',(0.9317801556415733,4.8775304798109055E-08,-0.3630230592573463));
#15091=FACE_BOUND('',#15092,.T.);
#15092=EDGE_LOOP('',(#15093,#15094,#15095));
#15093=ORIENTED_EDGE('',*,*,#15096,.T.);
#15094=ORIENTED_EDGE('',*,*,#15097,.T.);
#15095=ORIENTED_EDGE('',*,*,#15098,.T.);
#15096=EDGE_CURVE('',#1295,#1297,#15099,.F.);
#15097=EDGE_CURVE('',#1297,#1291,#15100,.T.);
#15098=EDGE_CURVE('',#1291,#1295,#15101,.T.);
#15099=LINE('',#1294,#15102);
#15100=LINE('',#1296,#15103);
#15101=LINE('',#1290,#15104);
#15102=VECTOR('',#15105,1.0);
#15103=VECTOR('',#15106,1.0);
#15104=VECTOR('',#15107,1.0);
#15105=DIRECTION('',(0.9317801556415733,4.8775304798109055E-08,-0.3630230592573463));
#15106=DIRECTION('',(0.9181022949826675,5.3252239407354965E-08,-0.3963435075128089));
#15107=DIRECTION('',(-0.924999667987876,-5.105201473395613E-08,0.37996791209563563));
#15108=FACE_SURFACE('',(#15113),#15109,.T.);
#15109=PLANE('',#15110);
#15110=AXIS2_PLACEMENT_3D('',#1298,#15111,#15112);
#15111=DIRECTION('',(-9.711501459917243E-13,0.9999999999999911,1.3435599383935204E-07));
#15112=DIRECTION('',(0.9571984395949534,3.88879150096999E-08,-0.28943245712425675));
#15113=FACE_BOUND('',#15114,.T.);
#15114=EDGE_LOOP('',(#15115,#15116,#15117));
#15115=ORIENTED_EDGE('',*,*,#15118,.T.);
#15116=ORIENTED_EDGE('',*,*,#15119,.T.);
#15117=ORIENTED_EDGE('',*,*,#15120,.T.);
#15118=EDGE_CURVE('',#1299,#1301,#15121,.F.);
#15119=EDGE_CURVE('',#1301,#1295,#15122,.T.);
#15120=EDGE_CURVE('',#1295,#1299,#15123,.T.);
#15121=LINE('',#1298,#15124);
#15122=LINE('',#1300,#15125);
#15123=LINE('',#1294,#15126);
#15124=VECTOR('',#15127,1.0);
#15125=VECTOR('',#15128,1.0);
#15126=VECTOR('',#15129,1.0);
#15127=DIRECTION('',(0.9571984395949534,3.88879150096999E-08,-0.28943245712425675));
#15128=DIRECTION('',(0.9448952478943442,4.39854197062662E-08,-0.3273728310454062));
#15129=DIRECTION('',(-0.9511642968348264,-4.1474614824487156E-08,0.30868508293519564));
#15130=FACE_SURFACE('',(#15135),#15131,.T.);
#15131=PLANE('',#15132);
#15132=AXIS2_PLACEMENT_3D('',#1302,#15133,#15134);
#15133=DIRECTION('',(-5.568646810879731E-13,0.999999999999991,1.343564734349074E-07));
#15134=DIRECTION('',(0.978311476835675,2.7831039192406524E-08,-0.20713921476050765));
#15135=FACE_BOUND('',#15136,.T.);
#15136=EDGE_LOOP('',(#15137,#15138,#15139));
#15137=ORIENTED_EDGE('',*,*,#15140,.T.);
#15138=ORIENTED_EDGE('',*,*,#15141,.T.);
#15139=ORIENTED_EDGE('',*,*,#15142,.T.);
#15140=EDGE_CURVE('',#1303,#1305,#15143,.F.);
#15141=EDGE_CURVE('',#1305,#1299,#15144,.T.);
#15142=EDGE_CURVE('',#1299,#1303,#15145,.T.);
#15143=LINE('',#1302,#15146);
#15144=LINE('',#1304,#15147);
#15145=LINE('',#1298,#15148);
#15146=VECTOR('',#15149,1.0);
#15147=VECTOR('',#15150,1.0);
#15148=VECTOR('',#15151,1.0);
#15149=DIRECTION('',(0.978311476835675,2.7831039192406524E-08,-0.20713921476050765));
#15150=DIRECTION('',(0.9684261555604052,3.349568658561507E-08,-0.2493005840877486));
#15151=DIRECTION('',(-0.973550566735702,-3.069718706128446E-08,0.22847164815047133));
#15152=FACE_SURFACE('',(#15157),#15153,.T.);
#15153=PLANE('',#15154);
#15154=AXIS2_PLACEMENT_3D('',#1306,#15155,#15156);
#15155=DIRECTION('',(-1.8663203704709193E-13,0.999999999999991,1.3435692596257963E-07));
#15156=DIRECTION('',(0.9930465769211626,1.5816966655226718E-08,-0.11772211374742407));
#15157=FACE_BOUND('',#15158,.T.);
#15158=EDGE_LOOP('',(#15159,#15160,#15161));
#15159=ORIENTED_EDGE('',*,*,#15162,.T.);
#15160=ORIENTED_EDGE('',*,*,#15163,.T.);
#15161=ORIENTED_EDGE('',*,*,#15164,.T.);
#15162=EDGE_CURVE('',#1307,#1309,#15165,.F.);
#15163=EDGE_CURVE('',#1309,#1303,#15166,.T.);
#15164=EDGE_CURVE('',#1303,#1307,#15167,.T.);
#15165=LINE('',#1306,#15168);
#15166=LINE('',#1308,#15169);
#15167=LINE('',#1302,#15170);
#15168=VECTOR('',#15171,1.0);
#15169=VECTOR('',#15172,1.0);
#15170=VECTOR('',#15173,1.0);
#15171=DIRECTION('',(0.9930465769211626,1.5816966655226718E-08,-0.11772211374742407));
#15172=DIRECTION('',(0.9865963249657341,2.1924538731267374E-08,-0.16317993615670803));
#15173=DIRECTION('',(-0.9900608313078891,-1.889611452377968E-08,0.1406397892131928));
#15174=FACE_SURFACE('',(#15179),#15175,.T.);
#15175=PLANE('',#15176);
#15176=AXIS2_PLACEMENT_3D('',#1310,#15177,#15178);
#15177=DIRECTION('',(3.9768902082856824E-14,0.9999999999999909,1.3436132213067646E-07));
#15178=DIRECTION('',(0.9997165477713817,3.198843764946554E-09,-0.023808068213744347));
#15179=FACE_BOUND('',#15180,.T.);
#15180=EDGE_LOOP('',(#15181,#15182,#15183));
#15181=ORIENTED_EDGE('',*,*,#15184,.T.);
#15182=ORIENTED_EDGE('',*,*,#15185,.T.);
#15183=ORIENTED_EDGE('',*,*,#15186,.T.);
#15184=EDGE_CURVE('',#1311,#1313,#15187,.F.);
#15185=EDGE_CURVE('',#1313,#1307,#15188,.T.);
#15186=EDGE_CURVE('',#1307,#1311,#15189,.T.);
#15187=LINE('',#1310,#15190);
#15188=LINE('',#1312,#15191);
#15189=LINE('',#1306,#15192);
#15190=VECTOR('',#15193,1.0);
#15191=VECTOR('',#15194,1.0);
#15192=VECTOR('',#15195,1.0);
#15193=DIRECTION('',(0.9997165477713817,3.198843764946554E-09,-0.023808068213744347));
#15194=DIRECTION('',(0.9974672827176734,9.556649546549857E-09,-0.07112678755448587));
#15195=DIRECTION('',(-0.9988681048894265,-6.39096928510773E-09,0.0475658389456736));
#15196=FACE_SURFACE('',(#15201),#15197,.T.);
#15197=PLANE('',#15198);
#15198=AXIS2_PLACEMENT_3D('',#1314,#15199,#15200);
#15199=DIRECTION('',(1.1280373673810951E-13,0.999999999999991,1.3435755873074554E-07));
#15200=DIRECTION('',(0.9906399951232279,-1.833999236796279E-08,0.1365005496774677));
#15201=FACE_BOUND('',#15202,.T.);
#15202=EDGE_LOOP('',(#15203,#15204,#15205));
#15203=ORIENTED_EDGE('',*,*,#15206,.T.);
#15204=ORIENTED_EDGE('',*,*,#15207,.T.);
#15205=ORIENTED_EDGE('',*,*,#15208,.T.);
#15206=EDGE_CURVE('',#1315,#1317,#15209,.F.);
#15207=EDGE_CURVE('',#1317,#1311,#15210,.T.);
#15208=EDGE_CURVE('',#1311,#1315,#15211,.T.);
#15209=LINE('',#1314,#15212);
#15210=LINE('',#1316,#15213);
#15211=LINE('',#1310,#15214);
#15212=VECTOR('',#15215,1.0);
#15213=VECTOR('',#15216,1.0);
#15214=VECTOR('',#15217,1.0);
#15215=DIRECTION('',(0.9906399951232279,-1.833999236796279E-08,0.1365005496774677));
#15216=DIRECTION('',(0.9990552517143829,-5.839033158159003E-09,0.04345807199946695));
#15217=DIRECTION('',(-0.996058056695628,1.1918125924510832E-08,-0.08870370731671146));
#15218=FACE_SURFACE('',(#15223),#15219,.T.);
#15219=PLANE('',#15220);
#15220=AXIS2_PLACEMENT_3D('',#1318,#15221,#15222);
#15221=DIRECTION('',(6.538874471696277E-14,0.9999999999999909,1.3435876047055163E-07));
#15222=DIRECTION('',(0.9383313519064402,-4.6452895153839635E-08,0.345737290481415));
#15223=FACE_BOUND('',#15224,.T.);
#15224=EDGE_LOOP('',(#15225,#15226,#15227));
#15225=ORIENTED_EDGE('',*,*,#15228,.T.);
#15226=ORIENTED_EDGE('',*,*,#15229,.T.);
#15227=ORIENTED_EDGE('',*,*,#15230,.T.);
#15228=EDGE_CURVE('',#1319,#1321,#15231,.F.);
#15229=EDGE_CURVE('',#1321,#1315,#15232,.T.);
#15230=EDGE_CURVE('',#1315,#1319,#15233,.T.);
#15231=LINE('',#1318,#15234);
#15232=LINE('',#1320,#15235);
#15233=LINE('',#1314,#15236);
#15234=VECTOR('',#15237,1.0);
#15235=VECTOR('',#15238,1.0);
#15236=VECTOR('',#15239,1.0);
#15237=DIRECTION('',(0.9383313519064402,-4.6452895153839635E-08,0.345737290481415));
#15238=DIRECTION('',(0.9713938281205806,-3.190681258182948E-08,0.23747427374189992));
#15239=DIRECTION('',(-0.9568428879859622,3.904548763458049E-08,-0.29060572552976666));
#15240=FACE_SURFACE('',(#15245),#15241,.T.);
#15241=PLANE('',#15242);
#15242=AXIS2_PLACEMENT_3D('',#1322,#15243,#15244);
#15243=DIRECTION('',(-2.858388990495546E-15,0.9999999999999909,1.3435884662402682E-07));
#15244=DIRECTION('',(0.8180921561581707,-7.726804313565849E-08,0.5750871447289266));
#15245=FACE_BOUND('',#15246,.T.);
#15246=EDGE_LOOP('',(#15247,#15248,#15249));
#15247=ORIENTED_EDGE('',*,*,#15250,.T.);
#15248=ORIENTED_EDGE('',*,*,#15251,.T.);
#15249=ORIENTED_EDGE('',*,*,#15252,.T.);
#15250=EDGE_CURVE('',#1323,#1325,#15253,.F.);
#15251=EDGE_CURVE('',#1325,#1319,#15254,.T.);
#15252=EDGE_CURVE('',#1319,#1323,#15255,.T.);
#15253=LINE('',#1322,#15256);
#15254=LINE('',#1324,#15257);
#15255=LINE('',#1318,#15258);
#15256=VECTOR('',#15259,1.0);
#15257=VECTOR('',#15260,1.0);
#15258=VECTOR('',#15261,1.0);
#15259=DIRECTION('',(0.8180921561581707,-7.726804313565849E-08,0.5750871447289266));
#15260=DIRECTION('',(0.8882073548293365,-6.173020338056795E-08,0.45944280909278473));
#15261=DIRECTION('',(-0.8557985558616266,6.950506805006103E-08,-0.5173092225981958));
#15262=FACE_SURFACE('',(#15267),#15263,.T.);
#15263=PLANE('',#15264);
#15264=AXIS2_PLACEMENT_3D('',#1326,#15265,#15266);
#15265=DIRECTION('',(5.184732143193049E-13,0.9999999999999909,1.343583516141619E-07));
#15266=DIRECTION('',(0.6136986258387592,-1.0608166089903245E-07,0.7895403704964093));
#15267=FACE_BOUND('',#15268,.T.);
#15268=EDGE_LOOP('',(#15269,#15270,#15271));
#15269=ORIENTED_EDGE('',*,*,#15272,.T.);
#15270=ORIENTED_EDGE('',*,*,#15273,.T.);
#15271=ORIENTED_EDGE('',*,*,#15274,.T.);
#15272=EDGE_CURVE('',#1327,#1329,#15275,.F.);
#15273=EDGE_CURVE('',#1329,#1323,#15276,.T.);
#15274=EDGE_CURVE('',#1323,#1327,#15277,.T.);
#15275=LINE('',#1326,#15278);
#15276=LINE('',#1328,#15279);
#15277=LINE('',#1322,#15280);
#15278=VECTOR('',#15281,1.0);
#15279=VECTOR('',#15282,1.0);
#15280=VECTOR('',#15283,1.0);
#15281=DIRECTION('',(0.6136986258387592,-1.0608166089903245E-07,0.7895403704964093));
#15282=DIRECTION('',(0.7263342828691988,-9.235046432263328E-08,0.6873416250518212));
#15283=DIRECTION('',(-0.6722903838972514,9.946416196344808E-08,-0.7402875385411241));
#15284=FACE_SURFACE('',(#15289),#15285,.T.);
#15285=PLANE('',#15286);
#15286=AXIS2_PLACEMENT_3D('',#1330,#15287,#15288);
#15287=DIRECTION('',(-1.8930582957838783E-13,0.999999999999991,1.3435893162073018E-07));
#15288=DIRECTION('',(0.3442262769469205,-1.261477512524915E-07,0.9388867185444931));
#15289=FACE_BOUND('',#15290,.T.);
#15290=EDGE_LOOP('',(#15291,#15292,#15293));
#15291=ORIENTED_EDGE('',*,*,#15294,.T.);
#15292=ORIENTED_EDGE('',*,*,#15295,.T.);
#15293=ORIENTED_EDGE('',*,*,#15296,.T.);
#15294=EDGE_CURVE('',#1331,#1333,#15297,.F.);
#15295=EDGE_CURVE('',#1333,#1327,#15298,.T.);
#15296=EDGE_CURVE('',#1327,#1331,#15299,.T.);
#15297=LINE('',#1330,#15300);
#15298=LINE('',#1332,#15301);
#15299=LINE('',#1326,#15302);
#15300=VECTOR('',#15303,1.0);
#15301=VECTOR('',#15304,1.0);
#15302=VECTOR('',#15305,1.0);
#15303=DIRECTION('',(0.3442262769469205,-1.261477512524915E-07,0.9388867185444931));
#15304=DIRECTION('',(0.484094995031068,-1.1756604922169878E-07,0.8750154488841078));
#15305=DIRECTION('',(-0.41454402690913256,1.2227048032401008E-07,-0.9100292576362287));
#15306=FACE_SURFACE('',(#15311),#15307,.T.);
#15307=PLANE('',#15308);
#15308=AXIS2_PLACEMENT_3D('',#1334,#15309,#15310);
#15309=DIRECTION('',(7.097631800485583E-13,0.9999999999999911,1.3435876772103573E-07));
#15310=DIRECTION('',(0.06483630774067445,-1.3407611120406945E-07,0.9978959130082349));
#15311=FACE_BOUND('',#15312,.T.);
#15312=EDGE_LOOP('',(#15313,#15314,#15315));
#15313=ORIENTED_EDGE('',*,*,#15316,.T.);
#15314=ORIENTED_EDGE('',*,*,#15317,.T.);
#15315=ORIENTED_EDGE('',*,*,#15318,.T.);
#15316=EDGE_CURVE('',#1335,#1337,#15319,.F.);
#15317=EDGE_CURVE('',#1337,#1331,#15320,.T.);
#15318=EDGE_CURVE('',#1331,#1335,#15321,.T.);
#15319=LINE('',#1334,#15322);
#15320=LINE('',#1336,#15323);
#15321=LINE('',#1330,#15324);
#15322=VECTOR('',#15325,1.0);
#15323=VECTOR('',#15326,1.0);
#15324=VECTOR('',#15327,1.0);
#15325=DIRECTION('',(0.06483630774067445,-1.3407611120406945E-07,0.9978959130082349));
#15326=DIRECTION('',(0.20205423521460572,-1.3158767205997232E-07,0.9793743339662437));
#15327=DIRECTION('',(-0.13187500790128664,1.3318541925217436E-07,-0.9912663528492319));
#15328=FACE_SURFACE('',(#15333),#15329,.T.);
#15329=PLANE('',#15330);
#15330=AXIS2_PLACEMENT_3D('',#1338,#15331,#15332);
#15331=DIRECTION('',(-7.077879913660149E-15,0.9999999999999909,1.3435886624321035E-07));
#15332=DIRECTION('',(-0.4125506265692456,-1.2239215295661214E-07,0.910934674121755));
#15333=FACE_BOUND('',#15334,.T.);
#15334=EDGE_LOOP('',(#15335,#15336,#15337));
#15335=ORIENTED_EDGE('',*,*,#15338,.T.);
#15336=ORIENTED_EDGE('',*,*,#15339,.T.);
#15337=ORIENTED_EDGE('',*,*,#15340,.T.);
#15338=EDGE_CURVE('',#1339,#1341,#15341,.F.);
#15339=EDGE_CURVE('',#1341,#1335,#15342,.T.);
#15340=EDGE_CURVE('',#1335,#1339,#15343,.T.);
#15341=LINE('',#1338,#15344);
#15342=LINE('',#1340,#15345);
#15343=LINE('',#1334,#15346);
#15344=VECTOR('',#15347,1.0);
#15345=VECTOR('',#15348,1.0);
#15346=VECTOR('',#15349,1.0);
#15347=DIRECTION('',(-0.4125506265692456,-1.2239215295661214E-07,0.910934674121755));
#15348=DIRECTION('',(-0.14355746714331444,-1.3296717577831256E-07,0.9896419825509519));
#15349=DIRECTION('',(0.2781967148075602,1.290549339251307E-07,-0.9605241214411352));
#15350=FACE_SURFACE('',(#15355),#15351,.T.);
#15351=PLANE('',#15352);
#15352=AXIS2_PLACEMENT_3D('',#1342,#15353,#15354);
#15353=DIRECTION('',(-4.0888301796743705E-13,0.9999999999999909,1.3435845780438808E-07));
#15354=DIRECTION('',(-0.7355837484892987,-9.101926096155272E-08,0.6774337967347244));
#15355=FACE_BOUND('',#15356,.T.);
#15356=EDGE_LOOP('',(#15357,#15358,#15359));
#15357=ORIENTED_EDGE('',*,*,#15360,.T.);
#15358=ORIENTED_EDGE('',*,*,#15361,.T.);
#15359=ORIENTED_EDGE('',*,*,#15362,.T.);
#15360=EDGE_CURVE('',#1343,#1345,#15363,.F.);
#15361=EDGE_CURVE('',#1345,#1339,#15364,.T.);
#15362=EDGE_CURVE('',#1339,#1343,#15365,.T.);
#15363=LINE('',#1342,#15366);
#15364=LINE('',#1344,#15367);
#15365=LINE('',#1338,#15368);
#15366=VECTOR('',#15369,1.0);
#15367=VECTOR('',#15370,1.0);
#15368=VECTOR('',#15371,1.0);
#15369=DIRECTION('',(-0.7355837484892987,-9.101926096155272E-08,0.6774337967347244));
#15370=DIRECTION('',(-0.610808909782885,-1.0638232706926813E-07,0.7917780470118077));
#15371=DIRECTION('',(0.6768731538693136,9.890149407105338E-08,-0.7360996763828924));
#15372=FACE_SURFACE('',(#15377),#15373,.T.);
#15373=PLANE('',#15374);
#15374=AXIS2_PLACEMENT_3D('',#1346,#15375,#15376);
#15375=DIRECTION('',(-7.684834164697592E-13,0.9999999999999909,1.3435772680484377E-07));
#15376=DIRECTION('',(-0.8481382207312054,-7.118001750122033E-08,0.529775007465339));
#15377=FACE_BOUND('',#15378,.T.);
#15378=EDGE_LOOP('',(#15379,#15380,#15381));
#15379=ORIENTED_EDGE('',*,*,#15382,.T.);
#15380=ORIENTED_EDGE('',*,*,#15383,.T.);
#15381=ORIENTED_EDGE('',*,*,#15384,.T.);
#15382=EDGE_CURVE('',#1347,#1349,#15385,.F.);
#15383=EDGE_CURVE('',#1349,#1343,#15386,.T.);
#15384=EDGE_CURVE('',#1343,#1347,#15387,.T.);
#15385=LINE('',#1346,#15388);
#15386=LINE('',#1348,#15389);
#15387=LINE('',#1342,#15390);
#15388=VECTOR('',#15391,1.0);
#15389=VECTOR('',#15392,1.0);
#15390=VECTOR('',#15393,1.0);
#15391=DIRECTION('',(-0.8481382207312054,-7.118001750122033E-08,0.529775007465339));
#15392=DIRECTION('',(-0.8083181047707331,-7.910319414750559E-08,0.5887459906443899));
#15393=DIRECTION('',(0.8288486667512106,7.517013942133217E-08,-0.559472865852076));
#15394=FACE_SURFACE('',(#15399),#15395,.T.);
#15395=PLANE('',#15396);
#15396=AXIS2_PLACEMENT_3D('',#1350,#15397,#15398);
#15397=DIRECTION('',(4.0719379020292395E-13,0.9999999999999909,1.3435946854880445E-07));
#15398=DIRECTION('',(-0.8660180215530537,-6.718109958183965E-08,0.5000127861818439));
#15399=FACE_BOUND('',#15400,.T.);
#15400=EDGE_LOOP('',(#15401,#15402,#15403));
#15401=ORIENTED_EDGE('',*,*,#15404,.T.);
#15402=ORIENTED_EDGE('',*,*,#15405,.T.);
#15403=ORIENTED_EDGE('',*,*,#15406,.T.);
#15404=EDGE_CURVE('',#1351,#1347,#15407,.F.);
#15405=EDGE_CURVE('',#1347,#1343,#15408,.T.);
#15406=EDGE_CURVE('',#1343,#1351,#15409,.T.);
#15407=LINE('',#1350,#15410);
#15408=LINE('',#1346,#15411);
#15409=LINE('',#1342,#15412);
#15410=VECTOR('',#15413,1.0);
#15411=VECTOR('',#15414,1.0);
#15412=VECTOR('',#15415,1.0);
#15413=DIRECTION('',(-0.8660180215530537,-6.718109958183965E-08,0.5000127861818439));
#15414=DIRECTION('',(-0.8288486667512106,-7.517013942133217E-08,0.559472865852076));
#15415=DIRECTION('',(0.8415688564559075,7.257390402504717E-08,-0.5401498494339242));
#15416=FACE_SURFACE('',(#15421),#15417,.T.);
#15417=PLANE('',#15418);
#15418=AXIS2_PLACEMENT_3D('',#1342,#15419,#15420);
#15419=DIRECTION('',(5.477682434588443E-14,0.999999999999991,1.343588841581957E-07));
#15420=DIRECTION('',(-0.6768731538693136,-9.890149407105338E-08,0.7360996763828924));
#15421=FACE_BOUND('',#15422,.T.);
#15422=EDGE_LOOP('',(#15423,#15424,#15425));
#15423=ORIENTED_EDGE('',*,*,#15426,.T.);
#15424=ORIENTED_EDGE('',*,*,#15427,.T.);
#15425=ORIENTED_EDGE('',*,*,#15428,.T.);
#15426=EDGE_CURVE('',#1343,#1339,#15429,.F.);
#15427=EDGE_CURVE('',#1339,#1335,#15430,.T.);
#15428=EDGE_CURVE('',#1335,#1343,#15431,.T.);
#15429=LINE('',#1342,#15432);
#15430=LINE('',#1338,#15433);
#15431=LINE('',#1334,#15434);
#15432=VECTOR('',#15435,1.0);
#15433=VECTOR('',#15436,1.0);
#15434=VECTOR('',#15437,1.0);
#15435=DIRECTION('',(-0.6768731538693136,-9.890149407105338E-08,0.7360996763828924));
#15436=DIRECTION('',(-0.2781967148075602,-1.290549339251307E-07,0.9605241214411352));
#15437=DIRECTION('',(0.4933172801993854,1.168719741093372E-07,-0.8698494473509005));
#15438=FACE_SURFACE('',(#15443),#15439,.T.);
#15439=PLANE('',#15440);
#15440=AXIS2_PLACEMENT_3D('',#1334,#15441,#15442);
#15441=DIRECTION('',(-5.1967765361322355E-14,0.999999999999991,1.343588690593633E-07));
#15442=DIRECTION('',(0.13187500790128664,-1.3318541925217436E-07,0.9912663528492319));
#15443=FACE_BOUND('',#15444,.T.);
#15444=EDGE_LOOP('',(#15445,#15446,#15447));
#15445=ORIENTED_EDGE('',*,*,#15448,.T.);
#15446=ORIENTED_EDGE('',*,*,#15449,.T.);
#15447=ORIENTED_EDGE('',*,*,#15450,.T.);
#15448=EDGE_CURVE('',#1335,#1331,#15451,.F.);
#15449=EDGE_CURVE('',#1331,#1327,#15452,.T.);
#15450=EDGE_CURVE('',#1327,#1335,#15453,.T.);
#15451=LINE('',#1334,#15454);
#15452=LINE('',#1330,#15455);
#15453=LINE('',#1326,#15456);
#15454=VECTOR('',#15457,1.0);
#15455=VECTOR('',#15458,1.0);
#15456=VECTOR('',#15459,1.0);
#15457=DIRECTION('',(0.13187500790128664,-1.3318541925217436E-07,0.9912663528492319));
#15458=DIRECTION('',(0.41454402690913256,-1.2227048032401008E-07,0.9100292576362287));
#15459=DIRECTION('',(-0.2703981756097553,1.2935379622913036E-07,-0.9627485791352275));
#15460=FACE_SURFACE('',(#15465),#15461,.T.);
#15461=PLANE('',#15462);
#15462=AXIS2_PLACEMENT_3D('',#1326,#15463,#15464);
#15463=DIRECTION('',(2.6040562336060424E-14,0.9999999999999909,1.3435879881571465E-07));
#15464=DIRECTION('',(0.6722903838972514,-9.946416196344808E-08,0.7402875385411241));
#15465=FACE_BOUND('',#15466,.T.);
#15466=EDGE_LOOP('',(#15467,#15468,#15469));
#15467=ORIENTED_EDGE('',*,*,#15470,.T.);
#15468=ORIENTED_EDGE('',*,*,#15471,.T.);
#15469=ORIENTED_EDGE('',*,*,#15472,.T.);
#15470=EDGE_CURVE('',#1327,#1323,#15473,.F.);
#15471=EDGE_CURVE('',#1323,#1319,#15474,.T.);
#15472=EDGE_CURVE('',#1319,#1327,#15475,.T.);
#15473=LINE('',#1326,#15476);
#15474=LINE('',#1322,#15477);
#15475=LINE('',#1318,#15478);
#15476=VECTOR('',#15479,1.0);
#15477=VECTOR('',#15480,1.0);
#15478=VECTOR('',#15481,1.0);
#15479=DIRECTION('',(0.6722903838972514,-9.946416196344808E-08,0.7402875385411241));
#15480=DIRECTION('',(0.8557985558616266,-6.950506805006103E-08,0.5173092225981958));
#15481=DIRECTION('',(-0.7746052059175648,8.497458098533653E-08,-0.6324450766393866));
#15482=FACE_SURFACE('',(#15487),#15483,.T.);
#15483=PLANE('',#15484);
#15484=AXIS2_PLACEMENT_3D('',#1318,#15485,#15486);
#15485=DIRECTION('',(-1.8945352304439726E-14,0.999999999999991,1.343590381473965E-07));
#15486=DIRECTION('',(0.9568428879859622,-3.904548763458049E-08,0.29060572552976666));
#15487=FACE_BOUND('',#15488,.T.);
#15488=EDGE_LOOP('',(#15489,#15490,#15491));
#15489=ORIENTED_EDGE('',*,*,#15492,.T.);
#15490=ORIENTED_EDGE('',*,*,#15493,.T.);
#15491=ORIENTED_EDGE('',*,*,#15494,.T.);
#15492=EDGE_CURVE('',#1319,#1315,#15495,.F.);
#15493=EDGE_CURVE('',#1315,#1311,#15496,.T.);
#15494=EDGE_CURVE('',#1311,#1319,#15497,.T.);
#15495=LINE('',#1318,#15498);
#15496=LINE('',#1314,#15499);
#15497=LINE('',#1310,#15500);
#15498=VECTOR('',#15501,1.0);
#15499=VECTOR('',#15502,1.0);
#15500=VECTOR('',#15503,1.0);
#15501=DIRECTION('',(0.9568428879859622,-3.904548763458049E-08,0.29060572552976666));
#15502=DIRECTION('',(0.996058056695628,-1.1918125924510832E-08,0.08870370731671146));
#15503=DIRECTION('',(-0.9827668630169994,2.483616615990755E-08,-0.18484937910559937));
#15504=FACE_SURFACE('',(#15509),#15505,.T.);
#15505=PLANE('',#15506);
#15506=AXIS2_PLACEMENT_3D('',#1310,#15507,#15508);
#15507=DIRECTION('',(-1.6097426635919225E-13,0.999999999999991,1.3435710658538866E-07));
#15508=DIRECTION('',(0.9988681048894265,6.39096928510773E-09,-0.0475658389456736));
#15509=FACE_BOUND('',#15510,.T.);
#15510=EDGE_LOOP('',(#15511,#15512,#15513));
#15511=ORIENTED_EDGE('',*,*,#15514,.T.);
#15512=ORIENTED_EDGE('',*,*,#15515,.T.);
#15513=ORIENTED_EDGE('',*,*,#15516,.T.);
#15514=EDGE_CURVE('',#1311,#1307,#15517,.F.);
#15515=EDGE_CURVE('',#1307,#1303,#15518,.T.);
#15516=EDGE_CURVE('',#1303,#1311,#15519,.T.);
#15517=LINE('',#1310,#15520);
#15518=LINE('',#1306,#15521);
#15519=LINE('',#1302,#15522);
#15520=VECTOR('',#15523,1.0);
#15521=VECTOR('',#15524,1.0);
#15522=VECTOR('',#15525,1.0);
#15523=DIRECTION('',(0.9988681048894265,6.39096928510773E-09,-0.0475658389456736));
#15524=DIRECTION('',(0.9900608313078891,1.889611452377968E-08,-0.1406397892131928));
#15525=DIRECTION('',(-0.9955071417301041,-1.2721962637325191E-08,0.09468648670405931));
#15526=FACE_SURFACE('',(#15531),#15527,.T.);
#15527=PLANE('',#15528);
#15528=AXIS2_PLACEMENT_3D('',#1302,#15529,#15530);
#15529=DIRECTION('',(1.1863822115799263E-13,0.9999999999999911,1.343593518499696E-07));
#15530=DIRECTION('',(0.973550566735702,3.069718706128446E-08,-0.22847164815047133));
#15531=FACE_BOUND('',#15532,.T.);
#15532=EDGE_LOOP('',(#15533,#15534,#15535));
#15533=ORIENTED_EDGE('',*,*,#15536,.T.);
#15534=ORIENTED_EDGE('',*,*,#15537,.T.);
#15535=ORIENTED_EDGE('',*,*,#15538,.T.);
#15536=EDGE_CURVE('',#1303,#1299,#15539,.F.);
#15537=EDGE_CURVE('',#1299,#1295,#15540,.T.);
#15538=EDGE_CURVE('',#1295,#1303,#15541,.T.);
#15539=LINE('',#1302,#15542);
#15540=LINE('',#1298,#15543);
#15541=LINE('',#1294,#15544);
#15542=VECTOR('',#15545,1.0);
#15543=VECTOR('',#15546,1.0);
#15544=VECTOR('',#15547,1.0);
#15545=DIRECTION('',(0.973550566735702,3.069718706128446E-08,-0.22847164815047133));
#15546=DIRECTION('',(0.9511642968348264,4.1474614824487156E-08,-0.30868508293519564));
#15547=DIRECTION('',(-0.9629555291420548,-3.62312617838806E-08,0.2696602471532354));
#15548=FACE_SURFACE('',(#15553),#15549,.T.);
#15549=PLANE('',#15550);
#15550=AXIS2_PLACEMENT_3D('',#1294,#15551,#15552);
#15551=DIRECTION('',(3.404640302401316E-13,0.999999999999991,1.3435958152756058E-07));
#15552=DIRECTION('',(0.924999667987876,5.105201473395613E-08,-0.37996791209563563));
#15553=FACE_BOUND('',#15554,.T.);
#15554=EDGE_LOOP('',(#15555,#15556,#15557));
#15555=ORIENTED_EDGE('',*,*,#15558,.T.);
#15556=ORIENTED_EDGE('',*,*,#15559,.T.);
#15557=ORIENTED_EDGE('',*,*,#15560,.T.);
#15558=EDGE_CURVE('',#1295,#1291,#15561,.F.);
#15559=EDGE_CURVE('',#1291,#1285,#15562,.T.);
#15560=EDGE_CURVE('',#1285,#1295,#15563,.T.);
#15561=LINE('',#1294,#15564);
#15562=LINE('',#1290,#15565);
#15563=LINE('',#1284,#15566);
#15564=VECTOR('',#15567,1.0);
#15565=VECTOR('',#15568,1.0);
#15566=VECTOR('',#15569,1.0);
#15567=DIRECTION('',(0.924999667987876,5.105201473395613E-08,-0.37996791209563563));
#15568=DIRECTION('',(0.8970278475300433,5.938313994043367E-08,-0.44197402724098395));
#15569=DIRECTION('',(-0.9111476408474584,-5.53665943232199E-08,0.41208006088393556));
#15570=FACE_SURFACE('',(#15575),#15571,.T.);
#15571=PLANE('',#15572);
#15572=AXIS2_PLACEMENT_3D('',#1284,#15573,#15574);
#15573=DIRECTION('',(4.639713181514593E-14,0.9999999999999909,1.3435884015827517E-07));
#15574=DIRECTION('',(-0.15327879418983972,1.327711268002064E-07,-0.988182984700552));
#15575=FACE_BOUND('',#15576,.T.);
#15576=EDGE_LOOP('',(#15577,#15578,#15579));
#15577=ORIENTED_EDGE('',*,*,#15580,.T.);
#15578=ORIENTED_EDGE('',*,*,#15581,.T.);
#15579=ORIENTED_EDGE('',*,*,#15582,.T.);
#15580=EDGE_CURVE('',#1285,#1289,#15583,.F.);
#15581=EDGE_CURVE('',#1289,#1353,#15584,.T.);
#15582=EDGE_CURVE('',#1353,#1285,#15585,.T.);
#15583=LINE('',#1284,#15586);
#15584=LINE('',#1288,#15587);
#15585=LINE('',#1352,#15588);
#15586=VECTOR('',#15589,1.0);
#15587=VECTOR('',#15590,1.0);
#15588=VECTOR('',#15591,1.0);
#15589=DIRECTION('',(-0.15327879418983972,1.327711268002064E-07,-0.988182984700552));
#15590=DIRECTION('',(-0.866029813321004,-6.717835371618804E-08,0.49999236238084904));
#15591=DIRECTION('',(0.3202587056516335,-1.2728219139769472E-07,0.9473301227419744));
#15592=FACE_SURFACE('',(#15597),#15593,.T.);
#15593=PLANE('',#15594);
#15594=AXIS2_PLACEMENT_3D('',#1284,#15595,#15596);
#15595=DIRECTION('',(7.586569726378669E-14,0.999999999999991,1.343588301959987E-07));
#15596=DIRECTION('',(-0.3202587056516335,1.2728219139769472E-07,-0.9473301227419744));
#15597=FACE_BOUND('',#15598,.T.);
#15598=EDGE_LOOP('',(#15599,#15600,#15601));
#15599=ORIENTED_EDGE('',*,*,#15602,.T.);
#15600=ORIENTED_EDGE('',*,*,#15603,.T.);
#15601=ORIENTED_EDGE('',*,*,#15604,.T.);
#15602=EDGE_CURVE('',#1285,#1353,#15605,.F.);
#15603=EDGE_CURVE('',#1353,#1355,#15606,.T.);
#15604=EDGE_CURVE('',#1355,#1285,#15607,.T.);
#15605=LINE('',#1284,#15608);
#15606=LINE('',#1352,#15609);
#15607=LINE('',#1354,#15610);
#15608=VECTOR('',#15611,1.0);
#15609=VECTOR('',#15612,1.0);
#15610=VECTOR('',#15613,1.0);
#15611=DIRECTION('',(-0.3202587056516335,1.2728219139769472E-07,-0.9473301227419744));
#15612=DIRECTION('',(-0.8856735376090339,-6.238387995030855E-08,0.464308501730364));
#15613=DIRECTION('',(0.48254042188458857,-1.1768140256181067E-07,0.8758737016530577));
#15614=FACE_SURFACE('',(#15619),#15615,.T.);
#15615=PLANE('',#15616);
#15616=AXIS2_PLACEMENT_3D('',#1302,#15617,#15618);
#15617=DIRECTION('',(-7.314038528800355E-14,0.9999999999999911,1.3435866700942896E-07));
#15618=DIRECTION('',(0.9629555291420548,3.62312617838806E-08,-0.2696602471532354));
#15619=FACE_BOUND('',#15620,.T.);
#15620=EDGE_LOOP('',(#15621,#15622,#15623));
#15621=ORIENTED_EDGE('',*,*,#15624,.T.);
#15622=ORIENTED_EDGE('',*,*,#15625,.T.);
#15623=ORIENTED_EDGE('',*,*,#15626,.T.);
#15624=EDGE_CURVE('',#1303,#1295,#15627,.F.);
#15625=EDGE_CURVE('',#1295,#1285,#15628,.T.);
#15626=EDGE_CURVE('',#1285,#1303,#15629,.T.);
#15627=LINE('',#1302,#15630);
#15628=LINE('',#1294,#15631);
#15629=LINE('',#1284,#15632);
#15630=VECTOR('',#15633,1.0);
#15631=VECTOR('',#15634,1.0);
#15632=VECTOR('',#15635,1.0);
#15633=DIRECTION('',(0.9629555291420548,3.62312617838806E-08,-0.2696602471532354));
#15634=DIRECTION('',(0.9111476408474584,5.53665943232199E-08,-0.41208006088393556));
#15635=DIRECTION('',(-0.9384491453046191,-4.6409894236979876E-08,0.3454174310555677));
#15636=FACE_SURFACE('',(#15641),#15637,.T.);
#15637=PLANE('',#15638);
#15638=AXIS2_PLACEMENT_3D('',#1318,#15639,#15640);
#15639=DIRECTION('',(8.742678973325432E-15,0.9999999999999909,1.3435889094171057E-07));
#15640=DIRECTION('',(0.9827668630169994,-2.483616615990755E-08,0.18484937910559937));
#15641=FACE_BOUND('',#15642,.T.);
#15642=EDGE_LOOP('',(#15643,#15644,#15645));
#15643=ORIENTED_EDGE('',*,*,#15646,.T.);
#15644=ORIENTED_EDGE('',*,*,#15647,.T.);
#15645=ORIENTED_EDGE('',*,*,#15648,.T.);
#15646=EDGE_CURVE('',#1319,#1311,#15649,.F.);
#15647=EDGE_CURVE('',#1311,#1303,#15650,.T.);
#15648=EDGE_CURVE('',#1303,#1319,#15651,.T.);
#15649=LINE('',#1318,#15652);
#15650=LINE('',#1310,#15653);
#15651=LINE('',#1302,#15654);
#15652=VECTOR('',#15655,1.0);
#15653=VECTOR('',#15656,1.0);
#15654=VECTOR('',#15657,1.0);
#15655=DIRECTION('',(0.9827668630169994,-2.483616615990755E-08,0.18484937910559937));
#15656=DIRECTION('',(0.9955071417301041,1.2721962637325191E-08,-0.09468648670405931));
#15657=DIRECTION('',(-0.996098341241561,1.1857205251544531E-08,-0.08825018173245011));
#15658=FACE_SURFACE('',(#15663),#15659,.T.);
#15659=PLANE('',#15660);
#15660=AXIS2_PLACEMENT_3D('',#1334,#15661,#15662);
#15661=DIRECTION('',(-2.5165348777900538E-14,0.9999999999999909,1.3435886153161963E-07));
#15662=DIRECTION('',(0.2703981756097553,-1.2935379622913036E-07,0.9627485791352275));
#15663=FACE_BOUND('',#15664,.T.);
#15664=EDGE_LOOP('',(#15665,#15666,#15667));
#15665=ORIENTED_EDGE('',*,*,#15668,.T.);
#15666=ORIENTED_EDGE('',*,*,#15669,.T.);
#15667=ORIENTED_EDGE('',*,*,#15670,.T.);
#15668=EDGE_CURVE('',#1335,#1327,#15671,.F.);
#15669=EDGE_CURVE('',#1327,#1319,#15672,.T.);
#15670=EDGE_CURVE('',#1319,#1335,#15673,.T.);
#15671=LINE('',#1334,#15674);
#15672=LINE('',#1326,#15675);
#15673=LINE('',#1318,#15676);
#15674=VECTOR('',#15677,1.0);
#15675=VECTOR('',#15678,1.0);
#15676=VECTOR('',#15679,1.0);
#15677=DIRECTION('',(0.2703981756097553,-1.2935379622913036E-07,0.9627485791352275));
#15678=DIRECTION('',(0.7746052059175648,-8.497458098533653E-08,0.6324450766393866));
#15679=DIRECTION('',(-0.5444995558200267,1.1269497686233496E-07,-0.838761130305751));
#15680=FACE_SURFACE('',(#15685),#15681,.T.);
#15681=PLANE('',#15682);
#15682=AXIS2_PLACEMENT_3D('',#1350,#15683,#15684);
#15683=DIRECTION('',(1.9137536632201816E-14,0.9999999999999909,1.343588639461043E-07));
#15684=DIRECTION('',(-0.8415688564559075,-7.257390402504717E-08,0.5401498494339242));
#15685=FACE_BOUND('',#15686,.T.);
#15686=EDGE_LOOP('',(#15687,#15688,#15689));
#15687=ORIENTED_EDGE('',*,*,#15690,.T.);
#15688=ORIENTED_EDGE('',*,*,#15691,.T.);
#15689=ORIENTED_EDGE('',*,*,#15692,.T.);
#15690=EDGE_CURVE('',#1351,#1343,#15693,.F.);
#15691=EDGE_CURVE('',#1343,#1335,#15694,.T.);
#15692=EDGE_CURVE('',#1335,#1351,#15695,.T.);
#15693=LINE('',#1350,#15696);
#15694=LINE('',#1342,#15697);
#15695=LINE('',#1334,#15698);
#15696=VECTOR('',#15699,1.0);
#15697=VECTOR('',#15700,1.0);
#15698=VECTOR('',#15701,1.0);
#15699=DIRECTION('',(-0.8415688564559075,-7.257390402504717E-08,0.5401498494339242));
#15700=DIRECTION('',(-0.4933172801993854,-1.168719741093372E-07,0.8698494473509005));
#15701=DIRECTION('',(0.6700388257147988,9.973807261381038E-08,-0.7423260550692825));
#15702=FACE_SURFACE('',(#15707),#15703,.T.);
#15703=PLANE('',#15704);
#15704=AXIS2_PLACEMENT_3D('',#1356,#15705,#15706);
#15705=DIRECTION('',(1.4356067804272473E-14,0.9999999999999909,1.343588596302518E-07));
#15706=DIRECTION('',(-0.8657267296332138,-6.724887585831194E-08,0.5005169623485062));
#15707=FACE_BOUND('',#15708,.T.);
#15708=EDGE_LOOP('',(#15709,#15710,#15711));
#15709=ORIENTED_EDGE('',*,*,#15712,.T.);
#15710=ORIENTED_EDGE('',*,*,#15713,.T.);
#15711=ORIENTED_EDGE('',*,*,#15714,.T.);
#15712=EDGE_CURVE('',#1357,#1351,#15715,.F.);
#15713=EDGE_CURVE('',#1351,#1335,#15716,.T.);
#15714=EDGE_CURVE('',#1335,#1357,#15717,.T.);
#15715=LINE('',#1356,#15718);
#15716=LINE('',#1350,#15719);
#15717=LINE('',#1334,#15720);
#15718=VECTOR('',#15721,1.0);
#15719=VECTOR('',#15722,1.0);
#15720=VECTOR('',#15723,1.0);
#15721=DIRECTION('',(-0.8657267296332138,-6.724887585831194E-08,0.5005169623485062));
#15722=DIRECTION('',(-0.6700388257147988,-9.973807261381038E-08,0.7423260550692825));
#15723=DIRECTION('',(0.6985732112715728,9.613893844883991E-08,-0.7155385863066458));
#15724=FACE_SURFACE('',(#15729),#15725,.T.);
#15725=PLANE('',#15726);
#15726=AXIS2_PLACEMENT_3D('',#1334,#15727,#15728);
#15727=DIRECTION('',(1.3576483957255557E-14,0.999999999999991,1.3435883638153824E-07));
#15728=DIRECTION('',(0.5444995558200267,-1.1269497686233496E-07,0.838761130305751));
#15729=FACE_BOUND('',#15730,.T.);
#15730=EDGE_LOOP('',(#15731,#15732,#15733));
#15731=ORIENTED_EDGE('',*,*,#15734,.T.);
#15732=ORIENTED_EDGE('',*,*,#15735,.T.);
#15733=ORIENTED_EDGE('',*,*,#15736,.T.);
#15734=EDGE_CURVE('',#1335,#1319,#15737,.F.);
#15735=EDGE_CURVE('',#1319,#1303,#15738,.T.);
#15736=EDGE_CURVE('',#1303,#1335,#15739,.T.);
#15737=LINE('',#1334,#15740);
#15738=LINE('',#1318,#15741);
#15739=LINE('',#1302,#15742);
#15740=VECTOR('',#15743,1.0);
#15741=VECTOR('',#15744,1.0);
#15742=VECTOR('',#15745,1.0);
#15743=DIRECTION('',(0.5444995558200267,-1.1269497686233496E-07,0.838761130305751));
#15744=DIRECTION('',(0.996098341241561,-1.1857205251544531E-08,0.08825018173245011));
#15745=DIRECTION('',(-0.8501276946633647,7.075022913758572E-08,-0.5265765877499189));
#15746=FACE_SURFACE('',(#15751),#15747,.T.);
#15747=PLANE('',#15748);
#15748=AXIS2_PLACEMENT_3D('',#1302,#15749,#15750);
#15749=DIRECTION('',(1.9190450917549698E-15,0.9999999999999909,1.34358870935033E-07));
#15750=DIRECTION('',(0.9384491453046191,4.6409894236979876E-08,-0.3454174310555677));
#15751=FACE_BOUND('',#15752,.T.);
#15752=EDGE_LOOP('',(#15753,#15754,#15755));
#15753=ORIENTED_EDGE('',*,*,#15756,.T.);
#15754=ORIENTED_EDGE('',*,*,#15757,.T.);
#15755=ORIENTED_EDGE('',*,*,#15758,.T.);
#15756=EDGE_CURVE('',#1303,#1285,#15759,.F.);
#15757=EDGE_CURVE('',#1285,#1355,#15760,.T.);
#15758=EDGE_CURVE('',#1355,#1303,#15761,.T.);
#15759=LINE('',#1302,#15762);
#15760=LINE('',#1284,#15763);
#15761=LINE('',#1354,#15764);
#15762=VECTOR('',#15765,1.0);
#15763=VECTOR('',#15766,1.0);
#15764=VECTOR('',#15767,1.0);
#15765=DIRECTION('',(0.9384491453046191,4.6409894236979876E-08,-0.3454174310555677));
#15766=DIRECTION('',(-0.48254042188458857,1.1768140256181067E-07,-0.8758737016530577));
#15767=DIRECTION('',(-0.46795001874898556,-1.1874031395777753E-07,0.8837549320670353));
#15768=FACE_SURFACE('',(#15773),#15769,.T.);
#15769=PLANE('',#15770);
#15770=AXIS2_PLACEMENT_3D('',#1302,#15771,#15772);
#15771=DIRECTION('',(-8.996405025665365E-14,0.9999999999999909,1.343588222827488E-07));
#15772=DIRECTION('',(0.46795001874898556,1.1874031395777753E-07,-0.8837549320670353));
#15773=FACE_BOUND('',#15774,.T.);
#15774=EDGE_LOOP('',(#15775,#15776,#15777));
#15775=ORIENTED_EDGE('',*,*,#15778,.T.);
#15776=ORIENTED_EDGE('',*,*,#15779,.T.);
#15777=ORIENTED_EDGE('',*,*,#15780,.T.);
#15778=EDGE_CURVE('',#1303,#1355,#15781,.F.);
#15779=EDGE_CURVE('',#1355,#1359,#15782,.T.);
#15780=EDGE_CURVE('',#1359,#1303,#15783,.T.);
#15781=LINE('',#1302,#15784);
#15782=LINE('',#1354,#15785);
#15783=LINE('',#1358,#15786);
#15784=VECTOR('',#15787,1.0);
#15785=VECTOR('',#15788,1.0);
#15786=VECTOR('',#15789,1.0);
#15787=DIRECTION('',(0.46795001874898556,1.1874031395777753E-07,-0.8837549320670353));
#15788=DIRECTION('',(-0.9042110003974165,-5.738285573669501E-08,0.4270860179873606));
#15789=DIRECTION('',(-0.39909567323876044,-1.2319488806661724E-07,0.9169092886442395));
#15790=FACE_SURFACE('',(#15795),#15791,.T.);
#15791=PLANE('',#15792);
#15792=AXIS2_PLACEMENT_3D('',#1360,#15793,#15794);
#15793=DIRECTION('',(-6.559049810626062E-15,0.999999999999991,1.3435883921103033E-07));
#15794=DIRECTION('',(-0.8434803405807599,-7.217220578791585E-08,0.5371600460326141));
#15795=FACE_BOUND('',#15796,.T.);
#15796=EDGE_LOOP('',(#15797,#15798,#15799));
#15797=ORIENTED_EDGE('',*,*,#15800,.T.);
#15798=ORIENTED_EDGE('',*,*,#15801,.T.);
#15799=ORIENTED_EDGE('',*,*,#15802,.T.);
#15800=EDGE_CURVE('',#1361,#1357,#15803,.F.);
#15801=EDGE_CURVE('',#1357,#1335,#15804,.T.);
#15802=EDGE_CURVE('',#1335,#1361,#15805,.T.);
#15803=LINE('',#1360,#15806);
#15804=LINE('',#1356,#15807);
#15805=LINE('',#1334,#15808);
#15806=VECTOR('',#15809,1.0);
#15807=VECTOR('',#15810,1.0);
#15808=VECTOR('',#15811,1.0);
#15809=DIRECTION('',(-0.8434803405807599,-7.217220578791585E-08,0.5371600460326141));
#15810=DIRECTION('',(-0.6985732112715728,-9.613893844883991E-08,0.7155385863066458));
#15811=DIRECTION('',(0.7152903781724059,9.389363718728543E-08,-0.6988273570016902));
#15812=FACE_SURFACE('',(#15817),#15813,.T.);
#15813=PLANE('',#15814);
#15814=AXIS2_PLACEMENT_3D('',#1362,#15815,#15816);
#15815=DIRECTION('',(-4.367582194112261E-13,0.999999999999991,1.3435839887720022E-07));
#15816=DIRECTION('',(-0.7817505617460551,-8.37850646469155E-08,0.6235912597284541));
#15817=FACE_BOUND('',#15818,.T.);
#15818=EDGE_LOOP('',(#15819,#15820,#15821));
#15819=ORIENTED_EDGE('',*,*,#15822,.T.);
#15820=ORIENTED_EDGE('',*,*,#15823,.T.);
#15821=ORIENTED_EDGE('',*,*,#15824,.T.);
#15822=EDGE_CURVE('',#1363,#1361,#15825,.F.);
#15823=EDGE_CURVE('',#1361,#1335,#15826,.T.);
#15824=EDGE_CURVE('',#1335,#1363,#15827,.T.);
#15825=LINE('',#1362,#15828);
#15826=LINE('',#1360,#15829);
#15827=LINE('',#1334,#15830);
#15828=VECTOR('',#15831,1.0);
#15829=VECTOR('',#15832,1.0);
#15830=VECTOR('',#15833,1.0);
#15831=DIRECTION('',(-0.7817505617460551,-8.37850646469155E-08,0.6235912597284541));
#15832=DIRECTION('',(-0.7152903781724059,-9.389363718728543E-08,0.6988273570016902));
#15833=DIRECTION('',(0.7210012872953818,9.310178038060703E-08,-0.6929337224572013));
#15834=FACE_SURFACE('',(#15839),#15835,.T.);
#15835=PLANE('',#15836);
#15836=AXIS2_PLACEMENT_3D('',#1302,#15837,#15838);
#15837=DIRECTION('',(8.274277478920724E-14,0.999999999999991,1.3435889745544833E-07));
#15838=DIRECTION('',(0.39909567323876044,1.2319488806661724E-07,-0.9169092886442395));
#15839=FACE_BOUND('',#15840,.T.);
#15840=EDGE_LOOP('',(#15841,#15842,#15843));
#15841=ORIENTED_EDGE('',*,*,#15844,.T.);
#15842=ORIENTED_EDGE('',*,*,#15845,.T.);
#15843=ORIENTED_EDGE('',*,*,#15846,.T.);
#15844=EDGE_CURVE('',#1303,#1359,#15847,.F.);
#15845=EDGE_CURVE('',#1359,#1365,#15848,.T.);
#15846=EDGE_CURVE('',#1365,#1303,#15849,.T.);
#15847=LINE('',#1302,#15850);
#15848=LINE('',#1358,#15851);
#15849=LINE('',#1364,#15852);
#15850=VECTOR('',#15853,1.0);
#15851=VECTOR('',#15854,1.0);
#15852=VECTOR('',#15855,1.0);
#15853=DIRECTION('',(0.39909567323876044,1.2319488806661724E-07,-0.9169092886442395));
#15854=DIRECTION('',(-0.9216014408600071,-5.214966160722111E-08,0.38813758411774074));
#15855=DIRECTION('',(-0.3130151140364461,-1.2760708768418404E-07,0.9497481447124465));
#15856=FACE_SURFACE('',(#15861),#15857,.T.);
#15857=PLANE('',#15858);
#15858=AXIS2_PLACEMENT_3D('',#1302,#15859,#15860);
#15859=DIRECTION('',(-1.660072057270646E-13,0.9999999999999909,1.3435881547318403E-07));
#15860=DIRECTION('',(0.3130151140364461,1.2760708768418404E-07,-0.9497481447124465));
#15861=FACE_BOUND('',#15862,.T.);
#15862=EDGE_LOOP('',(#15863,#15864,#15865));
#15863=ORIENTED_EDGE('',*,*,#15866,.T.);
#15864=ORIENTED_EDGE('',*,*,#15867,.T.);
#15865=ORIENTED_EDGE('',*,*,#15868,.T.);
#15866=EDGE_CURVE('',#1303,#1365,#15869,.F.);
#15867=EDGE_CURVE('',#1365,#1367,#15870,.T.);
#15868=EDGE_CURVE('',#1367,#1303,#15871,.T.);
#15869=LINE('',#1302,#15872);
#15870=LINE('',#1364,#15873);
#15871=LINE('',#1366,#15874);
#15872=VECTOR('',#15875,1.0);
#15873=VECTOR('',#15876,1.0);
#15874=VECTOR('',#15877,1.0);
#15875=DIRECTION('',(0.3130151140364461,1.2760708768418404E-07,-0.9497481447124465));
#15876=DIRECTION('',(-0.9377841868225765,-4.665204762782684E-08,0.3472186903746929));
#15877=DIRECTION('',(-0.20895155173457672,-1.3139301281274713E-07,0.9779259936353545));
#15878=FACE_SURFACE('',(#15883),#15879,.T.);
#15879=PLANE('',#15880);
#15880=AXIS2_PLACEMENT_3D('',#1264,#15881,#15882);
#15881=DIRECTION('',(-8.926859846171837E-17,0.9999999999999909,1.3435884255184678E-07));
#15882=DIRECTION('',(0.6511459633142597,-1.0197198268678949E-07,0.7589525245096259));
#15883=FACE_BOUND('',#15884,.T.);
#15884=EDGE_LOOP('',(#15885,#15886,#15887));
#15885=ORIENTED_EDGE('',*,*,#15888,.T.);
#15886=ORIENTED_EDGE('',*,*,#15889,.T.);
#15887=ORIENTED_EDGE('',*,*,#15890,.T.);
#15888=EDGE_CURVE('',#1265,#1283,#15891,.F.);
#15889=EDGE_CURVE('',#1283,#1369,#15892,.T.);
#15890=EDGE_CURVE('',#1369,#1265,#15893,.T.);
#15891=LINE('',#1264,#15894);
#15892=LINE('',#1282,#15895);
#15893=LINE('',#1368,#15896);
#15894=VECTOR('',#15897,1.0);
#15895=VECTOR('',#15898,1.0);
#15896=VECTOR('',#15899,1.0);
#15897=DIRECTION('',(0.6511459633142597,-1.0197198268678949E-07,0.7589525245096259));
#15898=DIRECTION('',(0.9232857047142761,5.1609102469445117E-08,-0.3841139251189158));
#15899=DIRECTION('',(-0.7553114028017878,8.805422645228183E-08,-0.6553660693059931));
#15900=FACE_SURFACE('',(#15905),#15901,.T.);
#15901=PLANE('',#15902);
#15902=AXIS2_PLACEMENT_3D('',#1302,#15903,#15904);
#15903=DIRECTION('',(1.441230670615726E-13,0.999999999999991,1.343588817381183E-07));
#15904=DIRECTION('',(0.20895155173457672,1.3139301281274713E-07,-0.9779259936353545));
#15905=FACE_BOUND('',#15906,.T.);
#15906=EDGE_LOOP('',(#15907,#15908,#15909));
#15907=ORIENTED_EDGE('',*,*,#15910,.T.);
#15908=ORIENTED_EDGE('',*,*,#15911,.T.);
#15909=ORIENTED_EDGE('',*,*,#15912,.T.);
#15910=EDGE_CURVE('',#1303,#1367,#15913,.F.);
#15911=EDGE_CURVE('',#1367,#1371,#15914,.T.);
#15912=EDGE_CURVE('',#1371,#1303,#15915,.T.);
#15913=LINE('',#1302,#15916);
#15914=LINE('',#1366,#15917);
#15915=LINE('',#1370,#15918);
#15916=VECTOR('',#15919,1.0);
#15917=VECTOR('',#15920,1.0);
#15918=VECTOR('',#15921,1.0);
#15919=DIRECTION('',(0.20895155173457672,1.3139301281274713E-07,-0.9779259936353545));
#15920=DIRECTION('',(-0.9526692029934336,-4.084615376518247E-08,0.3040088644560455));
#15921=DIRECTION('',(-0.08910571740450095,-1.338244126445835E-07,0.9960221740131148));
#15922=FACE_SURFACE('',(#15927),#15923,.T.);
#15923=PLANE('',#15924);
#15924=AXIS2_PLACEMENT_3D('',#1264,#15925,#15926);
#15925=DIRECTION('',(-2.5992159342694788E-14,0.999999999999991,1.3435887240500775E-07));
#15926=DIRECTION('',(0.7553114028017878,-8.805422645228183E-08,0.6553660693059931));
#15927=FACE_BOUND('',#15928,.T.);
#15928=EDGE_LOOP('',(#15929,#15930,#15931));
#15929=ORIENTED_EDGE('',*,*,#15932,.T.);
#15930=ORIENTED_EDGE('',*,*,#15933,.T.);
#15931=ORIENTED_EDGE('',*,*,#15934,.T.);
#15932=EDGE_CURVE('',#1265,#1369,#15935,.F.);
#15933=EDGE_CURVE('',#1369,#1373,#15936,.T.);
#15934=EDGE_CURVE('',#1373,#1265,#15937,.T.);
#15935=LINE('',#1264,#15938);
#15936=LINE('',#1368,#15939);
#15937=LINE('',#1372,#15940);
#15938=VECTOR('',#15941,1.0);
#15939=VECTOR('',#15942,1.0);
#15940=VECTOR('',#15943,1.0);
#15941=DIRECTION('',(0.7553114028017878,-8.805422645228183E-08,0.6553660693059931));
#15942=DIRECTION('',(0.93979575176784,4.591537675802245E-08,-0.3417366602504307));
#15943=DIRECTION('',(-0.8275140865896494,7.543508944283709E-08,-0.5614449541101004));
#15944=FACE_SURFACE('',(#15949),#15945,.T.);
#15945=PLANE('',#15946);
#15946=AXIS2_PLACEMENT_3D('',#1302,#15947,#15948);
#15947=DIRECTION('',(1.0648711861677144E-14,0.9999999999999909,1.3435886979729162E-07));
#15948=DIRECTION('',(0.08910571740450095,1.338244126445835E-07,-0.9960221740131148));
#15949=FACE_BOUND('',#15950,.T.);
#15950=EDGE_LOOP('',(#15951,#15952,#15953));
#15951=ORIENTED_EDGE('',*,*,#15954,.T.);
#15952=ORIENTED_EDGE('',*,*,#15955,.T.);
#15953=ORIENTED_EDGE('',*,*,#15956,.T.);
#15954=EDGE_CURVE('',#1303,#1371,#15957,.F.);
#15955=EDGE_CURVE('',#1371,#1375,#15958,.T.);
#15956=EDGE_CURVE('',#1375,#1303,#15959,.T.);
#15957=LINE('',#1302,#15960);
#15958=LINE('',#1370,#15961);
#15959=LINE('',#1374,#15962);
#15960=VECTOR('',#15963,1.0);
#15961=VECTOR('',#15964,1.0);
#15962=VECTOR('',#15965,1.0);
#15963=DIRECTION('',(0.08910571740450095,1.338244126445835E-07,-0.9960221740131148));
#15964=DIRECTION('',(-0.9661189468065556,-3.467764195963629E-08,0.25809723094483333));
#15965=DIRECTION('',(0.04038035599106012,-1.3424928455442586E-07,0.9991843808076751));
#15966=FACE_SURFACE('',(#15971),#15967,.T.);
#15967=PLANE('',#15968);
#15968=AXIS2_PLACEMENT_3D('',#1264,#15969,#15970);
#15969=DIRECTION('',(7.91824636965859E-14,0.9999999999999909,1.3435871738806168E-07));
#15970=DIRECTION('',(0.8275140865896494,-7.543508944283709E-08,0.5614449541101004));
#15971=FACE_BOUND('',#15972,.T.);
#15972=EDGE_LOOP('',(#15973,#15974,#15975));
#15973=ORIENTED_EDGE('',*,*,#15976,.T.);
#15974=ORIENTED_EDGE('',*,*,#15977,.T.);
#15975=ORIENTED_EDGE('',*,*,#15978,.T.);
#15976=EDGE_CURVE('',#1265,#1373,#15979,.F.);
#15977=EDGE_CURVE('',#1373,#1377,#15980,.T.);
#15978=EDGE_CURVE('',#1377,#1265,#15981,.T.);
#15979=LINE('',#1264,#15982);
#15980=LINE('',#1372,#15983);
#15981=LINE('',#1376,#15984);
#15982=VECTOR('',#15985,1.0);
#15983=VECTOR('',#15986,1.0);
#15984=VECTOR('',#15987,1.0);
#15985=DIRECTION('',(0.8275140865896494,-7.543508944283709E-08,0.5614449541101004));
#15986=DIRECTION('',(0.9554713725983602,3.964700685495524E-08,-0.2950838120687136));
#15987=DIRECTION('',(-0.8756088539944832,6.489813027478058E-08,-0.4830208430352292));
#15988=FACE_SURFACE('',(#15993),#15989,.T.);
#15989=PLANE('',#15990);
#15990=AXIS2_PLACEMENT_3D('',#1302,#15991,#15992);
#15991=DIRECTION('',(-1.5280638169099484E-13,0.999999999999991,1.343588764030543E-07));
#15992=DIRECTION('',(-0.04038035599106012,1.3424928455442586E-07,-0.9991843808076751));
#15993=FACE_BOUND('',#15994,.T.);
#15994=EDGE_LOOP('',(#15995,#15996,#15997));
#15995=ORIENTED_EDGE('',*,*,#15998,.T.);
#15996=ORIENTED_EDGE('',*,*,#15999,.T.);
#15997=ORIENTED_EDGE('',*,*,#16000,.T.);
#15998=EDGE_CURVE('',#1303,#1375,#16001,.F.);
#15999=EDGE_CURVE('',#1375,#1379,#16002,.T.);
#16000=EDGE_CURVE('',#1379,#1303,#16003,.T.);
#16001=LINE('',#1302,#16004);
#16002=LINE('',#1374,#16005);
#16003=LINE('',#1378,#16006);
#16004=VECTOR('',#16007,1.0);
#16005=VECTOR('',#16008,1.0);
#16006=VECTOR('',#16009,1.0);
#16007=DIRECTION('',(-0.04038035599106012,1.3424928455442586E-07,-0.9991843808076751));
#16008=DIRECTION('',(-0.9779250065156284,-2.8075265860951614E-08,0.2089561715561597));
#16009=DIRECTION('',(0.17019419673905603,-1.323986271515204E-07,0.9854105415492214));
#16010=FACE_SURFACE('',(#16015),#16011,.T.);
#16011=PLANE('',#16012);
#16012=AXIS2_PLACEMENT_3D('',#1264,#16013,#16014);
#16013=DIRECTION('',(-3.659016860851158E-14,0.999999999999991,1.34358927257974E-07));
#16014=DIRECTION('',(0.8756088539944832,-6.489813027478058E-08,0.4830208430352292));
#16015=FACE_BOUND('',#16016,.T.);
#16016=EDGE_LOOP('',(#16017,#16018,#16019));
#16017=ORIENTED_EDGE('',*,*,#16020,.T.);
#16018=ORIENTED_EDGE('',*,*,#16021,.T.);
#16019=ORIENTED_EDGE('',*,*,#16022,.T.);
#16020=EDGE_CURVE('',#1265,#1377,#16023,.F.);
#16021=EDGE_CURVE('',#1377,#1381,#16024,.T.);
#16022=EDGE_CURVE('',#1381,#1265,#16025,.T.);
#16023=LINE('',#1264,#16026);
#16024=LINE('',#1376,#16027);
#16025=LINE('',#1380,#16028);
#16026=VECTOR('',#16029,1.0);
#16027=VECTOR('',#16030,1.0);
#16028=VECTOR('',#16031,1.0);
#16029=DIRECTION('',(0.8756088539944832,-6.489813027478058E-08,0.4830208430352292));
#16030=DIRECTION('',(0.9699773001330166,3.267551812006065E-08,-0.2431954712297552));
#16031=DIRECTION('',(-0.9070916814636796,5.6556087649020505E-08,-0.4209331080105142));
#16032=FACE_SURFACE('',(#16037),#16033,.T.);
#16033=PLANE('',#16034);
#16034=AXIS2_PLACEMENT_3D('',#1302,#16035,#16036);
#16035=DIRECTION('',(8.543447921687887E-14,0.9999999999999909,1.343588352555221E-07));
#16036=DIRECTION('',(-0.17019419673905603,1.323986271515204E-07,-0.9854105415492214));
#16037=FACE_BOUND('',#16038,.T.);
#16038=EDGE_LOOP('',(#16039,#16040,#16041));
#16039=ORIENTED_EDGE('',*,*,#16042,.T.);
#16040=ORIENTED_EDGE('',*,*,#16043,.T.);
#16041=ORIENTED_EDGE('',*,*,#16044,.T.);
#16042=EDGE_CURVE('',#1303,#1379,#16045,.F.);
#16043=EDGE_CURVE('',#1379,#1383,#16046,.T.);
#16044=EDGE_CURVE('',#1383,#1303,#16047,.T.);
#16045=LINE('',#1302,#16048);
#16046=LINE('',#1378,#16049);
#16047=LINE('',#1382,#16050);
#16048=VECTOR('',#16051,1.0);
#16049=VECTOR('',#16052,1.0);
#16050=VECTOR('',#16053,1.0);
#16051=DIRECTION('',(-0.17019419673905603,1.323986271515204E-07,-0.9854105415492214));
#16052=DIRECTION('',(-0.9877707241553232,-2.0948261969146247E-08,0.155913426303407));
#16053=DIRECTION('',(0.29065020557637067,-1.2855850555538546E-07,0.9568293776836061));
#16054=FACE_SURFACE('',(#16059),#16055,.T.);
#16055=PLANE('',#16056);
#16056=AXIS2_PLACEMENT_3D('',#1264,#16057,#16058);
#16057=DIRECTION('',(-2.825936586118664E-14,0.999999999999991,1.343589093054733E-07));
#16058=DIRECTION('',(0.9070916814636796,-5.6556087649020505E-08,0.4209331080105142));
#16059=FACE_BOUND('',#16060,.T.);
#16060=EDGE_LOOP('',(#16061,#16062,#16063));
#16061=ORIENTED_EDGE('',*,*,#16064,.T.);
#16062=ORIENTED_EDGE('',*,*,#16065,.T.);
#16063=ORIENTED_EDGE('',*,*,#16066,.T.);
#16064=EDGE_CURVE('',#1265,#1381,#16067,.F.);
#16065=EDGE_CURVE('',#1381,#1385,#16068,.T.);
#16066=EDGE_CURVE('',#1385,#1265,#16069,.T.);
#16067=LINE('',#1264,#16070);
#16068=LINE('',#1380,#16071);
#16069=LINE('',#1384,#16072);
#16070=VECTOR('',#16073,1.0);
#16071=VECTOR('',#16074,1.0);
#16072=VECTOR('',#16075,1.0);
#16073=DIRECTION('',(0.9070916814636796,-5.6556087649020505E-08,0.4209331080105142));
#16074=DIRECTION('',(0.9827653476278096,2.4837271198504252E-08,-0.18485743561455614));
#16075=DIRECTION('',(-0.927551517970349,5.020926747597103E-08,-0.373695305711617));
#16076=FACE_SURFACE('',(#16081),#16077,.T.);
#16077=PLANE('',#16078);
#16078=AXIS2_PLACEMENT_3D('',#1302,#16079,#16080);
#16079=DIRECTION('',(7.985479636764217E-14,0.999999999999991,1.3435883695042823E-07));
#16080=DIRECTION('',(-0.29065020557637067,1.2855850555538546E-07,-0.9568293776836061));
#16081=FACE_BOUND('',#16082,.T.);
#16082=EDGE_LOOP('',(#16083,#16084,#16085));
#16083=ORIENTED_EDGE('',*,*,#16086,.T.);
#16084=ORIENTED_EDGE('',*,*,#16087,.T.);
#16085=ORIENTED_EDGE('',*,*,#16088,.T.);
#16086=EDGE_CURVE('',#1303,#1383,#16089,.F.);
#16087=EDGE_CURVE('',#1383,#1387,#16090,.T.);
#16088=EDGE_CURVE('',#1387,#1303,#16091,.T.);
#16089=LINE('',#1302,#16092);
#16090=LINE('',#1382,#16093);
#16091=LINE('',#1386,#16094);
#16092=VECTOR('',#16095,1.0);
#16093=VECTOR('',#16096,1.0);
#16094=VECTOR('',#16097,1.0);
#16095=DIRECTION('',(-0.29065020557637067,1.2855850555538546E-07,-0.9568293776836061));
#16096=DIRECTION('',(-0.9951750030490377,-1.3182647425264293E-08,0.09811581578087859));
#16097=DIRECTION('',(0.3948022416643777,-1.2344437933064638E-07,0.9187661236553986));
#16098=FACE_SURFACE('',(#16103),#16099,.T.);
#16099=PLANE('',#16100);
#16100=AXIS2_PLACEMENT_3D('',#1264,#16101,#16102);
#16101=DIRECTION('',(-1.1339663045460514E-15,0.999999999999991,1.3435884197734483E-07));
#16102=DIRECTION('',(0.927551517970349,-5.020926747597103E-08,0.373695305711617));
#16103=FACE_BOUND('',#16104,.T.);
#16104=EDGE_LOOP('',(#16105,#16106,#16107));
#16105=ORIENTED_EDGE('',*,*,#16108,.T.);
#16106=ORIENTED_EDGE('',*,*,#16109,.T.);
#16107=ORIENTED_EDGE('',*,*,#16110,.T.);
#16108=EDGE_CURVE('',#1265,#1385,#16111,.F.);
#16109=EDGE_CURVE('',#1385,#1389,#16112,.T.);
#16110=EDGE_CURVE('',#1389,#1265,#16113,.T.);
#16111=LINE('',#1264,#16114);
#16112=LINE('',#1384,#16115);
#16113=LINE('',#1388,#16116);
#16114=VECTOR('',#16117,1.0);
#16115=VECTOR('',#16118,1.0);
#16116=VECTOR('',#16119,1.0);
#16117=DIRECTION('',(0.927551517970349,-5.020926747597103E-08,0.373695305711617));
#16118=DIRECTION('',(0.9929477062994996,1.5928666874513038E-08,-0.11855316341018707));
#16119=DIRECTION('',(-0.9407320596511008,4.5567893178164345E-08,-0.3391506920892179));
#16120=FACE_SURFACE('',(#16125),#16121,.T.);
#16121=PLANE('',#16122);
#16122=AXIS2_PLACEMENT_3D('',#1302,#16123,#16124);
#16123=DIRECTION('',(1.617944462643768E-14,0.999999999999991,1.3435886431231158E-07));
#16124=DIRECTION('',(-0.3948022416643777,1.2344437933064638E-07,-0.9187661236553986));
#16125=FACE_BOUND('',#16126,.T.);
#16126=EDGE_LOOP('',(#16127,#16128,#16129));
#16127=ORIENTED_EDGE('',*,*,#16130,.T.);
#16128=ORIENTED_EDGE('',*,*,#16131,.T.);
#16129=ORIENTED_EDGE('',*,*,#16132,.T.);
#16130=EDGE_CURVE('',#1303,#1387,#16133,.F.);
#16131=EDGE_CURVE('',#1387,#1391,#16134,.T.);
#16132=EDGE_CURVE('',#1391,#1303,#16135,.T.);
#16133=LINE('',#1302,#16136);
#16134=LINE('',#1386,#16137);
#16135=LINE('',#1390,#16138);
#16136=VECTOR('',#16139,1.0);
#16137=VECTOR('',#16140,1.0);
#16138=VECTOR('',#16141,1.0);
#16139=DIRECTION('',(-0.3948022416643777,1.2344437933064638E-07,-0.9187661236553986));
#16140=DIRECTION('',(-0.9994050384427365,-4.634038659132934E-09,0.03449013098369034));
#16141=DIRECTION('',(0.4797752649085595,-1.178853218443397E-07,0.8773914150377286));
#16142=FACE_SURFACE('',(#16147),#16143,.T.);
#16143=PLANE('',#16144);
#16144=AXIS2_PLACEMENT_3D('',#1264,#16145,#16146);
#16145=DIRECTION('',(5.936376171222473E-14,0.9999999999999909,1.343586741694839E-07));
#16146=DIRECTION('',(0.9407320596511008,-4.5567893178164345E-08,0.3391506920892179));
#16147=FACE_BOUND('',#16148,.T.);
#16148=EDGE_LOOP('',(#16149,#16150,#16151));
#16149=ORIENTED_EDGE('',*,*,#16152,.T.);
#16150=ORIENTED_EDGE('',*,*,#16153,.T.);
#16151=ORIENTED_EDGE('',*,*,#16154,.T.);
#16152=EDGE_CURVE('',#1265,#1389,#16155,.F.);
#16153=EDGE_CURVE('',#1389,#1393,#16156,.T.);
#16154=EDGE_CURVE('',#1393,#1265,#16157,.T.);
#16155=LINE('',#1264,#16158);
#16156=LINE('',#1388,#16159);
#16157=LINE('',#1392,#16160);
#16158=VECTOR('',#16161,1.0);
#16159=VECTOR('',#16162,1.0);
#16160=VECTOR('',#16163,1.0);
#16161=DIRECTION('',(0.9407320596511008,-4.5567893178164345E-08,0.3391506920892179));
#16162=DIRECTION('',(0.9990992747222863,5.701308584905782E-09,-0.042433939828887636));
#16163=DIRECTION('',(-0.9490189640756693,4.23524606638923E-08,-0.3152189807494811));
#16164=FACE_SURFACE('',(#16169),#16165,.T.);
#16165=PLANE('',#16166);
#16166=AXIS2_PLACEMENT_3D('',#1302,#16167,#16168);
#16167=DIRECTION('',(-8.333400347137302E-14,0.9999999999999909,1.343589187282657E-07));
#16168=DIRECTION('',(-0.4797752649085595,1.178853218443397E-07,-0.8773914150377286));
#16169=FACE_BOUND('',#16170,.T.);
#16170=EDGE_LOOP('',(#16171,#16172,#16173));
#16171=ORIENTED_EDGE('',*,*,#16174,.T.);
#16172=ORIENTED_EDGE('',*,*,#16175,.T.);
#16173=ORIENTED_EDGE('',*,*,#16176,.T.);
#16174=EDGE_CURVE('',#1303,#1391,#16177,.F.);
#16175=EDGE_CURVE('',#1391,#1395,#16178,.T.);
#16176=EDGE_CURVE('',#1395,#1303,#16179,.T.);
#16177=LINE('',#1302,#16180);
#16178=LINE('',#1390,#16181);
#16179=LINE('',#1394,#16182);
#16180=VECTOR('',#16183,1.0);
#16181=VECTOR('',#16184,1.0);
#16182=VECTOR('',#16185,1.0);
#16183=DIRECTION('',(-0.4797752649085595,1.178853218443397E-07,-0.8773914150377286));
#16184=DIRECTION('',(-0.9992034712342865,5.361533034360944E-09,-0.03990517602207022));
#16185=DIRECTION('',(0.5517981073534497,-1.1205229962652926E-07,0.8339777267536215));
#16186=FACE_SURFACE('',(#16191),#16187,.T.);
#16187=PLANE('',#16188);
#16188=AXIS2_PLACEMENT_3D('',#1264,#16189,#16190);
#16189=DIRECTION('',(2.0012351521622063E-14,0.999999999999991,1.3435879264342365E-07));
#16190=DIRECTION('',(0.9490189640756693,-4.23524606638923E-08,0.3152189807494811));
#16191=FACE_BOUND('',#16192,.T.);
#16192=EDGE_LOOP('',(#16193,#16194,#16195));
#16193=ORIENTED_EDGE('',*,*,#16196,.T.);
#16194=ORIENTED_EDGE('',*,*,#16197,.T.);
#16195=ORIENTED_EDGE('',*,*,#16198,.T.);
#16196=EDGE_CURVE('',#1265,#1393,#16199,.F.);
#16197=EDGE_CURVE('',#1393,#1397,#16200,.T.);
#16198=EDGE_CURVE('',#1397,#1265,#16201,.T.);
#16199=LINE('',#1264,#16202);
#16200=LINE('',#1392,#16203);
#16201=LINE('',#1396,#16204);
#16202=VECTOR('',#16205,1.0);
#16203=VECTOR('',#16206,1.0);
#16204=VECTOR('',#16207,1.0);
#16205=DIRECTION('',(0.9490189640756693,-4.23524606638923E-08,0.3152189807494811));
#16206=DIRECTION('',(0.9958228348740156,-1.2267854414639483E-08,0.09130652519660945));
#16207=DIRECTION('',(-0.9532202980740466,4.061352041297685E-08,-0.30227646838552286));
#16208=FACE_SURFACE('',(#16213),#16209,.T.);
#16209=PLANE('',#16210);
#16210=AXIS2_PLACEMENT_3D('',#1302,#16211,#16212);
#16211=DIRECTION('',(-6.044211078945754E-14,0.999999999999991,1.343589035819343E-07));
#16212=DIRECTION('',(-0.5517981073534497,1.1205229962652926E-07,-0.8339777267536215));
#16213=FACE_BOUND('',#16214,.T.);
#16214=EDGE_LOOP('',(#16215,#16216,#16217));
#16215=ORIENTED_EDGE('',*,*,#16218,.T.);
#16216=ORIENTED_EDGE('',*,*,#16219,.T.);
#16217=ORIENTED_EDGE('',*,*,#16220,.T.);
#16218=EDGE_CURVE('',#1303,#1395,#16221,.F.);
#16219=EDGE_CURVE('',#1395,#1399,#16222,.T.);
#16220=EDGE_CURVE('',#1399,#1303,#16223,.T.);
#16221=LINE('',#1302,#16224);
#16222=LINE('',#1394,#16225);
#16223=LINE('',#1398,#16226);
#16224=VECTOR('',#16227,1.0);
#16225=VECTOR('',#16228,1.0);
#16226=VECTOR('',#16229,1.0);
#16227=DIRECTION('',(-0.5517981073534497,1.1205229962652926E-07,-0.8339777267536215));
#16228=DIRECTION('',(-0.9922235319923665,1.6723420940444106E-08,-0.12446872121377785));
#16229=DIRECTION('',(0.605494760154137,-1.069294016794496E-07,0.7958492919051149));
#16230=FACE_SURFACE('',(#16235),#16231,.T.);
#16231=PLANE('',#16232);
#16232=AXIS2_PLACEMENT_3D('',#1264,#16233,#16234);
#16233=DIRECTION('',(-1.8554815773636487E-14,0.999999999999991,1.3435891426389555E-07));
#16234=DIRECTION('',(0.9532202980740466,-4.061352041297685E-08,0.30227646838552286));
#16235=FACE_BOUND('',#16236,.T.);
#16236=EDGE_LOOP('',(#16237,#16238,#16239));
#16237=ORIENTED_EDGE('',*,*,#16240,.T.);
#16238=ORIENTED_EDGE('',*,*,#16241,.T.);
#16239=ORIENTED_EDGE('',*,*,#16242,.T.);
#16240=EDGE_CURVE('',#1265,#1397,#16243,.F.);
#16241=EDGE_CURVE('',#1397,#1401,#16244,.T.);
#16242=EDGE_CURVE('',#1401,#1265,#16245,.T.);
#16243=LINE('',#1264,#16246);
#16244=LINE('',#1396,#16247);
#16245=LINE('',#1400,#16248);
#16246=VECTOR('',#16249,1.0);
#16247=VECTOR('',#16250,1.0);
#16248=VECTOR('',#16251,1.0);
#16249=DIRECTION('',(0.9532202980740466,-4.061352041297685E-08,0.30227646838552286));
#16250=DIRECTION('',(0.9860881387354459,-2.2333562677929234E-08,0.16622329152457424));
#16251=DIRECTION('',(-0.9555143331431886,3.962842808115327E-08,-0.29494467135028224));
#16252=FACE_SURFACE('',(#16257),#16253,.T.);
#16253=PLANE('',#16254);
#16254=AXIS2_PLACEMENT_3D('',#1302,#16255,#16256);
#16255=DIRECTION('',(1.3703519748566742E-13,0.9999999999999911,1.3435875333806715E-07));
#16256=DIRECTION('',(-0.605494760154137,1.069294016794496E-07,-0.7958492919051149));
#16257=FACE_BOUND('',#16258,.T.);
#16258=EDGE_LOOP('',(#16259,#16260,#16261));
#16259=ORIENTED_EDGE('',*,*,#16262,.T.);
#16260=ORIENTED_EDGE('',*,*,#16263,.T.);
#16261=ORIENTED_EDGE('',*,*,#16264,.T.);
#16262=EDGE_CURVE('',#1303,#1399,#16265,.F.);
#16263=EDGE_CURVE('',#1399,#1403,#16266,.T.);
#16264=EDGE_CURVE('',#1403,#1303,#16267,.T.);
#16265=LINE('',#1302,#16268);
#16266=LINE('',#1398,#16269);
#16267=LINE('',#1402,#16270);
#16268=VECTOR('',#16271,1.0);
#16269=VECTOR('',#16272,1.0);
#16270=VECTOR('',#16273,1.0);
#16271=DIRECTION('',(-0.605494760154137,1.069294016794496E-07,-0.7958492919051149));
#16272=DIRECTION('',(-0.976563206490564,2.891827780789897E-08,-0.21523081500767255));
#16273=DIRECTION('',(0.6442138826595136,-1.0276376162131804E-07,0.7648453918202971));
#16274=FACE_SURFACE('',(#16279),#16275,.T.);
#16275=PLANE('',#16276);
#16276=AXIS2_PLACEMENT_3D('',#1264,#16277,#16278);
#16277=DIRECTION('',(-2.9865667073857704E-13,0.999999999999991,1.34359821692857E-07));
#16278=DIRECTION('',(0.9555143331431886,-3.962842808115327E-08,0.29494467135028224));
#16279=FACE_BOUND('',#16280,.T.);
#16280=EDGE_LOOP('',(#16281,#16282,#16283));
#16281=ORIENTED_EDGE('',*,*,#16284,.T.);
#16282=ORIENTED_EDGE('',*,*,#16285,.T.);
#16283=ORIENTED_EDGE('',*,*,#16286,.T.);
#16284=EDGE_CURVE('',#1265,#1401,#16287,.F.);
#16285=EDGE_CURVE('',#1401,#1405,#16288,.T.);
#16286=EDGE_CURVE('',#1405,#1265,#16289,.T.);
#16287=LINE('',#1264,#16290);
#16288=LINE('',#1400,#16291);
#16289=LINE('',#1404,#16292);
#16290=VECTOR('',#16293,1.0);
#16291=VECTOR('',#16294,1.0);
#16292=VECTOR('',#16295,1.0);
#16293=DIRECTION('',(0.9555143331431886,-3.962842808115327E-08,0.29494467135028224));
#16294=DIRECTION('',(0.9691584166963354,-3.311115139567585E-08,0.24643855896886593));
#16295=DIRECTION('',(-0.9562623803667102,3.930134254895953E-08,-0.2925102731450498));
#16296=FACE_SURFACE('',(#16301),#16297,.T.);
#16297=PLANE('',#16298);
#16298=AXIS2_PLACEMENT_3D('',#1302,#16299,#16300);
#16299=DIRECTION('',(-1.8029174340921184E-13,0.999999999999991,1.3435902061616346E-07));
#16300=DIRECTION('',(-0.6442138826595136,1.0276376162131804E-07,-0.7648453918202971));
#16301=FACE_BOUND('',#16302,.T.);
#16302=EDGE_LOOP('',(#16303,#16304,#16305));
#16303=ORIENTED_EDGE('',*,*,#16306,.T.);
#16304=ORIENTED_EDGE('',*,*,#16307,.T.);
#16305=ORIENTED_EDGE('',*,*,#16308,.T.);
#16306=EDGE_CURVE('',#1303,#1403,#16309,.F.);
#16307=EDGE_CURVE('',#1403,#1407,#16310,.T.);
#16308=EDGE_CURVE('',#1407,#1303,#16311,.T.);
#16309=LINE('',#1302,#16312);
#16310=LINE('',#1402,#16313);
#16311=LINE('',#1406,#16314);
#16312=VECTOR('',#16315,1.0);
#16313=VECTOR('',#16316,1.0);
#16314=VECTOR('',#16317,1.0);
#16315=DIRECTION('',(-0.6442138826595136,1.0276376162131804E-07,-0.7648453918202971));
#16316=DIRECTION('',(-0.9499836562145281,4.196009986654486E-08,-0.3122996204372903));
#16317=DIRECTION('',(0.6710674116548979,-9.961316478492249E-08,0.7413963373356967));
#16318=FACE_SURFACE('',(#16323),#16319,.T.);
#16319=PLANE('',#16320);
#16320=AXIS2_PLACEMENT_3D('',#1232,#16321,#16322);
#16321=DIRECTION('',(3.1553425731115814E-15,0.9999999999999909,1.3435883502161665E-07));
#16322=DIRECTION('',(-0.9993785495255145,-4.736054775069517E-09,0.03524932266411201));
#16323=FACE_BOUND('',#16324,.T.);
#16324=EDGE_LOOP('',(#16325,#16326,#16327));
#16325=ORIENTED_EDGE('',*,*,#16328,.T.);
#16326=ORIENTED_EDGE('',*,*,#16329,.T.);
#16327=ORIENTED_EDGE('',*,*,#16330,.T.);
#16328=EDGE_CURVE('',#1233,#1265,#16331,.F.);
#16329=EDGE_CURVE('',#1265,#1405,#16332,.T.);
#16330=EDGE_CURVE('',#1405,#1233,#16333,.T.);
#16331=LINE('',#1232,#16334);
#16332=LINE('',#1264,#16335);
#16333=LINE('',#1404,#16336);
#16334=VECTOR('',#16337,1.0);
#16335=VECTOR('',#16338,1.0);
#16336=VECTOR('',#16339,1.0);
#16337=DIRECTION('',(-0.9993785495255145,-4.736054775069517E-09,0.03524932266411201));
#16338=DIRECTION('',(0.9562623803667102,-3.930134254895953E-08,0.2925102731450498));
#16339=DIRECTION('',(0.7991483805305412,8.076763681753746E-08,-0.6011338169620861));
#16340=FACE_SURFACE('',(#16345),#16341,.T.);
#16341=PLANE('',#16342);
#16342=AXIS2_PLACEMENT_3D('',#1302,#16343,#16344);
#16343=DIRECTION('',(2.693096424312658E-13,0.999999999999991,1.343586136640074E-07));
#16344=DIRECTION('',(-0.6710674116548979,9.961316478492249E-08,-0.7413963373356967));
#16345=FACE_BOUND('',#16346,.T.);
#16346=EDGE_LOOP('',(#16347,#16348,#16349));
#16347=ORIENTED_EDGE('',*,*,#16350,.T.);
#16348=ORIENTED_EDGE('',*,*,#16351,.T.);
#16349=ORIENTED_EDGE('',*,*,#16352,.T.);
#16350=EDGE_CURVE('',#1303,#1407,#16353,.F.);
#16351=EDGE_CURVE('',#1407,#1409,#16354,.T.);
#16352=EDGE_CURVE('',#1409,#1303,#16355,.T.);
#16353=LINE('',#1302,#16356);
#16354=LINE('',#1406,#16357);
#16355=LINE('',#1408,#16358);
#16356=VECTOR('',#16359,1.0);
#16357=VECTOR('',#16360,1.0);
#16358=VECTOR('',#16361,1.0);
#16359=DIRECTION('',(-0.6710674116548979,9.961316478492249E-08,-0.7413963373356967));
#16360=DIRECTION('',(-0.9097033245532987,5.579384010553153E-08,-0.4152587883436935));
#16361=DIRECTION('',(0.6885690463035259,-9.743312687827067E-08,0.7251707857275026));
#16362=FACE_SURFACE('',(#16367),#16363,.T.);
#16363=PLANE('',#16364);
#16364=AXIS2_PLACEMENT_3D('',#1232,#16365,#16366);
#16365=DIRECTION('',(-5.734274825190559E-14,0.999999999999991,1.3435875459534555E-07));
#16366=DIRECTION('',(-0.7991483805305412,-8.076763681753746E-08,0.6011338169620861));
#16367=FACE_BOUND('',#16368,.T.);
#16368=EDGE_LOOP('',(#16369,#16370,#16371));
#16369=ORIENTED_EDGE('',*,*,#16372,.T.);
#16370=ORIENTED_EDGE('',*,*,#16373,.T.);
#16371=ORIENTED_EDGE('',*,*,#16374,.T.);
#16372=EDGE_CURVE('',#1233,#1405,#16375,.F.);
#16373=EDGE_CURVE('',#1405,#1411,#16376,.T.);
#16374=EDGE_CURVE('',#1411,#1233,#16377,.T.);
#16375=LINE('',#1232,#16378);
#16376=LINE('',#1404,#16379);
#16377=LINE('',#1410,#16380);
#16378=VECTOR('',#16381,1.0);
#16379=VECTOR('',#16382,1.0);
#16380=VECTOR('',#16383,1.0);
#16381=DIRECTION('',(-0.7991483805305412,-8.076763681753746E-08,0.6011338169620861));
#16382=DIRECTION('',(0.9429421265239536,-4.473558983372632E-08,0.3329566728967633));
#16383=DIRECTION('',(0.7520338746386858,8.855918445061836E-08,-0.6591244581988426));
#16384=FACE_SURFACE('',(#16389),#16385,.T.);
#16385=PLANE('',#16386);
#16386=AXIS2_PLACEMENT_3D('',#1302,#16387,#16388);
#16387=DIRECTION('',(3.3970053129126614E-15,0.9999999999999911,1.3435886615516514E-07));
#16388=DIRECTION('',(-0.6885690463035259,9.743312687827067E-08,-0.7251707857275026));
#16389=FACE_BOUND('',#16390,.T.);
#16390=EDGE_LOOP('',(#16391,#16392,#16393));
#16391=ORIENTED_EDGE('',*,*,#16394,.T.);
#16392=ORIENTED_EDGE('',*,*,#16395,.T.);
#16393=ORIENTED_EDGE('',*,*,#16396,.T.);
#16394=EDGE_CURVE('',#1303,#1409,#16397,.F.);
#16395=EDGE_CURVE('',#1409,#1413,#16398,.T.);
#16396=EDGE_CURVE('',#1413,#1303,#16399,.T.);
#16397=LINE('',#1302,#16400);
#16398=LINE('',#1408,#16401);
#16399=LINE('',#1412,#16402);
#16400=VECTOR('',#16403,1.0);
#16401=VECTOR('',#16404,1.0);
#16402=VECTOR('',#16405,1.0);
#16403=DIRECTION('',(-0.6885690463035259,9.743312687827067E-08,-0.7251707857275026));
#16404=DIRECTION('',(-0.8524773259819632,7.023800805960347E-08,-0.5227641998900044));
#16405=DIRECTION('',(0.6986065675301548,-9.613457986752236E-08,0.7155060194042576));
#16406=FACE_SURFACE('',(#16411),#16407,.T.);
#16407=PLANE('',#16408);
#16408=AXIS2_PLACEMENT_3D('',#1232,#16409,#16410);
#16409=DIRECTION('',(1.0132767106752497E-13,0.999999999999991,1.343589356317626E-07));
#16410=DIRECTION('',(-0.7520338746386858,-8.855918445061836E-08,0.6591244581988426));
#16411=FACE_BOUND('',#16412,.T.);
#16412=EDGE_LOOP('',(#16413,#16414,#16415));
#16413=ORIENTED_EDGE('',*,*,#16416,.T.);
#16414=ORIENTED_EDGE('',*,*,#16417,.T.);
#16415=ORIENTED_EDGE('',*,*,#16418,.T.);
#16416=EDGE_CURVE('',#1233,#1411,#16419,.F.);
#16417=EDGE_CURVE('',#1411,#1415,#16420,.T.);
#16418=EDGE_CURVE('',#1415,#1233,#16421,.T.);
#16419=LINE('',#1232,#16422);
#16420=LINE('',#1410,#16423);
#16421=LINE('',#1414,#16424);
#16422=VECTOR('',#16425,1.0);
#16423=VECTOR('',#16426,1.0);
#16424=VECTOR('',#16427,1.0);
#16425=DIRECTION('',(-0.7520338746386858,-8.855918445061836E-08,0.6591244581988426));
#16426=DIRECTION('',(0.9045552021369441,-5.728490053573523E-08,0.426356524855653));
#16427=DIRECTION('',(0.6956985765902857,9.65144982594817E-08,-0.7183338294485658));
#16428=FACE_SURFACE('',(#16433),#16429,.T.);
#16429=PLANE('',#16430);
#16430=AXIS2_PLACEMENT_3D('',#1302,#16431,#16432);
#16431=DIRECTION('',(-1.7362713282701636E-12,0.9999999999999911,1.3436056473447834E-07));
#16432=DIRECTION('',(-0.6986065675301548,9.613457986752236E-08,-0.7155060194042576));
#16433=FACE_BOUND('',#16434,.T.);
#16434=EDGE_LOOP('',(#16435,#16436,#16437));
#16435=ORIENTED_EDGE('',*,*,#16438,.T.);
#16436=ORIENTED_EDGE('',*,*,#16439,.T.);
#16437=ORIENTED_EDGE('',*,*,#16440,.T.);
#16438=EDGE_CURVE('',#1303,#1413,#16441,.F.);
#16439=EDGE_CURVE('',#1413,#1417,#16442,.T.);
#16440=EDGE_CURVE('',#1417,#1303,#16443,.T.);
#16441=LINE('',#1302,#16444);
#16442=LINE('',#1412,#16445);
#16443=LINE('',#1416,#16446);
#16444=VECTOR('',#16447,1.0);
#16445=VECTOR('',#16448,1.0);
#16446=VECTOR('',#16449,1.0);
#16447=DIRECTION('',(-0.6986065675301548,9.613457986752236E-08,-0.7155060194042576));
#16448=DIRECTION('',(-0.7749498897807122,8.491757871782524E-08,-0.6320226802329604));
#16449=DIRECTION('',(0.7025371964471481,-9.561607632036811E-08,0.7116470245902614));
#16450=FACE_SURFACE('',(#16455),#16451,.T.);
#16451=PLANE('',#16452);
#16452=AXIS2_PLACEMENT_3D('',#1232,#16453,#16454);
#16453=DIRECTION('',(7.572497412247851E-14,0.999999999999991,1.3435891083582634E-07));
#16454=DIRECTION('',(-0.6956985765902857,-9.65144982594817E-08,0.7183338294485658));
#16455=FACE_BOUND('',#16456,.T.);
#16456=EDGE_LOOP('',(#16457,#16458,#16459));
#16457=ORIENTED_EDGE('',*,*,#16460,.T.);
#16458=ORIENTED_EDGE('',*,*,#16461,.T.);
#16459=ORIENTED_EDGE('',*,*,#16462,.T.);
#16460=EDGE_CURVE('',#1233,#1415,#16463,.F.);
#16461=EDGE_CURVE('',#1415,#1419,#16464,.T.);
#16462=EDGE_CURVE('',#1419,#1233,#16465,.T.);
#16463=LINE('',#1232,#16466);
#16464=LINE('',#1414,#16467);
#16465=LINE('',#1418,#16468);
#16466=VECTOR('',#16469,1.0);
#16467=VECTOR('',#16470,1.0);
#16468=VECTOR('',#16471,1.0);
#16469=DIRECTION('',(-0.6956985765902857,-9.65144982594817E-08,0.7183338294485658));
#16470=DIRECTION('',(0.850284193817215,-7.071636293981353E-08,0.5263238449325696));
#16471=DIRECTION('',(0.6320924812146869,1.041137258849472E-07,-0.7748929572475478));
#16472=FACE_SURFACE('',(#16477),#16473,.T.);
#16473=PLANE('',#16474);
#16474=AXIS2_PLACEMENT_3D('',#1334,#16475,#16476);
#16475=DIRECTION('',(1.2133640558284622E-14,0.999999999999991,1.3435883871092612E-07));
#16476=DIRECTION('',(0.8501276946633647,-7.075022913758572E-08,0.5265765877499189));
#16477=FACE_BOUND('',#16478,.T.);
#16478=EDGE_LOOP('',(#16479,#16480,#16481));
#16479=ORIENTED_EDGE('',*,*,#16482,.T.);
#16480=ORIENTED_EDGE('',*,*,#16483,.T.);
#16481=ORIENTED_EDGE('',*,*,#16484,.T.);
#16482=EDGE_CURVE('',#1335,#1303,#16485,.F.);
#16483=EDGE_CURVE('',#1303,#1417,#16486,.T.);
#16484=EDGE_CURVE('',#1417,#1335,#16487,.T.);
#16485=LINE('',#1334,#16488);
#16486=LINE('',#1302,#16489);
#16487=LINE('',#1416,#16490);
#16488=VECTOR('',#16491,1.0);
#16489=VECTOR('',#16492,1.0);
#16490=VECTOR('',#16493,1.0);
#16491=DIRECTION('',(0.8501276946633647,-7.075022913758572E-08,0.5265765877499189));
#16492=DIRECTION('',(-0.7025371964471481,9.561607632036811E-08,-0.7116470245902614));
#16493=DIRECTION('',(-0.962966090073344,3.6226181876125185E-08,-0.2696225312707657));
#16494=FACE_SURFACE('',(#16499),#16495,.T.);
#16495=PLANE('',#16496);
#16496=AXIS2_PLACEMENT_3D('',#1334,#16497,#16498);
#16497=DIRECTION('',(-3.6384515065656533E-14,0.9999999999999911,1.3435901199517793E-07));
#16498=DIRECTION('',(0.962966090073344,-3.6226181876125185E-08,0.2696225312707657));
#16499=FACE_BOUND('',#16500,.T.);
#16500=EDGE_LOOP('',(#16501,#16502,#16503));
#16501=ORIENTED_EDGE('',*,*,#16504,.T.);
#16502=ORIENTED_EDGE('',*,*,#16505,.T.);
#16503=ORIENTED_EDGE('',*,*,#16506,.T.);
#16504=EDGE_CURVE('',#1335,#1417,#16507,.F.);
#16505=EDGE_CURVE('',#1417,#1421,#16508,.T.);
#16506=EDGE_CURVE('',#1421,#1335,#16509,.T.);
#16507=LINE('',#1334,#16510);
#16508=LINE('',#1416,#16511);
#16509=LINE('',#1420,#16512);
#16510=VECTOR('',#16513,1.0);
#16511=VECTOR('',#16514,1.0);
#16512=VECTOR('',#16515,1.0);
#16513=DIRECTION('',(0.962966090073344,-3.6226181876125185E-08,0.2696225312707657));
#16514=DIRECTION('',(-0.6744470659543532,9.920035183423423E-08,-0.7383232051246623));
#16515=DIRECTION('',(-0.9707845914037796,3.2239766456284977E-08,-0.23995265594069953));
#16516=FACE_SURFACE('',(#16521),#16517,.T.);
#16517=PLANE('',#16518);
#16518=AXIS2_PLACEMENT_3D('',#1334,#16519,#16520);
#16519=DIRECTION('',(2.4131002685301786E-14,0.999999999999991,1.3435876716549718E-07));
#16520=DIRECTION('',(0.9707845914037796,-3.2239766456284977E-08,0.23995265594069953));
#16521=FACE_BOUND('',#16522,.T.);
#16522=EDGE_LOOP('',(#16523,#16524,#16525));
#16523=ORIENTED_EDGE('',*,*,#16526,.T.);
#16524=ORIENTED_EDGE('',*,*,#16527,.T.);
#16525=ORIENTED_EDGE('',*,*,#16528,.T.);
#16526=EDGE_CURVE('',#1335,#1421,#16529,.F.);
#16527=EDGE_CURVE('',#1421,#1423,#16530,.T.);
#16528=EDGE_CURVE('',#1423,#1335,#16531,.T.);
#16529=LINE('',#1334,#16532);
#16530=LINE('',#1420,#16533);
#16531=LINE('',#1422,#16534);
#16532=VECTOR('',#16535,1.0);
#16533=VECTOR('',#16536,1.0);
#16534=VECTOR('',#16537,1.0);
#16535=DIRECTION('',(0.9707845914037796,-3.2239766456284977E-08,0.23995265594069953));
#16536=DIRECTION('',(-0.5502459289120456,1.1218993928506688E-07,-0.8350026453345567));
#16537=DIRECTION('',(-0.9795783645603168,2.7014566265655944E-08,-0.2010627456425842));
#16538=FACE_SURFACE('',(#16543),#16539,.T.);
#16539=PLANE('',#16540);
#16540=AXIS2_PLACEMENT_3D('',#1334,#16541,#16542);
#16541=DIRECTION('',(-7.426266865736771E-15,0.999999999999991,1.3435892091261923E-07));
#16542=DIRECTION('',(0.9795783645603168,-2.7014566265655944E-08,0.2010627456425842));
#16543=FACE_BOUND('',#16544,.T.);
#16544=EDGE_LOOP('',(#16545,#16546,#16547));
#16545=ORIENTED_EDGE('',*,*,#16548,.T.);
#16546=ORIENTED_EDGE('',*,*,#16549,.T.);
#16547=ORIENTED_EDGE('',*,*,#16550,.T.);
#16548=EDGE_CURVE('',#1335,#1423,#16551,.F.);
#16549=EDGE_CURVE('',#1423,#1425,#16552,.T.);
#16550=EDGE_CURVE('',#1425,#1335,#16553,.T.);
#16551=LINE('',#1334,#16554);
#16552=LINE('',#1422,#16555);
#16553=LINE('',#1424,#16556);
#16554=VECTOR('',#16557,1.0);
#16555=VECTOR('',#16558,1.0);
#16556=VECTOR('',#16559,1.0);
#16557=DIRECTION('',(0.9795783645603168,-2.7014566265655944E-08,0.2010627456425842));
#16558=DIRECTION('',(-0.4049780626978152,1.228479056786151E-07,-0.914326401638665));
#16559=DIRECTION('',(-0.9882392140919242,2.0545600620381058E-08,-0.15291584525802276));
#16560=FACE_SURFACE('',(#16565),#16561,.T.);
#16561=PLANE('',#16562);
#16562=AXIS2_PLACEMENT_3D('',#1334,#16563,#16564);
#16563=DIRECTION('',(-9.673639179789998E-15,0.999999999999991,1.3435893543656506E-07));
#16564=DIRECTION('',(0.9882392140919242,-2.0545600620381058E-08,0.15291584525802276));
#16565=FACE_BOUND('',#16566,.T.);
#16566=EDGE_LOOP('',(#16567,#16568,#16569));
#16567=ORIENTED_EDGE('',*,*,#16570,.T.);
#16568=ORIENTED_EDGE('',*,*,#16571,.T.);
#16569=ORIENTED_EDGE('',*,*,#16572,.T.);
#16570=EDGE_CURVE('',#1335,#1425,#16573,.F.);
#16571=EDGE_CURVE('',#1425,#1427,#16574,.T.);
#16572=EDGE_CURVE('',#1427,#1335,#16575,.T.);
#16573=LINE('',#1334,#16576);
#16574=LINE('',#1424,#16577);
#16575=LINE('',#1426,#16578);
#16576=VECTOR('',#16579,1.0);
#16577=VECTOR('',#16580,1.0);
#16578=VECTOR('',#16581,1.0);
#16579=DIRECTION('',(0.9882392140919242,-2.0545600620381058E-08,0.15291584525802276));
#16580=DIRECTION('',(-0.24526006808486744,1.3025525135032166E-07,-0.9694573219090097));
#16581=DIRECTION('',(-0.9953540747967463,1.2936366880374677E-08,-0.09628221946711087));
#16582=FACE_SURFACE('',(#16587),#16583,.T.);
#16583=PLANE('',#16584);
#16584=AXIS2_PLACEMENT_3D('',#1334,#16585,#16586);
#16585=DIRECTION('',(2.6038022073792027E-15,0.999999999999991,1.343588085138437E-07));
#16586=DIRECTION('',(0.9953540747967463,-1.2936366880374677E-08,0.09628221946711087));
#16587=FACE_BOUND('',#16588,.T.);
#16588=EDGE_LOOP('',(#16589,#16590,#16591));
#16589=ORIENTED_EDGE('',*,*,#16592,.T.);
#16590=ORIENTED_EDGE('',*,*,#16593,.T.);
#16591=ORIENTED_EDGE('',*,*,#16594,.T.);
#16592=EDGE_CURVE('',#1335,#1427,#16595,.F.);
#16593=EDGE_CURVE('',#1427,#1429,#16596,.T.);
#16594=EDGE_CURVE('',#1429,#1335,#16597,.T.);
#16595=LINE('',#1334,#16598);
#16596=LINE('',#1426,#16599);
#16597=LINE('',#1428,#16600);
#16598=VECTOR('',#16601,1.0);
#16599=VECTOR('',#16602,1.0);
#16600=VECTOR('',#16603,1.0);
#16601=DIRECTION('',(0.9953540747967463,-1.2936366880374677E-08,0.09628221946711087));
#16602=DIRECTION('',(-0.08067826342944687,1.3392082530796956E-07,-0.9967401957430988));
#16603=DIRECTION('',(-0.9994570330724792,4.426995960952443E-09,-0.03294903704142209));
#16604=FACE_SURFACE('',(#16609),#16605,.T.);
#16605=PLANE('',#16606);
#16606=AXIS2_PLACEMENT_3D('',#1334,#16607,#16608);
#16607=DIRECTION('',(-3.2137185703984654E-15,0.9999999999999909,1.3435898497915432E-07));
#16608=DIRECTION('',(0.9994570330724792,-4.426995960952443E-09,0.03294903704142209));
#16609=FACE_BOUND('',#16610,.T.);
#16610=EDGE_LOOP('',(#16611,#16612,#16613));
#16611=ORIENTED_EDGE('',*,*,#16614,.T.);
#16612=ORIENTED_EDGE('',*,*,#16615,.T.);
#16613=ORIENTED_EDGE('',*,*,#16616,.T.);
#16614=EDGE_CURVE('',#1335,#1429,#16617,.F.);
#16615=EDGE_CURVE('',#1429,#1431,#16618,.T.);
#16616=EDGE_CURVE('',#1431,#1335,#16619,.T.);
#16617=LINE('',#1334,#16620);
#16618=LINE('',#1428,#16621);
#16619=LINE('',#1430,#16622);
#16620=VECTOR('',#16623,1.0);
#16621=VECTOR('',#16624,1.0);
#16622=VECTOR('',#16625,1.0);
#16623=DIRECTION('',(0.9994570330724792,-4.426995960952443E-09,0.03294903704142209));
#16624=DIRECTION('',(0.12389769077572044,1.333237490727884E-07,-0.9922949975790598));
#16625=DIRECTION('',(-0.9997390725743411,-3.0691188021907898E-09,0.022842652389692505));
#16626=FACE_SURFACE('',(#16631),#16627,.T.);
#16627=PLANE('',#16628);
#16628=AXIS2_PLACEMENT_3D('',#1334,#16629,#16630);
#16629=DIRECTION('',(-1.0322639908789015E-14,0.999999999999991,1.3435867384775398E-07));
#16630=DIRECTION('',(0.9997390725743411,3.0691188021907898E-09,-0.022842652389692505));
#16631=FACE_BOUND('',#16632,.T.);
#16632=EDGE_LOOP('',(#16633,#16634,#16635));
#16633=ORIENTED_EDGE('',*,*,#16636,.T.);
#16634=ORIENTED_EDGE('',*,*,#16637,.T.);
#16635=ORIENTED_EDGE('',*,*,#16638,.T.);
#16636=EDGE_CURVE('',#1335,#1431,#16639,.F.);
#16637=EDGE_CURVE('',#1431,#1433,#16640,.T.);
#16638=EDGE_CURVE('',#1433,#1335,#16641,.T.);
#16639=LINE('',#1334,#16642);
#16640=LINE('',#1430,#16643);
#16641=LINE('',#1432,#16644);
#16642=VECTOR('',#16645,1.0);
#16643=VECTOR('',#16646,1.0);
#16644=VECTOR('',#16647,1.0);
#16645=DIRECTION('',(0.9997390725743411,3.0691188021907898E-09,-0.022842652389692505));
#16646=DIRECTION('',(0.34429093030445546,1.261443927716189E-07,-0.9388630120044547));
#16647=DIRECTION('',(-0.9968745787497917,-1.0614408657793916E-08,0.0790004698873704));
#16648=FACE_SURFACE('',(#16653),#16649,.T.);
#16649=PLANE('',#16650);
#16650=AXIS2_PLACEMENT_3D('',#1334,#16651,#16652);
#16651=DIRECTION('',(8.942053713430265E-16,0.999999999999991,1.343588153885313E-07));
#16652=DIRECTION('',(0.9968745787497917,1.0614408657793916E-08,-0.0790004698873704));
#16653=FACE_BOUND('',#16654,.T.);
#16654=EDGE_LOOP('',(#16655,#16656,#16657));
#16655=ORIENTED_EDGE('',*,*,#16658,.T.);
#16656=ORIENTED_EDGE('',*,*,#16659,.T.);
#16657=ORIENTED_EDGE('',*,*,#16660,.T.);
#16658=EDGE_CURVE('',#1335,#1433,#16661,.F.);
#16659=EDGE_CURVE('',#1433,#1435,#16662,.T.);
#16660=EDGE_CURVE('',#1435,#1335,#16663,.T.);
#16661=LINE('',#1334,#16664);
#16662=LINE('',#1432,#16665);
#16663=LINE('',#1434,#16666);
#16664=VECTOR('',#16667,1.0);
#16665=VECTOR('',#16668,1.0);
#16666=VECTOR('',#16669,1.0);
#16667=DIRECTION('',(0.9968745787497917,1.0614408657793916E-08,-0.0790004698873704));
#16668=DIRECTION('',(0.5105672527856057,1.1552679075247223E-07,-0.8598378221402837));
#16669=DIRECTION('',(-0.991082170484928,-1.7903598052213172E-08,0.13325213449278628));
#16670=FACE_SURFACE('',(#16675),#16671,.T.);
#16671=PLANE('',#16672);
#16672=AXIS2_PLACEMENT_3D('',#1362,#16673,#16674);
#16673=DIRECTION('',(6.970105324083388E-15,0.999999999999991,1.3435886057892287E-07));
#16674=DIRECTION('',(-0.7210012872953818,-9.310178038060703E-08,0.6929337224572013));
#16675=FACE_BOUND('',#16676,.T.);
#16676=EDGE_LOOP('',(#16677,#16678,#16679));
#16677=ORIENTED_EDGE('',*,*,#16680,.T.);
#16678=ORIENTED_EDGE('',*,*,#16681,.T.);
#16679=ORIENTED_EDGE('',*,*,#16682,.T.);
#16680=EDGE_CURVE('',#1363,#1335,#16683,.F.);
#16681=EDGE_CURVE('',#1335,#1435,#16684,.T.);
#16682=EDGE_CURVE('',#1435,#1363,#16685,.T.);
#16683=LINE('',#1362,#16686);
#16684=LINE('',#1334,#16687);
#16685=LINE('',#1434,#16688);
#16686=VECTOR('',#16689,1.0);
#16687=VECTOR('',#16690,1.0);
#16688=VECTOR('',#16691,1.0);
#16689=DIRECTION('',(-0.7210012872953818,-9.310178038060703E-08,0.6929337224572013));
#16690=DIRECTION('',(0.991082170484928,1.7903598052213172E-08,-0.13325213449278628));
#16691=DIRECTION('',(0.4892527579921353,1.171800074136113E-07,-0.8721420404940214));
#16692=FACE_SURFACE('',(#16697),#16693,.T.);
#16693=PLANE('',#16694);
#16694=AXIS2_PLACEMENT_3D('',#1362,#16695,#16696);
#16695=DIRECTION('',(-1.2890393589228331E-14,0.999999999999991,1.3435884943761378E-07));
#16696=DIRECTION('',(-0.4892527579921353,-1.171800074136113E-07,0.8721420404940214));
#16697=FACE_BOUND('',#16698,.T.);
#16698=EDGE_LOOP('',(#16699,#16700,#16701));
#16699=ORIENTED_EDGE('',*,*,#16702,.T.);
#16700=ORIENTED_EDGE('',*,*,#16703,.T.);
#16701=ORIENTED_EDGE('',*,*,#16704,.T.);
#16702=EDGE_CURVE('',#1363,#1435,#16705,.F.);
#16703=EDGE_CURVE('',#1435,#1437,#16706,.T.);
#16704=EDGE_CURVE('',#1437,#1363,#16707,.T.);
#16705=LINE('',#1362,#16708);
#16706=LINE('',#1434,#16709);
#16707=LINE('',#1436,#16710);
#16708=VECTOR('',#16711,1.0);
#16709=VECTOR('',#16712,1.0);
#16710=VECTOR('',#16713,1.0);
#16711=DIRECTION('',(-0.4892527579921353,-1.171800074136113E-07,0.8721420404940214));
#16712=DIRECTION('',(0.6252391741296649,1.048581144846752E-07,-0.780433197098665));
#16713=DIRECTION('',(0.4835571641913595,1.176060247223906E-07,-0.8753127835003878));
#16714=FACE_SURFACE('',(#16719),#16715,.T.);
#16715=PLANE('',#16716);
#16716=AXIS2_PLACEMENT_3D('',#1438,#16717,#16718);
#16717=DIRECTION('',(1.0809096675027824E-13,0.999999999999991,1.3435891627246957E-07));
#16718=DIRECTION('',(-0.6278553735174276,-1.0457551097957071E-07,0.7783300263675305));
#16719=FACE_BOUND('',#16720,.T.);
#16720=EDGE_LOOP('',(#16721,#16722,#16723));
#16721=ORIENTED_EDGE('',*,*,#16724,.T.);
#16722=ORIENTED_EDGE('',*,*,#16725,.T.);
#16723=ORIENTED_EDGE('',*,*,#16726,.T.);
#16724=EDGE_CURVE('',#1439,#1363,#16727,.F.);
#16725=EDGE_CURVE('',#1363,#1437,#16728,.T.);
#16726=EDGE_CURVE('',#1437,#1439,#16729,.T.);
#16727=LINE('',#1438,#16730);
#16728=LINE('',#1362,#16731);
#16729=LINE('',#1436,#16732);
#16730=VECTOR('',#16733,1.0);
#16731=VECTOR('',#16734,1.0);
#16732=VECTOR('',#16735,1.0);
#16733=DIRECTION('',(-0.6278553735174276,-1.0457551097957071E-07,0.7783300263675305));
#16734=DIRECTION('',(-0.4835571641913595,-1.176060247223906E-07,0.8753127835003878));
#16735=DIRECTION('',(0.4966547498522306,1.1661652442194967E-07,-0.8679481893806823));
#16736=FACE_SURFACE('',(#16741),#16737,.T.);
#16737=PLANE('',#16738);
#16738=AXIS2_PLACEMENT_3D('',#1438,#16739,#16740);
#16739=DIRECTION('',(1.150989750142627E-13,0.9999999999999911,1.3435892028257177E-07));
#16740=DIRECTION('',(-0.4966547498522306,-1.1661652442194967E-07,0.8679481893806823));
#16741=FACE_BOUND('',#16742,.T.);
#16742=EDGE_LOOP('',(#16743,#16744,#16745));
#16743=ORIENTED_EDGE('',*,*,#16746,.T.);
#16744=ORIENTED_EDGE('',*,*,#16747,.T.);
#16745=ORIENTED_EDGE('',*,*,#16748,.T.);
#16746=EDGE_CURVE('',#1439,#1437,#16749,.F.);
#16747=EDGE_CURVE('',#1437,#1441,#16750,.T.);
#16748=EDGE_CURVE('',#1441,#1439,#16751,.T.);
#16749=LINE('',#1438,#16752);
#16750=LINE('',#1436,#16753);
#16751=LINE('',#1440,#16754);
#16752=VECTOR('',#16755,1.0);
#16753=VECTOR('',#16756,1.0);
#16754=VECTOR('',#16757,1.0);
#16755=DIRECTION('',(-0.4966547498522306,-1.1661652442194967E-07,0.8679481893806823));
#16756=DIRECTION('',(0.7020875138876783,9.567565280606962E-08,-0.7120906703805421));
#16757=DIRECTION('',(0.48672464005904204,1.1736991108856837E-07,-0.8735554503060364));
#16758=FACE_SURFACE('',(#16763),#16759,.T.);
#16759=PLANE('',#16760);
#16760=AXIS2_PLACEMENT_3D('',#1438,#16761,#16762);
#16761=DIRECTION('',(-2.8995306270695186E-13,0.9999999999999909,1.3435869459706145E-07));
#16762=DIRECTION('',(-0.48672464005904204,-1.1736991108856837E-07,0.8735554503060364));
#16763=FACE_BOUND('',#16764,.T.);
#16764=EDGE_LOOP('',(#16765,#16766,#16767));
#16765=ORIENTED_EDGE('',*,*,#16768,.T.);
#16766=ORIENTED_EDGE('',*,*,#16769,.T.);
#16767=ORIENTED_EDGE('',*,*,#16770,.T.);
#16768=EDGE_CURVE('',#1439,#1441,#16771,.F.);
#16769=EDGE_CURVE('',#1441,#1443,#16772,.T.);
#16770=EDGE_CURVE('',#1443,#1439,#16773,.T.);
#16771=LINE('',#1438,#16774);
#16772=LINE('',#1440,#16775);
#16773=LINE('',#1442,#16776);
#16774=VECTOR('',#16777,1.0);
#16775=VECTOR('',#16778,1.0);
#16776=VECTOR('',#16779,1.0);
#16777=DIRECTION('',(-0.48672464005904204,-1.1736991108856837E-07,0.8735554503060364));
#16778=DIRECTION('',(0.7538345444197342,8.82825186885257E-08,-0.6570642888176803));
#16779=DIRECTION('',(0.47048088349789097,1.185596172526275E-07,-0.8824101870802659));
#16780=FACE_SURFACE('',(#16785),#16781,.T.);
#16781=PLANE('',#16782);
#16782=AXIS2_PLACEMENT_3D('',#1438,#16783,#16784);
#16783=DIRECTION('',(-1.517553347566693E-14,0.9999999999999909,1.3435884110214135E-07));
#16784=DIRECTION('',(-0.47048088349789097,-1.185596172526275E-07,0.8824101870802659));
#16785=FACE_BOUND('',#16786,.T.);
#16786=EDGE_LOOP('',(#16787,#16788,#16789));
#16787=ORIENTED_EDGE('',*,*,#16790,.T.);
#16788=ORIENTED_EDGE('',*,*,#16791,.T.);
#16789=ORIENTED_EDGE('',*,*,#16792,.T.);
#16790=EDGE_CURVE('',#1439,#1443,#16793,.F.);
#16791=EDGE_CURVE('',#1443,#1445,#16794,.T.);
#16792=EDGE_CURVE('',#1445,#1439,#16795,.T.);
#16793=LINE('',#1438,#16796);
#16794=LINE('',#1442,#16797);
#16795=LINE('',#1444,#16798);
#16796=VECTOR('',#16799,1.0);
#16797=VECTOR('',#16800,1.0);
#16798=VECTOR('',#16801,1.0);
#16799=DIRECTION('',(-0.47048088349789097,-1.185596172526275E-07,0.8824101870802659));
#16800=DIRECTION('',(0.7893237326136769,8.24932817398878E-08,-0.6139772350281449));
#16801=DIRECTION('',(0.446244253135931,1.2023923929337705E-07,-0.8949112059546135));
#16802=FACE_SURFACE('',(#16807),#16803,.T.);
#16803=PLANE('',#16804);
#16804=AXIS2_PLACEMENT_3D('',#1438,#16805,#16806);
#16805=DIRECTION('',(-5.559218622791583E-14,0.9999999999999909,1.3435882094852287E-07));
#16806=DIRECTION('',(-0.446244253135931,-1.2023923929337705E-07,0.8949112059546135));
#16807=FACE_BOUND('',#16808,.T.);
#16808=EDGE_LOOP('',(#16809,#16810,#16811));
#16809=ORIENTED_EDGE('',*,*,#16812,.T.);
#16810=ORIENTED_EDGE('',*,*,#16813,.T.);
#16811=ORIENTED_EDGE('',*,*,#16814,.T.);
#16812=EDGE_CURVE('',#1439,#1445,#16815,.F.);
#16813=EDGE_CURVE('',#1445,#1447,#16816,.T.);
#16814=EDGE_CURVE('',#1447,#1439,#16817,.T.);
#16815=LINE('',#1438,#16818);
#16816=LINE('',#1444,#16819);
#16817=LINE('',#1446,#16820);
#16818=VECTOR('',#16821,1.0);
#16819=VECTOR('',#16822,1.0);
#16820=VECTOR('',#16823,1.0);
#16821=DIRECTION('',(-0.446244253135931,-1.2023923929337705E-07,0.8949112059546135));
#16822=DIRECTION('',(0.8141894888091005,7.800867445653337E-08,-0.5805992389874187));
#16823=DIRECTION('',(0.41146166842331583,1.2245828875253007E-07,-0.9114270653312234));
#16824=FACE_SURFACE('',(#16829),#16825,.T.);
#16825=PLANE('',#16826);
#16826=AXIS2_PLACEMENT_3D('',#1438,#16827,#16828);
#16827=DIRECTION('',(1.80484928975226E-13,0.999999999999991,1.343589275249974E-07));
#16828=DIRECTION('',(-0.41146166842331583,-1.2245828875253007E-07,0.9114270653312234));
#16829=FACE_BOUND('',#16830,.T.);
#16830=EDGE_LOOP('',(#16831,#16832,#16833));
#16831=ORIENTED_EDGE('',*,*,#16834,.T.);
#16832=ORIENTED_EDGE('',*,*,#16835,.T.);
#16833=ORIENTED_EDGE('',*,*,#16836,.T.);
#16834=EDGE_CURVE('',#1439,#1447,#16837,.F.);
#16835=EDGE_CURVE('',#1447,#1279,#16838,.T.);
#16836=EDGE_CURVE('',#1279,#1439,#16839,.T.);
#16837=LINE('',#1438,#16840);
#16838=LINE('',#1446,#16841);
#16839=LINE('',#1278,#16842);
#16840=VECTOR('',#16843,1.0);
#16841=VECTOR('',#16844,1.0);
#16842=VECTOR('',#16845,1.0);
#16843=DIRECTION('',(-0.41146166842331583,-1.2245828875253007E-07,0.9114270653312234));
#16844=DIRECTION('',(0.8319591292218769,7.454714330697334E-08,-0.5548369195577839));
#16845=DIRECTION('',(0.3622115806846952,1.2523534039052971E-07,-0.9320959021570039));
#16846=FACE_SURFACE('',(#16851),#16847,.T.);
#16847=PLANE('',#16848);
#16848=AXIS2_PLACEMENT_3D('',#1438,#16849,#16850);
#16849=DIRECTION('',(-6.486974989827359E-16,0.9999999999999908,1.3435885713664254E-07));
#16850=DIRECTION('',(-0.3622115806846952,-1.2523534039052971E-07,0.9320959021570039));
#16851=FACE_BOUND('',#16852,.T.);
#16852=EDGE_LOOP('',(#16853,#16854,#16855));
#16853=ORIENTED_EDGE('',*,*,#16856,.T.);
#16854=ORIENTED_EDGE('',*,*,#16857,.T.);
#16855=ORIENTED_EDGE('',*,*,#16858,.T.);
#16856=EDGE_CURVE('',#1439,#1279,#16859,.F.);
#16857=EDGE_CURVE('',#1279,#1201,#16860,.T.);
#16858=EDGE_CURVE('',#1201,#1439,#16861,.T.);
#16859=LINE('',#1438,#16862);
#16860=LINE('',#1278,#16863);
#16861=LINE('',#1200,#16864);
#16862=VECTOR('',#16865,1.0);
#16863=VECTOR('',#16866,1.0);
#16864=VECTOR('',#16867,1.0);
#16865=DIRECTION('',(-0.3622115806846952,-1.2523534039052971E-07,0.9320959021570039));
#16866=DIRECTION('',(0.8334673578717632,7.424249897159889E-08,-0.5525686956046791));
#16867=DIRECTION('',(-0.45659334094441384,1.1953578504726312E-07,-0.8896755144462524));
#16868=FACE_SURFACE('',(#16873),#16869,.T.);
#16869=PLANE('',#16870);
#16870=AXIS2_PLACEMENT_3D('',#1232,#16871,#16872);
#16871=DIRECTION('',(-1.787288707548499E-13,0.9999999999999909,1.3435870327378736E-07));
#16872=DIRECTION('',(-0.6320924812146869,-1.041137258849472E-07,0.7748929572475478));
#16873=FACE_BOUND('',#16874,.T.);
#16874=EDGE_LOOP('',(#16875,#16876,#16877));
#16875=ORIENTED_EDGE('',*,*,#16878,.T.);
#16876=ORIENTED_EDGE('',*,*,#16879,.T.);
#16877=ORIENTED_EDGE('',*,*,#16880,.T.);
#16878=EDGE_CURVE('',#1233,#1419,#16881,.F.);
#16879=EDGE_CURVE('',#1419,#1449,#16882,.T.);
#16880=EDGE_CURVE('',#1449,#1233,#16883,.T.);
#16881=LINE('',#1232,#16884);
#16882=LINE('',#1418,#16885);
#16883=LINE('',#1448,#16886);
#16884=VECTOR('',#16887,1.0);
#16885=VECTOR('',#16888,1.0);
#16886=VECTOR('',#16889,1.0);
#16887=DIRECTION('',(-0.6320924812146869,-1.041137258849472E-07,0.7748929572475478));
#16888=DIRECTION('',(0.7758789066827273,-8.476433005112688E-08,0.630881860703578));
#16889=DIRECTION('',(0.5648837780148986,1.1086893633015696E-07,-0.8251704777411771));
#16890=FACE_SURFACE('',(#16895),#16891,.T.);
#16891=PLANE('',#16892);
#16892=AXIS2_PLACEMENT_3D('',#1232,#16893,#16894);
#16893=DIRECTION('',(2.6496387316826676E-14,0.9999999999999911,1.3435884376405234E-07));
#16894=DIRECTION('',(-0.5648837780148986,-1.1086893633015696E-07,0.8251704777411771));
#16895=FACE_BOUND('',#16896,.T.);
#16896=EDGE_LOOP('',(#16897,#16898,#16899));
#16897=ORIENTED_EDGE('',*,*,#16900,.T.);
#16898=ORIENTED_EDGE('',*,*,#16901,.T.);
#16899=ORIENTED_EDGE('',*,*,#16902,.T.);
#16900=EDGE_CURVE('',#1233,#1449,#16903,.F.);
#16901=EDGE_CURVE('',#1449,#1451,#16904,.T.);
#16902=EDGE_CURVE('',#1451,#1233,#16905,.T.);
#16903=LINE('',#1232,#16906);
#16904=LINE('',#1448,#16907);
#16905=LINE('',#1450,#16908);
#16906=VECTOR('',#16909,1.0);
#16907=VECTOR('',#16910,1.0);
#16908=VECTOR('',#16911,1.0);
#16909=DIRECTION('',(-0.5648837780148986,-1.1086893633015696E-07,0.8251704777411771));
#16910=DIRECTION('',(0.6774606348548182,-9.882887888808814E-08,0.7355590310927446));
#16911=DIRECTION('',(0.49878075317104575,1.1645258463198955E-07,-0.8667281928413952));
#16912=FACE_SURFACE('',(#16917),#16913,.T.);
#16913=PLANE('',#16914);
#16914=AXIS2_PLACEMENT_3D('',#1438,#16915,#16916);
#16915=DIRECTION('',(2.0002814640916705E-14,0.999999999999991,1.3435884653801104E-07));
#16916=DIRECTION('',(0.45659334094441384,-1.1953578504726312E-07,0.8896755144462524));
#16917=FACE_BOUND('',#16918,.T.);
#16918=EDGE_LOOP('',(#16919,#16920,#16921));
#16919=ORIENTED_EDGE('',*,*,#16922,.T.);
#16920=ORIENTED_EDGE('',*,*,#16923,.T.);
#16921=ORIENTED_EDGE('',*,*,#16924,.T.);
#16922=EDGE_CURVE('',#1439,#1201,#16925,.F.);
#16923=EDGE_CURVE('',#1201,#1233,#16926,.T.);
#16924=EDGE_CURVE('',#1233,#1439,#16927,.T.);
#16925=LINE('',#1438,#16928);
#16926=LINE('',#1200,#16929);
#16927=LINE('',#1232,#16930);
#16928=VECTOR('',#16931,1.0);
#16929=VECTOR('',#16932,1.0);
#16930=VECTOR('',#16933,1.0);
#16931=DIRECTION('',(0.45659334094441384,-1.1953578504726312E-07,0.8896755144462524));
#16932=DIRECTION('',(-0.010954407466513239,1.3435078504877578E-07,-0.9999399986784405));
#16933=DIRECTION('',(-0.312759368083024,-1.2761837867584393E-07,0.9498323945182598));
#16934=FACE_SURFACE('',(#16939),#16935,.T.);
#16935=PLANE('',#16936);
#16936=AXIS2_PLACEMENT_3D('',#1452,#16937,#16938);
#16937=DIRECTION('',(-7.123499583861831E-13,0.9999999999999909,1.3435860539000244E-07));
#16938=DIRECTION('',(-0.2661712692012369,-1.29511909351109E-07,0.9639257520430636));
#16939=FACE_BOUND('',#16940,.T.);
#16940=EDGE_LOOP('',(#16941,#16942,#16943));
#16941=ORIENTED_EDGE('',*,*,#16944,.T.);
#16942=ORIENTED_EDGE('',*,*,#16945,.T.);
#16943=ORIENTED_EDGE('',*,*,#16946,.T.);
#16944=EDGE_CURVE('',#1453,#1439,#16947,.F.);
#16945=EDGE_CURVE('',#1439,#1233,#16948,.T.);
#16946=EDGE_CURVE('',#1233,#1453,#16949,.T.);
#16947=LINE('',#1452,#16950);
#16948=LINE('',#1438,#16951);
#16949=LINE('',#1232,#16952);
#16950=VECTOR('',#16953,1.0);
#16951=VECTOR('',#16954,1.0);
#16952=VECTOR('',#16955,1.0);
#16953=DIRECTION('',(-0.2661712692012369,-1.29511909351109E-07,0.9639257520430636));
#16954=DIRECTION('',(0.312759368083024,1.2761837867584393E-07,-0.9498323945182598));
#16955=DIRECTION('',(-0.31933053407021794,-1.2732427285424818E-07,0.9476433981252721));
#16956=FACE_SURFACE('',(#16961),#16957,.T.);
#16957=PLANE('',#16958);
#16958=AXIS2_PLACEMENT_3D('',#1232,#16959,#16960);
#16959=DIRECTION('',(2.647391097848845E-13,0.999999999999991,1.3435898086687845E-07));
#16960=DIRECTION('',(-0.49878075317104575,-1.1645258463198955E-07,0.8667281928413952));
#16961=FACE_BOUND('',#16962,.T.);
#16962=EDGE_LOOP('',(#16963,#16964,#16965));
#16963=ORIENTED_EDGE('',*,*,#16966,.T.);
#16964=ORIENTED_EDGE('',*,*,#16967,.T.);
#16965=ORIENTED_EDGE('',*,*,#16968,.T.);
#16966=EDGE_CURVE('',#1233,#1451,#16969,.F.);
#16967=EDGE_CURVE('',#1451,#1455,#16970,.T.);
#16968=EDGE_CURVE('',#1455,#1233,#16971,.T.);
#16969=LINE('',#1232,#16972);
#16970=LINE('',#1450,#16973);
#16971=LINE('',#1454,#16974);
#16972=VECTOR('',#16975,1.0);
#16973=VECTOR('',#16976,1.0);
#16974=VECTOR('',#16977,1.0);
#16975=DIRECTION('',(-0.49878075317104575,-1.1645258463198955E-07,0.8667281928413952));
#16976=DIRECTION('',(0.5533220642974438,-1.1191679774363966E-07,0.8329674022202808));
#16977=DIRECTION('',(0.4383978091391273,1.207591887259325E-07,-0.8987810417126069));
#16978=FACE_SURFACE('',(#16983),#16979,.T.);
#16979=PLANE('',#16980);
#16980=AXIS2_PLACEMENT_3D('',#1232,#16981,#16982);
#16981=DIRECTION('',(-9.713015989077623E-14,0.999999999999991,1.3435880435815398E-07));
#16982=DIRECTION('',(-0.4383978091391273,-1.207591887259325E-07,0.8987810417126069));
#16983=FACE_BOUND('',#16984,.T.);
#16984=EDGE_LOOP('',(#16985,#16986,#16987));
#16985=ORIENTED_EDGE('',*,*,#16988,.T.);
#16986=ORIENTED_EDGE('',*,*,#16989,.T.);
#16987=ORIENTED_EDGE('',*,*,#16990,.T.);
#16988=EDGE_CURVE('',#1233,#1455,#16991,.F.);
#16989=EDGE_CURVE('',#1455,#1457,#16992,.T.);
#16990=EDGE_CURVE('',#1457,#1233,#16993,.T.);
#16991=LINE('',#1232,#16994);
#16992=LINE('',#1454,#16995);
#16993=LINE('',#1456,#16996);
#16994=VECTOR('',#16997,1.0);
#16995=VECTOR('',#16998,1.0);
#16996=VECTOR('',#16999,1.0);
#16997=DIRECTION('',(-0.4383978091391273,-1.207591887259325E-07,0.8987810417126069));
#16998=DIRECTION('',(0.4061388415929464,-1.2277856520759766E-07,0.9138113817137126));
#16999=DIRECTION('',(0.3872604987298734,1.2387487002570212E-07,-0.9219703390692535));
#17000=FACE_SURFACE('',(#17005),#17001,.T.);
#17001=PLANE('',#17002);
#17002=AXIS2_PLACEMENT_3D('',#1458,#17003,#17004);
#17003=DIRECTION('',(2.740733973607159E-13,0.9999999999999909,1.3435893778834717E-07));
#17004=DIRECTION('',(0.07924424700451818,-1.339364315326645E-07,0.9968552298687453));
#17005=FACE_BOUND('',#17006,.T.);
#17006=EDGE_LOOP('',(#17007,#17008,#17009));
#17007=ORIENTED_EDGE('',*,*,#17010,.T.);
#17008=ORIENTED_EDGE('',*,*,#17011,.T.);
#17009=ORIENTED_EDGE('',*,*,#17012,.T.);
#17010=EDGE_CURVE('',#1459,#1453,#17013,.F.);
#17011=EDGE_CURVE('',#1453,#1233,#17014,.T.);
#17012=EDGE_CURVE('',#1233,#1459,#17015,.T.);
#17013=LINE('',#1458,#17016);
#17014=LINE('',#1452,#17017);
#17015=LINE('',#1232,#17018);
#17016=VECTOR('',#17019,1.0);
#17017=VECTOR('',#17020,1.0);
#17018=VECTOR('',#17021,1.0);
#17019=DIRECTION('',(0.07924424700451818,-1.339364315326645E-07,0.9968552298687453));
#17020=DIRECTION('',(0.31933053407021794,1.2732427285424818E-07,-0.9476433981252721));
#17021=DIRECTION('',(-0.347372798662046,-1.2599192365346016E-07,0.9377271131569578));
#17022=FACE_SURFACE('',(#17027),#17023,.T.);
#17023=PLANE('',#17024);
#17024=AXIS2_PLACEMENT_3D('',#1232,#17025,#17026);
#17025=DIRECTION('',(-1.793754590458233E-13,0.999999999999991,1.3435876981218863E-07));
#17026=DIRECTION('',(-0.3872604987298734,-1.2387487002570212E-07,0.9219703390692535));
#17027=FACE_BOUND('',#17028,.T.);
#17028=EDGE_LOOP('',(#17029,#17030,#17031));
#17029=ORIENTED_EDGE('',*,*,#17032,.T.);
#17030=ORIENTED_EDGE('',*,*,#17033,.T.);
#17031=ORIENTED_EDGE('',*,*,#17034,.T.);
#17032=EDGE_CURVE('',#1233,#1457,#17035,.F.);
#17033=EDGE_CURVE('',#1457,#1459,#17036,.T.);
#17034=EDGE_CURVE('',#1459,#1233,#17037,.T.);
#17035=LINE('',#1232,#17038);
#17036=LINE('',#1456,#17039);
#17037=LINE('',#1458,#17040);
#17038=VECTOR('',#17041,1.0);
#17039=VECTOR('',#17042,1.0);
#17040=VECTOR('',#17043,1.0);
#17041=DIRECTION('',(-0.3872604987298734,-1.2387487002570212E-07,0.9219703390692535));
#17042=DIRECTION('',(0.24410667913879058,-1.3029415617922198E-07,0.9697483844790948));
#17043=DIRECTION('',(0.347372798662046,1.2599192365346016E-07,-0.9377271131569578));
#17044=FACE_SURFACE('',(#17049),#17045,.T.);
#17045=PLANE('',#17046);
#17046=AXIS2_PLACEMENT_3D('',#1460,#17047,#17048);
#17047=DIRECTION('',(1.0954463688948697E-13,0.9999999999999909,1.3435886811709806E-07));
#17048=DIRECTION('',(0.9989625148864236,-6.118815606823354E-09,0.045540024723226234));
#17049=FACE_BOUND('',#17050,.T.);
#17050=EDGE_LOOP('',(#17051,#17052,#17053));
#17051=ORIENTED_EDGE('',*,*,#17054,.T.);
#17052=ORIENTED_EDGE('',*,*,#17055,.T.);
#17053=ORIENTED_EDGE('',*,*,#17056,.T.);
#17054=EDGE_CURVE('',#1461,#1463,#17057,.F.);
#17055=EDGE_CURVE('',#1463,#1465,#17058,.T.);
#17056=EDGE_CURVE('',#1465,#1461,#17059,.T.);
#17057=LINE('',#1460,#17060);
#17058=LINE('',#1462,#17061);
#17059=LINE('',#1464,#17062);
#17060=VECTOR('',#17063,1.0);
#17061=VECTOR('',#17064,1.0);
#17062=VECTOR('',#17065,1.0);
#17063=DIRECTION('',(0.9989625148864236,-6.118815606823354E-09,0.045540024723226234));
#17064=DIRECTION('',(0.040744611114522614,1.3424729118239006E-07,-0.999169593545114));
#17065=DIRECTION('',(-0.13203940018541382,-1.3318247038242465E-07,0.9912444687354671));
#17066=FACE_SURFACE('',(#17071),#17067,.T.);
#17067=PLANE('',#17068);
#17068=AXIS2_PLACEMENT_3D('',#1464,#17069,#17070);
#17069=DIRECTION('',(0,0.999999999999991,1.3435695487389631E-07));
#17070=DIRECTION('',(-0.9989681638201201,6.101947501386063E-09,-0.045415940746149894));
#17071=FACE_BOUND('',#17072,.T.);
#17072=EDGE_LOOP('',(#17073,#17074,#17075));
#17073=ORIENTED_EDGE('',*,*,#17076,.T.);
#17074=ORIENTED_EDGE('',*,*,#17077,.T.);
#17075=ORIENTED_EDGE('',*,*,#17078,.T.);
#17076=EDGE_CURVE('',#1465,#1467,#17079,.F.);
#17077=EDGE_CURVE('',#1467,#1469,#17080,.T.);
#17078=EDGE_CURVE('',#1469,#1465,#17081,.T.);
#17079=LINE('',#1464,#17082);
#17080=LINE('',#1466,#17083);
#17081=LINE('',#1468,#17084);
#17082=VECTOR('',#17085,1.0);
#17083=VECTOR('',#17086,1.0);
#17084=VECTOR('',#17087,1.0);
#17085=DIRECTION('',(-0.9989681638201201,6.101947501386063E-09,-0.045415940746149894));
#17086=DIRECTION('',(-1,0,0));
#17087=DIRECTION('',(0.9999708307321007,-1.0262064680310578E-09,0.007637911033293494));
#17088=FACE_SURFACE('',(#17093),#17089,.T.);
#17089=PLANE('',#17090);
#17090=AXIS2_PLACEMENT_3D('',#1468,#17091,#17092);
#17091=DIRECTION('',(0,0.999999999999991,1.3435884920832442E-07));
#17092=DIRECTION('',(0,1.3435884920832442E-07,-0.9999999999999909));
#17093=FACE_BOUND('',#17094,.T.);
#17094=EDGE_LOOP('',(#17095,#17096,#17097));
#17095=ORIENTED_EDGE('',*,*,#17098,.T.);
#17096=ORIENTED_EDGE('',*,*,#17099,.T.);
#17097=ORIENTED_EDGE('',*,*,#17100,.T.);
#17098=EDGE_CURVE('',#1469,#1471,#17101,.F.);
#17099=EDGE_CURVE('',#1471,#1473,#17102,.T.);
#17100=EDGE_CURVE('',#1473,#1469,#17103,.T.);
#17101=LINE('',#1468,#17104);
#17102=LINE('',#1470,#17105);
#17103=LINE('',#1472,#17106);
#17104=VECTOR('',#17107,1.0);
#17105=VECTOR('',#17108,1.0);
#17106=VECTOR('',#17109,1.0);
#17107=DIRECTION('',(0,1.3435884920832442E-07,-0.9999999999999909));
#17108=DIRECTION('',(-1,0,0));
#17109=DIRECTION('',(0.3152625401158991,-1.2750715179001304E-07,0.9490044946150965));
#17110=FACE_SURFACE('',(#17115),#17111,.T.);
#17111=PLANE('',#17112);
#17112=AXIS2_PLACEMENT_3D('',#1474,#17113,#17114);
#17113=DIRECTION('',(-0,0.999999999999991,1.3435858268612648E-07));
#17114=DIRECTION('',(1,0,0));
#17115=FACE_BOUND('',#17116,.T.);
#17116=EDGE_LOOP('',(#17117,#17118,#17119));
#17117=ORIENTED_EDGE('',*,*,#17120,.T.);
#17118=ORIENTED_EDGE('',*,*,#17121,.T.);
#17119=ORIENTED_EDGE('',*,*,#17122,.T.);
#17120=EDGE_CURVE('',#1475,#1477,#17123,.F.);
#17121=EDGE_CURVE('',#1477,#1479,#17124,.T.);
#17122=EDGE_CURVE('',#1479,#1475,#17125,.T.);
#17123=LINE('',#1474,#17126);
#17124=LINE('',#1476,#17127);
#17125=LINE('',#1478,#17128);
#17126=VECTOR('',#17129,1.0);
#17127=VECTOR('',#17130,1.0);
#17128=VECTOR('',#17131,1.0);
#17129=DIRECTION('',(1,0,0));
#17130=DIRECTION('',(0.9987305254241918,6.767909462692453E-09,-0.05037199207811552));
#17131=DIRECTION('',(-0.9999739561384136,-9.696840974373452E-10,0.007217135504492514));
#17132=FACE_SURFACE('',(#17137),#17133,.T.);
#17133=PLANE('',#17134);
#17134=AXIS2_PLACEMENT_3D('',#1478,#17135,#17136);
#17135=DIRECTION('',(-9.431421658143118E-14,0.9999999999999911,1.3435845351897777E-07));
#17136=DIRECTION('',(0.9871229201295091,2.1492549652103476E-08,-0.1599635600847597));
#17137=FACE_BOUND('',#17138,.T.);
#17138=EDGE_LOOP('',(#17139,#17140,#17141));
#17139=ORIENTED_EDGE('',*,*,#17142,.T.);
#17140=ORIENTED_EDGE('',*,*,#17143,.T.);
#17141=ORIENTED_EDGE('',*,*,#17144,.T.);
#17142=EDGE_CURVE('',#1479,#1481,#17145,.F.);
#17143=EDGE_CURVE('',#1481,#1483,#17146,.T.);
#17144=EDGE_CURVE('',#1483,#1479,#17147,.T.);
#17145=LINE('',#1478,#17148);
#17146=LINE('',#1480,#17149);
#17147=LINE('',#1482,#17150);
#17148=VECTOR('',#17151,1.0);
#17149=VECTOR('',#17152,1.0);
#17150=VECTOR('',#17153,1.0);
#17151=DIRECTION('',(0.9871229201295091,2.1492549652103476E-08,-0.1599635600847597));
#17152=DIRECTION('',(0.9602346016590345,3.751221760543142E-08,-0.27919439424299713));
#17153=DIRECTION('',(-0.9760365743936072,-2.923736999569E-08,0.21760653815083672));
#17154=FACE_SURFACE('',(#17159),#17155,.T.);
#17155=PLANE('',#17156);
#17156=AXIS2_PLACEMENT_3D('',#1482,#17157,#17158);
#17157=DIRECTION('',(-2.0527966347433492E-13,0.9999999999999909,1.3435845270270871E-07));
#17158=DIRECTION('',(0.9144960819102903,5.43609130468338E-08,-0.40459475549087953));
#17159=FACE_BOUND('',#17160,.T.);
#17160=EDGE_LOOP('',(#17161,#17162,#17163));
#17161=ORIENTED_EDGE('',*,*,#17164,.T.);
#17162=ORIENTED_EDGE('',*,*,#17165,.T.);
#17163=ORIENTED_EDGE('',*,*,#17166,.T.);
#17164=EDGE_CURVE('',#1483,#1485,#17167,.F.);
#17165=EDGE_CURVE('',#1485,#1487,#17168,.T.);
#17166=EDGE_CURVE('',#1487,#1483,#17169,.T.);
#17167=LINE('',#1482,#17170);
#17168=LINE('',#1484,#17171);
#17169=LINE('',#1486,#17172);
#17170=VECTOR('',#17173,1.0);
#17171=VECTOR('',#17174,1.0);
#17172=VECTOR('',#17175,1.0);
#17173=DIRECTION('',(0.9144960819102903,5.43609130468338E-08,-0.40459475549087953));
#17174=DIRECTION('',(0.8475978600064327,7.129602409335447E-08,-0.5306391124978544));
#17175=DIRECTION('',(-0.8842463261769096,-6.274837459413204E-08,0.46702080750501335));
#17176=FACE_SURFACE('',(#17181),#17177,.T.);
#17177=PLANE('',#17178);
#17178=AXIS2_PLACEMENT_3D('',#1486,#17179,#17180);
#17179=DIRECTION('',(1.9559321821100338E-14,0.999999999999991,1.3435888649244095E-07));
#17180=DIRECTION('',(0.7596248679226247,8.738182996688615E-08,-0.6503614841251959));
#17181=FACE_BOUND('',#17182,.T.);
#17182=EDGE_LOOP('',(#17183,#17184,#17185));
#17183=ORIENTED_EDGE('',*,*,#17186,.T.);
#17184=ORIENTED_EDGE('',*,*,#17187,.T.);
#17185=ORIENTED_EDGE('',*,*,#17188,.T.);
#17186=EDGE_CURVE('',#1487,#1489,#17189,.F.);
#17187=EDGE_CURVE('',#1489,#1491,#17190,.T.);
#17188=EDGE_CURVE('',#1491,#1487,#17191,.T.);
#17189=LINE('',#1486,#17192);
#17190=LINE('',#1488,#17193);
#17191=LINE('',#1490,#17194);
#17192=VECTOR('',#17195,1.0);
#17193=VECTOR('',#17196,1.0);
#17194=VECTOR('',#17197,1.0);
#17195=DIRECTION('',(0.7596248679226247,8.738182996688615E-08,-0.6503614841251959));
#17196=DIRECTION('',(0.6536377152783253,1.0168381308533314E-07,-0.7568075958694659));
#17197=DIRECTION('',(-0.7092799506056411,-9.471318112062747E-08,0.7049269122886787));
#17198=FACE_SURFACE('',(#17203),#17199,.T.);
#17199=PLANE('',#17200);
#17200=AXIS2_PLACEMENT_3D('',#1490,#17201,#17202);
#17201=DIRECTION('',(4.937376451504299E-13,0.9999999999999911,1.3435912894150164E-07));
#17202=DIRECTION('',(0.535173828542695,1.1349852923385332E-07,-0.8447419566015064));
#17203=FACE_BOUND('',#17204,.T.);
#17204=EDGE_LOOP('',(#17205,#17206,#17207));
#17205=ORIENTED_EDGE('',*,*,#17208,.T.);
#17206=ORIENTED_EDGE('',*,*,#17209,.T.);
#17207=ORIENTED_EDGE('',*,*,#17210,.T.);
#17208=EDGE_CURVE('',#1491,#1493,#17211,.F.);
#17209=EDGE_CURVE('',#1493,#1495,#17212,.T.);
#17210=EDGE_CURVE('',#1495,#1491,#17213,.T.);
#17211=LINE('',#1490,#17214);
#17212=LINE('',#1492,#17215);
#17213=LINE('',#1494,#17216);
#17214=VECTOR('',#17217,1.0);
#17215=VECTOR('',#17218,1.0);
#17216=VECTOR('',#17219,1.0);
#17217=DIRECTION('',(0.535173828542695,1.1349852923385332E-07,-0.8447419566015064));
#17218=DIRECTION('',(0.41079134843698334,1.2249896292358748E-07,-0.911729383122706));
#17219=DIRECTION('',(-0.47399510570315073,-1.1830667094347328E-07,0.8805274781455971));
#17220=FACE_SURFACE('',(#17225),#17221,.T.);
#17221=PLANE('',#17222);
#17222=AXIS2_PLACEMENT_3D('',#1494,#17223,#17224);
#17223=DIRECTION('',(-7.95165826886888E-14,0.999999999999991,1.3435883118653364E-07));
#17224=DIRECTION('',(0.2864595810068624,1.2872818810047413E-07,-0.9580923277270078));
#17225=FACE_BOUND('',#17226,.T.);
#17226=EDGE_LOOP('',(#17227,#17228,#17229));
#17227=ORIENTED_EDGE('',*,*,#17230,.T.);
#17228=ORIENTED_EDGE('',*,*,#17231,.T.);
#17229=ORIENTED_EDGE('',*,*,#17232,.T.);
#17230=EDGE_CURVE('',#1495,#1497,#17233,.F.);
#17231=EDGE_CURVE('',#1497,#1499,#17234,.T.);
#17232=EDGE_CURVE('',#1499,#1495,#17235,.T.);
#17233=LINE('',#1494,#17236);
#17234=LINE('',#1496,#17237);
#17235=LINE('',#1498,#17238);
#17236=VECTOR('',#17239,1.0);
#17237=VECTOR('',#17240,1.0);
#17238=VECTOR('',#17241,1.0);
#17239=DIRECTION('',(0.2864595810068624,1.2872818810047413E-07,-0.9580923277270078));
#17240=DIRECTION('',(0.16654171321139755,1.324824440839849E-07,-0.9860344100286739));
#17241=DIRECTION('',(-0.22621436173367784,-1.3087593834125965E-07,0.9740775444210833));
#17242=FACE_SURFACE('',(#17247),#17243,.T.);
#17243=PLANE('',#17244);
#17244=AXIS2_PLACEMENT_3D('',#1498,#17245,#17246);
#17245=DIRECTION('',(8.700457724173786E-13,0.999999999999991,1.343588418209988E-07));
#17246=DIRECTION('',(0.053576876481497775,1.3416581932580475E-07,-0.9985637277141947));
#17247=FACE_BOUND('',#17248,.T.);
#17248=EDGE_LOOP('',(#17249,#17250,#17251));
#17249=ORIENTED_EDGE('',*,*,#17252,.T.);
#17250=ORIENTED_EDGE('',*,*,#17253,.T.);
#17251=ORIENTED_EDGE('',*,*,#17254,.T.);
#17252=EDGE_CURVE('',#1499,#1501,#17255,.F.);
#17253=EDGE_CURVE('',#1501,#1503,#17256,.T.);
#17254=EDGE_CURVE('',#1503,#1499,#17257,.T.);
#17255=LINE('',#1498,#17258);
#17256=LINE('',#1500,#17259);
#17257=LINE('',#1502,#17260);
#17258=VECTOR('',#17261,1.0);
#17259=VECTOR('',#17262,1.0);
#17260=VECTOR('',#17263,1.0);
#17261=DIRECTION('',(0.053576876481497775,1.3416581932580475E-07,-0.9985637277141947));
#17262=DIRECTION('',(-0.057389014294745494,1.341374539223641E-07,-0.9983518923897824));
#17263=DIRECTION('',(0.0015901425003022483,-1.343586733376504E-07,0.9999987357226062));
#17264=FACE_SURFACE('',(#17269),#17265,.T.);
#17265=PLANE('',#17266);
#17266=AXIS2_PLACEMENT_3D('',#1502,#17267,#17268);
#17267=DIRECTION('',(-4.614809534919671E-13,0.999999999999991,1.3435894912681176E-07));
#17268=DIRECTION('',(-0.178861212083969,1.3219223643343428E-07,-0.983874314540143));
#17269=FACE_BOUND('',#17270,.T.);
#17270=EDGE_LOOP('',(#17271,#17272,#17273));
#17271=ORIENTED_EDGE('',*,*,#17274,.T.);
#17272=ORIENTED_EDGE('',*,*,#17275,.T.);
#17273=ORIENTED_EDGE('',*,*,#17276,.T.);
#17274=EDGE_CURVE('',#1503,#1505,#17277,.F.);
#17275=EDGE_CURVE('',#1505,#1507,#17278,.T.);
#17276=EDGE_CURVE('',#1507,#1503,#17279,.T.);
#17277=LINE('',#1502,#17280);
#17278=LINE('',#1504,#17281);
#17279=LINE('',#1506,#17282);
#17280=VECTOR('',#17283,1.0);
#17281=VECTOR('',#17284,1.0);
#17282=VECTOR('',#17285,1.0);
#17283=DIRECTION('',(-0.178861212083969,1.3219223643343428E-07,-0.983874314540143));
#17284=DIRECTION('',(-0.30751606251464497,1.2784816082157063E-07,-0.9515428898875092));
#17285=DIRECTION('',(0.24297428685860425,-1.303324660002104E-07,0.9700327293063548));
#17286=FACE_SURFACE('',(#17291),#17287,.T.);
#17287=PLANE('',#17288);
#17288=AXIS2_PLACEMENT_3D('',#1506,#17289,#17290);
#17289=DIRECTION('',(9.656497614764581E-14,0.9999999999999909,1.3435880366068717E-07));
#17290=DIRECTION('',(-0.4392215595953773,1.20705139723176E-07,-0.8983787740071499));
#17291=FACE_BOUND('',#17292,.T.);
#17292=EDGE_LOOP('',(#17293,#17294,#17295));
#17293=ORIENTED_EDGE('',*,*,#17296,.T.);
#17294=ORIENTED_EDGE('',*,*,#17297,.T.);
#17295=ORIENTED_EDGE('',*,*,#17298,.T.);
#17296=EDGE_CURVE('',#1507,#1509,#17299,.F.);
#17297=EDGE_CURVE('',#1509,#1511,#17300,.T.);
#17298=EDGE_CURVE('',#1511,#1507,#17301,.T.);
#17299=LINE('',#1506,#17302);
#17300=LINE('',#1508,#17303);
#17301=LINE('',#1510,#17304);
#17302=VECTOR('',#17305,1.0);
#17303=VECTOR('',#17306,1.0);
#17304=VECTOR('',#17307,1.0);
#17305=DIRECTION('',(-0.4392215595953773,1.20705139723176E-07,-0.8983787740071499));
#17306=DIRECTION('',(-0.567874365026966,1.105928343477267E-07,-0.8231152443887843));
#17307=DIRECTION('',(0.5050238939425685,-1.1596585268840656E-07,0.8631053623672326));
#17308=FACE_SURFACE('',(#17313),#17309,.T.);
#17309=PLANE('',#17310);
#17310=AXIS2_PLACEMENT_3D('',#1510,#17311,#17312);
#17311=DIRECTION('',(-1.763100391049658E-13,0.9999999999999909,1.3435902963256158E-07));
#17312=DIRECTION('',(-0.686314061125445,9.771991428286503E-08,-0.7273053069389012));
#17313=FACE_BOUND('',#17314,.T.);
#17314=EDGE_LOOP('',(#17315,#17316,#17317));
#17315=ORIENTED_EDGE('',*,*,#17318,.T.);
#17316=ORIENTED_EDGE('',*,*,#17319,.T.);
#17317=ORIENTED_EDGE('',*,*,#17320,.T.);
#17318=EDGE_CURVE('',#1511,#1513,#17321,.F.);
#17319=EDGE_CURVE('',#1513,#1515,#17322,.T.);
#17320=EDGE_CURVE('',#1515,#1511,#17323,.T.);
#17321=LINE('',#1510,#17324);
#17322=LINE('',#1512,#17325);
#17323=LINE('',#1514,#17326);
#17324=VECTOR('',#17327,1.0);
#17325=VECTOR('',#17328,1.0);
#17326=VECTOR('',#17329,1.0);
#17327=DIRECTION('',(-0.686314061125445,9.771991428286503E-08,-0.7273053069389012));
#17328=DIRECTION('',(-0.7880356755940767,8.271525341256929E-08,-0.6156295753056218));
#17329=DIRECTION('',(0.7402180067418319,-9.033843915652591E-08,0.6723669403645164));
#17330=FACE_SURFACE('',(#17335),#17331,.T.);
#17331=PLANE('',#17332);
#17332=AXIS2_PLACEMENT_3D('',#1514,#17333,#17334);
#17333=DIRECTION('',(1.7183928418148898E-13,0.999999999999991,1.3435851230274341E-07));
#17334=DIRECTION('',(-0.868915183258871,6.65023746563874E-08,-0.4949610129113183));
#17335=FACE_BOUND('',#17336,.T.);
#17336=EDGE_LOOP('',(#17337,#17338,#17339));
#17337=ORIENTED_EDGE('',*,*,#17340,.T.);
#17338=ORIENTED_EDGE('',*,*,#17341,.T.);
#17339=ORIENTED_EDGE('',*,*,#17342,.T.);
#17340=EDGE_CURVE('',#1515,#1517,#17343,.F.);
#17341=EDGE_CURVE('',#1517,#1519,#17344,.T.);
#17342=EDGE_CURVE('',#1519,#1515,#17345,.T.);
#17343=LINE('',#1514,#17346);
#17344=LINE('',#1516,#17347);
#17345=LINE('',#1518,#17348);
#17346=VECTOR('',#17349,1.0);
#17347=VECTOR('',#17350,1.0);
#17348=VECTOR('',#17351,1.0);
#17349=DIRECTION('',(-0.868915183258871,6.65023746563874E-08,-0.4949610129113183));
#17350=DIRECTION('',(-0.9279989614065258,5.005982743865667E-08,-0.37258277956503405));
#17351=DIRECTION('',(0.9015271701497408,-5.8140106176287757E-08,0.43272249939400753));
#17352=FACE_SURFACE('',(#17357),#17353,.T.);
#17353=PLANE('',#17354);
#17354=AXIS2_PLACEMENT_3D('',#1518,#17355,#17356);
#17355=DIRECTION('',(-9.865413847004908E-14,0.999999999999991,1.343592079920191E-07));
#17356=DIRECTION('',(-0.967062957771411,3.419933426215491E-08,-0.25453729727961066));
#17357=FACE_BOUND('',#17358,.T.);
#17358=EDGE_LOOP('',(#17359,#17360,#17361));
#17359=ORIENTED_EDGE('',*,*,#17362,.T.);
#17360=ORIENTED_EDGE('',*,*,#17363,.T.);
#17361=ORIENTED_EDGE('',*,*,#17364,.T.);
#17362=EDGE_CURVE('',#1519,#1521,#17365,.F.);
#17363=EDGE_CURVE('',#1521,#1523,#17366,.T.);
#17364=EDGE_CURVE('',#1523,#1519,#17367,.T.);
#17365=LINE('',#1518,#17368);
#17366=LINE('',#1520,#17369);
#17367=LINE('',#1522,#17370);
#17368=VECTOR('',#17371,1.0);
#17369=VECTOR('',#17372,1.0);
#17370=VECTOR('',#17373,1.0);
#17371=DIRECTION('',(-0.967062957771411,3.419933426215491E-08,-0.25453729727961066));
#17372=DIRECTION('',(-0.9894581936479824,1.9457640816309304E-08,-0.1448187937488482));
#17373=DIRECTION('',(0.9758230968487953,-2.936570121876433E-08,0.21856185315929635));
#17374=FACE_SURFACE('',(#17379),#17375,.T.);
#17375=PLANE('',#17376);
#17376=AXIS2_PLACEMENT_3D('',#1522,#17377,#17378);
#17377=DIRECTION('',(-4.830758732015987E-14,0.9999999999999909,1.3435884032281923E-07));
#17378=DIRECTION('',(-0.14983163900305307,-1.3284214117023242E-07,0.9887115251445393));
#17379=FACE_BOUND('',#17380,.T.);
#17380=EDGE_LOOP('',(#17381,#17382,#17383));
#17381=ORIENTED_EDGE('',*,*,#17384,.T.);
#17382=ORIENTED_EDGE('',*,*,#17385,.T.);
#17383=ORIENTED_EDGE('',*,*,#17386,.T.);
#17384=EDGE_CURVE('',#1523,#1525,#17387,.F.);
#17385=EDGE_CURVE('',#1525,#1527,#17388,.T.);
#17386=EDGE_CURVE('',#1527,#1523,#17389,.T.);
#17387=LINE('',#1522,#17390);
#17388=LINE('',#1524,#17391);
#17389=LINE('',#1526,#17392);
#17390=VECTOR('',#17393,1.0);
#17391=VECTOR('',#17394,1.0);
#17392=VECTOR('',#17395,1.0);
#17393=DIRECTION('',(-0.14983163900305307,-1.3284214117023242E-07,0.9887115251445393));
#17394=DIRECTION('',(0.9682561570221233,-3.35842923900858E-08,0.24996002558158792));
#17395=DIRECTION('',(-0.023843276754399796,1.3432064211706138E-07,-0.9997157086660162));
#17396=FACE_SURFACE('',(#17401),#17397,.T.);
#17397=PLANE('',#17398);
#17398=AXIS2_PLACEMENT_3D('',#1522,#17399,#17400);
#17399=DIRECTION('',(-1.7942162904958157E-14,0.999999999999991,1.3435883959860212E-07));
#17400=DIRECTION('',(0.023843276754399796,-1.3432064211706138E-07,0.9997157086660162));
#17401=FACE_BOUND('',#17402,.T.);
#17402=EDGE_LOOP('',(#17403,#17404,#17405));
#17403=ORIENTED_EDGE('',*,*,#17406,.T.);
#17404=ORIENTED_EDGE('',*,*,#17407,.T.);
#17405=ORIENTED_EDGE('',*,*,#17408,.T.);
#17406=EDGE_CURVE('',#1523,#1527,#17409,.F.);
#17407=EDGE_CURVE('',#1527,#1529,#17410,.T.);
#17408=EDGE_CURVE('',#1529,#1523,#17411,.T.);
#17409=LINE('',#1522,#17412);
#17410=LINE('',#1526,#17413);
#17411=LINE('',#1528,#17414);
#17412=VECTOR('',#17415,1.0);
#17413=VECTOR('',#17416,1.0);
#17414=VECTOR('',#17417,1.0);
#17415=DIRECTION('',(0.023843276754399796,-1.3432064211706138E-07,0.9997157086660162));
#17416=DIRECTION('',(0.9314294023670326,-4.88961294635464E-08,0.3639220636430144));
#17417=DIRECTION('',(-0.1658118186335377,1.324989625328092E-07,-0.9861574117763459));
#17418=FACE_SURFACE('',(#17423),#17419,.T.);
#17419=PLANE('',#17420);
#17420=AXIS2_PLACEMENT_3D('',#1514,#17421,#17422);
#17421=DIRECTION('',(-4.3161691945223014E-14,0.999999999999991,1.3435896023235623E-07));
#17422=DIRECTION('',(-0.9015271701497408,5.8140106176287757E-08,-0.43272249939400753));
#17423=FACE_BOUND('',#17424,.T.);
#17424=EDGE_LOOP('',(#17425,#17426,#17427));
#17425=ORIENTED_EDGE('',*,*,#17428,.T.);
#17426=ORIENTED_EDGE('',*,*,#17429,.T.);
#17427=ORIENTED_EDGE('',*,*,#17430,.T.);
#17428=EDGE_CURVE('',#1515,#1519,#17431,.F.);
#17429=EDGE_CURVE('',#1519,#1523,#17432,.T.);
#17430=EDGE_CURVE('',#1523,#1515,#17433,.T.);
#17431=LINE('',#1514,#17434);
#17432=LINE('',#1518,#17435);
#17433=LINE('',#1522,#17436);
#17434=VECTOR('',#17437,1.0);
#17435=VECTOR('',#17438,1.0);
#17436=VECTOR('',#17439,1.0);
#17437=DIRECTION('',(-0.9015271701497408,5.8140106176287757E-08,-0.43272249939400753));
#17438=DIRECTION('',(-0.9758230968487953,2.936570121876433E-08,-0.21856185315929635));
#17439=DIRECTION('',(0.9413518862842287,-4.533622973702544E-08,0.3374264752344171));
#17440=FACE_SURFACE('',(#17445),#17441,.T.);
#17441=PLANE('',#17442);
#17442=AXIS2_PLACEMENT_3D('',#1506,#17443,#17444);
#17443=DIRECTION('',(-4.775743451146884E-14,0.999999999999991,1.3435888810723218E-07));
#17444=DIRECTION('',(-0.5050238939425685,1.1596585268840656E-07,-0.8631053623672326));
#17445=FACE_BOUND('',#17446,.T.);
#17446=EDGE_LOOP('',(#17447,#17448,#17449));
#17447=ORIENTED_EDGE('',*,*,#17450,.T.);
#17448=ORIENTED_EDGE('',*,*,#17451,.T.);
#17449=ORIENTED_EDGE('',*,*,#17452,.T.);
#17450=EDGE_CURVE('',#1507,#1511,#17453,.F.);
#17451=EDGE_CURVE('',#1511,#1515,#17454,.T.);
#17452=EDGE_CURVE('',#1515,#1507,#17455,.T.);
#17453=LINE('',#1506,#17456);
#17454=LINE('',#1510,#17457);
#17455=LINE('',#1514,#17458);
#17456=VECTOR('',#17459,1.0);
#17457=VECTOR('',#17460,1.0);
#17458=VECTOR('',#17461,1.0);
#17459=DIRECTION('',(-0.5050238939425685,1.1596585268840656E-07,-0.8631053623672326));
#17460=DIRECTION('',(-0.7402180067418319,9.033843915652591E-08,-0.6723669403645164));
#17461=DIRECTION('',(0.6321682574954642,-1.0410542013793792E-07,0.7748311391620355));
#17462=FACE_SURFACE('',(#17467),#17463,.T.);
#17463=PLANE('',#17464);
#17464=AXIS2_PLACEMENT_3D('',#1498,#17465,#17466);
#17465=DIRECTION('',(-3.885111298452033E-14,0.999999999999991,1.3435884326627622E-07));
#17466=DIRECTION('',(-0.0015901425003022483,1.343586733376504E-07,-0.9999987357226062));
#17467=FACE_BOUND('',#17468,.T.);
#17468=EDGE_LOOP('',(#17469,#17470,#17471));
#17469=ORIENTED_EDGE('',*,*,#17472,.T.);
#17470=ORIENTED_EDGE('',*,*,#17473,.T.);
#17471=ORIENTED_EDGE('',*,*,#17474,.T.);
#17472=EDGE_CURVE('',#1499,#1503,#17475,.F.);
#17473=EDGE_CURVE('',#1503,#1507,#17476,.T.);
#17474=EDGE_CURVE('',#1507,#1499,#17477,.T.);
#17475=LINE('',#1498,#17478);
#17476=LINE('',#1502,#17479);
#17477=LINE('',#1506,#17480);
#17478=VECTOR('',#17481,1.0);
#17479=VECTOR('',#17482,1.0);
#17480=VECTOR('',#17483,1.0);
#17481=DIRECTION('',(-0.0015901425003022483,1.343586733376504E-07,-0.9999987357226062));
#17482=DIRECTION('',(-0.24297428685860425,1.303324660002104E-07,-0.9700327293063548));
#17483=DIRECTION('',(0.1202166430840876,-1.333844254441323E-07,0.9927476812995211));
#17484=FACE_SURFACE('',(#17489),#17485,.T.);
#17485=PLANE('',#17486);
#17486=AXIS2_PLACEMENT_3D('',#1490,#17487,#17488);
#17487=DIRECTION('',(-4.412495198499386E-14,0.9999999999999911,1.343588394056894E-07));
#17488=DIRECTION('',(0.47399510570315073,1.1830667094347328E-07,-0.8805274781455971));
#17489=FACE_BOUND('',#17490,.T.);
#17490=EDGE_LOOP('',(#17491,#17492,#17493));
#17491=ORIENTED_EDGE('',*,*,#17494,.T.);
#17492=ORIENTED_EDGE('',*,*,#17495,.T.);
#17493=ORIENTED_EDGE('',*,*,#17496,.T.);
#17494=EDGE_CURVE('',#1491,#1495,#17497,.F.);
#17495=EDGE_CURVE('',#1495,#1499,#17498,.T.);
#17496=EDGE_CURVE('',#1499,#1491,#17499,.T.);
#17497=LINE('',#1490,#17500);
#17498=LINE('',#1494,#17501);
#17499=LINE('',#1498,#17502);
#17500=VECTOR('',#17503,1.0);
#17501=VECTOR('',#17504,1.0);
#17502=VECTOR('',#17505,1.0);
#17503=DIRECTION('',(0.47399510570315073,1.1830667094347328E-07,-0.8805274781455971));
#17504=DIRECTION('',(0.22621436173367784,1.3087593834125965E-07,-0.9740775444210833));
#17505=DIRECTION('',(-0.3512357144695921,-1.2579845924624375E-07,0.9362870675604889));
#17506=FACE_SURFACE('',(#17511),#17507,.T.);
#17507=PLANE('',#17508);
#17508=AXIS2_PLACEMENT_3D('',#1482,#17509,#17510);
#17509=DIRECTION('',(2.8672054783036646E-14,0.999999999999991,1.3435889566144655E-07));
#17510=DIRECTION('',(0.8842463261769096,6.274837459413204E-08,-0.46702080750501335));
#17511=FACE_BOUND('',#17512,.T.);
#17512=EDGE_LOOP('',(#17513,#17514,#17515));
#17513=ORIENTED_EDGE('',*,*,#17516,.T.);
#17514=ORIENTED_EDGE('',*,*,#17517,.T.);
#17515=ORIENTED_EDGE('',*,*,#17518,.T.);
#17516=EDGE_CURVE('',#1483,#1487,#17519,.F.);
#17517=EDGE_CURVE('',#1487,#1491,#17520,.T.);
#17518=EDGE_CURVE('',#1491,#1483,#17521,.T.);
#17519=LINE('',#1482,#17522);
#17520=LINE('',#1486,#17523);
#17521=LINE('',#1490,#17524);
#17522=VECTOR('',#17525,1.0);
#17523=VECTOR('',#17526,1.0);
#17524=VECTOR('',#17527,1.0);
#17525=DIRECTION('',(0.8842463261769096,6.274837459413204E-08,-0.46702080750501335));
#17526=DIRECTION('',(0.7092799506056411,9.471318112062747E-08,-0.7049269122886787));
#17527=DIRECTION('',(-0.8092108944315636,-7.893828396552725E-08,0.5875182791482003));
#17528=FACE_SURFACE('',(#17533),#17529,.T.);
#17529=PLANE('',#17530);
#17530=AXIS2_PLACEMENT_3D('',#1474,#17531,#17532);
#17531=DIRECTION('',(2.1918592815834125E-15,0.9999999999999909,1.34358886380327E-07));
#17532=DIRECTION('',(0.9999739561384136,9.696840974373452E-10,-0.007217135504492514));
#17533=FACE_BOUND('',#17534,.T.);
#17534=EDGE_LOOP('',(#17535,#17536,#17537));
#17535=ORIENTED_EDGE('',*,*,#17538,.T.);
#17536=ORIENTED_EDGE('',*,*,#17539,.T.);
#17537=ORIENTED_EDGE('',*,*,#17540,.T.);
#17538=EDGE_CURVE('',#1475,#1479,#17541,.F.);
#17539=EDGE_CURVE('',#1479,#1483,#17542,.T.);
#17540=EDGE_CURVE('',#1483,#1475,#17543,.T.);
#17541=LINE('',#1474,#17544);
#17542=LINE('',#1478,#17545);
#17543=LINE('',#1482,#17546);
#17544=VECTOR('',#17547,1.0);
#17545=VECTOR('',#17548,1.0);
#17546=VECTOR('',#17549,1.0);
#17547=DIRECTION('',(0.9999739561384136,9.696840974373452E-10,-0.007217135504492514));
#17548=DIRECTION('',(0.9760365743936072,2.923736999569E-08,-0.21760653815083672));
#17549=DIRECTION('',(-0.9987604894631207,-6.687622386333987E-09,0.049774337638865594));
#17550=FACE_SURFACE('',(#17555),#17551,.T.);
#17551=PLANE('',#17552);
#17552=AXIS2_PLACEMENT_3D('',#1468,#17553,#17554);
#17553=DIRECTION('',(2.2623973639773814E-15,0.999999999999991,1.3435884845674827E-07));
#17554=DIRECTION('',(-0.3152625401158991,1.2750715179001304E-07,-0.9490044946150965));
#17555=FACE_BOUND('',#17556,.T.);
#17556=EDGE_LOOP('',(#17557,#17558,#17559));
#17557=ORIENTED_EDGE('',*,*,#17560,.T.);
#17558=ORIENTED_EDGE('',*,*,#17561,.T.);
#17559=ORIENTED_EDGE('',*,*,#17562,.T.);
#17560=EDGE_CURVE('',#1469,#1473,#17563,.F.);
#17561=EDGE_CURVE('',#1473,#1475,#17564,.T.);
#17562=EDGE_CURVE('',#1475,#1469,#17565,.T.);
#17563=LINE('',#1468,#17566);
#17564=LINE('',#1472,#17567);
#17565=LINE('',#1474,#17568);
#17566=VECTOR('',#17569,1.0);
#17567=VECTOR('',#17570,1.0);
#17568=VECTOR('',#17571,1.0);
#17569=DIRECTION('',(-0.3152625401158991,1.2750715179001304E-07,-0.9490044946150965));
#17570=DIRECTION('',(0,-1.3435884845674827E-07,0.999999999999991));
#17571=DIRECTION('',(0.24548148292234886,1.3024763910936996E-07,-0.9694012799363468));
#17572=FACE_SURFACE('',(#17577),#17573,.T.);
#17573=PLANE('',#17574);
#17574=AXIS2_PLACEMENT_3D('',#1460,#17575,#17576);
#17575=DIRECTION('',(-1.4487412101977414E-14,0.999999999999991,1.3435885159532383E-07));
#17576=DIRECTION('',(0.13203940018541382,1.3318247038242465E-07,-0.9912444687354671));
#17577=FACE_BOUND('',#17578,.T.);
#17578=EDGE_LOOP('',(#17579,#17580,#17581));
#17579=ORIENTED_EDGE('',*,*,#17582,.T.);
#17580=ORIENTED_EDGE('',*,*,#17583,.T.);
#17581=ORIENTED_EDGE('',*,*,#17584,.T.);
#17582=EDGE_CURVE('',#1461,#1465,#17585,.F.);
#17583=EDGE_CURVE('',#1465,#1469,#17586,.T.);
#17584=EDGE_CURVE('',#1469,#1461,#17587,.T.);
#17585=LINE('',#1460,#17588);
#17586=LINE('',#1464,#17589);
#17587=LINE('',#1468,#17590);
#17588=VECTOR('',#17591,1.0);
#17589=VECTOR('',#17592,1.0);
#17590=VECTOR('',#17593,1.0);
#17591=DIRECTION('',(0.13203940018541382,1.3318247038242465E-07,-0.9912444687354671));
#17592=DIRECTION('',(-0.9999708307321007,1.0262064680310578E-09,-0.007637911033293494));
#17593=DIRECTION('',(0.7836161741538576,-8.346979034405798E-08,0.6212452749152012));
#17594=FACE_SURFACE('',(#17599),#17595,.T.);
#17595=PLANE('',#17596);
#17596=AXIS2_PLACEMENT_3D('',#1530,#17597,#17598);
#17597=DIRECTION('',(-0,0.999999999999991,1.343588333214296E-07));
#17598=DIRECTION('',(1,0,0));
#17599=FACE_BOUND('',#17600,.T.);
#17600=EDGE_LOOP('',(#17601,#17602,#17603));
#17601=ORIENTED_EDGE('',*,*,#17604,.T.);
#17602=ORIENTED_EDGE('',*,*,#17605,.T.);
#17603=ORIENTED_EDGE('',*,*,#17606,.T.);
#17604=EDGE_CURVE('',#1531,#1461,#17607,.F.);
#17605=EDGE_CURVE('',#1461,#1469,#17608,.T.);
#17606=EDGE_CURVE('',#1469,#1531,#17609,.T.);
#17607=LINE('',#1530,#17610);
#17608=LINE('',#1460,#17611);
#17609=LINE('',#1468,#17612);
#17610=VECTOR('',#17613,1.0);
#17611=VECTOR('',#17614,1.0);
#17612=VECTOR('',#17615,1.0);
#17613=DIRECTION('',(1,0,0));
#17614=DIRECTION('',(-0.7836161741538576,8.346979034405798E-08,-0.6212452749152012));
#17615=DIRECTION('',(0,-1.3435883332142957E-07,0.9999999999999909));
#17616=FACE_SURFACE('',(#17621),#17617,.T.);
#17617=PLANE('',#17618);
#17618=AXIS2_PLACEMENT_3D('',#1474,#17619,#17620);
#17619=DIRECTION('',(7.368928747329519E-16,0.999999999999991,1.3435885718530347E-07));
#17620=DIRECTION('',(0.9987604894631207,6.687622386333987E-09,-0.049774337638865594));
#17621=FACE_BOUND('',#17622,.T.);
#17622=EDGE_LOOP('',(#17623,#17624,#17625));
#17623=ORIENTED_EDGE('',*,*,#17626,.T.);
#17624=ORIENTED_EDGE('',*,*,#17627,.T.);
#17625=ORIENTED_EDGE('',*,*,#17628,.T.);
#17626=EDGE_CURVE('',#1475,#1483,#17629,.F.);
#17627=EDGE_CURVE('',#1483,#1491,#17630,.T.);
#17628=EDGE_CURVE('',#1491,#1475,#17631,.T.);
#17629=LINE('',#1474,#17632);
#17630=LINE('',#1482,#17633);
#17631=LINE('',#1490,#17634);
#17632=VECTOR('',#17635,1.0);
#17633=VECTOR('',#17636,1.0);
#17634=VECTOR('',#17637,1.0);
#17635=DIRECTION('',(0.9987604894631207,6.687622386333987E-09,-0.049774337638865594));
#17636=DIRECTION('',(0.8092108944315636,7.893828396552725E-08,-0.5875182791482003));
#17637=DIRECTION('',(-0.9817115261277087,-2.557850984417822E-08,0.19037457673755856));
#17638=FACE_SURFACE('',(#17643),#17639,.T.);
#17639=PLANE('',#17640);
#17640=AXIS2_PLACEMENT_3D('',#1490,#17641,#17642);
#17641=DIRECTION('',(-3.5058174942617246E-14,0.999999999999991,1.3435884280697094E-07));
#17642=DIRECTION('',(0.3512357144695921,1.2579845924624375E-07,-0.9362870675604889));
#17643=FACE_BOUND('',#17644,.T.);
#17644=EDGE_LOOP('',(#17645,#17646,#17647));
#17645=ORIENTED_EDGE('',*,*,#17648,.T.);
#17646=ORIENTED_EDGE('',*,*,#17649,.T.);
#17647=ORIENTED_EDGE('',*,*,#17650,.T.);
#17648=EDGE_CURVE('',#1491,#1499,#17651,.F.);
#17649=EDGE_CURVE('',#1499,#1507,#17652,.T.);
#17650=EDGE_CURVE('',#1507,#1491,#17653,.T.);
#17651=LINE('',#1490,#17654);
#17652=LINE('',#1498,#17655);
#17653=LINE('',#1506,#17656);
#17654=VECTOR('',#17657,1.0);
#17655=VECTOR('',#17658,1.0);
#17656=VECTOR('',#17659,1.0);
#17657=DIRECTION('',(0.3512357144695921,1.2579845924624375E-07,-0.9362870675604889));
#17658=DIRECTION('',(-0.1202166430840876,1.333844254441323E-07,-0.9927476812995211));
#17659=DIRECTION('',(-0.11552468750711052,-1.3345926189150972E-07,0.9933046091589259));
#17660=FACE_SURFACE('',(#17665),#17661,.T.);
#17661=PLANE('',#17662);
#17662=AXIS2_PLACEMENT_3D('',#1506,#17663,#17664);
#17663=DIRECTION('',(-4.723102340775681E-15,0.9999999999999911,1.343588529964352E-07));
#17664=DIRECTION('',(-0.6321682574954642,1.0410542013793792E-07,-0.7748311391620355));
#17665=FACE_BOUND('',#17666,.T.);
#17666=EDGE_LOOP('',(#17667,#17668,#17669));
#17667=ORIENTED_EDGE('',*,*,#17670,.T.);
#17668=ORIENTED_EDGE('',*,*,#17671,.T.);
#17669=ORIENTED_EDGE('',*,*,#17672,.T.);
#17670=EDGE_CURVE('',#1507,#1515,#17673,.F.);
#17671=EDGE_CURVE('',#1515,#1523,#17674,.T.);
#17672=EDGE_CURVE('',#1523,#1507,#17675,.T.);
#17673=LINE('',#1506,#17676);
#17674=LINE('',#1514,#17677);
#17675=LINE('',#1522,#17678);
#17676=VECTOR('',#17679,1.0);
#17677=VECTOR('',#17680,1.0);
#17678=VECTOR('',#17681,1.0);
#17679=DIRECTION('',(-0.6321682574954642,1.0410542013793792E-07,-0.7748311391620355));
#17680=DIRECTION('',(-0.9413518862842287,4.533622973702544E-08,-0.3374264752344171));
#17681=DIRECTION('',(0.8200975425910879,-7.688332290106697E-08,0.572223750499796));
#17682=FACE_SURFACE('',(#17687),#17683,.T.);
#17683=PLANE('',#17684);
#17684=AXIS2_PLACEMENT_3D('',#1522,#17685,#17686);
#17685=DIRECTION('',(2.260467084791106E-14,0.999999999999991,1.343588327810858E-07));
#17686=DIRECTION('',(0.1658118186335377,-1.324989625328092E-07,0.9861574117763459));
#17687=FACE_BOUND('',#17688,.T.);
#17688=EDGE_LOOP('',(#17689,#17690,#17691));
#17689=ORIENTED_EDGE('',*,*,#17692,.T.);
#17690=ORIENTED_EDGE('',*,*,#17693,.T.);
#17691=ORIENTED_EDGE('',*,*,#17694,.T.);
#17692=EDGE_CURVE('',#1523,#1529,#17695,.F.);
#17693=EDGE_CURVE('',#1529,#1533,#17696,.T.);
#17694=EDGE_CURVE('',#1533,#1523,#17697,.T.);
#17695=LINE('',#1522,#17698);
#17696=LINE('',#1528,#17699);
#17697=LINE('',#1532,#17700);
#17698=VECTOR('',#17701,1.0);
#17699=VECTOR('',#17702,1.0);
#17700=VECTOR('',#17703,1.0);
#17701=DIRECTION('',(0.1658118186335377,-1.324989625328092E-07,0.9861574117763459));
#17702=DIRECTION('',(0.8758946738859381,-6.48284727078992E-08,0.48250235259347896));
#17703=DIRECTION('',(-0.26898863326289885,1.294068225634627E-07,-0.9631433513113928));
#17704=FACE_SURFACE('',(#17709),#17705,.T.);
#17705=PLANE('',#17706);
#17706=AXIS2_PLACEMENT_3D('',#1522,#17707,#17708);
#17707=DIRECTION('',(-3.0002918298964194E-14,0.9999999999999909,1.3435884747344035E-07));
#17708=DIRECTION('',(0.26898863326289885,-1.294068225634627E-07,0.9631433513113928));
#17709=FACE_BOUND('',#17710,.T.);
#17710=EDGE_LOOP('',(#17711,#17712,#17713));
#17711=ORIENTED_EDGE('',*,*,#17714,.T.);
#17712=ORIENTED_EDGE('',*,*,#17715,.T.);
#17713=ORIENTED_EDGE('',*,*,#17716,.T.);
#17714=EDGE_CURVE('',#1523,#1533,#17717,.F.);
#17715=EDGE_CURVE('',#1533,#1535,#17718,.T.);
#17716=EDGE_CURVE('',#1535,#1523,#17719,.T.);
#17717=LINE('',#1522,#17720);
#17718=LINE('',#1532,#17721);
#17719=LINE('',#1534,#17722);
#17720=VECTOR('',#17723,1.0);
#17721=VECTOR('',#17724,1.0);
#17722=VECTOR('',#17725,1.0);
#17723=DIRECTION('',(0.26898863326289885,-1.294068225634627E-07,0.9631433513113928));
#17724=DIRECTION('',(0.7992601097512438,-8.074766225624259E-08,0.6009852551938552));
#17725=DIRECTION('',(-0.33746723253604427,1.2647698134625723E-07,-0.9413372758817359));
#17726=FACE_SURFACE('',(#17731),#17727,.T.);
#17727=PLANE('',#17728);
#17728=AXIS2_PLACEMENT_3D('',#1490,#17729,#17730);
#17729=DIRECTION('',(-4.239866019934502E-16,0.999999999999991,1.3435884683504422E-07));
#17730=DIRECTION('',(0.11552468750711052,1.3345926189150972E-07,-0.9933046091589259));
#17731=FACE_BOUND('',#17732,.T.);
#17732=EDGE_LOOP('',(#17733,#17734,#17735));
#17733=ORIENTED_EDGE('',*,*,#17736,.T.);
#17734=ORIENTED_EDGE('',*,*,#17737,.T.);
#17735=ORIENTED_EDGE('',*,*,#17738,.T.);
#17736=EDGE_CURVE('',#1491,#1507,#17739,.F.);
#17737=EDGE_CURVE('',#1507,#1523,#17740,.T.);
#17738=EDGE_CURVE('',#1523,#1491,#17741,.T.);
#17739=LINE('',#1490,#17742);
#17740=LINE('',#1506,#17743);
#17741=LINE('',#1522,#17744);
#17742=VECTOR('',#17745,1.0);
#17743=VECTOR('',#17746,1.0);
#17744=VECTOR('',#17747,1.0);
#17745=DIRECTION('',(0.11552468750711052,1.3345926189150972E-07,-0.9933046091589259));
#17746=DIRECTION('',(-0.8200975425910879,7.688332290106697E-08,-0.572223750499796));
#17747=DIRECTION('',(0.40902994448874275,-1.226052638775399E-07,0.9125209611354256));
#17748=FACE_SURFACE('',(#17753),#17749,.T.);
#17749=PLANE('',#17750);
#17750=AXIS2_PLACEMENT_3D('',#1530,#17751,#17752);
#17751=DIRECTION('',(-5.750666193371691E-14,0.999999999999991,1.343588333214296E-07));
#17752=DIRECTION('',(0,1.3435883332142957E-07,-0.9999999999999909));
#17753=FACE_BOUND('',#17754,.T.);
#17754=EDGE_LOOP('',(#17755,#17756,#17757));
#17755=ORIENTED_EDGE('',*,*,#17758,.T.);
#17756=ORIENTED_EDGE('',*,*,#17759,.T.);
#17757=ORIENTED_EDGE('',*,*,#17760,.T.);
#17758=EDGE_CURVE('',#1531,#1469,#17761,.F.);
#17759=EDGE_CURVE('',#1469,#1475,#17762,.T.);
#17760=EDGE_CURVE('',#1475,#1531,#17763,.T.);
#17761=LINE('',#1530,#17764);
#17762=LINE('',#1468,#17765);
#17763=LINE('',#1474,#17766);
#17764=VECTOR('',#17767,1.0);
#17765=VECTOR('',#17768,1.0);
#17766=VECTOR('',#17769,1.0);
#17767=DIRECTION('',(0,1.3435883332142957E-07,-0.9999999999999909));
#17768=DIRECTION('',(-0.24548148292234886,-1.3024763910936996E-07,0.9694012799363468));
#17769=DIRECTION('',(0.3114566002412082,1.2767589366247198E-07,-0.9502603780891697));
#17770=FACE_SURFACE('',(#17775),#17771,.T.);
#17771=PLANE('',#17772);
#17772=AXIS2_PLACEMENT_3D('',#1536,#17773,#17774);
#17773=DIRECTION('',(-5.529730850478963E-15,0.9999999999999909,1.3435885035734798E-07));
#17774=DIRECTION('',(0,1.3435885035734798E-07,-0.9999999999999909));
#17775=FACE_BOUND('',#17776,.T.);
#17776=EDGE_LOOP('',(#17777,#17778,#17779));
#17777=ORIENTED_EDGE('',*,*,#17780,.T.);
#17778=ORIENTED_EDGE('',*,*,#17781,.T.);
#17779=ORIENTED_EDGE('',*,*,#17782,.T.);
#17780=EDGE_CURVE('',#1537,#1531,#17783,.F.);
#17781=EDGE_CURVE('',#1531,#1475,#17784,.T.);
#17782=EDGE_CURVE('',#1475,#1537,#17785,.T.);
#17783=LINE('',#1536,#17786);
#17784=LINE('',#1530,#17787);
#17785=LINE('',#1474,#17788);
#17786=VECTOR('',#17789,1.0);
#17787=VECTOR('',#17790,1.0);
#17788=VECTOR('',#17791,1.0);
#17789=DIRECTION('',(0,1.3435885035734798E-07,-0.9999999999999909));
#17790=DIRECTION('',(-0.3114566002412082,-1.2767589366247198E-07,0.9502603780891697));
#17791=DIRECTION('',(0.7440487637673018,8.976855339200582E-08,-0.6681253154433995));
#17792=FACE_SURFACE('',(#17797),#17793,.T.);
#17793=PLANE('',#17794);
#17794=AXIS2_PLACEMENT_3D('',#1522,#17795,#17796);
#17795=DIRECTION('',(4.811734141204318E-14,0.999999999999991,1.3435881946750816E-07));
#17796=DIRECTION('',(0.33746723253604427,-1.2647698134625723E-07,0.9413372758817359));
#17797=FACE_BOUND('',#17798,.T.);
#17798=EDGE_LOOP('',(#17799,#17800,#17801));
#17799=ORIENTED_EDGE('',*,*,#17802,.T.);
#17800=ORIENTED_EDGE('',*,*,#17803,.T.);
#17801=ORIENTED_EDGE('',*,*,#17804,.T.);
#17802=EDGE_CURVE('',#1523,#1535,#17805,.F.);
#17803=EDGE_CURVE('',#1535,#1539,#17806,.T.);
#17804=EDGE_CURVE('',#1539,#1523,#17807,.T.);
#17805=LINE('',#1522,#17808);
#17806=LINE('',#1534,#17809);
#17807=LINE('',#1538,#17810);
#17808=VECTOR('',#17811,1.0);
#17809=VECTOR('',#17812,1.0);
#17810=VECTOR('',#17813,1.0);
#17811=DIRECTION('',(0.33746723253604427,-1.2647698134625723E-07,0.9413372758817359));
#17812=DIRECTION('',(0.7011830364876043,-9.579536094094364E-08,0.7129813106540829));
#17813=DIRECTION('',(-0.3786375966335189,1.2435515348086328E-07,-0.92554501263611));
#17814=FACE_SURFACE('',(#17819),#17815,.T.);
#17815=PLANE('',#17816);
#17816=AXIS2_PLACEMENT_3D('',#1522,#17817,#17818);
#17817=DIRECTION('',(2.3321845589222647E-13,0.999999999999991,1.3435874374321597E-07));
#17818=DIRECTION('',(0.3786375966335189,-1.2435515348086328E-07,0.92554501263611));
#17819=FACE_BOUND('',#17820,.T.);
#17820=EDGE_LOOP('',(#17821,#17822,#17823));
#17821=ORIENTED_EDGE('',*,*,#17824,.T.);
#17822=ORIENTED_EDGE('',*,*,#17825,.T.);
#17823=ORIENTED_EDGE('',*,*,#17826,.T.);
#17824=EDGE_CURVE('',#1523,#1539,#17827,.F.);
#17825=EDGE_CURVE('',#1539,#1541,#17828,.T.);
#17826=EDGE_CURVE('',#1541,#1523,#17829,.T.);
#17827=LINE('',#1522,#17830);
#17828=LINE('',#1538,#17831);
#17829=LINE('',#1540,#17832);
#17830=VECTOR('',#17833,1.0);
#17831=VECTOR('',#17834,1.0);
#17832=VECTOR('',#17835,1.0);
#17833=DIRECTION('',(0.3786375966335189,-1.2435515348086328E-07,0.92554501263611));
#17834=DIRECTION('',(0.5843215304927493,-1.090352452079974E-07,0.8115222418409733));
#17835=DIRECTION('',(-0.399189823648799,1.231893664417808E-07,-0.9168683028086562));
#17836=FACE_SURFACE('',(#17841),#17837,.T.);
#17837=PLANE('',#17838);
#17838=AXIS2_PLACEMENT_3D('',#1536,#17839,#17840);
#17839=DIRECTION('',(7.741874452477877E-16,0.999999999999991,1.3435885737762174E-07));
#17840=DIRECTION('',(-0.7440487637673018,-8.976855339200582E-08,0.6681253154433995));
#17841=FACE_BOUND('',#17842,.T.);
#17842=EDGE_LOOP('',(#17843,#17844,#17845));
#17843=ORIENTED_EDGE('',*,*,#17846,.T.);
#17844=ORIENTED_EDGE('',*,*,#17847,.T.);
#17845=ORIENTED_EDGE('',*,*,#17848,.T.);
#17846=EDGE_CURVE('',#1537,#1475,#17849,.F.);
#17847=EDGE_CURVE('',#1475,#1491,#17850,.T.);
#17848=EDGE_CURVE('',#1491,#1537,#17851,.T.);
#17849=LINE('',#1536,#17852);
#17850=LINE('',#1474,#17853);
#17851=LINE('',#1490,#17854);
#17852=VECTOR('',#17855,1.0);
#17853=VECTOR('',#17856,1.0);
#17854=VECTOR('',#17857,1.0);
#17855=DIRECTION('',(-0.7440487637673018,-8.976855339200582E-08,0.6681253154433995));
#17856=DIRECTION('',(0.9817115261277087,2.557850984417822E-08,-0.19037457673755856));
#17857=DIRECTION('',(-0.9992225936872375,5.296890222463279E-09,-0.0394234481615938));
#17858=FACE_SURFACE('',(#17863),#17859,.T.);
#17859=PLANE('',#17860);
#17860=AXIS2_PLACEMENT_3D('',#1542,#17861,#17862);
#17861=DIRECTION('',(0,0.999999999999991,1.3435887700009574E-07));
#17862=DIRECTION('',(-1,0,0));
#17863=FACE_BOUND('',#17864,.T.);
#17864=EDGE_LOOP('',(#17865,#17866,#17867));
#17865=ORIENTED_EDGE('',*,*,#17868,.T.);
#17866=ORIENTED_EDGE('',*,*,#17869,.T.);
#17867=ORIENTED_EDGE('',*,*,#17870,.T.);
#17868=EDGE_CURVE('',#1543,#1537,#17871,.F.);
#17869=EDGE_CURVE('',#1537,#1491,#17872,.T.);
#17870=EDGE_CURVE('',#1491,#1543,#17873,.T.);
#17871=LINE('',#1542,#17874);
#17872=LINE('',#1536,#17875);
#17873=LINE('',#1490,#17876);
#17874=VECTOR('',#17877,1.0);
#17875=VECTOR('',#17878,1.0);
#17876=VECTOR('',#17879,1.0);
#17877=DIRECTION('',(-1,0,0));
#17878=DIRECTION('',(0.9992225936872375,-5.296890222463279E-09,0.0394234481615938));
#17879=DIRECTION('',(-0.9979217760240287,8.657685009063265E-09,-0.06443701527110128));
#17880=FACE_SURFACE('',(#17885),#17881,.T.);
#17881=PLANE('',#17882);
#17882=AXIS2_PLACEMENT_3D('',#1522,#17883,#17884);
#17883=DIRECTION('',(2.9881041348630025E-13,0.9999999999999909,1.3435871518552503E-07));
#17884=DIRECTION('',(0.399189823648799,-1.231893664417808E-07,0.9168683028086562));
#17885=FACE_BOUND('',#17886,.T.);
#17886=EDGE_LOOP('',(#17887,#17888,#17889));
#17887=ORIENTED_EDGE('',*,*,#17890,.T.);
#17888=ORIENTED_EDGE('',*,*,#17891,.T.);
#17889=ORIENTED_EDGE('',*,*,#17892,.T.);
#17890=EDGE_CURVE('',#1523,#1541,#17893,.F.);
#17891=EDGE_CURVE('',#1541,#1545,#17894,.T.);
#17892=EDGE_CURVE('',#1545,#1523,#17895,.T.);
#17893=LINE('',#1522,#17896);
#17894=LINE('',#1540,#17897);
#17895=LINE('',#1544,#17898);
#17896=VECTOR('',#17899,1.0);
#17897=VECTOR('',#17900,1.0);
#17898=VECTOR('',#17901,1.0);
#17899=DIRECTION('',(0.399189823648799,-1.231893664417808E-07,0.9168683028086562));
#17900=DIRECTION('',(0.4543596931362224,-1.1968933995262155E-07,0.8908183143902821));
#17901=DIRECTION('',(-0.40415063782335764,1.2289702195091835E-07,-0.9146924411773382));
#17902=FACE_SURFACE('',(#17907),#17903,.T.);
#17903=PLANE('',#17904);
#17904=AXIS2_PLACEMENT_3D('',#1490,#17905,#17906);
#17905=DIRECTION('',(-8.875194283255961E-14,0.9999999999999909,1.3435888642731526E-07));
#17906=DIRECTION('',(-0.40902994448874275,1.226052638775399E-07,-0.9125209611354256));
#17907=FACE_BOUND('',#17908,.T.);
#17908=EDGE_LOOP('',(#17909,#17910,#17911));
#17909=ORIENTED_EDGE('',*,*,#17912,.T.);
#17910=ORIENTED_EDGE('',*,*,#17913,.T.);
#17911=ORIENTED_EDGE('',*,*,#17914,.T.);
#17912=EDGE_CURVE('',#1491,#1523,#17915,.F.);
#17913=EDGE_CURVE('',#1523,#1545,#17916,.T.);
#17914=EDGE_CURVE('',#1545,#1491,#17917,.T.);
#17915=LINE('',#1490,#17918);
#17916=LINE('',#1522,#17919);
#17917=LINE('',#1544,#17920);
#17918=VECTOR('',#17921,1.0);
#17919=VECTOR('',#17922,1.0);
#17920=VECTOR('',#17923,1.0);
#17921=DIRECTION('',(-0.40902994448874275,1.226052638775399E-07,-0.9125209611354256));
#17922=DIRECTION('',(0.40415063782335764,-1.2289702195091835E-07,0.9146924411773382));
#17923=DIRECTION('',(0.4133970400319382,-1.2234056427093381E-07,0.9105508702388994));
#17924=FACE_SURFACE('',(#17929),#17925,.T.);
#17925=PLANE('',#17926);
#17926=AXIS2_PLACEMENT_3D('',#1546,#17927,#17928);
#17927=DIRECTION('',(2.7835721363182598E-14,0.9999999999999909,1.3435844591444744E-07));
#17928=DIRECTION('',(-0.99864941828312,-6.980587677549452E-09,0.05195516685360615));
#17929=FACE_BOUND('',#17930,.T.);
#17930=EDGE_LOOP('',(#17931,#17932,#17933));
#17931=ORIENTED_EDGE('',*,*,#17934,.T.);
#17932=ORIENTED_EDGE('',*,*,#17935,.T.);
#17933=ORIENTED_EDGE('',*,*,#17936,.T.);
#17934=EDGE_CURVE('',#1547,#1543,#17937,.F.);
#17935=EDGE_CURVE('',#1543,#1491,#17938,.T.);
#17936=EDGE_CURVE('',#1491,#1547,#17939,.T.);
#17937=LINE('',#1546,#17940);
#17938=LINE('',#1542,#17941);
#17939=LINE('',#1490,#17942);
#17940=VECTOR('',#17943,1.0);
#17941=VECTOR('',#17944,1.0);
#17942=VECTOR('',#17945,1.0);
#17943=DIRECTION('',(-0.99864941828312,-6.980587677549452E-09,0.05195516685360615));
#17944=DIRECTION('',(0.9979217760240287,-8.657685009063265E-09,0.06443701527110128));
#17945=DIRECTION('',(-0.9968239046509246,1.0699974619607114E-08,-0.07963732238394401));
#17946=FACE_SURFACE('',(#17951),#17947,.T.);
#17947=PLANE('',#17948);
#17948=AXIS2_PLACEMENT_3D('',#1548,#17949,#17950);
#17949=DIRECTION('',(-2.1934687823391167E-14,0.9999999999999911,1.3435906889287186E-07));
#17950=DIRECTION('',(-0.98592429741278,-2.2463829243139964E-08,0.16719234363784619));
#17951=FACE_BOUND('',#17952,.T.);
#17952=EDGE_LOOP('',(#17953,#17954,#17955));
#17953=ORIENTED_EDGE('',*,*,#17956,.T.);
#17954=ORIENTED_EDGE('',*,*,#17957,.T.);
#17955=ORIENTED_EDGE('',*,*,#17958,.T.);
#17956=EDGE_CURVE('',#1549,#1547,#17959,.F.);
#17957=EDGE_CURVE('',#1547,#1491,#17960,.T.);
#17958=EDGE_CURVE('',#1491,#1549,#17961,.T.);
#17959=LINE('',#1548,#17962);
#17960=LINE('',#1546,#17963);
#17961=LINE('',#1490,#17964);
#17962=VECTOR('',#17965,1.0);
#17963=VECTOR('',#17966,1.0);
#17964=VECTOR('',#17967,1.0);
#17965=DIRECTION('',(-0.98592429741278,-2.2463829243139964E-08,0.16719234363784619));
#17966=DIRECTION('',(0.9968239046509246,-1.0699974619607114E-08,0.07963732238394401));
#17967=DIRECTION('',(-0.9937182349520846,1.5036234522893448E-08,-0.11191098928931546));
#17968=FACE_SURFACE('',(#17973),#17969,.T.);
#17969=PLANE('',#17970);
#17970=AXIS2_PLACEMENT_3D('',#1490,#17971,#17972);
#17971=DIRECTION('',(7.307503795481672E-13,0.999999999999991,1.3435851436701165E-07));
#17972=DIRECTION('',(-0.4133970400319382,1.2234056427093381E-07,-0.9105508702388994));
#17973=FACE_BOUND('',#17974,.T.);
#17974=EDGE_LOOP('',(#17975,#17976,#17977));
#17975=ORIENTED_EDGE('',*,*,#17978,.T.);
#17976=ORIENTED_EDGE('',*,*,#17979,.T.);
#17977=ORIENTED_EDGE('',*,*,#17980,.T.);
#17978=EDGE_CURVE('',#1491,#1545,#17981,.F.);
#17979=EDGE_CURVE('',#1545,#1551,#17982,.T.);
#17980=EDGE_CURVE('',#1551,#1491,#17983,.T.);
#17981=LINE('',#1490,#17984);
#17982=LINE('',#1544,#17985);
#17983=LINE('',#1550,#17986);
#17984=VECTOR('',#17987,1.0);
#17985=VECTOR('',#17988,1.0);
#17986=VECTOR('',#17989,1.0);
#17987=DIRECTION('',(-0.4133970400319382,1.2234056427093381E-07,-0.9105508702388994));
#17988=DIRECTION('',(0.3188010655094428,-1.2734814177275207E-07,0.9478216502222492));
#17989=DIRECTION('',(0.4217134863862555,-1.2182708850469103E-07,0.9067291411441096));
#17990=FACE_SURFACE('',(#17995),#17991,.T.);
#17991=PLANE('',#17992);
#17992=AXIS2_PLACEMENT_3D('',#1490,#17993,#17994);
#17993=DIRECTION('',(-3.12331667648287E-13,0.999999999999991,1.343589994972978E-07));
#17994=DIRECTION('',(-0.4217134863862555,1.2182708850469103E-07,-0.9067291411441096));
#17995=FACE_BOUND('',#17996,.T.);
#17996=EDGE_LOOP('',(#17997,#17998,#17999));
#17997=ORIENTED_EDGE('',*,*,#18000,.T.);
#17998=ORIENTED_EDGE('',*,*,#18001,.T.);
#17999=ORIENTED_EDGE('',*,*,#18002,.T.);
#18000=EDGE_CURVE('',#1491,#1551,#18003,.F.);
#18001=EDGE_CURVE('',#1551,#1553,#18004,.T.);
#18002=EDGE_CURVE('',#1553,#1491,#18005,.T.);
#18003=LINE('',#1490,#18006);
#18004=LINE('',#1550,#18007);
#18005=LINE('',#1552,#18008);
#18006=VECTOR('',#18009,1.0);
#18007=VECTOR('',#18010,1.0);
#18008=VECTOR('',#18011,1.0);
#18009=DIRECTION('',(-0.4217134863862555,1.2182708850469103E-07,-0.9067291411441096));
#18010=DIRECTION('',(0.1850634669535506,-1.3203810104751514E-07,0.9827265709235273));
#18011=DIRECTION('',(0.4449482991171048,-1.2032590383721492E-07,0.8955562579273181));
#18012=FACE_SURFACE('',(#18017),#18013,.T.);
#18013=PLANE('',#18014);
#18014=AXIS2_PLACEMENT_3D('',#1554,#18015,#18016);
#18015=DIRECTION('',(2.00423901665381E-14,0.9999999999999911,1.3435869615568032E-07));
#18016=DIRECTION('',(-0.9556147535325887,-3.958462554045705E-08,0.2946191487850852));
#18017=FACE_BOUND('',#18018,.T.);
#18018=EDGE_LOOP('',(#18019,#18020,#18021));
#18019=ORIENTED_EDGE('',*,*,#18022,.T.);
#18020=ORIENTED_EDGE('',*,*,#18023,.T.);
#18021=ORIENTED_EDGE('',*,*,#18024,.T.);
#18022=EDGE_CURVE('',#1555,#1549,#18025,.F.);
#18023=EDGE_CURVE('',#1549,#1491,#18026,.T.);
#18024=EDGE_CURVE('',#1491,#1555,#18027,.T.);
#18025=LINE('',#1554,#18028);
#18026=LINE('',#1548,#18029);
#18027=LINE('',#1490,#18030);
#18028=VECTOR('',#18031,1.0);
#18029=VECTOR('',#18032,1.0);
#18030=VECTOR('',#18033,1.0);
#18031=DIRECTION('',(-0.9556147535325887,-3.958462554045705E-08,0.2946191487850852));
#18032=DIRECTION('',(0.9937182349520846,-1.5036234522893448E-08,0.11191098928931546));
#18033=DIRECTION('',(-0.986323981705557,2.214476357449937E-08,-0.1648180909745519));
#18034=FACE_SURFACE('',(#18039),#18035,.T.);
#18035=PLANE('',#18036);
#18036=AXIS2_PLACEMENT_3D('',#1556,#18037,#18038);
#18037=DIRECTION('',(-1.7989216823768227E-14,0.9999999999999909,1.3435892374893672E-07));
#18038=DIRECTION('',(-0.9031979851054188,-5.7670115589942744E-08,0.42922418350031044));
#18039=FACE_BOUND('',#18040,.T.);
#18040=EDGE_LOOP('',(#18041,#18042,#18043));
#18041=ORIENTED_EDGE('',*,*,#18044,.T.);
#18042=ORIENTED_EDGE('',*,*,#18045,.T.);
#18043=ORIENTED_EDGE('',*,*,#18046,.T.);
#18044=EDGE_CURVE('',#1557,#1555,#18047,.F.);
#18045=EDGE_CURVE('',#1555,#1491,#18048,.T.);
#18046=EDGE_CURVE('',#1491,#1557,#18049,.T.);
#18047=LINE('',#1556,#18050);
#18048=LINE('',#1554,#18051);
#18049=LINE('',#1490,#18052);
#18050=VECTOR('',#18053,1.0);
#18051=VECTOR('',#18054,1.0);
#18052=VECTOR('',#18055,1.0);
#18053=DIRECTION('',(-0.9031979851054188,-5.7670115589942744E-08,0.42922418350031044));
#18054=DIRECTION('',(0.986323981705557,-2.214476357449937E-08,0.1648180909745519));
#18055=DIRECTION('',(-0.9706283796964487,3.2324558428560976E-08,-0.24058376613530197));
#18056=FACE_SURFACE('',(#18061),#18057,.T.);
#18057=PLANE('',#18058);
#18058=AXIS2_PLACEMENT_3D('',#1490,#18059,#18060);
#18059=DIRECTION('',(1.383077120051879E-13,0.9999999999999909,1.3435877560156378E-07));
#18060=DIRECTION('',(-0.4449482991171048,1.2032590383721492E-07,-0.8955562579273181));
#18061=FACE_BOUND('',#18062,.T.);
#18062=EDGE_LOOP('',(#18063,#18064,#18065));
#18063=ORIENTED_EDGE('',*,*,#18066,.T.);
#18064=ORIENTED_EDGE('',*,*,#18067,.T.);
#18065=ORIENTED_EDGE('',*,*,#18068,.T.);
#18066=EDGE_CURVE('',#1491,#1553,#18069,.F.);
#18067=EDGE_CURVE('',#1553,#1559,#18070,.T.);
#18068=EDGE_CURVE('',#1559,#1491,#18071,.T.);
#18069=LINE('',#1490,#18072);
#18070=LINE('',#1552,#18073);
#18071=LINE('',#1558,#18074);
#18072=VECTOR('',#18075,1.0);
#18073=VECTOR('',#18076,1.0);
#18074=VECTOR('',#18077,1.0);
#18075=DIRECTION('',(-0.4449482991171048,1.2032590383721492E-07,-0.8955562579273181));
#18076=DIRECTION('',(0.058897481726177474,-1.341255418223752E-07,0.9982640365385785));
#18077=DIRECTION('',(0.4878613289957579,-1.1728468358171258E-07,0.8729211440161586));
#18078=FACE_SURFACE('',(#18083),#18079,.T.);
#18079=PLANE('',#18080);
#18080=AXIS2_PLACEMENT_3D('',#1490,#18081,#18082);
#18081=DIRECTION('',(-1.8869441904872959E-13,0.9999999999999909,1.3435895835769844E-07));
#18082=DIRECTION('',(-0.4878613289957579,1.1728468358171258E-07,-0.8729211440161586));
#18083=FACE_BOUND('',#18084,.T.);
#18084=EDGE_LOOP('',(#18085,#18086,#18087));
#18085=ORIENTED_EDGE('',*,*,#18088,.T.);
#18086=ORIENTED_EDGE('',*,*,#18089,.T.);
#18087=ORIENTED_EDGE('',*,*,#18090,.T.);
#18088=EDGE_CURVE('',#1491,#1559,#18091,.F.);
#18089=EDGE_CURVE('',#1559,#1561,#18092,.T.);
#18090=EDGE_CURVE('',#1561,#1491,#18093,.T.);
#18091=LINE('',#1490,#18094);
#18092=LINE('',#1558,#18095);
#18093=LINE('',#1560,#18096);
#18094=VECTOR('',#18097,1.0);
#18095=VECTOR('',#18098,1.0);
#18096=VECTOR('',#18099,1.0);
#18097=DIRECTION('',(-0.4878613289957579,1.1728468358171258E-07,-0.8729211440161586));
#18098=DIRECTION('',(-0.04638430252115681,-1.34214352397558E-07,0.9989236689955885));
#18099=DIRECTION('',(0.5345825737477787,-1.1354883783702741E-07,0.8451162475335496));
#18100=FACE_SURFACE('',(#18105),#18101,.T.);
#18101=PLANE('',#18102);
#18102=AXIS2_PLACEMENT_3D('',#1562,#18103,#18104);
#18103=DIRECTION('',(-9.383641317142616E-15,0.999999999999991,1.3435888902998646E-07));
#18104=DIRECTION('',(-0.8265250085674127,-7.563062641617098E-08,0.5629000001888724));
#18105=FACE_BOUND('',#18106,.T.);
#18106=EDGE_LOOP('',(#18107,#18108,#18109));
#18107=ORIENTED_EDGE('',*,*,#18110,.T.);
#18108=ORIENTED_EDGE('',*,*,#18111,.T.);
#18109=ORIENTED_EDGE('',*,*,#18112,.T.);
#18110=EDGE_CURVE('',#1563,#1557,#18113,.F.);
#18111=EDGE_CURVE('',#1557,#1491,#18114,.T.);
#18112=EDGE_CURVE('',#1491,#1563,#18115,.T.);
#18113=LINE('',#1562,#18116);
#18114=LINE('',#1556,#18117);
#18115=LINE('',#1490,#18118);
#18116=VECTOR('',#18119,1.0);
#18117=VECTOR('',#18120,1.0);
#18118=VECTOR('',#18121,1.0);
#18119=DIRECTION('',(-0.8265250085674127,-7.563062641617098E-08,0.5629000001888724));
#18120=DIRECTION('',(0.9706283796964487,-3.2324558428560976E-08,0.24058376613530197));
#18121=DIRECTION('',(-0.9411933355908015,4.539562383714833E-08,-0.33786847298831946));
#18122=FACE_SURFACE('',(#18127),#18123,.T.);
#18123=PLANE('',#18124);
#18124=AXIS2_PLACEMENT_3D('',#1564,#18125,#18126);
#18125=DIRECTION('',(3.11542514885792E-15,0.9999999999999909,1.3435885421159113E-07));
#18126=DIRECTION('',(-0.7275667868989789,-9.217512392767946E-08,0.6860368580488129));
#18127=FACE_BOUND('',#18128,.T.);
#18128=EDGE_LOOP('',(#18129,#18130,#18131));
#18129=ORIENTED_EDGE('',*,*,#18132,.T.);
#18130=ORIENTED_EDGE('',*,*,#18133,.T.);
#18131=ORIENTED_EDGE('',*,*,#18134,.T.);
#18132=EDGE_CURVE('',#1565,#1563,#18135,.F.);
#18133=EDGE_CURVE('',#1563,#1491,#18136,.T.);
#18134=EDGE_CURVE('',#1491,#1565,#18137,.T.);
#18135=LINE('',#1564,#18138);
#18136=LINE('',#1562,#18139);
#18137=LINE('',#1490,#18140);
#18138=VECTOR('',#18141,1.0);
#18139=VECTOR('',#18142,1.0);
#18140=VECTOR('',#18143,1.0);
#18141=DIRECTION('',(-0.7275667868989789,-9.217512392767946E-08,0.6860368580488129));
#18142=DIRECTION('',(0.9411933355908015,-4.539562383714833E-08,0.33786847298831946));
#18143=DIRECTION('',(-0.8933020618127283,6.038850513684883E-08,-0.4494568125650394));
#18144=FACE_SURFACE('',(#18149),#18145,.T.);
#18145=PLANE('',#18146);
#18146=AXIS2_PLACEMENT_3D('',#1490,#18147,#18148);
#18147=DIRECTION('',(1.467497947582935E-13,0.9999999999999909,1.343587461707577E-07));
#18148=DIRECTION('',(-0.5345825737477787,1.1354883783702741E-07,-0.8451162475335496));
#18149=FACE_BOUND('',#18150,.T.);
#18150=EDGE_LOOP('',(#18151,#18152,#18153));
#18151=ORIENTED_EDGE('',*,*,#18154,.T.);
#18152=ORIENTED_EDGE('',*,*,#18155,.T.);
#18153=ORIENTED_EDGE('',*,*,#18156,.T.);
#18154=EDGE_CURVE('',#1491,#1561,#18157,.F.);
#18155=EDGE_CURVE('',#1561,#1567,#18158,.T.);
#18156=EDGE_CURVE('',#1567,#1491,#18159,.T.);
#18157=LINE('',#1490,#18160);
#18158=LINE('',#1560,#18161);
#18159=LINE('',#1566,#18162);
#18160=VECTOR('',#18163,1.0);
#18161=VECTOR('',#18164,1.0);
#18162=VECTOR('',#18165,1.0);
#18163=DIRECTION('',(-0.5345825737477787,1.1354883783702741E-07,-0.8451162475335496));
#18164=DIRECTION('',(-0.14462967171716193,-1.3294605766238426E-07,0.9894858554112677));
#18165=DIRECTION('',(0.5949076775866476,-1.0799684639637434E-07,0.8037940377661741));
#18166=FACE_SURFACE('',(#18171),#18167,.T.);
#18167=PLANE('',#18168);
#18168=AXIS2_PLACEMENT_3D('',#1490,#18169,#18170);
#18169=DIRECTION('',(-1.1025504568695453E-13,0.999999999999991,1.3435893638634223E-07));
#18170=DIRECTION('',(-0.5949076775866476,1.0799684639637434E-07,-0.8037940377661741));
#18171=FACE_BOUND('',#18172,.T.);
#18172=EDGE_LOOP('',(#18173,#18174,#18175));
#18173=ORIENTED_EDGE('',*,*,#18176,.T.);
#18174=ORIENTED_EDGE('',*,*,#18177,.T.);
#18175=ORIENTED_EDGE('',*,*,#18178,.T.);
#18176=EDGE_CURVE('',#1491,#1567,#18179,.F.);
#18177=EDGE_CURVE('',#1567,#1569,#18180,.T.);
#18178=EDGE_CURVE('',#1569,#1491,#18181,.T.);
#18179=LINE('',#1490,#18182);
#18180=LINE('',#1566,#18183);
#18181=LINE('',#1568,#18184);
#18182=VECTOR('',#18185,1.0);
#18183=VECTOR('',#18186,1.0);
#18184=VECTOR('',#18187,1.0);
#18185=DIRECTION('',(-0.5949076775866476,1.0799684639637434E-07,-0.8037940377661741));
#18186=DIRECTION('',(-0.2519893968214479,-1.3002320066675616E-07,0.9677299953445414));
#18187=DIRECTION('',(0.6677231939137048,-1.0001801602884868E-07,0.7444096562442423));
#18188=FACE_SURFACE('',(#18193),#18189,.T.);
#18189=PLANE('',#18190);
#18190=AXIS2_PLACEMENT_3D('',#1570,#18191,#18192);
#18191=DIRECTION('',(2.172305756647183E-14,0.999999999999991,1.3435881722864653E-07));
#18192=DIRECTION('',(-0.612567385536713,-1.0619966387834648E-07,0.7904183690784928));
#18193=FACE_BOUND('',#18194,.T.);
#18194=EDGE_LOOP('',(#18195,#18196,#18197));
#18195=ORIENTED_EDGE('',*,*,#18198,.T.);
#18196=ORIENTED_EDGE('',*,*,#18199,.T.);
#18197=ORIENTED_EDGE('',*,*,#18200,.T.);
#18198=EDGE_CURVE('',#1571,#1565,#18201,.F.);
#18199=EDGE_CURVE('',#1565,#1491,#18202,.T.);
#18200=EDGE_CURVE('',#1491,#1571,#18203,.T.);
#18201=LINE('',#1570,#18204);
#18202=LINE('',#1564,#18205);
#18203=LINE('',#1490,#18206);
#18204=VECTOR('',#18207,1.0);
#18205=VECTOR('',#18208,1.0);
#18206=VECTOR('',#18209,1.0);
#18207=DIRECTION('',(-0.612567385536713,-1.0619966387834648E-07,0.7904183690784928));
#18208=DIRECTION('',(0.8933020618127283,-6.038850513684883E-08,0.4494568125650394));
#18209=DIRECTION('',(-0.8267595076082661,7.558431266998041E-08,-0.5625555231080144));
#18210=FACE_SURFACE('',(#18215),#18211,.T.);
#18211=PLANE('',#18212);
#18212=AXIS2_PLACEMENT_3D('',#1490,#18213,#18214);
#18213=DIRECTION('',(-2.3254643369808386E-14,0.9999999999999909,1.3435885834841507E-07));
#18214=DIRECTION('',(-0.6677231939137048,1.0001801602884868E-07,-0.7444096562442423));
#18215=FACE_BOUND('',#18216,.T.);
#18216=EDGE_LOOP('',(#18217,#18218,#18219));
#18217=ORIENTED_EDGE('',*,*,#18220,.T.);
#18218=ORIENTED_EDGE('',*,*,#18221,.T.);
#18219=ORIENTED_EDGE('',*,*,#18222,.T.);
#18220=EDGE_CURVE('',#1491,#1569,#18223,.F.);
#18221=EDGE_CURVE('',#1569,#1573,#18224,.T.);
#18222=EDGE_CURVE('',#1573,#1491,#18225,.T.);
#18223=LINE('',#1490,#18226);
#18224=LINE('',#1568,#18227);
#18225=LINE('',#1572,#18228);
#18226=VECTOR('',#18229,1.0);
#18227=VECTOR('',#18230,1.0);
#18228=VECTOR('',#18231,1.0);
#18229=DIRECTION('',(-0.6677231939137048,1.0001801602884868E-07,-0.7444096562442423));
#18230=DIRECTION('',(-0.3680268969032848,-1.2492890986389563E-07,0.9298151446151667));
#18231=DIRECTION('',(0.7480705664096385,-8.916309918186565E-08,0.6636191887457404));
#18232=FACE_SURFACE('',(#18237),#18233,.T.);
#18233=PLANE('',#18234);
#18234=AXIS2_PLACEMENT_3D('',#1490,#18235,#18236);
#18235=DIRECTION('',(4.970786263163173E-14,0.9999999999999909,1.343587761007885E-07));
#18236=DIRECTION('',(-0.7480705664096385,8.916309918186565E-08,-0.6636191887457404));
#18237=FACE_BOUND('',#18238,.T.);
#18238=EDGE_LOOP('',(#18239,#18240,#18241));
#18239=ORIENTED_EDGE('',*,*,#18242,.T.);
#18240=ORIENTED_EDGE('',*,*,#18243,.T.);
#18241=ORIENTED_EDGE('',*,*,#18244,.T.);
#18242=EDGE_CURVE('',#1491,#1573,#18245,.F.);
#18243=EDGE_CURVE('',#1573,#1571,#18246,.T.);
#18244=EDGE_CURVE('',#1571,#1491,#18247,.T.);
#18245=LINE('',#1490,#18248);
#18246=LINE('',#1572,#18249);
#18247=LINE('',#1570,#18250);
#18248=VECTOR('',#18251,1.0);
#18249=VECTOR('',#18252,1.0);
#18250=VECTOR('',#18253,1.0);
#18251=DIRECTION('',(-0.7480705664096385,8.916309918186565E-08,-0.6636191887457404));
#18252=DIRECTION('',(-0.4900604968513954,-1.171189654986084E-07,0.8716884245105874));
#18253=DIRECTION('',(0.8267595076082661,-7.558431266998041E-08,0.5625555231080144));
#18254=FACE_SURFACE('',(#18259),#18255,.T.);
#18255=PLANE('',#18256);
#18256=AXIS2_PLACEMENT_3D('',#1524,#18257,#18258);
#18257=DIRECTION('',(3.634176040434209E-14,0.999999999999991,1.3435885315077784E-07));
#18258=DIRECTION('',(0.14983163900305307,1.3284214117023242E-07,-0.9887115251445393));
#18259=FACE_BOUND('',#18260,.T.);
#18260=EDGE_LOOP('',(#18261,#18262,#18263));
#18261=ORIENTED_EDGE('',*,*,#18264,.T.);
#18262=ORIENTED_EDGE('',*,*,#18265,.T.);
#18263=ORIENTED_EDGE('',*,*,#18266,.T.);
#18264=EDGE_CURVE('',#1525,#1523,#18267,.F.);
#18265=EDGE_CURVE('',#1523,#1575,#18268,.T.);
#18266=EDGE_CURVE('',#1575,#1525,#18269,.T.);
#18267=LINE('',#1524,#18270);
#18268=LINE('',#1522,#18271);
#18269=LINE('',#1574,#18272);
#18270=VECTOR('',#18273,1.0);
#18271=VECTOR('',#18274,1.0);
#18272=VECTOR('',#18275,1.0);
#18273=DIRECTION('',(0.14983163900305307,1.3284214117023242E-07,-0.9887115251445393));
#18274=DIRECTION('',(-0.9894581965448372,1.945772034213782E-08,-0.1448187739564095));
#18275=DIRECTION('',(0.06156290125013063,-1.3410400427864952E-07,0.998103205680479));
#18276=FACE_SURFACE('',(#18281),#18277,.T.);
#18277=PLANE('',#18278);
#18278=AXIS2_PLACEMENT_3D('',#1574,#18279,#18280);
#18279=DIRECTION('',(5.987971368851372E-14,0.999999999999991,1.3435886609183834E-07));
#18280=DIRECTION('',(-0.9989681590863945,6.102108108897772E-09,-0.04541604486896633));
#18281=FACE_BOUND('',#18282,.T.);
#18282=EDGE_LOOP('',(#18283,#18284,#18285));
#18283=ORIENTED_EDGE('',*,*,#18286,.T.);
#18284=ORIENTED_EDGE('',*,*,#18287,.T.);
#18285=ORIENTED_EDGE('',*,*,#18288,.T.);
#18286=EDGE_CURVE('',#1575,#1465,#18289,.F.);
#18287=EDGE_CURVE('',#1465,#1463,#18290,.T.);
#18288=EDGE_CURVE('',#1463,#1575,#18291,.T.);
#18289=LINE('',#1574,#18292);
#18290=LINE('',#1464,#18293);
#18291=LINE('',#1462,#18294);
#18292=VECTOR('',#18295,1.0);
#18293=VECTOR('',#18296,1.0);
#18294=VECTOR('',#18297,1.0);
#18295=DIRECTION('',(-0.9989681590863945,6.102108108897772E-09,-0.04541604486896633));
#18296=DIRECTION('',(-0.040744611114522614,-1.3424729118239006E-07,0.999169593545114));
#18297=DIRECTION('',(0.23218381977843383,1.306870830296174E-07,-0.972671925077042));
#18298=FACE_SURFACE('',(#18303),#18299,.T.);
#18299=PLANE('',#18300);
#18300=AXIS2_PLACEMENT_3D('',#1576,#18301,#18302);
#18301=DIRECTION('',(-1.317395848051845E-14,0.999999999999991,1.3435885620490225E-07));
#18302=DIRECTION('',(0.9896614499503215,-1.927016415366775E-08,0.14342320064141287));
#18303=FACE_BOUND('',#18304,.T.);
#18304=EDGE_LOOP('',(#18305,#18306,#18307));
#18305=ORIENTED_EDGE('',*,*,#18308,.T.);
#18306=ORIENTED_EDGE('',*,*,#18309,.T.);
#18307=ORIENTED_EDGE('',*,*,#18310,.T.);
#18308=EDGE_CURVE('',#1577,#1525,#18311,.F.);
#18309=EDGE_CURVE('',#1525,#1575,#18312,.T.);
#18310=EDGE_CURVE('',#1575,#1577,#18313,.T.);
#18311=LINE('',#1576,#18314);
#18312=LINE('',#1524,#18315);
#18313=LINE('',#1574,#18316);
#18314=VECTOR('',#18317,1.0);
#18315=VECTOR('',#18318,1.0);
#18316=VECTOR('',#18319,1.0);
#18317=DIRECTION('',(0.9896614499503215,-1.927016415366775E-08,0.14342320064141287));
#18318=DIRECTION('',(-0.06156290125013063,1.3410400427864952E-07,-0.998103205680479));
#18319=DIRECTION('',(-0.12553496011156476,-1.3329597134726766E-07,0.9920891964887886));
#18320=FACE_SURFACE('',(#18325),#18321,.T.);
#18321=PLANE('',#18322);
#18322=AXIS2_PLACEMENT_3D('',#1574,#18323,#18324);
#18323=DIRECTION('',(5.4147234203761466E-14,0.999999999999991,1.3435886472345407E-07));
#18324=DIRECTION('',(-0.23218381977843383,-1.306870830296174E-07,0.972671925077042));
#18325=FACE_BOUND('',#18326,.T.);
#18326=EDGE_LOOP('',(#18327,#18328,#18329));
#18327=ORIENTED_EDGE('',*,*,#18330,.T.);
#18328=ORIENTED_EDGE('',*,*,#18331,.T.);
#18329=ORIENTED_EDGE('',*,*,#18332,.T.);
#18330=EDGE_CURVE('',#1575,#1463,#18333,.F.);
#18331=EDGE_CURVE('',#1463,#1577,#18334,.T.);
#18332=EDGE_CURVE('',#1577,#1575,#18335,.T.);
#18333=LINE('',#1574,#18336);
#18334=LINE('',#1462,#18337);
#18335=LINE('',#1576,#18338);
#18336=VECTOR('',#18339,1.0);
#18337=VECTOR('',#18340,1.0);
#18338=VECTOR('',#18341,1.0);
#18339=DIRECTION('',(-0.23218381977843383,-1.306870830296174E-07,0.972671925077042));
#18340=DIRECTION('',(0.9989625241332108,-6.118732859362689E-09,0.04553982188595189));
#18341=DIRECTION('',(0.12553496011156476,1.3329597134726766E-07,-0.9920891964887886));
ENDSEC;
END-ISO-10303-21;
